164	175	74	142	23	82
74	155	39	84	127	175
142	93	154	95	155	67
92	28	91	42	65	157
56	119	74	68	77	110
37	185	24	140	187	152
22	68	24	49	43	158
91	35	185	130	199	196
64	95	154	56	75	84
129	186	45	114	120	69
51	144	172	166	159	170
31	71	185	116	76	163
137	54	64	81	47	88
59	111	88	78	137	66
135	72	165	84	127	124
35	157	128	145	184	173
24	87	44	94	114	160
66	32	184	118	59	186
96	166	56	105	147	111
32	141	183	63	185	103
189	67	136	73	183	151
49	200	195	182	40	126
40	25	81	130	130	26
65	191	32	100	80	179
133	124	173	137	136	187
159	42	75	74	149	118
164	88	138	163	55	98
46	99	190	82	188	120
153	158	94	139	137	29
109	33	84	86	162	107
107	32	163	99	33	112
111	196	73	55	89	116
23	89	159	195	133	96
76	147	134	28	162	193
141	148	28	96	196	148
60	68	180	128	49	95
22	88	76	45	33	124
110	102	86	76	183	120
112	124	46	104	44	86
148	71	174	58	113	102
193	93	91	58	94	70
176	51	187	197	152	27
93	137	77	133	139	195
142	167	154	27	196	146
148	52	194	87	57	70
71	95	154	170	106	101
86	104	75	42	50	199
40	55	90	173	45	30
110	130	143	48	138	123
30	150	166	78	100	151
130	57	75	151	25	30
176	104	117	125	37	25
52	59	195	40	122	36
61	200	58	100	109	197
96	37	74	94	162	120
26	152	136	190	31	118
141	73	63	152	136	25
88	193	195	110	66	191
116	55	38	130	25	177
110	169	85	87	176	172
75	90	29	196	197	50
50	107	151	192	104	126
75	141	143	171	91	53
142	111	35	137	190	53
46	191	50	65	115	72
140	78	65	146	148	89
191	52	29	98	23	151
121	78	196	47	144	175
77	117	65	34	106	125
115	31	58	86	31	121
75	116	36	138	199	196
135	160	159	192	128	89
127	81	64	92	27	45
26	23	40	198	200	139
115	38	55	86	75	101
193	30	81	105	121	79
32	110	185	145	175	25
162	94	83	61	185	132
141	193	86	129	127	83
157	44	98	113	149	91
168	127	119	163	97	168
101	66	90	189	185	170
114	67	41	192	183	159
78	156	135	99	82	194
172	33	136	177	189	71
134	42	25	53	189	41
143	187	120	68	186	22
122	109	35	56	136	100
89	172	120	68	54	64
71	176	68	67	199	182
57	107	69	131	155	107
186	166	152	192	157	104
57	144	199	30	62	168
40	68	63	128	98	53
64	73	187	81	185	125
115	178	95	189	98	138
78	182	145	99	54	128
41	130	56	129	110	93
108	66	54	158	61	121
177	106	182	137	76	61
169	50	59	61	33	99
177	158	188	95	132	106
73	74	93	168	91	173
109	35	173	146	24	156
150	51	80	88	27	137
137	186	186	172	136	181
86	88	40	65	142	99
129	42	188	165	150	130
145	34	69	110	158	83
129	146	23	97	52	162
39	92	169	114	41	29
139	58	33	192	188	46
145	40	102	170	77	116
91	152	108	75	138	72
86	141	153	144	78	164
99	148	152	151	107	115
68	97	196	71	105	72
148	119	91	25	89	189
176	131	155	110	185	106
179	192	34	147	50	165
146	186	187	193	153	120
167	83	91	180	133	39
184	191	110	82	73	121
122	181	60	37	125	136
182	193	62	147	200	139
96	26	148	145	188	68
133	90	31	31	99	34
73	170	140	148	149	128
63	32	198	177	156	185
48	155	125	115	52	107
127	85	81	183	130	58
61	72	113	107	152	181
159	93	92	196	73	27
58	183	109	81	171	161
113	64	173	171	50	96
36	191	112	92	156	177
152	167	150	173	133	111
77	94	50	50	28	192
142	132	83	86	148	49
51	177	104	57	135	103
54	190	145	95	140	121
70	58	166	137	53	115
121	136	99	179	168	134
84	119	178	82	165	52
53	35	109	64	178	182
150	140	113	36	107	82
151	90	109	79	27	56
96	32	143	21	132	52
147	88	75	25	142	126
176	63	78	151	155	43
189	84	127	154	192	83
86	196	100	192	114	176
27	55	155	74	117	122
188	152	72	43	181	58
117	32	88	154	178	192
93	154	22	41	164	87
169	52	156	115	157	192
54	66	195	119	136	33
70	126	30	146	42	122
140	121	22	177	160	94
63	89	45	117	126	121
93	121	100	102	105	21
31	191	46	117	194	123
41	127	190	133	200	56
104	28	67	100	167	119
146	46	122	142	139	31
186	183	54	76	162	97
128	100	42	85	192	71
124	70	87	199	24	101
57	115	84	87	112	65
149	198	105	94	159	147
84	137	44	183	37	120
29	155	76	28	199	185
139	188	160	179	115	76
152	99	163	30	100	107
146	174	104	48	33	197
135	177	152	150	162	200
56	166	179	190	126	46
173	194	61	187	180	156
138	138	47	94	187	91
160	25	26	112	183	176
109	164	52	38	155	188
55	133	165	166	37	51
121	90	40	145	146	54
43	24	198	127	114	133
140	79	57	194	106	189
177	52	52	134	28	40
154	189	112	115	160	144
192	89	132	68	167	193
65	94	111	179	136	127
45	178	42	32	26	106
78	138	191	108	45	85
126	75	93	120	185	167
98	42	195	175	155	195
169	60	106	105	51	66
93	170	31	50	30	77
34	170	62	117	163	141
200	144	190	144	117	55
116	144	122	37	95	148
106	175	159	165	110	114
195	110	176	79	200	48
96	134	126	68	154	177
193	110	194	171	158	146
164	123	70	43	90	22
67	186	92	75	195	29
71	127	130	49	45	96
169	112	72	95	27	44
107	59	197	194	127	200
171	158	148	88	131	75
175	113	197	198	159	65
51	81	108	164	24	184
112	94	92	71	125	133
179	94	31	105	46	21
144	107	113	27	42	119
37	152	61	147	168	181
26	131	59	97	59	34
192	195	180	193	96	160
124	44	88	34	51	74
128	55	185	121	110	164
147	112	112	23	152	120
100	104	149	69	52	169
160	130	62	23	140	162
196	162	175	51	69	150
104	182	151	134	192	63
65	71	140	89	40	160
190	157	80	42	199	129
193	30	147	82	128	49
137	43	92	163	78	180
110	38	21	120	33	160
67	52	159	124	150	37
41	53	63	98	188	69
44	170	191	138	140	188
149	169	33	39	68	192
191	184	182	33	42	92
39	25	181	184	57	79
53	50	96	57	71	181
125	162	98	148	151	75
66	169	116	76	79	91
123	26	167	62	58	94
191	130	112	151	109	165
177	40	137	161	57	34
70	132	180	30	122	127
21	180	102	48	127	43
150	120	156	147	24	64
151	154	144	196	28	121
59	43	79	102	146	121
111	162	146	119	81	138
89	160	69	149	36	124
130	179	133	92	56	119
24	194	150	129	119	24
139	64	51	25	31	180
37	61	21	144	115	141
169	197	38	190	150	184
75	174	163	122	191	197
156	181	26	105	176	36
161	126	169	160	73	137
52	179	22	197	69	39
96	154	174	48	75	175
38	95	98	36	189	26
116	104	92	163	84	124
38	184	58	45	172	71
77	100	177	62	81	25
174	181	34	35	190	107
57	30	80	40	91	139
76	43	35	126	43	151
109	127	165	94	78	32
168	134	91	109	198	92
56	70	56	109	104	165
181	196	173	149	183	190
55	100	102	182	26	182
150	40	27	159	69	36
68	114	27	105	76	157
142	139	152	128	151	120
173	116	72	159	76	131
88	155	175	175	159	79
78	106	171	89	82	32
187	192	155	38	182	91
99	39	147	194	65	56
70	47	128	78	167	132
102	38	164	73	48	86
197	76	184	186	132	129
43	122	191	175	75	152
73	128	130	195	88	164
155	110	54	27	69	27
160	63	75	131	51	187
123	40	161	160	156	99
55	75	199	108	93	37
42	162	47	58	104	183
198	97	163	87	81	82
110	109	179	101	131	187
48	181	172	102	77	119
185	92	200	198	28	82
176	56	68	134	149	42
197	49	85	142	26	119
148	26	96	182	121	21
172	160	198	150	104	120
56	40	21	42	134	194
169	105	89	66	116	75
28	64	44	45	189	145
189	164	39	108	109	62
105	186	147	174	190	135
43	192	132	38	199	191
86	36	126	110	21	173
98	79	190	103	46	62
155	116	113	83	116	49
35	30	58	165	38	51
92	151	188	172	60	71
106	143	63	31	59	125
56	121	98	96	91	123
31	186	56	122	185	66
22	33	177	169	103	46
122	123	55	139	54	50
187	155	195	29	42	91
185	99	176	136	170	83
106	52	79	110	183	65
154	112	112	107	52	104
113	148	67	142	85	25
176	65	94	100	178	136
175	147	90	113	169	105
140	192	36	25	114	64
132	68	31	84	183	25
194	86	132	46	116	67
70	49	88	48	107	192
90	91	180	82	94	47
144	76	102	166	47	195
121	37	79	52	100	160
128	195	33	61	200	174
46	186	60	92	179	43
27	182	94	125	171	166
154	68	82	49	139	37
64	58	191	123	155	97
124	66	163	31	22	84
77	198	141	164	186	180
159	43	180	163	74	78
26	63	101	118	46	196
155	72	156	97	21	183
181	95	89	155	94	115
88	112	183	162	101	47
107	68	181	53	170	159
106	58	109	174	73	102
156	124	127	153	150	63
95	25	124	143	133	182
50	31	109	169	172	178
187	51	160	147	130	110
27	172	36	98	134	117
106	184	86	32	81	77
158	47	54	77	47	48
187	129	27	189	154	134
23	163	132	177	47	82
89	88	166	98	37	74
133	73	40	82	126	37
155	149	59	176	24	70
195	95	189	189	199	89
183	40	140	158	28	105
113	124	146	65	165	33
187	160	122	28	162	118
199	166	137	86	176	173
90	182	63	146	74	194
86	142	54	54	74	104
102	43	197	34	167	150
120	188	192	48	179	188
176	81	190	126	37	98
71	80	144	84	23	128
158	176	100	164	79	150
139	164	66	34	134	153
22	198	170	109	126	181
191	169	184	194	166	78
24	128	22	93	28	36
111	176	126	184	163	50
98	62	173	38	62	89
100	74	178	92	90	77
174	54	200	156	21	199
117	79	33	126	100	158
51	64	136	137	44	26
74	195	128	56	71	161
91	46	128	153	194	48
171	72	77	75	107	53
100	35	192	66	134	180
143	90	191	45	41	200
120	159	155	110	114	42
55	36	179	109	161	55
76	64	105	126	50	174
156	148	82	124	55	141
75	111	96	138	51	52
152	53	141	119	67	110
64	88	178	190	188	59
144	97	196	165	65	106
168	92	183	60	45	37
187	58	160	177	72	81
83	105	109	31	136	144
25	197	28	121	31	182
174	51	166	77	52	79
142	112	141	104	93	98
63	46	165	39	33	147
193	25	166	53	54	143
36	178	42	37	114	154
134	53	112	53	115	26
138	170	195	96	118	55
54	78	98	194	186	22
156	104	68	123	158	81
25	43	92	146	35	104
131	31	173	91	28	187
87	88	199	72	183	178
36	123	148	192	65	43
87	106	150	88	192	51
122	194	115	63	175	89
104	123	111	179	85	28
72	32	107	92	177	134
145	182	200	38	129	127
135	49	163	44	110	152
177	131	60	102	154	149
89	77	71	178	150	45
22	198	152	85	135	115
132	51	167	62	196	193
57	76	105	149	197	89
171	84	186	151	57	89
57	138	64	177	149	78
121	178	146	90	74	135
57	184	167	143	131	150
72	166	57	175	189	74
174	156	58	119	119	34
123	93	103	94	95	102
84	154	36	144	39	102
195	58	132	132	114	157
116	133	121	41	166	126
116	87	117	80	66	173
156	167	30	159	53	39
79	124	190	90	139	140
115	21	40	111	96	80
83	62	27	179	66	118
60	91	56	74	140	97
131	136	106	21	21	168
139	193	116	43	35	175
163	163	165	167	32	184
71	190	76	46	111	69
138	81	146	128	64	60
106	171	197	36	40	117
146	167	140	160	110	171
197	181	163	153	146	53
133	82	167	136	98	138
38	104	177	58	137	79
48	173	127	71	173	128
57	137	199	89	112	155
30	107	125	66	175	64
139	60	151	94	31	71
37	26	138	28	59	166
172	199	68	197	152	191
98	103	182	131	199	27
58	115	183	184	135	146
131	59	180	111	138	60
73	77	66	150	64	48
38	55	31	85	71	156
114	82	154	109	124	46
64	146	140	181	95	131
35	157	70	54	55	136
119	183	156	53	40	39
42	174	179	134	39	103
35	49	174	200	160	186
103	88	21	194	153	115
91	33	64	152	124	147
118	82	142	71	195	82
40	43	25	110	100	64
31	78	99	185	21	83
193	136	49	71	153	197
59	102	112	178	140	157
170	179	65	52	59	54
157	153	181	129	67	47
138	106	145	175	74	41
98	39	120	36	114	158
98	34	82	115	36	28
187	54	120	44	21	163
90	160	43	147	35	66
26	61	85	61	66	69
175	198	52	23	74	141
162	116	133	121	158	147
75	195	191	59	35	137
104	65	101	170	51	104
24	89	48	34	119	33
194	55	173	181	188	184
155	132	105	148	47	61
22	194	188	125	60	81
167	108	184	157	156	198
199	164	70	33	107	67
107	36	87	31	181	75
189	73	109	184	78	100
151	61	114	35	195	89
117	180	55	44	135	69
124	126	49	113	199	150
109	112	65	56	90	40
172	116	89	68	76	174
33	194	177	88	39	38
171	100	64	109	189	163
156	83	153	144	60	180
152	142	31	24	157	69
197	99	146	104	147	191
118	194	97	51	54	131
42	168	165	47	92	160
40	144	36	55	70	35
116	60	200	32	34	187
170	152	123	59	126	195
90	150	95	27	193	142
93	161	101	113	85	84
132	182	90	162	27	95
156	116	28	63	75	129
29	182	159	26	155	124
165	189	123	187	102	184
54	47	118	184	65	119
74	89	186	166	126	188
197	135	142	183	167	126
176	178	42	152	123	163
143	190	93	188	47	141
196	42	171	63	161	162
174	175	119	44	78	102
188	169	22	79	162	89
164	157	24	133	103	186
73	160	164	197	23	33
88	73	150	42	54	40
43	98	190	73	160	149
122	59	93	160	189	184
169	138	168	39	174	93
102	40	185	71	104	73
130	179	117	181	84	37
136	61	103	34	200	95
55	61	177	191	114	82
177	76	59	88	193	31
25	159	100	42	39	71
48	194	79	41	138	174
150	172	30	92	135	32
63	106	128	74	89	139
28	194	90	89	57	77
85	100	187	59	128	186
121	58	140	177	144	187
90	79	166	158	56	37
98	114	168	151	182	167
87	79	27	167	64	27
43	53	180	95	122	42
197	86	67	85	193	103
55	198	198	115	106	112
34	80	100	111	185	173
31	169	198	120	83	155
156	93	26	92	151	89
127	38	44	99	95	62
30	147	150	69	148	173
52	92	112	41	154	107
72	30	87	53	73	40
73	113	181	189	114	122
172	112	106	111	160	166
123	42	162	112	59	92
21	133	105	74	144	70
186	70	172	26	171	141
36	127	101	73	99	198
28	161	129	199	114	162
71	186	135	30	190	148
79	151	91	132	58	127
77	159	193	169	68	116
123	196	127	30	55	80
149	153	190	198	119	33
78	179	126	33	118	183
167	47	178	42	37	141
141	128	99	185	165	58
21	158	23	81	111	85
40	194	133	39	140	110
64	100	124	66	50	40
56	47	63	26	46	160
79	174	33	123	120	60
126	108	156	78	163	105
149	141	65	137	74	109
188	91	86	200	72	189
86	72	155	46	111	26
183	122	116	133	193	176
72	93	52	144	130	113
83	82	21	143	183	197
124	118	112	125	33	84
105	42	55	113	79	89
21	102	190	192	153	199
139	27	126	164	31	197
43	195	26	106	130	129
37	29	88	44	44	164
170	111	192	123	120	174
180	161	126	42	34	145
100	101	156	116	35	62
155	43	55	43	56	161
189	124	90	49	126	79
33	136	40	198	123	192
85	133	80	79	142	129
44	70	135	42	192	159
104	38	187	157	70	85
157	55	59	100	114	183
113	153	186	79	81	140
101	194	168	153	153	113
170	48	21	62	69	114
81	193	43	156	190	42
136	181	120	112	192	132
182	79	86	113	174	81
70	197	179	21	183	181
125	116	99	154	117	198
78	152	132	33	175	187
181	56	171	155	90	88
39	90	189	49	144	160
31	107	168	168	93	179
46	34	198	177	148	111
112	90	58	64	57	151
111	66	189	101	88	130
69	51	71	156	30	127
198	172	94	84	61	90
179	125	145	105	74	113
73	181	178	109	92	189
168	152	182	116	85	82
141	154	131	60	101	140
40	41	95	163	77	39
136	186	179	30	130	98
119	28	200	27	120	159
131	193	168	149	76	166
149	118	71	88	55	36
126	127	187	155	138	171
150	176	67	144	90	83
197	43	84	83	60	160
190	46	26	175	27	65
80	50	63	111	71	35
159	82	107	35	25	168
102	30	161	22	132	121
161	30	150	47	126	35
56	128	176	29	33	80
97	88	86	164	154	153
114	56	198	66	153	179
47	64	145	153	172	115
92	94	26	43	42	163
71	39	102	125	85	73
31	100	81	189	166	116
40	94	39	52	148	133
170	44	108	199	167	183
78	161	89	62	46	132
157	188	160	147	138	84
67	90	168	84	63	90
123	164	64	144	159	56
38	165	117	183	97	111
65	141	51	26	141	198
129	47	166	144	73	61
157	124	115	21	200	27
88	29	186	112	176	57
85	178	160	121	100	101
72	188	166	83	141	169
80	79	185	21	32	56
118	63	164	192	87	183
159	161	130	106	165	113
153	78	103	160	66	63
65	34	60	50	164	84
121	35	114	86	104	130
50	157	34	85	78	100
42	56	26	155	62	163
58	176	163	200	40	144
46	104	55	66	25	54
114	147	171	68	42	50
168	93	37	98	178	69
82	60	144	124	38	72
174	23	197	179	106	144
50	58	72	109	79	189
75	45	114	124	111	167
156	170	96	39	61	102
90	143	123	63	163	125
38	177	111	169	117	126
171	129	92	33	27	32
195	29	153	73	158	32
178	111	172	73	91	170
148	32	100	195	77	61
140	64	101	106	36	112
144	92	147	163	160	50
185	22	123	126	133	175
55	135	174	28	116	90
169	144	74	164	38	143
193	197	198	182	50	107
158	22	21	100	160	126
25	23	152	189	145	108
80	53	139	98	151	111
75	58	154	183	23	55
81	28	106	153	151	122
29	183	156	79	186	196
175	176	83	48	100	83
103	46	185	34	165	151
65	196	62	41	132	176
134	117	136	195	165	180
170	150	164	131	170	123
136	73	170	116	137	74
128	82	118	122	33	93
135	155	142	80	183	183
76	47	23	127	58	178
100	155	95	30	73	156
89	171	55	184	147	43
50	116	126	117	193	91
159	68	124	188	47	101
49	129	78	93	106	23
141	51	30	186	75	46
86	101	141	76	120	115
175	117	194	45	193	45
29	50	93	144	172	74
22	195	61	166	192	148
182	193	66	126	178	147
92	141	46	50	75	88
80	69	36	33	160	116
117	51	168	165	21	50
48	124	33	59	61	123
125	141	178	169	181	70
105	74	114	169	32	193
170	192	147	39	118	136
147	177	200	136	63	151
160	24	67	191	132	151
149	30	119	46	133	173
113	200	29	43	102	48
188	171	137	35	44	196
93	138	107	184	107	144
43	43	27	35	136	36
83	75	134	125	191	38
92	95	149	172	96	81
126	162	106	177	129	40
65	87	129	35	63	108
94	120	168	162	70	103
196	174	157	127	61	40
193	180	55	173	153	188
81	38	145	153	112	67
187	144	194	107	136	127
187	173	151	199	185	199
200	24	23	142	166	81
159	124	92	182	172	170
127	120	158	35	191	116
192	59	73	114	154	47
108	80	113	151	43	149
166	24	187	98	93	59
61	121	132	145	146	115
99	45	40	101	137	115
80	26	175	89	191	41
95	181	79	104	21	32
97	64	130	111	144	82
184	143	21	84	105	136
167	129	103	152	36	153
99	180	52	200	115	75
185	67	137	117	24	49
100	88	157	24	177	59
182	151	102	36	34	143
119	132	174	159	28	180
130	188	112	38	34	85
26	58	130	43	161	63
164	140	149	117	143	71
126	104	177	123	145	39
182	136	125	194	112	162
40	73	139	66	119	95
71	87	64	194	38	152
58	194	106	180	22	191
139	76	138	24	145	56
82	128	190	176	120	175
138	161	25	188	35	166
167	49	98	182	93	94
179	38	88	32	178	114
151	27	21	159	155	175
155	90	78	191	73	144
185	92	160	59	52	43
161	56	79	62	101	131
37	122	198	55	120	130
26	134	195	177	65	137
194	28	85	147	162	190
57	148	97	45	183	48
195	94	49	198	129	77
32	102	95	199	186	121
73	121	83	86	126	195
43	74	161	52	37	197
197	128	129	109	175	60
100	56	122	121	128	85
158	104	161	136	194	64
35	44	28	90	133	165
41	27	45	24	179	163
58	78	176	158	33	191
185	162	166	98	101	107
126	184	109	85	40	150
65	44	102	132	123	69
103	77	77	127	176	77
143	64	171	89	137	86
180	88	132	114	29	183
88	23	41	44	188	185
49	134	166	166	61	79
124	28	45	164	194	94
36	198	66	187	21	179
122	166	174	117	26	98
43	45	130	176	182	162
157	138	132	152	97	57
62	96	114	123	183	160
137	39	76	31	155	96
162	85	62	27	124	55
91	44	75	195	120	110
44	74	90	137	140	137
200	54	31	145	158	78
79	62	176	60	104	132
186	108	68	140	56	102
97	94	193	113	140	142
130	200	41	73	69	60
33	45	49	115	127	190
78	51	52	114	172	165
119	167	84	150	75	50
152	114	178	165	185	105
173	158	35	121	33	186
66	144	32	42	32	124
47	156	80	111	107	155
133	37	21	37	144	103
35	67	168	123	110	70
21	134	146	82	160	130
162	113	107	102	80	86
191	183	29	150	59	34
181	64	53	169	86	138
45	33	33	98	36	175
182	155	187	66	112	191
63	137	101	140	95	108
79	105	174	173	191	134
162	92	142	193	152	33
53	69	72	172	200	42
95	139	127	43	193	122
52	75	200	158	134	168
75	100	130	149	107	107
110	144	64	166	128	141
114	196	84	147	171	84
142	104	118	36	92	193
121	166	146	86	161	87
176	175	181	200	121	42
112	192	86	105	55	178
108	186	114	70	97	83
118	94	174	85	177	63
98	100	62	61	36	60
71	171	171	193	59	170
77	55	167	57	84	133
41	191	198	22	181	188
83	102	130	87	168	104
63	161	52	197	26	182
182	88	184	99	91	48
58	136	63	173	148	126
136	115	107	177	68	141
188	109	168	101	58	134
115	153	165	109	148	64
52	186	46	111	178	153
184	181	141	197	106	128
85	68	63	49	43	184
137	45	140	45	147	173
52	24	28	135	117	106
46	101	198	140	72	172
96	116	145	179	136	44
144	71	59	196	37	63
29	115	136	130	80	96
133	100	142	185	146	197
189	101	44	170	147	89
64	146	27	154	42	117
57	94	58	26	40	84
32	50	39	185	45	108
95	50	56	60	78	159
75	131	53	30	74	41
56	148	37	118	198	25
76	69	45	195	197	55
28	64	116	161	45	196
33	37	184	27	177	70
153	121	108	73	34	38
125	139	130	156	81	115
31	173	43	38	185	157
99	188	194	36	51	153
151	72	85	21	186	155
150	56	168	120	112	72
184	46	88	142	88	188
134	150	174	43	188	199
90	139	143	25	24	56
118	64	190	142	124	174
95	122	144	195	27	27
179	24	64	119	182	43
89	196	107	183	24	35
122	149	176	73	95	102
41	85	178	29	34	193
119	80	75	24	188	125
61	108	173	143	175	168
81	191	137	75	70	133
174	55	117	163	105	47
127	94	26	78	37	148
175	103	177	107	176	129
140	200	79	122	99	186
101	158	162	103	71	81
37	66	185	139	194	76
173	117	102	58	40	77
176	52	172	156	196	34
158	97	108	56	50	118
27	48	120	195	150	115
117	158	56	74	53	126
199	37	78	38	71	34
184	97	153	114	27	85
99	40	117	160	158	75
87	44	77	103	26	54
93	53	140	139	129	64
130	61	98	156	171	65
166	190	190	114	82	36
145	71	28	71	157	88
98	160	24	156	189	186
165	27	177	150	168	39
94	69	167	79	47	179
100	74	56	39	199	171
32	23	159	153	68	132
103	146	153	99	83	32
150	50	170	97	73	100
156	90	111	97	35	146
30	172	90	145	135	183
28	156	38	39	122	170
101	79	185	156	103	146
126	92	100	161	70	103
82	89	57	109	198	179
51	35	172	43	64	130
24	130	149	127	69	123
143	165	60	35	152	197
197	197	173	32	50	71
91	168	196	73	21	50
122	198	122	164	185	87
112	21	129	105	123	194
186	100	111	191	45	88
99	105	147	88	65	85
115	158	146	102	196	188
118	75	147	133	125	107
39	171	75	116	154	101
30	101	194	95	47	23
92	187	108	124	180	144
188	116	106	42	58	53
34	144	65	81	45	151
166	81	194	134	85	64
144	179	179	105	87	190
147	31	105	21	132	53
54	85	110	146	160	94
177	48	83	107	47	190
91	157	21	76	123	112
32	33	139	166	66	99
59	77	153	86	136	75
102	122	167	199	170	129
184	62	172	53	187	132
74	123	92	55	112	142
180	40	57	72	86	200
43	121	186	146	190	41
151	155	93	152	52	76
63	177	72	137	196	57
144	140	76	135	99	171
21	114	25	122	103	22
35	50	30	176	149	143
62	22	102	47	160	102
189	138	30	86	106	76
72	181	157	70	144	184
76	182	174	200	176	164
174	168	65	88	155	74
147	157	126	164	192	114
188	36	161	123	59	149
167	169	183	150	39	45
149	137	129	96	131	142
127	91	172	103	28	179
87	72	109	49	191	162
162	148	127	172	178	79
84	143	94	189	147	192
24	122	95	110	169	170
166	102	34	130	72	179
119	118	67	47	86	135
92	91	128	198	95	121
121	173	110	26	174	97
63	78	135	107	114	61
152	129	161	100	155	134
87	121	75	39	143	70
95	94	49	38	55	134
41	200	83	93	148	177
90	152	83	122	35	30
102	61	135	86	150	182
91	159	130	145	101	190
148	121	145	117	195	79
23	184	193	187	149	28
60	184	123	43	92	45
123	67	23	156	42	127
24	170	104	32	32	93
161	44	141	195	80	113
123	120	47	39	133	78
197	168	29	183	183	36
32	108	129	102	114	162
161	178	53	175	89	31
88	139	192	59	76	159
157	34	173	118	80	71
133	138	74	126	192	47
198	72	196	163	80	104
93	175	63	157	69	82
153	146	167	109	26	49
161	36	113	24	186	87
122	169	178	73	192	21
109	120	150	147	171	152
100	182	124	112	24	33
61	106	54	118	128	180
185	44	102	28	140	164
38	69	73	63	67	123
54	124	91	187	88	116
54	141	189	130	120	176
107	51	188	72	47	179
108	157	84	36	142	184
145	69	74	88	143	66
153	161	62	160	60	147
132	122	46	179	28	191
32	72	50	197	153	153
68	122	30	80	34	172
93	123	136	107	192	170
135	33	35	169	140	159
102	22	182	181	107	26
53	103	40	200	66	132
188	117	28	188	72	179
39	82	92	183	176	102
150	145	175	76	23	28
162	184	22	47	192	114
116	58	92	197	139	158
177	86	170	120	199	109
48	98	188	166	178	67
163	71	77	39	54	44
122	104	54	43	131	132
61	62	192	131	194	177
80	160	143	97	137	41
199	164	29	111	68	87
63	125	129	149	144	141
166	67	114	144	85	173
167	191	177	110	51	77
199	131	35	134	185	153
162	49	37	147	34	151
112	39	52	65	164	128
191	120	54	56	167	47
60	87	171	50	70	38
55	108	57	143	35	185
34	124	162	171	59	71
160	150	185	36	176	75
40	77	123	98	145	95
200	37	168	197	28	116
54	123	51	75	186	124
26	59	50	32	70	106
174	111	161	38	38	30
152	79	30	126	129	176
171	71	183	50	101	97
153	52	153	168	57	187
97	199	76	23	200	181
150	61	167	42	149	34
42	152	106	131	133	93
121	42	180	187	192	121
99	37	174	70	62	105
69	81	73	115	25	38
109	106	43	84	84	160
56	118	86	37	21	93
129	54	113	32	199	29
141	115	113	147	101	141
130	58	172	195	25	95
191	48	55	185	194	191
172	139	27	43	167	28
64	66	49	178	53	166
76	86	40	31	94	130
49	84	121	183	116	70
24	171	145	52	181	187
121	177	194	166	97	139
45	117	195	83	80	160
21	97	82	92	85	188
70	49	94	99	104	99
61	191	197	101	132	51
81	134	153	122	102	28
116	95	158	171	153	161
199	62	174	81	122	107
169	94	56	85	33	61
31	95	22	197	74	69
172	80	26	55	134	104
190	37	21	55	137	187
184	99	198	68	67	165
65	120	62	195	32	139
64	105	25	163	198	186
41	172	168	78	92	61
147	46	56	197	61	169
27	116	49	165	119	96
52	163	102	63	111	82
50	26	138	99	192	154
182	42	51	93	110	31
22	130	106	110	171	138
81	59	169	185	172	97
43	76	199	42	59	116
127	70	81	101	30	94
168	98	119	26	131	131
46	141	125	165	124	127
131	162	149	71	172	89
43	121	100	85	179	93
151	127	60	74	178	63
31	174	71	26	166	106
186	127	178	162	188	116
187	24	78	68	194	64
152	78	188	56	131	68
119	33	42	146	102	53
110	167	118	23	69	76
199	115	84	110	87	164
32	170	150	37	105	48
29	148	120	141	23	132
128	197	193	124	145	121
96	100	27	89	48	162
70	153	167	145	182	175
81	157	177	82	163	71
197	184	93	71	157	122
46	58	93	69	152	150
81	138	122	135	41	57
100	125	157	186	97	184
67	193	96	138	46	143
37	70	51	54	58	147
134	46	79	125	176	118
188	199	57	91	127	35
140	102	131	186	128	116
22	184	86	29	38	49
22	24	65	72	26	38
91	33	64	94	147	100
111	162	186	147	89	183
106	21	181	21	34	33
34	62	109	93	88	191
190	179	64	194	188	169
48	119	200	75	63	132
89	79	75	184	199	146
129	42	186	22	144	74
49	155	154	190	172	167
64	114	57	197	190	89
55	34	130	105	137	31
81	154	200	85	24	60
172	143	127	161	39	55
74	30	191	164	109	143
169	112	68	185	35	147
81	177	149	82	188	33
46	184	135	98	125	120
136	157	168	123	72	46
136	85	155	69	111	177
122	64	96	48	35	175
77	174	173	38	195	144
73	145	172	117	26	173
50	164	93	56	109	40
74	89	37	134	89	152
67	31	125	75	193	127
144	155	116	84	123	148
94	189	124	87	93	184
83	126	160	26	51	175
44	138	160	178	139	55
49	56	116	192	64	159
186	87	164	92	146	142
22	132	103	130	66	74
81	195	114	39	80	157
69	35	186	102	186	80
105	53	119	82	164	123
83	131	134	48	142	27
134	110	45	114	69	37
158	153	180	86	127	84
159	186	151	176	62	188
108	130	163	37	32	183
196	184	174	72	94	35
81	34	58	82	198	42
72	179	162	146	188	75
159	47	150	157	25	163
111	88	170	97	39	175
45	171	147	109	105	55
74	53	151	200	60	133
143	110	173	108	181	144
162	168	41	46	168	41
31	133	180	112	197	31
93	114	165	35	127	55
71	156	76	157	163	156
42	104	131	129	85	55
61	118	39	50	176	105
93	32	118	140	77	160
58	155	122	135	140	36
80	182	186	190	30	121
111	199	140	94	158	156
160	99	200	155	100	83
67	31	172	84	150	71
29	174	35	175	38	157
146	118	120	162	34	27
171	148	123	127	77	176
106	38	195	54	76	169
119	126	158	83	142	94
160	188	88	93	179	166
118	114	89	73	91	189
122	88	194	71	56	156
198	74	191	175	21	48
181	79	142	188	42	29
73	136	76	40	177	38
111	39	111	195	146	187
74	88	92	182	99	200
26	137	127	171	116	56
29	164	50	99	123	101
134	134	37	85	190	78
39	166	29	21	94	127
40	31	69	88	140	41
149	96	160	62	33	124
170	35	131	58	103	148
164	73	116	178	161	153
174	162	120	140	117	192
118	109	49	72	191	86
37	90	80	53	101	76
80	130	140	111	32	27
52	78	133	144	22	96
192	136	146	160	144	136
25	131	62	71	77	146
115	136	26	118	22	188
40	94	40	195	183	104
23	65	112	146	123	43
99	68	62	136	115	122
76	40	117	185	105	176
75	82	168	89	140	55
79	23	101	174	123	38
78	127	165	163	67	181
125	175	186	190	127	127
127	28	43	193	196	144
32	181	53	137	146	114
71	144	133	138	111	21
53	80	53	39	29	200
185	110	51	118	158	171
198	24	151	152	162	152
134	136	25	93	32	141
156	162	130	141	197	133
127	163	96	107	194	100
47	95	37	89	104	161
34	57	61	61	160	147
148	94	37	156	111	164
85	182	198	86	36	41
109	183	62	174	69	25
169	136	122	193	64	198
142	80	138	103	80	166
41	59	152	93	190	95
177	45	141	169	114	200
178	176	39	140	107	66
104	53	55	54	170	159
54	44	129	119	59	69
48	50	196	185	62	74
102	65	115	188	34	21
80	183	29	55	130	65
109	118	46	23	96	190
198	89	170	114	165	31
128	36	180	73	197	147
45	106	165	147	79	53
77	67	31	117	174	54
43	22	41	171	60	132
121	109	85	136	58	47
66	96	45	135	107	82
93	37	105	43	176	119
59	120	178	199	159	155
73	167	194	70	136	113
197	106	147	26	75	152
103	162	28	114	63	176
35	88	135	179	192	141
157	72	169	172	36	45
141	32	113	53	141	197
35	187	148	149	82	80
133	103	188	149	162	57
181	184	136	146	33	27
97	110	199	88	183	149
185	32	154	125	74	50
99	131	148	68	103	42
67	60	144	156	24	83
105	42	88	101	162	58
65	47	124	88	200	21
27	119	145	159	58	195
194	138	69	103	134	159
135	27	110	116	193	40
174	144	102	105	59	200
95	88	117	101	31	82
50	25	64	81	41	40
189	42	118	36	33	125
66	137	189	87	67	115
83	192	60	131	54	145
24	50	97	165	55	87
126	38	163	33	66	143
156	83	124	52	175	60
21	173	146	25	50	122
25	99	72	158	152	145
43	173	72	170	129	91
189	58	62	31	147	94
75	159	153	91	79	177
21	77	63	81	61	62
115	119	197	172	70	85
191	143	143	143	84	193
74	82	38	45	192	179
22	144	146	135	87	157
88	198	195	119	104	68
97	71	69	59	196	86
51	40	167	94	70	69
132	179	166	28	166	54
152	110	21	108	179	82
61	151	190	192	107	194
181	89	128	149	23	21
32	47	75	195	52	69
183	139	80	200	182	185
105	180	74	106	84	29
151	27	45	28	135	124
34	162	160	113	32	54
85	129	96	183	59	169
59	105	77	115	66	37
188	125	40	130	188	177
119	117	104	30	128	104
82	103	197	56	168	178
95	51	42	129	64	137
29	86	95	200	133	110
180	23	165	28	23	168
75	82	71	55	110	82
173	146	110	21	98	22
137	178	172	28	159	31
134	74	67	44	118	92
50	199	164	112	152	26
94	194	140	46	160	84
133	148	153	160	107	89
47	173	82	88	34	51
64	133	132	33	52	161
190	161	150	83	129	158
75	32	200	197	122	178
155	23	117	119	27	194
188	160	80	36	199	140
121	43	119	43	176	194
63	82	112	154	176	147
111	133	74	199	71	58
117	155	118	74	39	180
77	117	137	195	200	154
193	53	150	34	195	140
28	75	96	91	118	73
67	123	42	28	173	189
156	84	58	151	190	51
145	30	134	51	79	196
192	40	110	33	84	148
117	88	85	157	149	89
157	50	96	172	64	59
164	173	67	88	99	41
116	150	138	182	173	61
82	165	103	190	77	29
162	137	55	108	67	51
152	87	46	97	154	190
79	45	56	110	160	148
22	148	151	39	125	86
100	66	57	35	184	35
164	178	41	82	194	24
153	89	140	34	170	136
188	190	171	94	118	150
147	52	78	116	200	22
21	167	46	47	123	36
172	74	26	158	173	100
165	170	191	32	198	112
197	52	80	139	105	37
192	171	170	154	45	60
125	66	78	22	85	153
76	126	182	130	76	154
192	179	136	126	122	47
49	65	189	122	22	51
169	32	121	118	100	82
141	121	113	171	46	102
55	189	69	70	66	140
117	146	60	121	35	33
177	75	170	31	113	181
23	149	93	166	23	167
105	162	93	59	156	27
25	79	110	133	72	172
100	88	200	23	114	181
149	138	73	115	177	196
44	102	143	103	197	81
79	136	114	158	34	182
48	64	111	130	164	26
119	135	43	116	117	47
27	79	139	164	96	111
184	186	161	144	74	102
79	70	81	176	164	27
124	68	21	200	62	42
35	116	153	48	164	61
75	35	108	64	152	170
107	22	83	142	51	187
80	116	152	156	199	112
37	125	72	121	110	103
179	99	130	177	58	39
140	51	169	161	73	66
169	38	131	141	66	106
150	176	102	125	121	71
77	187	117	132	79	80
30	196	26	141	104	168
178	24	111	138	36	112
149	128	172	80	186	146
182	73	29	134	120	130
140	170	120	41	27	113
65	84	135	31	149	165
132	41	70	102	111	170
172	109	21	54	160	69
70	79	109	126	77	85
131	170	58	144	164	37
197	97	114	76	133	35
69	199	115	180	22	130
168	172	76	60	87	69
140	83	84	61	173	137
96	38	152	120	139	83
41	55	196	37	75	72
158	135	182	105	125	49
81	34	38	21	152	88
71	193	85	199	71	33
109	139	71	139	48	85
105	93	182	25	166	43
106	39	28	137	53	200
62	99	133	129	95	81
85	136	105	131	177	176
35	89	60	138	104	45
93	84	182	159	196	38
62	81	50	189	160	32
122	107	155	157	85	189
123	160	102	160	116	76
64	159	56	54	58	22
166	58	60	120	22	109
61	67	173	176	118	92
142	194	130	188	75	162
136	90	195	44	134	107
30	70	98	41	187	83
147	128	159	195	93	128
189	116	95	126	188	50
68	134	146	52	128	179
75	146	164	104	156	187
158	114	51	169	161	144
142	188	115	36	49	65
191	70	128	72	148	143
47	175	119	197	108	126
107	192	91	88	23	160
196	127	84	109	75	63
195	29	91	51	162	38
65	195	199	54	145	28
100	155	50	56	99	173
111	169	39	35	75	132
142	175	170	119	27	190
30	77	144	182	40	29
141	178	70	145	175	74
56	30	65	78	187	119
42	45	119	81	110	117
153	182	115	172	185	166
172	131	119	195	46	62
51	173	166	158	122	57
105	59	150	76	125	146
48	93	198	42	149	190
107	169	127	128	173	26
73	162	26	31	186	196
163	141	103	193	190	84
113	181	39	142	88	150
163	79	114	128	132	186
116	162	69	181	117	55
83	102	123	34	162	162
54	39	47	154	82	60
194	192	151	148	179	139
112	176	45	195	145	100
119	78	184	30	138	88
51	173	158	161	139	180
186	93	45	63	133	42
144	74	114	182	186	27
56	114	144	40	105	152
42	22	134	200	178	131
85	162	162	145	92	30
195	179	86	64	76	68
119	144	143	144	199	59
31	78	151	79	50	29
197	85	86	71	121	144
187	146	61	106	33	122
103	54	120	179	125	56
148	175	189	128	153	60
77	163	36	181	84	172
44	87	24	31	31	143
147	183	24	93	95	133
153	60	44	106	175	110
54	109	135	109	93	118
25	141	129	96	195	160
184	148	143	55	185	183
70	89	125	141	105	144
118	40	76	82	187	142
76	83	130	178	61	146
124	145	190	196	47	84
25	169	186	175	174	153
70	36	159	21	81	55
93	183	192	62	162	152
166	97	174	136	152	122
171	105	104	35	188	135
138	133	113	37	99	120
173	72	73	38	146	109
131	138	169	187	76	107
57	195	43	198	25	186
45	84	194	156	141	173
81	101	81	77	36	97
182	86	105	181	23	42
101	72	82	105	177	67
98	68	35	193	147	161
148	41	38	38	172	194
63	145	97	120	176	108
124	177	180	181	57	162
183	37	62	154	45	199
50	147	24	166	71	191
171	24	142	126	31	167
181	178	31	63	106	171
194	34	89	157	163	75
165	169	115	67	50	139
91	137	97	111	62	31
86	141	115	189	24	34
120	75	126	122	57	51
168	124	37	57	146	57
80	108	22	177	107	108
169	51	104	160	146	155
37	168	196	40	153	177
193	156	176	87	120	152
116	37	167	115	92	200
23	70	112	133	175	63
73	33	34	199	48	160
138	96	98	128	120	84
131	143	32	190	181	52
186	126	132	181	179	157
60	161	184	182	35	87
72	164	75	135	197	132
175	134	169	140	140	134
62	118	73	97	40	36
166	29	46	179	129	154
172	151	151	21	129	190
136	58	161	45	143	124
102	74	127	32	72	189
173	66	60	52	28	188
60	99	61	109	66	161
115	137	89	132	140	38
192	36	60	37	43	158
197	85	113	84	23	121
48	140	157	162	199	101
180	186	172	22	25	56
76	179	83	167	66	142
86	149	76	156	109	103
183	117	133	122	178	121
158	41	50	41	38	73
31	182	25	154	112	142
167	72	87	136	185	61
128	180	99	129	172	68
99	58	194	196	118	151
101	40	42	197	195	22
174	154	158	80	187	115
76	152	99	92	78	113
28	87	97	25	193	67
151	97	156	177	50	57
122	100	128	128	72	53
67	100	38	180	135	190
88	91	56	134	136	134
141	181	141	52	198	76
47	170	174	137	75	61
50	154	116	167	144	193
117	103	109	102	80	85
173	50	52	133	69	67
174	104	46	171	152	182
25	181	47	76	112	73
87	173	130	130	158	182
84	122	162	189	65	135
124	177	96	60	24	195
183	137	160	200	90	166
82	85	48	149	159	200
119	166	42	113	192	44
73	66	146	121	121	159
52	135	149	127	21	173
121	107	121	185	184	89
52	92	99	83	31	191
153	67	139	112	131	182
189	165	92	23	155	100
89	50	34	101	167	101
36	59	120	135	128	182
24	61	106	198	113	172
42	59	151	88	72	144
129	156	91	28	180	122
55	71	32	72	171	99
39	46	178	200	52	194
163	43	128	42	157	196
176	64	184	57	104	159
188	194	140	140	129	58
69	100	67	141	26	156
22	51	78	181	47	144
50	160	35	31	133	29
92	64	115	118	154	88
167	137	173	109	45	153
190	46	66	105	171	72
33	27	163	119	140	117
53	62	58	153	111	145
156	154	35	81	164	187
137	157	63	24	54	162
174	177	191	191	115	143
120	83	86	166	112	97
195	199	54	171	192	24
106	195	46	62	96	131
31	150	82	21	57	86
167	110	93	72	180	161
176	30	181	197	102	50
95	142	42	70	82	47
61	127	171	185	30	137
23	35	45	129	189	129
196	28	152	133	167	145
167	165	115	102	148	170
108	45	56	198	118	101
81	192	106	89	25	93
92	141	24	124	110	105
78	89	87	60	32	42
24	63	80	136	189	174
182	184	126	131	66	78
47	99	192	134	127	38
23	80	85	111	79	200
37	91	90	180	104	115
147	76	71	192	107	155
110	144	102	200	116	129
89	107	112	29	121	62
87	108	162	52	121	54
59	153	58	55	101	142
148	180	100	181	153	170
85	166	67	51	57	98
177	89	93	155	37	188
162	95	199	22	52	198
23	163	101	26	108	28
21	139	146	105	72	28
120	51	108	55	22	58
160	108	66	193	180	112
83	123	41	42	198	175
188	38	117	66	58	175
91	177	135	168	128	122
170	142	189	150	35	192
44	124	93	123	50	50
158	145	173	171	61	140
114	97	53	108	116	52
77	160	93	147	156	163
194	165	147	56	64	130
157	139	136	109	197	22
194	55	27	62	183	173
56	171	79	143	40	196
33	37	152	200	47	196
193	39	127	105	108	22
183	84	176	65	200	127
179	167	40	136	160	138
49	32	160	98	24	74
176	163	148	193	76	117
32	142	112	78	106	22
126	61	69	142	49	45
113	198	62	73	112	187
151	37	46	112	142	164
141	42	46	37	170	78
121	142	176	135	58	29
90	163	169	185	186	164
97	59	97	175	180	126
134	65	78	58	165	148
169	29	149	175	114	162
113	133	58	128	31	36
114	160	82	53	54	100
140	27	25	158	113	179
155	155	119	49	167	57
53	178	28	58	167	117
182	115	165	31	57	118
188	44	162	71	198	191
95	27	70	145	137	174
127	141	128	56	48	187
30	132	144	45	195	187
54	92	84	33	58	148
110	79	180	180	54	43
91	84	32	95	57	199
108	132	112	138	194	106
90	52	45	120	63	124
119	155	125	69	131	92
40	158	113	32	132	25
70	160	38	97	132	77
114	41	54	186	32	143
157	165	101	74	153	149
162	86	123	162	118	118
158	77	76	77	199	42
148	105	165	183	111	177
151	108	46	84	100	172
129	22	80	75	188	171
111	194	191	181	74	75
124	59	85	98	131	178
90	69	180	125	74	133
190	53	102	112	157	152
31	153	96	162	193	33
63	198	121	104	63	139
81	35	108	75	37	114
195	56	147	196	120	41
48	166	101	60	134	55
170	118	50	91	108	200
68	109	32	88	49	46
88	85	123	122	102	102
167	186	195	84	156	73
136	84	108	68	176	152
41	30	191	154	74	144
157	195	132	93	84	101
31	176	162	151	146	34
64	99	32	85	74	79
163	24	141	191	25	46
57	138	154	53	51	135
186	87	47	85	133	152
22	61	150	66	80	36
50	167	171	92	99	143
101	171	139	56	175	194
21	132	89	77	178	64
142	37	132	71	145	100
105	187	130	175	114	106
137	102	100	71	121	100
54	161	145	194	82	60
113	111	95	75	182	103
85	118	22	169	122	162
116	118	195	69	176	178
93	194	90	60	111	64
172	55	55	173	100	191
139	154	193	24	38	154
151	24	117	35	56	154
80	21	98	177	97	84
162	98	31	153	181	29
133	168	176	120	123	146
57	174	200	184	129	98
105	111	135	158	138	87
119	115	115	152	114	164
185	61	71	83	54	70
137	51	32	59	27	192
93	198	72	169	42	29
177	200	173	55	126	26
195	78	194	98	157	197
34	185	92	47	117	174
107	81	156	111	135	141
127	198	126	68	86	91
188	137	131	91	117	146
73	139	144	76	80	199
156	134	101	164	132	50
50	35	197	94	95	151
199	98	109	29	64	54
125	43	54	60	100	106
137	135	157	176	152	153
60	186	120	100	186	103
47	130	149	109	65	85
167	74	148	65	119	165
64	29	158	40	108	33
167	34	188	97	56	63
85	175	118	44	191	121
135	80	70	154	166	155
28	63	155	93	36	173
155	135	39	67	81	91
152	98	169	97	62	63
70	43	76	128	116	106
32	65	166	29	138	40
143	167	39	57	134	123
194	96	165	133	191	46
183	54	36	95	39	133
144	154	82	126	23	120
84	87	195	117	96	79
138	57	187	156	129	174
147	60	30	44	85	170
163	111	146	146	117	157
25	102	129	29	181	29
147	72	38	47	62	105
104	140	76	190	98	62
45	72	130	86	142	22
99	130	184	27	54	138
146	160	82	176	88	38
197	150	86	30	183	126
82	43	44	176	86	166
99	121	131	76	175	138
126	195	32	168	167	88
56	98	42	43	95	65
117	165	37	192	165	125
184	123	50	59	105	137
62	142	94	161	48	74
22	75	38	83	30	199
163	200	149	30	157	24
89	172	187	115	67	179
159	119	80	142	148	40
128	124	168	161	42	165
162	158	34	110	181	63
91	86	132	58	156	21
21	191	186	88	47	169
188	124	125	163	121	103
112	176	28	135	139	59
108	86	102	22	91	188
43	90	161	114	97	95
100	109	182	32	133	180
173	81	185	68	173	170
43	167	135	70	165	109
84	77	181	37	79	76
189	57	116	50	128	93
109	121	41	60	134	31
60	155	65	79	49	110
46	173	36	99	120	185
55	101	43	25	146	54
67	151	52	88	200	181
200	61	156	36	117	121
74	30	154	104	167	38
34	89	66	22	167	167
51	136	142	67	151	193
151	78	140	75	116	58
145	73	32	73	68	80
139	181	107	85	57	126
159	73	171	123	138	115
141	125	172	173	108	191
157	52	89	25	178	133
158	81	26	61	151	117
32	142	146	135	37	200
31	46	182	199	144	112
142	33	83	126	168	28
79	82	189	55	116	185
142	192	131	178	161	93
43	122	118	60	135	136
52	92	193	140	43	83
39	86	156	149	88	159
125	128	184	180	123	65
171	35	144	151	175	89
39	139	140	166	26	166
188	87	45	147	67	97
178	142	45	185	56	166
158	32	173	28	134	180
156	145	119	151	50	168
130	57	179	121	200	29
56	89	69	158	28	161
50	45	83	73	188	148
172	140	93	181	55	136
120	139	129	188	28	55
152	132	46	26	187	75
51	149	185	199	88	29
146	181	77	157	21	92
90	67	131	131	166	146
80	54	74	144	127	48
147	46	72	158	75	141
84	107	101	101	95	23
137	192	81	21	50	172
140	155	168	159	74	133
125	123	95	45	160	76
116	160	135	114	95	69
30	177	69	104	67	111
26	83	158	145	156	191
88	125	102	146	190	157
53	129	80	48	77	109
165	182	188	200	32	191
82	124	95	27	89	164
199	69	159	93	80	98
85	62	185	67	98	39
131	26	67	63	176	58
163	22	181	114	168	170
181	133	83	121	180	195
42	44	172	115	119	158
157	51	177	174	163	158
194	55	103	154	138	142
51	179	55	80	112	61
147	95	101	67	104	61
49	169	113	35	174	53
28	97	198	128	77	41
174	180	144	168	51	74
60	160	31	37	89	181
66	154	191	34	195	155
162	193	30	84	50	122
23	132	68	139	109	183
66	169	178	78	138	175
138	101	87	74	193	59
68	165	152	167	110	121
133	186	94	185	174	26
200	128	70	195	39	99
82	136	133	49	55	134
174	75	82	200	175	98
172	150	110	44	159	41
34	161	81	59	21	125
60	166	144	21	115	105
118	101	189	172	42	148
98	99	188	140	159	40
37	30	131	96	63	50
157	148	29	182	170	93
126	130	45	94	127	79
107	171	25	200	179	177
97	195	169	78	137	180
77	55	116	135	142	117
46	188	155	92	126	68
51	67	90	156	39	83
53	151	85	131	45	145
46	34	173	190	54	76
71	155	43	57	149	21
169	174	182	138	32	162
97	160	60	184	85	154
39	161	101	37	44	61
76	87	151	129	101	176
152	183	108	176	143	136
61	54	26	179	75	103
126	30	142	150	167	171
40	52	78	134	199	182
65	47	78	129	186	100
40	68	167	136	38	125
191	32	174	182	66	162
38	61	86	23	90	182
155	102	176	98	165	170
114	154	147	55	178	176
55	117	172	183	53	193
82	37	38	147	116	105
45	162	56	106	128	140
52	190	157	131	95	146
36	131	89	157	149	99
75	162	27	122	79	194
200	117	60	171	73	137
107	143	107	116	114	197
147	58	44	176	61	146
59	25	153	97	50	156
85	136	106	169	160	27
63	144	80	165	174	26
153	74	67	102	172	77
88	193	60	188	24	173
29	34	188	102	89	123
157	199	36	47	47	31
175	188	152	82	97	82
193	103	164	28	165	168
199	58	161	39	44	165
138	34	188	122	136	47
169	69	117	26	196	66
121	163	35	174	131	76
129	86	51	181	146	129
61	25	46	117	98	102
163	46	49	147	140	181
126	107	131	98	81	148
53	71	158	24	72	175
31	78	141	130	69	39
47	187	42	141	169	42
161	77	178	109	37	176
64	117	189	125	28	197
115	164	112	174	170	185
25	73	26	30	105	109
108	27	157	30	88	148
53	133	71	46	54	125
178	43	155	58	49	152
98	86	124	169	149	119
174	119	42	138	145	80
57	123	120	115	55	101
104	68	80	172	198	97
149	107	153	149	132	72
22	200	183	77	110	42
54	50	155	162	125	187
196	34	163	107	43	107
149	42	187	122	84	200
55	103	153	200	143	138
45	148	154	146	110	120
122	127	121	78	33	78
83	194	39	98	181	75
21	127	127	46	186	65
179	79	123	178	163	195
29	168	76	122	186	166
42	27	135	57	62	128
47	48	93	180	167	185
54	38	48	52	194	28
136	98	54	105	162	67
167	179	62	31	152	151
42	158	64	54	193	109
180	67	195	63	168	69
147	185	33	128	151	136
174	182	22	200	190	182
188	124	121	115	137	192
156	139	120	114	152	63
198	70	125	99	106	110
113	119	69	127	100	177
40	193	167	159	90	88
140	47	23	186	72	63
125	59	76	153	131	68
173	98	47	91	77	146
39	92	81	27	173	193
35	40	134	115	114	23
193	181	104	103	92	142
149	68	95	172	55	117
55	79	43	153	162	189
81	48	113	168	164	48
35	134	166	163	104	167
120	87	105	192	89	88
163	193	186	138	102	115
137	191	92	60	98	147
83	80	84	95	46	156
188	57	99	146	165	124
69	173	98	177	116	130
68	184	182	189	114	116
99	73	42	77	145	86
195	25	71	165	134	108
81	62	129	98	54	46
185	106	44	145	186	125
61	60	122	149	136	189
42	36	78	28	134	83
97	70	100	30	24	126
120	79	200	90	30	24
23	84	136	119	163	144
103	160	133	65	131	185
73	89	117	57	116	120
119	166	106	160	49	99
103	83	105	52	104	104
26	22	34	148	200	114
128	95	128	59	109	124
101	38	164	116	91	139
70	150	110	93	125	113
189	62	44	199	46	41
69	174	46	95	145	141
128	34	164	130	158	35
55	185	36	178	199	65
120	70	25	162	184	71
179	171	33	51	26	142
185	192	190	195	110	25
152	62	78	86	134	76
171	28	104	194	120	48
26	92	51	53	88	144
39	127	195	40	39	134
170	58	103	88	154	67
130	62	118	84	180	37
71	53	99	82	151	161
116	142	134	54	156	80
33	181	58	117	150	112
60	116	117	109	137	51
198	112	147	103	86	35
71	88	132	117	81	36
99	187	83	151	92	109
162	75	78	200	107	165
158	188	44	62	53	159
21	48	72	129	68	127
181	51	170	104	110	55
104	148	71	132	76	112
177	79	43	55	176	172
80	184	165	97	129	158
152	75	56	54	150	158
196	55	194	125	60	46
127	140	37	82	131	91
116	180	128	173	59	120
49	126	34	190	70	84
168	71	124	110	136	179
150	64	124	177	159	68
82	22	128	55	73	119
194	146	97	83	139	142
78	92	104	56	160	182
59	137	140	102	177	36
100	84	190	81	130	139
171	119	87	26	33	194
49	152	109	123	86	93
196	157	37	40	150	179
134	113	187	132	177	22
72	46	73	84	152	90
110	31	99	88	75	143
133	133	179	133	88	40
126	196	87	40	42	87
27	88	199	27	45	161
159	21	129	159	158	114
107	119	116	25	92	45
161	74	47	176	83	120
64	139	196	178	64	76
78	74	80	174	96	90
63	177	194	121	123	140
135	106	49	184	172	63
112	71	172	130	45	36
58	105	112	84	31	117
166	99	125	61	184	153
98	168	81	116	158	192
135	88	56	60	199	54
160	48	23	166	42	125
168	59	176	90	31	118
28	46	85	131	174	77
102	68	37	38	27	181
180	27	64	170	33	161
103	68	188	96	166	90
100	81	176	97	154	133
136	63	97	43	126	34
53	34	78	118	93	61
190	102	47	142	61	145
115	80	81	128	103	157
63	110	167	188	65	100
199	182	34	161	118	34
69	92	22	92	48	85
170	61	104	155	57	81
77	157	41	72	110	28
78	185	154	152	154	121
54	111	35	144	79	180
127	61	125	105	198	83
141	115	177	62	188	130
160	137	134	23	53	31
121	108	200	139	149	90
192	148	162	110	37	134
113	40	40	153	33	32
152	86	111	79	149	82
61	26	168	198	85	190
122	36	169	152	145	112
62	94	147	54	131	159
196	69	104	122	155	139
78	117	38	31	149	45
73	98	37	74	183	70
24	128	130	33	113	182
47	199	29	121	107	68
110	88	51	184	149	68
178	122	65	193	48	181
186	187	152	141	39	47
180	22	25	37	191	52
70	37	189	124	58	84
31	133	66	68	74	184
43	85	175	24	59	85
137	135	88	47	76	27
174	95	199	144	63	51
81	125	33	114	94	164
161	135	101	93	170	87
31	106	129	188	188	126
185	123	143	69	193	111
43	35	64	187	141	46
144	57	48	82	175	185
42	167	31	72	167	185
116	116	195	35	144	171
93	72	34	129	154	104
184	176	115	118	42	36
133	147	55	166	75	154
129	116	105	133	143	187
103	121	175	116	153	157
117	158	62	61	33	138
124	176	158	106	186	72
143	22	103	180	110	82
124	38	99	67	44	127
187	81	91	24	58	56
43	160	197	174	25	147
170	191	159	36	134	37
137	170	181	72	165	116
110	98	94	30	133	189
95	30	184	59	69	158
27	33	95	57	169	187
44	38	104	138	37	175
143	52	187	71	97	160
96	170	158	179	27	61
134	128	28	133	38	98
126	75	86	197	181	35
198	154	170	170	51	109
35	87	64	84	138	169
60	172	174	88	77	157
97	180	131	51	147	54
53	195	100	26	67	53
122	81	138	53	173	77
184	123	153	38	121	97
53	126	119	54	95	90
163	189	122	180	145	156
93	162	121	131	61	134
171	55	25	132	50	115
25	116	188	157	166	93
166	119	147	103	141	88
69	49	78	46	174	167
192	196	22	66	71	93
152	75	116	151	115	151
44	147	148	51	123	78
130	40	34	128	103	155
183	89	149	192	94	190
109	53	107	57	185	77
63	101	104	109	79	174
199	64	199	153	131	116
145	120	148	123	37	54
43	59	31	58	168	164
48	161	44	159	35	187
135	23	47	31	85	89
177	172	30	60	137	96
111	68	69	42	161	125
63	54	55	105	135	107
163	66	196	167	100	103
168	120	148	185	70	176
153	37	170	75	75	186
163	34	120	65	38	48
115	65	119	84	36	67
39	139	89	186	111	158
34	76	127	26	79	94
90	33	186	87	167	188
42	181	90	34	79	116
195	35	142	110	76	60
83	180	195	24	103	60
45	127	200	172	130	159
147	40	128	108	52	107
200	102	66	157	161	160
120	45	183	148	169	107
50	143	147	148	58	47
29	152	154	93	163	98
99	54	117	80	157	119
194	128	43	142	112	104
35	66	168	72	141	49
138	167	41	120	199	51
56	162	143	174	35	143
168	114	181	67	196	178
170	86	41	87	125	23
156	75	200	111	97	97
163	76	46	154	149	58
100	112	72	98	147	179
182	169	28	102	150	43
113	164	175	123	163	109
122	38	181	51	139	34
195	177	186	22	31	81
43	135	70	54	46	163
145	161	81	35	189	159
23	49	41	76	81	112
141	163	112	122	147	114
111	196	134	197	53	54
51	196	46	102	73	48
33	27	129	163	188	108
155	69	24	60	182	128
60	114	64	119	198	28
184	123	115	37	79	137
144	177	178	101	137	158
123	117	134	175	195	77
87	167	79	113	176	161
45	133	128	81	66	124
151	97	112	25	127	157
122	86	68	173	28	105
141	52	48	32	135	161
191	74	197	146	170	23
174	50	134	118	90	197
195	114	74	147	176	57
156	30	110	182	125	170
54	148	85	117	110	61
97	172	50	169	194	163
138	178	29	32	21	53
128	46	46	53	115	73
76	184	144	102	152	114
29	34	121	108	54	175
67	158	110	61	43	51
25	171	139	62	115	131
98	23	180	195	187	185
127	84	74	158	45	84
198	129	171	109	46	185
174	164	178	168	149	65
60	152	39	122	125	96
94	174	53	152	138	61
114	173	156	21	32	142
152	39	62	166	47	139
40	22	29	97	199	132
32	85	121	57	31	124
65	42	176	177	64	102
182	181	68	159	46	22
157	185	160	21	136	196
155	97	21	178	164	96
171	41	156	45	91	42
116	119	94	150	169	32
175	94	39	61	196	189
152	165	171	67	162	55
137	74	188	167	92	82
44	54	56	154	98	70
30	85	95	117	48	58
86	173	45	114	130	89
65	184	152	43	88	62
105	162	170	100	57	22
28	81	56	36	80	169
52	172	37	89	135	113
163	103	68	136	159	61
99	200	71	82	33	146
104	198	119	100	139	59
24	137	130	143	132	112
25	131	121	123	85	93
136	97	25	157	107	128
103	95	53	116	142	21
68	132	121	200	115	125
159	100	150	63	157	58
133	132	114	135	127	78
173	194	93	133	84	142
100	71	65	195	155	183
104	126	120	71	136	192
189	120	94	176	52	21
120	115	96	75	171	69
126	36	167	103	155	40
141	66	169	114	60	170
153	32	141	99	136	128
52	193	57	49	137	84
181	188	56	89	48	156
108	144	177	122	117	171
143	86	180	138	74	25
82	93	153	68	142	152
158	175	106	180	108	134
114	32	173	143	126	26
85	110	52	165	32	168
33	69	46	185	185	78
112	84	170	145	64	174
124	84	78	58	115	169
111	155	117	33	148	46
41	200	144	128	174	69
150	147	144	183	159	160
178	40	35	60	122	170
188	96	166	174	74	134
97	67	153	168	197	141
153	33	157	144	87	31
24	158	159	86	81	185
129	169	193	78	100	106
164	27	172	125	27	179
177	180	131	73	25	169
167	70	178	190	176	102
76	158	89	153	140	43
101	195	190	47	164	26
87	102	26	165	91	44
165	36	52	68	182	125
132	191	95	134	49	96
35	177	113	89	185	86
166	146	122	111	156	58
178	33	200	166	152	161
129	167	120	141	185	163
169	137	193	122	26	30
195	92	49	71	128	94
193	71	36	78	154	169
178	119	37	55	37	87
62	172	115	193	130	174
95	32	188	183	105	183
170	85	148	124	177	185
34	113	119	21	26	81
89	147	97	148	41	47
119	195	97	165	45	101
22	121	92	192	140	28
142	36	28	127	189	199
73	27	162	109	200	54
71	89	152	32	157	111
105	141	37	196	54	152
172	76	95	179	100	51
62	40	123	81	160	30
52	105	50	191	175	137
166	40	77	67	57	181
87	183	192	183	99	83
70	190	57	181	117	39
116	126	183	22	146	105
197	22	155	166	85	193
86	40	36	167	49	140
194	193	69	66	143	189
127	91	172	197	72	161
98	101	182	144	170	74
135	84	62	172	39	86
86	192	164	97	168	93
132	28	73	70	132	35
184	55	92	176	188	152
54	34	107	144	126	184
160	62	27	73	58	197
178	194	66	85	70	94
114	53	82	146	116	196
46	82	173	83	145	45
32	171	147	144	91	106
51	40	118	126	35	129
100	63	185	151	184	41
84	51	71	70	56	181
30	157	54	175	88	133
68	153	49	171	24	23
26	36	69	50	33	124
55	106	177	25	162	28
46	129	159	145	27	183
89	159	106	56	169	180
136	164	169	169	177	150
134	164	143	127	33	114
39	37	177	92	166	144
64	139	96	89	135	148
158	96	21	200	50	161
145	196	21	122	161	36
44	63	187	26	150	74
23	162	161	48	40	105
131	24	166	62	111	116
155	105	84	93	114	57
125	165	186	81	154	89
199	80	68	172	98	50
135	183	172	115	160	176
43	107	105	173	116	52
50	57	24	105	72	114
182	186	160	190	151	194
93	32	41	23	67	78
108	23	67	49	194	155
185	35	135	67	65	32
47	100	89	55	79	111
26	116	41	199	109	169
197	121	38	112	186	122
143	168	178	182	157	43
112	114	69	136	126	72
190	57	147	158	185	102
112	65	109	91	169	195
180	27	155	171	89	163
21	138	182	187	184	103
167	149	140	146	116	101
141	195	138	32	145	82
143	167	179	21	26	119
84	64	78	156	147	191
29	50	62	110	45	169
26	195	48	27	151	142
64	94	176	91	24	171
107	103	74	47	80	133
71	98	21	197	95	137
52	164	134	114	41	114
62	153	155	178	79	117
63	169	161	105	115	112
128	176	106	197	168	193
55	82	131	83	78	82
200	126	164	77	24	177
109	55	150	104	50	199
153	62	167	105	149	145
55	48	147	163	87	67
173	61	45	77	100	123
175	55	150	86	155	49
119	101	34	153	127	186
92	51	41	59	144	177
56	168	61	186	111	51
38	22	35	110	130	50
45	91	176	176	29	74
40	151	113	98	118	70
102	73	154	120	107	196
41	101	88	113	197	58
118	129	137	88	129	94
33	134	149	192	119	69
84	100	171	156	100	92
134	160	57	197	30	74
42	30	121	136	29	39
177	180	118	37	26	187
153	44	123	28	57	155
55	183	51	94	95	94
43	72	158	84	175	23
83	95	37	95	71	118
42	81	174	96	56	104
79	78	138	170	112	159
160	84	62	115	165	87
105	26	77	135	171	167
43	189	67	138	148	161
187	82	63	40	104	72
175	150	76	55	185	39
191	120	154	173	104	55
164	94	102	49	143	120
190	196	171	143	189	55
66	36	160	166	27	100
82	73	109	66	51	177
182	46	174	93	183	107
74	43	122	68	117	105
21	95	100	168	68	142
130	42	198	165	147	100
69	29	75	127	160	125
175	126	180	185	26	164
158	85	107	54	182	38
98	155	106	160	199	192
168	182	84	26	123	54
86	183	43	83	108	78
101	81	86	130	72	78
66	151	138	135	90	200
185	127	66	58	32	86
68	87	99	118	120	97
178	146	135	123	26	189
152	44	171	125	88	190
77	64	95	26	86	38
137	195	75	146	25	124
102	165	111	25	84	42
173	164	42	143	147	116
106	109	103	128	146	70
142	136	153	100	166	137
68	21	120	107	153	169
89	88	79	146	34	27
29	143	58	142	64	103
59	182	148	154	121	177
105	165	175	180	25	54
154	162	56	142	161	85
30	36	168	170	96	58
184	42	132	63	44	79
30	133	160	124	106	26
41	72	68	185	192	34
142	85	174	160	68	159
153	194	172	29	71	70
39	146	74	105	122	189
98	190	169	196	35	126
128	59	107	184	187	123
153	41	148	115	198	139
83	102	100	101	150	116
186	91	166	185	179	132
60	184	56	161	105	162
63	153	51	67	128	116
46	180	46	155	148	85
158	200	29	35	81	197
26	98	149	179	186	62
58	185	89	112	76	154
138	47	168	109	30	89
21	189	64	24	70	54
116	33	35	138	44	87
113	73	69	31	121	25
62	168	73	26	178	176
193	63	69	130	133	78
55	173	24	49	118	178
101	22	134	186	52	103
116	35	128	114	82	198
121	188	92	197	40	30
116	170	106	48	184	71
37	118	167	50	45	22
111	82	71	163	97	185
123	84	97	137	48	187
172	130	181	140	136	156
150	191	140	110	162	31
187	123	139	136	23	55
146	47	196	167	75	173
51	120	72	161	163	160
111	182	138	102	63	93
133	157	167	155	88	196
156	168	33	198	28	90
70	92	194	159	142	31
30	143	56	46	48	141
93	98	187	145	81	177
81	60	139	95	154	66
88	75	47	89	190	125
153	159	165	137	199	157
41	127	103	173	96	21
191	68	49	146	86	131
98	57	83	32	185	90
108	145	127	37	76	125
52	30	42	65	125	126
57	82	78	59	88	135
58	31	69	132	87	121
114	40	119	91	177	159
174	85	34	136	40	35
191	28	185	105	49	167
43	145	144	186	146	168
58	162	43	91	149	118
74	181	190	150	122	41
131	138	169	68	38	167
84	28	183	195	75	35
93	162	65	169	83	119
157	62	117	195	138	63
78	40	47	196	59	190
115	139	96	195	80	102
53	160	188	194	99	89
21	186	29	196	70	192
40	55	34	132	143	123
126	91	98	75	143	136
192	120	59	132	100	125
64	199	119	129	85	42
200	82	142	197	122	99
150	100	75	140	196	101
23	152	105	157	164	89
38	79	184	197	140	173
154	159	24	48	129	56
131	109	103	92	86	118
85	42	127	107	145	110
75	144	24	161	144	81
41	191	29	181	47	188
56	196	166	69	112	145
29	173	113	177	93	84
94	158	116	170	59	142
41	87	159	93	43	115
30	29	27	149	93	88
40	44	125	195	42	163
91	35	104	178	95	165
121	84	63	115	79	138
44	79	99	73	76	49
43	138	111	155	196	74
48	199	193	98	120	105
117	26	60	162	151	123
63	116	122	109	34	106
53	144	46	198	43	72
30	159	186	44	40	130
40	171	63	48	165	104
79	148	32	134	160	181
65	69	68	42	103	66
177	180	35	123	40	56
77	25	165	65	62	63
117	56	181	138	33	102
78	100	118	101	48	88
107	77	128	55	75	33
168	58	129	131	187	167
198	40	107	73	50	134
159	158	177	171	156	145
27	85	192	33	42	199
174	65	106	28	76	167
29	84	98	31	118	200
138	98	116	164	176	35
64	132	48	188	78	184
123	129	191	45	131	43
75	83	119	46	183	155
118	188	33	34	85	175
64	167	47	38	46	155
107	114	89	54	113	71
161	59	130	95	96	147
106	40	42	185	41	125
127	64	177	22	48	160
98	184	79	101	178	98
84	137	99	57	180	168
122	150	30	150	159	167
172	150	125	139	179	181
105	26	149	74	153	180
170	95	81	124	144	125
93	34	114	53	200	184
173	89	194	182	143	135
151	66	89	65	61	76
78	68	127	91	133	35
141	59	168	108	187	147
191	87	88	52	31	47
185	82	114	187	190	128
93	107	189	32	182	158
102	55	25	160	162	21
38	111	93	148	104	73
39	40	86	60	121	199
200	93	59	187	76	77
155	143	76	180	36	109
41	171	194	91	162	69
67	51	105	126	150	167
114	97	91	166	83	27
117	100	71	174	66	162
86	52	21	63	147	82
198	129	140	175	55	101
27	86	76	176	178	28
24	62	112	181	84	39
121	178	161	184	128	79
104	82	118	98	126	23
182	176	119	39	39	102
77	44	126	188	194	157
31	74	78	43	158	119
93	187	192	151	188	25
96	136	109	120	146	34
68	46	96	186	92	168
155	173	172	179	109	180
162	49	177	45	163	82
181	94	167	185	84	126
152	52	97	169	91	200
96	29	82	69	112	128
29	65	194	159	149	29
193	181	45	109	167	87
168	120	26	96	134	102
91	51	143	33	31	188
156	45	35	64	173	197
66	92	44	186	193	176
124	190	122	146	39	107
163	32	128	190	38	57
63	137	51	120	117	52
181	143	110	26	80	42
135	45	133	22	73	166
79	25	104	190	42	171
38	31	136	68	113	157
61	171	84	128	51	193
109	102	22	140	107	190
74	156	130	42	89	34
120	162	52	126	85	103
191	182	125	170	50	168
35	81	174	67	155	28
73	122	65	126	169	29
133	151	180	193	131	159
118	97	151	121	122	58
180	25	71	71	27	192
149	49	38	40	107	29
133	75	108	180	105	62
109	103	75	79	181	78
96	86	41	140	68	133
40	47	35	126	160	130
102	73	98	144	21	148
114	62	65	198	69	31
123	39	116	147	159	193
146	92	120	112	127	117
139	127	200	37	179	101
77	114	152	62	190	195
70	154	140	78	118	178
61	177	190	59	61	156
105	92	194	125	80	156
185	69	196	27	113	85
100	198	66	178	54	167
146	147	94	54	181	171
161	58	59	58	147	29
127	180	25	47	102	179
124	174	63	93	150	86
43	200	199	161	35	63
64	45	81	170	109	116
87	100	115	193	138	65
111	126	53	126	124	90
116	126	73	94	65	196
67	52	44	102	163	41
26	193	152	193	38	106
176	37	154	61	106	118
177	68	177	135	117	147
159	72	187	68	30	152
79	61	57	60	30	100
85	166	156	84	180	117
24	139	112	63	151	64
111	158	157	29	66	163
63	178	77	32	88	123
65	49	33	66	104	76
85	115	35	77	95	104
163	99	111	135	55	179
110	126	101	171	73	106
199	194	99	52	89	108
89	169	163	159	63	140
178	84	187	164	125	190
76	52	26	120	57	87
136	121	106	126	142	92
157	36	69	61	103	196
158	89	95	63	179	93
193	200	143	51	42	188
95	29	183	76	43	135
90	29	196	44	51	29
174	197	60	113	200	178
87	80	38	97	119	152
93	129	194	90	30	32
163	43	81	157	95	141
113	135	35	167	34	114
102	192	35	31	60	31
71	75	48	193	167	36
67	188	129	88	193	116
151	142	82	197	155	151
159	101	137	57	183	109
29	156	69	161	46	30
129	78	22	82	131	40
159	127	134	182	198	182
147	122	149	48	29	120
32	23	150	111	21	71
49	92	170	73	119	74
119	63	85	127	77	25
48	172	109	169	142	79
159	140	93	103	54	73
191	160	121	125	62	191
190	34	150	101	73	76
148	78	127	22	53	60
144	60	60	67	153	33
148	183	101	137	142	142
104	34	99	106	36	149
185	72	139	191	112	187
41	130	124	74	166	128
167	181	75	113	197	78
194	144	26	75	96	173
172	84	111	46	111	37
175	24	161	24	181	137
131	75	110	167	115	196
168	48	162	49	186	151
121	111	152	197	200	46
161	110	172	80	89	180
109	57	129	136	73	163
187	73	61	149	52	117
33	115	108	133	27	164
76	60	55	39	188	63
73	68	170	59	66	179
85	91	148	181	84	102
137	155	89	60	136	164
177	98	133	79	111	100
193	141	27	29	137	103
104	193	87	110	57	189
36	160	27	99	37	191
51	74	23	99	173	43
190	88	84	122	121	200
146	136	98	41	105	118
39	109	100	82	195	156
72	105	80	169	113	40
89	111	81	172	184	83
39	117	163	167	25	37
32	60	78	91	160	143
109	110	31	35	104	88
181	27	164	173	154	40
61	156	154	127	93	96
128	182	36	26	116	177
199	158	93	126	176	88
172	22	98	44	146	198
102	196	162	158	48	142
80	89	24	171	67	173
170	51	145	37	133	150
102	130	105	114	171	93
139	186	159	93	21	101
172	166	147	82	148	151
29	123	44	159	106	53
199	44	73	81	94	179
72	24	167	54	21	174
160	33	56	89	79	163
168	62	130	96	85	53
183	110	89	140	25	123
63	29	164	71	187	55
135	69	198	116	100	140
122	45	44	110	55	120
46	150	85	116	78	97
97	83	76	34	194	160
138	26	74	41	39	192
95	31	185	43	93	157
71	32	45	193	165	41
66	152	101	196	159	177
50	55	73	65	70	118
164	83	29	63	24	123
39	123	136	131	80	139
35	144	69	184	79	100
42	121	53	200	146	191
179	185	70	200	162	79
184	42	36	125	50	116
71	24	45	166	113	165
126	69	177	134	188	117
40	28	105	192	170	67
159	93	71	112	154	63
52	86	132	26	72	193
135	123	193	62	102	137
138	88	127	89	135	28
71	101	57	62	53	187
96	38	152	177	74	195
24	125	88	78	154	122
152	59	141	87	150	120
105	61	91	183	50	24
193	88	53	35	49	148
77	124	114	102	40	194
27	184	33	47	84	182
55	159	151	32	101	53
104	168	194	80	101	112
44	115	26	172	171	133
49	128	181	23	177	138
70	162	194	185	178	163
121	48	34	120	96	23
128	42	49	74	95	90
139	180	52	53	144	162
145	199	68	110	125	30
190	89	190	69	145	167
54	157	34	66	45	197
115	39	143	44	148	68
139	124	71	200	163	124
56	32	174	56	66	162
156	29	97	122	29	130
94	157	154	94	95	90
159	95	171	29	84	71
90	153	36	95	97	49
134	60	26	121	32	111
115	132	80	170	81	144
79	31	132	144	54	179
78	155	77	113	190	53
138	39	120	71	80	88
154	192	194	42	172	188
52	105	191	129	139	109
171	171	61	52	93	58
195	111	161	55	151	97
67	97	43	54	125	149
177	119	167	183	139	68
135	179	37	200	128	139
131	74	30	120	87	98
83	29	143	45	39	30
184	61	78	123	40	36
124	178	61	166	30	67
24	103	125	55	182	140
195	26	174	126	176	168
62	114	154	137	142	154
86	115	90	23	52	36
74	184	51	123	34	46
107	121	159	56	131	196
152	141	196	32	99	118
65	79	68	66	133	147
116	78	37	195	50	59
29	150	45	25	99	163
170	83	95	159	160	57
140	54	141	53	188	173
43	182	118	58	65	85
139	25	198	56	184	200
155	139	109	31	156	55
146	144	169	148	184	62
161	33	112	190	104	76
119	135	200	148	25	176
120	28	55	108	161	115
115	191	184	111	76	169
178	57	83	158	83	24
81	165	60	182	144	171
93	149	58	33	146	198
72	176	157	195	107	71
71	129	170	52	64	30
56	55	86	94	48	58
64	80	129	131	185	46
21	84	111	65	66	57
178	168	92	184	52	86
124	117	158	101	61	114
118	49	180	171	36	95
110	31	98	24	43	45
79	69	63	158	73	121
59	70	72	63	176	178
36	23	80	36	28	64
27	151	189	25	115	38
88	88	21	81	83	24
45	110	70	103	159	197
77	28	195	168	109	111
194	141	109	64	138	55
172	47	94	177	103	162
129	94	110	195	48	38
33	150	108	180	35	33
103	62	70	56	170	126
99	71	41	146	108	28
90	21	75	79	92	110
163	145	175	170	155	195
98	26	39	147	55	162
184	147	43	166	97	155
153	51	183	164	184	146
41	180	61	99	75	67
80	59	73	74	170	192
150	62	46	49	171	36
125	92	165	178	107	41
51	67	82	142	64	161
110	77	88	23	146	155
110	137	165	122	53	161
159	130	44	107	147	46
87	188	165	41	114	148
81	132	93	116	171	147
106	30	180	61	193	86
182	177	180	72	196	186
74	160	39	91	23	182
117	74	173	146	74	90
51	33	54	118	73	170
168	122	38	130	119	32
77	89	153	50	88	183
156	146	163	98	68	83
141	131	112	23	59	100
35	169	110	110	185	75
157	163	122	56	162	124
147	22	165	140	181	174
50	46	123	81	66	170
138	66	26	40	91	154
108	183	59	40	123	81
193	135	156	36	139	139
121	51	142	119	40	86
182	73	138	141	127	126
180	130	69	118	153	75
95	32	21	154	158	70
34	66	84	194	184	99
35	96	142	177	84	138
159	156	149	159	63	123
45	135	128	59	200	25
104	140	153	192	94	61
41	92	109	153	165	200
104	96	199	169	175	147
108	138	125	45	132	27
177	71	156	141	36	102
185	94	127	149	28	60
169	150	31	151	164	181
75	133	58	138	191	38
74	22	59	66	128	79
178	199	22	149	166	87
37	148	199	46	190	197
137	167	46	111	25	116
116	180	159	182	194	197
119	64	127	42	33	110
180	48	187	162	94	48
126	88	161	44	69	25
181	54	121	185	196	64
167	29	153	147	134	30
25	82	122	144	63	84
169	28	108	97	86	149
39	95	27	187	92	128
179	73	103	123	43	59
113	68	154	190	148	151
79	85	62	196	95	62
169	44	183	63	57	103
161	196	170	53	145	181
159	80	123	30	75	132
101	103	175	163	120	140
182	158	81	93	121	60
110	194	86	30	159	56
57	66	151	95	83	81
57	180	157	152	95	57
78	136	170	57	80	105
65	95	53	75	165	31
182	65	130	67	108	188
96	64	31	150	155	43
36	70	82	58	93	77
172	125	181	93	68	114
140	81	65	139	187	159
121	154	40	180	115	105
53	144	108	25	191	153
107	195	134	78	136	90
33	91	79	196	156	63
128	33	180	173	91	127
51	90	106	45	75	152
23	199	95	50	127	60
157	180	161	40	194	94
200	124	137	153	198	133
92	106	199	184	104	143
34	129	164	103	134	51
187	33	101	93	121	81
142	44	103	139	123	112
128	40	113	193	180	96
152	34	154	22	112	115
150	102	73	142	138	113
182	104	87	127	139	119
181	141	59	91	150	21
46	194	161	133	199	160
81	179	172	49	135	159
75	118	39	29	134	179
151	149	126	26	86	122
24	62	183	138	156	25
140	150	63	103	44	149
196	87	78	84	63	159
38	124	42	68	111	47
192	127	21	76	188	91
29	55	130	110	77	23
40	21	53	63	120	105
49	178	113	66	128	130
66	139	89	178	56	77
171	124	95	106	180	92
88	64	47	138	127	67
30	81	30	129	197	69
97	129	86	126	125	79
57	68	110	141	31	161
154	83	58	101	47	198
140	65	54	172	96	153
150	96	171	66	51	66
126	162	93	125	91	180
154	92	68	116	87	25
94	44	62	167	84	114
174	33	35	102	102	172
49	100	56	189	147	113
65	139	116	129	167	40
161	139	131	186	134	144
57	123	175	48	118	191
138	102	84	50	189	113
134	167	196	97	72	38
183	139	123	168	153	149
87	85	178	50	91	110
68	57	123	23	168	144
115	55	35	35	59	76
158	117	94	95	171	48
90	49	114	159	44	191
27	114	92	112	174	149
172	175	99	113	145	131
149	35	161	73	127	183
82	114	46	141	21	140
156	126	66	131	189	101
124	54	134	90	73	135
91	199	29	138	173	163
161	172	197	152	25	132
158	90	25	57	178	162
196	70	114	74	69	106
116	162	98	33	146	196
77	135	105	30	105	76
192	90	46	80	182	114
150	124	127	69	163	163
71	64	159	153	129	139
62	164	98	141	152	154
118	173	182	145	31	59
26	154	106	115	38	103
156	33	102	137	32	171
182	117	137	47	146	40
96	96	90	189	131	123
144	71	27	166	186	81
75	180	164	27	51	81
100	24	52	187	51	199
79	162	95	130	128	43
92	52	176	40	149	105
76	93	116	194	123	158
84	34	144	90	180	26
158	152	75	85	105	180
30	164	83	196	195	130
149	98	103	79	118	121
123	187	58	178	83	141
61	133	188	73	103	54
36	80	74	108	60	167
136	185	74	55	103	28
43	180	136	71	200	165
194	148	135	131	107	56
91	138	180	187	160	30
46	155	23	94	106	83
139	80	169	82	131	63
39	24	179	175	199	35
34	35	180	177	194	26
49	44	122	168	101	77
117	133	97	80	56	65
79	41	118	169	77	47
53	125	34	70	46	154
138	197	54	91	134	144
154	63	37	187	47	30
148	132	94	82	61	107
165	30	64	121	120	177
25	35	107	176	68	135
120	41	187	34	66	91
117	133	75	110	100	103
76	79	108	32	21	200
48	33	188	184	104	22
157	84	183	105	37	45
75	159	80	185	69	159
87	72	99	156	54	90
106	170	186	65	156	152
93	186	127	117	23	120
29	75	95	85	177	176
25	66	136	140	51	158
151	91	88	84	104	118
133	117	39	75	31	89
70	21	114	28	154	28
128	163	161	128	56	152
71	106	189	80	148	197
30	143	181	191	119	29
116	184	63	24	130	125
122	66	111	36	149	29
161	87	94	153	118	103
156	172	79	46	70	83
68	87	79	24	196	68
110	35	156	200	200	35
153	114	164	107	25	28
82	159	29	48	21	36
31	98	188	24	91	93
187	118	158	78	132	43
21	25	136	167	32	93
50	188	32	80	80	119
174	155	126	70	136	193
47	88	86	103	51	105
179	182	47	25	151	153
49	108	84	68	193	131
186	179	57	120	75	81
35	93	118	23	192	35
159	102	29	132	96	148
133	135	130	130	104	42
140	62	159	119	56	187
66	184	132	171	46	111
37	175	55	135	24	105
150	146	81	181	92	179
83	177	46	106	156	64
171	165	151	24	48	176
62	45	164	24	137	93
26	133	174	126	173	160
22	23	36	162	162	144
26	125	46	120	53	40
168	115	175	130	186	69
186	66	111	138	113	34
60	79	71	193	183	84
39	90	182	121	117	55
116	50	76	182	200	134
102	166	29	161	42	48
84	105	46	31	169	178
163	107	148	184	41	71
87	31	34	25	97	102
168	123	37	126	131	110
172	115	180	176	157	40
51	68	146	165	129	143
165	43	75	143	174	161
141	35	120	31	181	59
21	81	119	42	156	113
78	58	160	192	108	79
127	69	104	94	44	145
83	88	76	29	46	74
91	170	175	192	47	24
154	90	126	127	59	145
44	82	106	85	83	190
191	113	129	132	135	51
137	92	75	182	96	65
82	111	151	180	72	75
122	35	75	64	54	165
24	92	184	41	147	118
102	84	145	197	161	25
131	103	162	166	116	60
170	140	27	186	27	105
189	100	57	78	27	125
97	105	42	57	120	82
140	67	155	151	196	153
120	101	58	91	150	146
92	180	146	67	140	68
135	123	150	196	48	196
134	138	128	129	99	43
200	163	171	157	166	147
106	149	166	176	100	56
82	91	37	116	75	140
136	175	65	137	50	101
168	136	145	123	188	184
32	101	150	122	80	92
25	58	134	72	184	109
67	34	62	176	167	104
90	173	129	78	91	31
153	168	172	75	165	114
74	174	172	185	178	75
59	135	167	66	125	51
136	40	114	61	109	187
35	49	143	36	113	198
182	187	155	153	96	51
168	144	169	65	200	174
155	101	30	169	162	135
199	51	195	100	159	113
63	155	48	165	39	89
176	131	95	103	100	155
155	167	188	78	127	83
100	23	179	117	164	198
176	143	80	131	90	50
87	179	80	43	138	116
170	114	179	109	48	163
168	62	70	60	195	124
44	121	132	82	148	89
161	117	198	52	22	145
81	37	147	128	144	102
88	122	123	55	183	130
24	86	63	179	159	91
94	136	193	135	88	50
30	109	118	195	122	115
66	142	94	141	26	95
105	133	36	60	192	146
91	76	148	195	158	134
132	110	147	176	74	122
56	144	23	46	89	83
70	180	113	105	41	123
58	195	177	41	42	65
195	151	48	33	193	35
41	94	123	52	109	79
89	180	66	149	167	24
110	117	23	24	161	64
169	53	139	47	44	25
44	83	143	173	30	130
38	182	85	82	111	117
83	139	136	25	99	90
144	181	108	54	97	191
146	54	103	22	93	34
182	62	178	153	102	44
140	107	74	47	51	105
50	97	101	142	33	164
100	176	34	93	194	107
185	84	101	147	150	66
182	126	124	180	172	114
85	35	141	60	69	127
126	189	122	181	91	182
70	161	137	117	91	43
114	102	123	173	70	136
43	200	34	92	34	110
156	66	133	58	180	134
22	60	159	160	23	178
121	194	180	107	192	155
65	168	56	122	63	37
95	190	57	158	80	64
187	25	82	187	43	100
107	51	131	123	195	181
164	22	157	65	95	161
182	53	81	40	180	44
118	189	188	44	40	97
27	65	200	152	39	48
45	131	131	104	123	189
79	59	27	46	176	157
154	21	121	132	21	66
97	190	169	42	53	78
117	146	29	169	29	192
62	29	48	137	32	179
123	97	195	85	121	150
198	23	52	134	87	82
111	28	69	123	93	131
178	121	169	38	64	118
169	69	54	136	50	154
151	49	44	183	178	191
30	88	67	197	63	54
124	153	79	26	128	117
71	69	98	170	59	99
184	159	151	71	103	44
52	115	100	45	44	115
123	113	91	154	89	67
127	153	52	93	107	191
142	49	76	196	166	135
183	115	70	51	168	184
60	21	84	61	57	185
108	67	195	131	74	125
30	198	45	51	34	169
27	121	92	78	175	127
76	31	35	98	26	138
50	177	81	73	85	114
146	23	148	185	68	164
30	33	116	120	101	37
24	114	67	106	176	131
128	171	112	168	116	101
162	103	145	49	148	93
36	125	84	84	86	61
196	117	151	61	195	77
193	68	200	131	191	129
55	77	98	181	168	157
63	178	62	32	92	39
169	100	165	108	85	181
57	35	102	74	197	119
78	116	121	66	121	46
65	167	75	63	134	53
22	64	101	167	99	113
28	199	170	131	141	104
25	174	146	180	27	23
122	30	188	36	32	120
66	99	69	63	160	42
100	70	163	134	21	194
22	190	190	32	108	173
172	64	107	76	21	148
53	85	80	173	43	148
191	176	141	139	79	168
46	61	168	72	37	84
21	192	146	27	37	116
53	123	25	73	138	194
31	157	97	152	194	37
21	180	74	129	39	94
133	80	160	116	58	115
108	110	114	70	103	85
116	152	132	83	47	168
196	27	30	150	181	136
165	91	59	189	141	184
199	95	106	172	91	65
94	169	106	82	175	154
104	187	55	78	172	26
130	165	131	118	88	136
84	92	42	82	51	179
22	130	119	49	158	153
157	34	86	179	21	185
155	54	96	178	177	79
182	162	32	142	55	162
127	143	72	120	92	46
132	120	38	25	110	193
104	126	172	125	21	179
161	87	31	165	120	59
167	126	86	49	108	47
120	98	172	170	83	59
53	147	137	55	181	171
109	107	199	121	63	93
121	45	107	59	74	41
115	122	73	33	116	134
150	128	40	179	39	167
73	117	192	186	155	88
193	165	195	121	180	66
108	194	44	63	118	190
32	117	34	193	77	189
45	107	66	75	88	155
151	23	71	177	111	136
156	156	128	189	195	138
33	34	76	44	76	99
75	31	114	147	73	137
153	80	169	124	109	62
31	42	72	26	148	161
104	69	84	155	200	59
70	124	147	33	151	182
117	88	107	90	187	130
194	31	170	29	199	108
192	183	47	32	70	174
66	40	55	145	178	130
191	74	158	197	180	26
171	38	26	161	194	48
44	137	147	73	137	137
74	115	30	173	164	156
26	79	51	99	60	167
118	66	87	57	102	176
50	149	191	117	35	40
91	92	152	27	90	21
83	38	50	54	165	46
100	34	79	130	31	108
83	43	116	151	82	103
145	181	131	177	157	44
23	196	131	70	62	172
184	92	60	190	114	112
152	89	198	24	142	79
22	39	153	91	51	83
177	28	27	152	186	116
149	98	60	167	145	185
141	139	100	68	156	123
90	45	77	175	76	141
156	170	111	109	35	76
98	168	67	29	177	96
102	122	120	33	127	28
56	79	56	145	53	151
170	154	42	69	159	195
181	86	108	53	116	169
112	187	28	98	147	160
58	35	184	114	193	102
132	55	137	74	77	123
119	191	119	182	114	86
190	183	65	50	181	200
55	138	96	131	26	87
101	99	133	67	48	152
84	84	118	43	39	140
148	126	76	166	192	118
89	91	26	104	146	138
58	106	72	98	61	91
108	157	53	36	58	152
152	147	110	126	176	125
40	44	140	126	108	21
98	150	194	73	190	114
126	88	124	157	86	21
179	170	110	78	64	87
105	125	69	192	166	151
179	55	176	119	165	104
123	167	90	177	56	97
70	148	37	141	174	183
173	186	28	113	184	56
130	121	197	39	141	39
30	77	61	46	137	172
196	152	182	197	196	155
47	136	125	43	118	123
183	165	149	185	65	161
57	172	106	144	186	46
173	157	71	170	104	33
85	25	122	177	82	24
141	157	151	107	113	199
54	128	190	119	74	115
114	122	65	110	173	81
113	143	175	174	126	142
194	149	170	171	72	77
147	91	81	199	198	28
94	128	174	105	35	87
91	171	164	171	142	69
88	90	51	96	92	172
138	176	135	70	130	78
184	94	166	42	151	81
79	55	115	108	195	77
166	161	165	70	72	109
26	52	62	173	96	63
123	158	152	28	190	114
75	30	24	190	26	143
65	154	135	88	166	93
179	96	68	145	71	104
100	91	64	40	45	131
77	53	189	33	46	115
93	113	183	23	46	144
61	198	116	142	87	188
26	38	188	183	128	171
84	105	75	143	145	50
177	157	110	124	179	186
83	42	95	158	155	26
27	80	49	134	80	107
191	67	88	115	60	63
110	130	23	167	22	64
94	73	163	167	154	162
33	85	88	172	68	60
158	110	30	190	179	98
73	37	192	144	56	58
108	136	88	190	196	47
155	118	169	177	129	128
105	175	30	199	66	102
140	85	104	193	160	61
158	97	47	194	63	138
93	24	106	184	63	83
103	74	47	169	94	48
121	110	184	39	146	125
145	145	109	93	72	27
75	48	187	37	120	103
90	151	37	59	156	119
38	25	29	183	107	76
159	26	188	177	115	132
119	69	27	44	22	107
141	128	29	156	41	187
143	103	58	32	171	46
75	198	101	99	187	147
123	91	191	143	159	22
176	95	138	141	65	56
34	98	36	126	120	60
106	184	28	120	73	62
71	148	187	55	183	137
128	157	129	41	165	70
43	100	179	80	32	148
130	94	26	141	23	186
150	128	78	122	50	88
96	42	28	159	119	174
44	110	140	112	50	67
101	82	89	89	156	48
116	119	144	104	149	114
87	110	166	47	123	184
98	80	52	144	48	152
54	68	169	77	196	174
120	118	48	147	21	25
171	33	181	155	175	105
123	185	59	46	98	78
26	121	68	134	107	69
143	190	197	148	47	189
59	93	151	21	185	120
65	137	56	167	53	173
54	61	174	34	48	198
81	59	58	107	184	94
139	196	154	83	166	29
31	105	167	25	59	33
33	175	21	78	24	187
70	163	96	34	177	139
27	123	35	138	146	50
93	64	94	140	149	86
103	91	151	135	153	137
42	42	60	135	61	154
148	111	107	74	33	189
60	112	58	35	68	79
113	125	156	43	48	76
32	132	132	75	90	85
24	52	188	193	109	72
122	27	81	142	197	124
36	132	162	140	179	46
114	105	141	130	21	79
51	46	73	28	198	47
100	147	105	200	110	177
157	184	32	83	148	54
176	65	117	54	48	148
26	132	55	188	60	113
65	97	36	62	93	132
160	96	70	130	108	51
141	147	128	87	167	200
102	72	37	190	63	113
47	152	105	154	113	194
54	87	60	134	124	36
54	87	67	196	60	95
32	163	66	47	193	28
173	96	162	105	179	60
74	69	31	137	198	102
40	116	98	123	71	114
23	46	149	138	70	46
68	37	88	62	109	174
28	61	100	144	134	72
96	197	50	60	96	119
180	195	42	90	60	168
116	197	147	151	39	189
78	141	28	199	84	169
180	190	134	101	45	60
144	151	77	155	143	148
100	145	32	173	107	45
29	103	29	115	46	150
100	131	53	40	166	162
99	101	44	79	178	77
168	102	159	60	78	58
69	162	137	65	139	44
25	83	101	108	118	117
27	25	27	184	56	38
97	67	58	121	23	101
88	159	153	183	32	142
45	50	58	178	48	179
172	183	168	83	34	185
105	111	76	79	77	51
114	152	119	165	101	100
180	89	41	43	193	40
57	134	148	185	96	133
56	195	128	121	146	31
186	143	115	151	184	120
65	140	34	53	97	143
186	185	127	41	185	176
155	186	163	120	123	184
51	120	81	152	28	169
29	126	80	33	71	65
77	60	79	91	148	79
199	156	133	36	127	33
144	170	172	181	198	63
41	173	129	88	181	159
163	121	184	185	77	93
151	22	90	195	102	87
103	177	94	186	42	88
186	182	132	151	73	187
117	145	137	110	116	140
155	125	138	147	161	170
28	38	151	111	108	152
145	78	87	118	161	135
141	118	167	138	58	143
40	96	142	191	185	145
117	86	185	168	103	176
164	177	181	28	93	128
141	163	149	190	165	105
63	105	28	33	92	188
120	145	195	177	78	61
167	31	106	38	117	70
92	115	199	161	83	35
163	174	143	178	77	200
68	113	105	72	65	35
155	110	97	114	187	170
151	180	87	72	61	173
104	125	54	96	79	97
89	22	62	143	132	76
44	84	96	180	66	83
84	148	74	48	133	148
68	63	136	135	194	133
68	106	66	126	155	193
185	62	92	84	149	172
68	186	157	93	117	29
176	128	178	174	125	110
176	98	66	159	129	127
66	59	107	153	85	147
72	100	189	147	171	40
88	60	43	133	110	106
27	75	131	191	95	81
200	98	67	55	30	36
106	185	136	88	70	139
29	101	140	160	117	24
92	153	33	156	40	69
23	155	140	36	84	124
46	99	120	112	76	62
194	142	200	118	74	101
149	114	96	77	21	183
143	196	41	115	26	61
158	22	187	180	78	96
84	123	57	38	169	164
36	67	187	38	169	41
177	59	192	188	139	157
75	71	154	75	65	85
161	196	64	46	83	192
116	194	133	120	136	140
49	87	82	32	147	120
185	156	156	93	199	111
130	51	52	158	28	87
177	75	69	86	88	117
96	142	95	149	140	165
46	135	108	98	39	35
168	113	185	162	93	171
76	49	117	99	166	37
132	158	66	65	170	131
27	45	48	37	177	194
134	187	108	25	193	130
63	42	199	44	166	30
37	180	159	200	66	188
79	119	192	42	173	171
61	141	105	37	186	147
98	62	160	51	196	70
185	164	142	185	119	57
88	28	34	130	25	73
34	85	154	88	151	175
144	30	93	179	85	76
165	127	52	196	128	119
95	172	187	82	175	74
93	167	76	195	51	56
95	24	177	83	118	39
194	161	53	195	143	147
176	140	162	182	29	30
90	172	179	195	169	104
73	154	32	126	92	56
58	161	22	149	22	33
169	170	121	56	180	154
120	41	33	189	80	142
172	127	30	188	89	126
63	68	92	77	160	64
35	71	62	181	184	107
65	182	111	61	156	148
70	161	37	168	115	29
181	107	21	52	196	21
68	77	97	197	198	195
74	91	104	59	109	174
82	152	77	133	120	121
68	180	123	43	39	46
97	22	141	49	143	67
23	94	120	175	88	68
107	189	22	125	94	58
173	167	126	127	21	61
167	24	195	140	186	186
73	171	194	109	106	48
157	117	118	168	146	32
164	30	27	124	148	80
196	151	158	24	155	65
35	95	110	74	142	121
37	69	199	64	199	57
143	69	187	138	135	73
29	177	170	83	81	97
42	100	105	150	49	51
36	123	65	170	121	184
184	88	75	62	38	48
133	109	59	145	21	125
170	114	183	58	97	200
106	103	161	162	38	188
165	120	132	186	45	78
31	47	30	30	94	172
68	149	135	173	74	101
60	42	133	93	77	158
113	43	166	185	70	68
63	123	162	72	146	95
81	123	41	22	55	186
58	199	106	152	63	102
80	193	122	193	118	188
42	97	122	129	100	23
149	164	163	94	168	30
96	36	147	155	148	31
133	69	61	33	151	97
53	130	104	102	54	148
137	74	178	149	70	136
163	135	61	140	162	116
100	170	113	82	24	45
158	83	111	166	155	22
133	161	188	88	26	178
151	163	68	192	83	86
39	97	61	93	112	175
129	21	34	198	191	119
198	48	32	124	181	91
148	101	115	96	74	65
193	45	74	65	35	71
117	85	111	103	117	96
123	122	88	192	68	75
126	121	135	126	146	31
198	100	136	194	63	134
130	44	77	118	198	108
93	43	92	195	27	91
98	118	74	59	180	28
165	113	151	66	97	58
179	35	70	25	111	45
48	73	72	123	153	42
65	139	37	168	34	72
39	143	94	126	169	130
50	127	79	137	159	150
137	33	82	183	36	116
177	88	28	63	96	141
109	41	55	162	63	190
39	63	92	117	44	129
30	43	34	141	85	147
132	62	153	184	82	143
194	92	38	87	199	31
89	118	182	22	183	185
189	105	125	124	65	82
198	175	179	98	153	52
194	144	139	183	52	102
178	144	140	108	137	189
185	143	127	173	197	111
23	124	175	22	118	71
165	193	23	154	23	129
51	123	76	200	65	136
128	38	32	68	31	137
179	143	167	33	114	25
84	84	126	190	84	70
189	107	65	105	153	171
65	163	38	87	56	152
157	138	182	161	169	181
35	50	70	161	174	142
200	33	40	167	81	84
181	164	63	35	119	94
196	128	189	167	93	37
138	166	37	79	67	161
30	154	116	34	37	52
102	172	127	105	119	64
184	107	166	57	152	139
112	42	37	56	45	138
173	122	170	144	128	106
100	174	118	51	26	80
172	48	35	26	197	45
127	74	76	47	35	163
71	110	198	31	133	181
41	24	57	173	177	90
144	185	156	62	80	185
91	188	170	169	31	53
68	78	85	51	128	151
80	68	194	111	72	101
106	56	124	114	89	133
154	82	56	167	91	67
50	113	82	39	120	51
195	160	52	85	35	21
82	133	192	191	59	69
154	86	179	119	86	105
59	88	126	198	169	159
40	135	70	34	69	107
146	32	86	96	79	23
70	196	144	77	144	73
50	199	171	57	68	55
142	110	40	36	172	179
100	87	138	169	89	79
101	195	86	151	72	200
112	32	131	31	119	199
83	43	43	121	97	121
154	46	107	84	130	103
172	195	37	61	76	52
135	51	157	65	74	134
160	70	193	177	24	127
126	87	34	151	62	103
134	183	109	32	173	152
123	174	98	34	49	173
89	65	115	113	34	169
154	62	163	100	183	35
106	120	182	46	200	152
162	155	148	123	109	78
186	152	42	129	108	187
162	196	186	186	96	98
157	41	119	63	140	32
130	142	183	141	86	140
116	155	96	197	45	23
79	75	41	102	97	97
169	198	50	190	195	107
113	161	158	56	156	180
181	117	50	54	111	173
63	184	70	185	76	74
46	194	35	85	81	94
122	27	159	157	199	190
117	155	127	89	126	74
197	60	104	61	67	114
185	123	92	52	96	57
159	169	120	137	115	169
62	161	176	93	28	190
92	186	49	24	188	88
187	192	170	180	103	125
152	147	173	146	29	120
87	88	44	185	97	156
170	173	150	146	194	55
142	34	196	148	146	195
55	120	80	183	85	55
168	24	165	106	85	77
136	32	180	88	185	128
106	107	158	23	175	185
57	69	169	37	60	87
44	161	63	193	87	26
118	175	135	178	126	95
145	35	161	29	70	98
170	55	84	182	28	198
89	85	182	57	119	185
138	75	163	70	114	82
45	168	170	138	54	46
124	67	186	61	83	177
89	190	157	191	72	71
122	173	99	67	106	94
31	196	171	37	88	174
144	117	97	48	194	153
134	103	144	67	52	179
93	107	165	59	140	192
159	56	36	84	26	89
82	178	131	187	110	41
81	135	89	160	185	190
179	132	48	53	159	193
94	68	43	89	124	36
53	32	25	42	170	81
45	49	62	40	181	30
199	37	128	90	137	31
184	42	195	163	167	25
121	64	186	165	197	42
134	47	90	43	169	48
37	190	30	52	120	102
142	194	196	168	135	181
51	49	58	68	63	185
111	89	23	33	74	48
184	43	23	127	136	140
148	43	192	153	145	194
64	151	65	191	181	29
60	148	160	31	112	200
131	94	147	100	138	39
78	98	137	147	22	80
110	126	99	192	178	93
143	143	126	158	166	134
108	174	149	150	88	24
58	182	29	168	85	172
99	51	136	110	133	126
23	168	34	36	44	91
186	40	83	116	178	127
160	154	151	59	108	27
119	109	93	91	163	63
36	127	74	200	78	44
171	136	111	189	144	150
30	106	39	25	100	84
88	102	109	124	186	85
21	168	139	32	143	94
36	112	148	115	59	120
169	94	114	182	200	45
168	96	74	28	175	62
130	61	120	108	109	169
167	115	150	196	177	189
113	161	187	180	159	25
68	53	169	108	80	103
138	67	162	39	23	113
37	94	109	87	114	50
157	107	199	100	182	159
153	32	198	189	52	137
25	99	23	162	168	100
197	67	98	133	143	150
181	26	70	41	70	102
120	126	37	91	24	91
179	127	157	180	150	166
81	35	56	123	136	165
49	163	157	112	24	65
75	129	35	117	67	197
99	111	180	95	30	145
162	73	152	114	197	35
140	50	84	72	84	144
191	154	141	151	51	61
153	34	87	155	143	80
115	138	28	111	100	55
175	165	52	179	162	47
47	99	48	54	165	24
56	150	179	128	191	103
92	153	64	133	195	25
131	89	95	196	56	59
199	82	60	174	102	116
151	87	89	132	55	44
115	103	174	195	184	71
92	50	42	155	198	40
137	174	139	139	142	161
180	178	139	139	192	160
153	160	198	163	115	96
183	84	42	183	130	73
154	170	181	59	31	174
49	84	60	33	59	198
105	75	81	173	171	66
36	176	48	63	83	179
134	42	101	129	149	56
68	73	114	143	25	45
61	41	117	156	184	158
22	122	60	127	49	114
34	72	33	68	184	69
161	101	134	108	23	56
161	138	167	179	50	170
35	146	128	155	180	43
131	57	61	66	103	132
186	80	41	43	145	166
163	163	28	181	165	150
31	67	129	178	21	120
82	104	65	106	53	178
72	194	46	179	199	106
67	122	111	88	34	62
194	175	190	81	49	105
200	199	170	194	123	122
137	48	166	162	101	141
59	86	170	31	40	199
126	31	76	119	31	113
166	185	113	103	200	131
40	69	154	31	184	144
64	114	193	129	74	124
127	23	62	187	185	22
165	120	25	73	128	150
83	143	29	63	188	198
180	36	151	74	173	59
52	29	180	143	29	191
92	159	156	57	141	62
162	153	141	158	176	52
31	149	133	36	61	145
90	91	154	151	165	117
141	119	175	174	164	109
114	128	55	174	157	194
87	66	161	123	187	108
107	125	193	74	114	123
154	99	72	41	90	81
150	198	103	146	85	55
78	94	52	58	104	31
121	169	101	91	61	45
132	192	176	66	103	131
173	130	62	170	57	117
102	101	166	76	61	55
36	198	172	152	99	197
164	107	54	191	79	42
165	159	129	48	182	69
102	150	164	60	161	89
132	48	30	75	81	145
65	118	200	78	107	140
41	180	41	185	61	113
144	48	126	157	156	47
87	112	181	85	105	182
86	101	48	140	73	112
171	57	176	188	111	39
44	166	128	32	157	174
54	166	124	148	35	155
140	190	161	54	174	159
99	44	93	37	64	148
46	37	88	198	81	170
157	63	170	128	117	163
160	179	26	60	62	171
39	35	51	89	111	178
148	127	190	161	62	152
160	168	137	183	89	21
164	92	192	49	113	43
93	132	83	195	140	199
131	137	182	120	74	52
36	178	123	104	121	48
170	174	120	42	86	38
128	90	76	53	91	73
171	117	132	152	192	76
198	130	174	37	131	77
133	33	158	153	157	87
136	51	43	165	100	32
71	195	88	24	162	75
119	29	44	64	134	110
137	176	71	38	182	34
55	68	179	136	162	158
39	138	47	46	131	127
100	77	199	153	22	46
45	46	21	111	132	85
169	82	93	151	79	44
47	164	59	174	52	21
157	31	30	65	68	32
77	46	64	112	132	137
89	67	35	107	68	164
108	162	193	199	126	78
22	123	199	84	97	40
135	30	53	62	179	44
32	160	150	153	41	198
145	125	101	159	173	30
53	110	159	119	54	30
176	50	82	57	181	200
73	200	101	143	34	109
116	117	179	169	24	186
33	85	107	174	82	51
82	96	116	128	124	51
182	31	179	38	77	196
52	105	38	107	100	138
167	141	64	150	143	195
83	74	117	193	113	161
63	127	26	63	132	136
106	127	149	147	124	170
66	91	130	26	136	188
62	193	49	133	111	62
146	167	165	91	69	50
136	31	96	185	120	23
135	119	99	121	70	28
193	23	124	105	141	119
86	88	88	97	188	178
98	147	168	77	24	164
167	134	200	67	45	136
81	165	174	181	167	28
73	88	104	94	41	36
74	36	156	43	72	70
57	112	96	159	199	125
160	167	43	138	186	34
130	42	100	132	196	177
122	177	60	135	26	74
178	70	119	117	158	151
149	60	161	159	77	107
196	133	166	25	30	78
200	154	93	145	133	69
135	119	63	63	151	183
157	107	196	145	42	65
121	62	70	88	197	125
190	160	21	91	151	131
121	48	76	106	30	181
62	158	157	73	113	146
65	78	135	164	169	61
81	43	54	86	169	137
33	116	151	82	38	49
111	66	43	55	109	44
185	143	127	65	34	60
153	168	33	159	28	67
136	41	85	23	29	178
60	183	113	41	136	150
147	181	122	177	50	46
84	191	61	197	126	136
90	195	182	59	124	62
64	40	152	200	131	99
82	174	188	80	144	29
185	28	150	133	50	146
141	111	184	129	38	200
198	140	178	24	32	39
108	100	23	159	124	161
57	118	44	121	194	186
36	160	161	180	69	155
123	189	183	46	88	197
28	163	43	136	29	155
132	122	146	147	149	86
108	100	174	79	147	81
70	162	43	173	145	39
35	155	96	118	114	200
120	190	96	21	21	160
184	188	138	40	162	172
122	196	39	129	195	110
50	109	120	97	56	151
27	163	76	141	27	132
191	119	158	173	105	52
167	147	166	48	65	92
185	127	35	22	76	181
94	133	175	199	23	176
179	115	115	79	177	110
134	122	49	177	157	79
29	194	191	130	100	71
79	137	156	92	127	56
157	80	61	23	64	99
137	188	59	138	92	170
155	178	91	40	64	122
78	183	116	31	106	56
141	173	131	191	181	132
142	196	73	183	90	119
84	166	200	65	121	146
21	144	191	138	83	25
160	65	118	119	192	121
166	75	166	196	151	38
99	136	81	111	33	48
40	141	119	125	141	168
151	44	51	68	104	94
115	39	115	77	74	48
160	92	57	160	183	124
93	42	148	21	144	184
170	21	96	34	173	195
191	138	97	172	94	72
94	67	57	150	75	120
159	94	46	120	85	155
109	98	183	76	59	123
46	136	116	27	78	21
121	41	42	42	168	85
120	156	104	54	161	43
137	181	194	140	33	191
120	104	70	148	182	182
48	168	102	198	97	167
191	162	106	108	57	191
164	134	180	161	92	113
182	137	136	83	187	43
131	105	75	157	71	37
186	104	146	161	164	183
69	109	126	144	46	41
59	26	32	118	106	138
128	194	172	167	116	132
105	104	195	151	129	69
136	89	137	177	189	21
103	129	141	105	58	105
123	64	116	27	35	130
96	88	132	24	51	93
75	36	82	118	104	188
51	173	187	21	185	163
51	186	32	43	25	173
185	134	155	99	167	175
41	97	68	53	48	84
25	186	86	183	48	161
87	33	171	193	27	63
52	135	154	66	194	101
73	169	168	62	29	31
194	25	69	71	89	198
66	68	63	178	164	109
105	149	185	70	140	21
120	155	149	158	43	121
138	96	26	49	177	87
150	190	37	55	49	75
70	27	74	167	46	86
74	77	124	157	103	88
89	171	195	69	130	137
171	143	61	22	183	34
133	105	60	24	175	124
61	81	194	129	154	120
52	45	50	64	114	153
26	100	66	129	147	31
147	76	114	181	25	50
58	129	142	78	190	51
161	86	176	119	149	57
107	82	77	144	58	50
141	40	24	46	76	122
189	63	68	84	101	107
145	40	74	37	102	127
44	117	112	94	49	115
71	65	146	132	168	180
40	105	81	25	47	64
61	25	59	29	137	117
66	114	21	107	131	44
188	81	73	114	24	147
166	187	49	47	149	62
104	56	88	71	72	142
42	59	82	104	99	63
44	101	50	111	150	112
66	56	22	73	197	102
192	163	25	100	35	39
181	103	126	75	168	112
186	153	133	35	200	175
55	103	87	194	179	43
177	159	152	170	69	98
180	24	72	157	65	35
43	129	62	71	137	27
111	43	108	181	43	144
152	154	130	36	188	141
93	99	75	157	47	175
44	168	152	200	196	154
70	117	104	149	42	41
106	186	37	152	78	80
77	198	24	60	166	60
159	96	65	100	114	199
177	26	149	35	186	170
164	145	139	183	199	181
36	116	99	117	32	137
124	141	77	180	40	160
137	63	28	175	121	122
49	116	30	31	163	107
27	195	37	149	80	37
97	31	138	124	70	93
29	176	176	36	161	163
138	34	23	73	21	119
66	183	141	45	143	178
109	104	99	28	71	98
189	192	174	142	190	25
37	28	57	97	174	44
141	99	171	182	123	193
127	27	186	28	62	102
145	172	25	56	115	48
62	78	137	140	166	79
159	169	64	150	164	151
159	142	22	92	75	51
152	51	80	153	145	157
138	32	54	147	126	110
21	120	91	49	176	177
135	180	162	140	142	71
64	177	158	192	163	128
168	161	26	123	143	51
177	66	153	91	65	181
165	139	174	59	99	51
152	38	59	172	164	45
192	142	91	178	177	149
164	197	193	195	64	37
59	131	76	51	43	169
132	22	92	156	92	182
76	125	133	110	156	70
24	174	57	172	183	166
45	94	89	188	186	51
159	151	127	39	130	184
53	147	120	159	54	88
115	59	155	154	57	198
78	57	75	191	152	125
95	177	168	156	88	200
53	83	57	120	112	195
160	110	41	55	139	57
33	47	142	70	92	138
93	178	35	190	141	163
76	48	134	24	169	98
195	68	173	178	65	175
151	144	170	191	123	27
123	72	79	41	25	148
124	163	29	50	32	55
32	194	183	101	165	151
92	28	94	179	76	38
61	156	153	165	103	22
30	62	153	183	172	174
25	93	51	67	179	121
113	31	131	158	95	74
144	139	183	113	123	114
161	177	161	153	26	177
113	179	90	146	129	41
152	163	115	192	134	32
28	94	185	198	173	86
188	93	91	133	120	116
77	52	135	51	159	99
169	186	29	22	84	193
195	109	123	97	199	86
127	167	79	90	118	124
88	76	199	193	60	143
196	74	71	35	200	83
131	135	169	106	167	166
116	133	193	110	102	167
87	143	129	157	43	22
90	121	107	191	52	153
82	92	165	133	135	121
187	197	32	116	137	173
85	24	98	116	183	43
50	49	152	76	185	143
162	133	61	24	144	90
195	137	120	36	30	113
96	161	106	144	48	164
115	190	132	64	104	38
175	26	107	135	37	34
92	92	32	175	73	187
41	32	124	66	169	111
164	100	181	37	184	161
60	79	100	106	101	65
69	38	118	63	90	120
169	165	187	139	89	106
95	200	175	129	166	113
84	67	72	85	188	182
140	142	57	55	173	54
91	128	184	36	185	150
194	64	132	22	73	116
36	121	96	99	25	200
32	69	22	153	152	116
129	152	94	89	170	98
45	93	46	158	142	136
152	100	68	88	62	74
189	184	141	65	166	23
101	146	70	67	71	45
36	94	121	82	62	194
104	168	157	129	138	164
55	128	91	162	29	76
161	197	136	65	129	176
192	64	61	26	69	43
171	184	161	123	200	106
157	188	177	109	120	38
84	32	132	154	137	144
155	77	167	179	155	134
126	105	173	160	190	114
175	31	43	172	126	149
24	25	115	28	110	144
144	106	128	134	46	49
124	198	174	187	53	190
189	109	186	117	187	68
63	149	107	39	200	190
134	69	194	172	177	45
75	103	62	135	79	66
195	161	104	120	154	65
151	140	191	195	101	119
29	196	68	84	65	78
61	99	43	52	161	188
143	132	41	185	39	195
97	93	116	62	166	95
134	185	54	113	150	146
46	133	128	104	38	143
127	42	111	91	59	169
148	119	31	72	23	176
192	147	174	50	119	76
46	149	197	161	31	156
182	85	192	54	105	118
90	121	87	42	35	25
74	58	172	31	71	74
36	75	100	55	26	113
74	45	113	153	39	188
119	77	173	174	84	171
161	186	197	163	51	185
146	54	89	172	132	24
177	172	130	33	25	188
80	120	99	114	34	152
166	189	149	58	124	161
163	137	83	195	155	115
43	178	167	182	36	87
78	149	43	110	53	118
115	81	134	164	145	172
101	43	128	144	48	33
103	74	98	71	171	62
91	71	177	146	79	36
110	86	145	35	71	199
186	43	158	53	182	94
147	87	65	189	137	94
153	98	114	53	149	115
147	162	99	193	179	74
46	134	59	88	48	154
48	56	173	34	64	104
152	59	112	92	132	127
146	33	81	170	68	60
169	69	135	145	42	139
90	59	83	55	143	86
159	89	129	139	89	148
21	185	87	27	127	49
87	162	164	104	89	21
155	64	63	70	89	93
150	46	116	57	163	125
55	143	93	194	49	155
72	192	25	136	68	160
109	122	199	25	196	178
45	160	22	47	113	135
66	191	178	185	100	158
90	65	94	139	76	169
144	100	72	80	89	181
143	148	36	94	63	196
59	65	88	99	65	140
25	141	112	25	34	139
48	35	106	192	57	108
182	191	87	81	99	26
129	121	34	49	189	173
40	160	122	155	44	108
137	62	66	55	42	170
69	105	167	144	37	94
54	108	179	33	150	43
63	193	199	138	151	142
36	106	156	137	150	157
183	40	74	31	146	118
156	120	106	180	105	78
182	130	95	85	93	148
126	48	80	91	82	156
66	189	64	26	48	159
118	130	123	169	99	198
198	88	100	106	100	36
149	66	74	48	54	92
163	126	45	60	92	166
107	111	45	98	29	118
145	139	33	166	77	66
124	121	144	38	25	129
155	49	173	109	175	114
51	45	198	176	135	191
97	29	29	51	149	177
44	41	140	59	138	119
35	108	165	109	170	33
132	200	183	133	102	170
38	200	44	36	165	155
130	31	149	139	90	22
149	193	35	131	152	106
186	143	83	81	173	58
184	61	153	91	65	162
69	163	64	36	66	107
36	81	122	157	136	67
170	95	81	40	179	138
152	79	39	187	59	42
149	82	67	191	143	51
198	151	168	135	39	124
92	60	72	106	61	88
30	96	72	24	51	21
197	95	132	189	200	92
100	140	149	126	65	22
98	99	152	158	161	179
91	200	185	27	197	128
59	24	191	91	167	174
80	112	146	47	25	145
181	59	167	127	166	88
48	195	43	116	154	30
127	109	26	35	175	125
187	101	110	36	166	190
58	72	89	133	189	194
84	105	192	194	64	82
168	136	38	51	132	50
47	104	171	83	88	175
90	160	123	42	153	47
192	185	170	198	56	127
94	136	169	37	186	196
121	53	97	65	99	78
171	39	161	136	136	159
96	54	194	78	132	130
135	26	172	158	163	76
57	102	96	59	28	113
181	55	91	184	125	142
64	139	177	199	111	22
110	117	144	115	55	85
52	44	97	112	143	52
184	134	110	149	138	196
77	29	87	151	150	55
188	56	113	166	128	28
154	115	34	44	136	87
23	76	41	176	120	87
41	33	112	188	26	175
32	68	67	161	142	63
194	29	67	184	182	33
165	175	87	84	34	182
78	23	141	109	155	146
91	168	80	103	39	69
41	166	42	196	195	140
57	138	27	63	44	65
114	197	167	158	25	28
62	195	183	123	50	121
54	33	100	124	189	98
92	68	156	121	120	156
128	133	187	114	72	66
151	154	189	153	190	149
136	28	55	74	37	158
147	45	152	79	132	91
113	34	174	137	186	137
41	179	95	47	61	87
85	43	68	193	118	91
131	74	136	44	50	127
101	80	185	79	58	71
173	56	136	55	85	172
181	95	157	39	178	80
199	191	25	120	57	137
22	191	141	55	117	92
30	49	51	183	73	107
58	191	68	31	100	42
186	27	134	162	26	117
167	150	131	173	92	97
176	160	186	142	174	23
48	188	57	197	69	52
194	129	59	64	63	167
46	119	162	109	197	176
143	40	129	175	200	182
42	158	94	168	96	188
157	114	25	47	91	131
31	91	161	103	157	25
91	31	138	40	162	162
193	49	188	155	37	90
193	21	177	122	154	29
139	99	32	86	123	29
24	127	38	63	95	172
133	55	150	33	171	45
106	23	37	165	57	152
147	120	177	169	160	61
151	67	109	22	92	120
67	96	108	148	163	42
199	195	157	137	146	179
132	58	57	150	173	31
192	189	109	106	39	126
33	76	120	192	30	45
110	82	137	22	159	30
47	52	51	80	29	92
127	178	193	97	123	68
32	29	31	74	125	78
38	118	79	106	117	22
102	85	99	128	91	173
183	22	128	142	159	151
167	197	141	54	153	190
63	29	73	181	130	71
37	52	67	130	197	84
110	88	123	140	68	87
81	197	114	54	127	104
156	53	25	34	25	57
54	93	127	87	119	82
104	159	193	57	28	23
68	189	114	35	191	51
40	81	71	181	46	23
181	105	171	142	50	141
118	171	114	169	74	67
110	132	180	58	116	188
40	190	196	167	51	200
104	137	122	43	139	82
52	85	164	136	54	184
130	178	199	96	116	162
138	79	92	64	149	68
43	119	113	158	133	199
64	129	140	64	178	86
123	126	171	193	99	106
178	126	62	82	64	170
174	51	55	108	70	64
150	75	187	45	165	55
149	188	134	129	27	67
158	98	121	158	143	69
43	140	196	166	52	134
60	21	181	96	90	27
54	125	75	93	60	146
41	188	126	58	196	147
29	189	91	100	177	138
184	179	158	131	66	47
34	152	54	69	43	124
30	158	139	35	151	65
81	130	164	52	135	55
150	136	153	185	68	58
161	94	104	153	171	48
151	96	157	121	36	87
185	74	56	135	115	53
89	133	91	38	88	139
152	65	79	53	181	99
197	105	100	141	48	81
157	158	108	88	107	195
87	67	34	200	104	172
122	128	84	47	189	200
144	177	137	43	127	121
104	108	70	51	113	175
174	52	26	136	98	118
27	84	178	162	138	164
145	82	182	198	159	67
196	146	57	135	64	83
72	29	94	119	62	110
64	183	183	60	83	91
124	157	101	39	106	35
66	94	173	50	98	149
186	121	96	181	132	145
155	192	134	81	37	161
51	197	32	37	168	141
52	125	80	179	95	141
174	127	119	149	199	119
83	167	52	141	180	192
70	104	97	138	60	156
107	153	140	60	86	110
155	64	102	115	58	66
125	67	136	114	65	97
81	141	90	167	159	186
105	100	38	69	200	69
192	41	58	29	185	55
54	46	28	113	145	53
130	155	153	189	152	172
35	50	101	115	193	27
21	189	50	35	120	137
140	104	67	49	195	153
46	101	96	138	43	147
179	32	41	117	50	74
104	167	126	100	93	101
162	154	69	161	110	94
24	173	27	101	48	125
88	124	50	58	145	56
162	184	178	134	31	113
136	94	38	136	82	144
94	157	89	93	88	104
136	176	62	41	189	141
156	98	56	128	179	119
104	23	172	123	173	81
43	49	27	120	121	156
38	194	185	168	114	88
30	144	161	44	27	162
119	70	187	71	66	130
55	186	63	41	39	162
33	113	102	62	45	177
92	198	178	200	69	92
125	114	159	186	109	128
62	102	107	178	184	180
113	22	88	137	62	131
120	68	197	186	197	174
31	69	24	137	63	78
176	92	176	26	124	168
92	185	144	144	55	128
30	33	190	136	44	160
86	85	60	44	79	39
42	180	159	167	109	170
67	57	97	132	78	141
186	71	62	94	157	81
79	41	145	142	138	161
56	58	124	187	104	153
160	199	83	138	150	63
171	59	138	123	98	91
170	58	129	133	114	66
97	173	76	165	64	148
177	144	22	25	138	147
166	130	131	87	165	180
84	161	68	99	157	78
43	75	162	128	133	161
192	115	51	167	68	40
114	199	120	59	55	138
150	98	54	24	185	144
37	102	29	106	181	158
151	142	171	190	146	73
48	187	52	160	132	156
43	45	146	176	181	103
178	52	62	188	123	40
169	87	127	139	71	79
27	100	88	112	72	65
200	126	96	54	96	40
148	54	194	27	28	35
80	178	195	125	198	141
34	158	103	45	38	128
132	73	48	90	65	61
30	27	121	96	175	183
92	157	50	58	44	160
71	62	43	72	132	30
97	93	148	73	133	57
111	95	160	191	144	67
143	148	23	43	115	109
45	31	57	62	36	175
93	168	72	66	92	70
190	95	159	187	178	133
76	110	118	169	89	145
68	52	165	105	38	121
36	161	48	95	47	178
187	158	197	60	97	83
70	117	99	190	133	186
74	173	161	98	198	196
55	153	35	21	127	60
175	111	23	184	87	101
199	92	114	168	163	161
184	114	103	192	67	87
199	117	198	140	89	133
124	155	158	41	67	47
43	26	36	133	184	194
58	29	123	155	182	140
139	23	93	70	94	113
64	62	173	195	66	90
163	129	156	121	118	116
111	192	183	122	48	56
106	52	160	176	36	59
47	31	88	36	190	39
50	195	101	157	124	112
135	106	139	166	26	83
42	121	151	197	197	94
35	39	115	49	160	39
51	43	24	49	163	158
115	161	44	198	179	90
179	166	113	165	29	119
138	134	181	186	183	122
33	54	190	73	75	68
140	109	79	76	197	64
93	172	174	23	106	85
123	108	95	138	187	86
109	194	122	117	133	125
50	179	30	107	38	80
160	187	96	91	79	175
191	195	103	141	166	31
57	35	51	100	46	188
187	61	146	163	92	196
135	112	192	139	150	156
26	156	76	194	47	156
62	80	143	198	184	90
139	101	154	103	126	52
33	164	158	44	89	85
141	65	23	101	77	168
69	53	158	92	104	179
165	45	106	200	172	112
122	72	127	94	62	29
145	155	64	128	159	56
142	51	29	27	169	193
62	62	57	32	124	40
29	25	122	198	83	43
180	126	77	113	136	60
56	137	150	118	48	31
113	164	53	54	98	41
80	130	68	96	196	95
32	169	146	88	55	170
188	136	48	59	94	185
74	67	47	33	60	34
84	121	103	159	47	98
61	64	140	111	36	78
64	139	136	103	153	180
96	34	102	42	21	143
192	121	179	137	162	49
165	137	23	49	83	194
26	142	39	160	93	53
46	172	66	75	71	65
53	161	57	104	114	197
135	159	79	44	72	107
30	66	78	57	36	132
111	170	37	187	35	62
178	183	155	87	132	119
70	158	126	71	195	80
90	170	127	44	131	35
40	197	44	163	176	194
65	155	182	182	170	83
82	194	45	47	173	104
173	70	105	22	150	43
131	157	140	122	53	87
99	125	171	42	114	91
178	80	38	131	84	200
65	23	86	160	29	164
56	123	159	147	78	84
35	122	61	48	67	91
112	111	51	46	27	105
89	68	148	150	49	116
107	160	168	93	65	146
44	92	105	158	161	152
132	67	41	67	65	36
184	184	64	198	63	181
195	161	178	114	155	200
161	192	88	185	67	155
177	91	104	94	134	96
81	132	65	196	48	52
147	45	50	192	119	181
76	152	64	132	23	131
97	192	157	75	73	116
67	152	94	187	168	154
113	93	198	130	147	69
83	95	168	200	136	104
31	125	68	48	163	145
157	102	114	80	158	23
178	100	168	145	71	46
112	116	64	63	29	96
24	162	129	109	168	133
36	42	120	118	146	149
26	163	58	180	76	53
50	65	83	119	48	139
119	185	195	80	139	150
43	137	38	179	124	120
26	90	106	27	191	199
124	116	87	130	109	148
41	29	162	59	73	76
165	68	63	38	49	159
84	104	200	116	133	64
76	46	119	120	65	188
184	109	76	61	158	134
104	23	170	150	76	55
94	174	110	168	92	77
77	63	56	56	199	46
66	66	44	200	108	148
157	64	172	26	135	23
179	31	104	27	140	188
200	30	120	85	33	160
121	57	33	94	162	141
176	121	102	98	199	189
56	188	192	91	32	128
136	79	48	197	22	44
86	73	122	66	45	193
38	132	96	137	47	97
82	46	163	51	156	196
30	142	77	37	52	116
78	88	50	150	88	157
52	165	73	117	38	105
171	56	112	43	118	93
112	23	48	137	68	45
170	120	148	30	37	173
120	145	122	136	118	50
124	44	179	185	67	191
190	53	194	96	129	31
180	123	141	98	171	67
87	160	197	37	157	114
183	149	105	172	97	166
78	123	95	27	95	64
190	88	195	87	169	73
24	182	62	114	141	128
169	67	85	188	186	180
135	147	188	30	82	49
26	185	175	64	53	184
144	113	96	113	155	175
143	36	106	113	28	96
199	181	89	65	117	91
81	98	75	173	91	74
131	89	72	99	152	91
35	164	124	182	135	174
107	146	149	31	189	112
101	100	103	67	131	28
188	195	123	62	86	111
72	129	165	101	45	64
196	122	39	67	196	127
50	63	158	150	23	40
160	100	44	29	90	126
46	73	141	146	71	126
66	154	101	26	43	79
65	68	70	198	153	179
122	91	193	52	121	120
198	139	176	156	129	92
22	101	177	190	165	98
26	153	27	115	97	25
151	27	111	142	25	96
60	138	195	65	58	131
109	66	22	24	109	165
73	45	56	115	126	89
85	45	101	92	146	170
105	187	111	123	88	44
99	123	151	33	172	195
54	59	109	84	105	26
92	138	150	129	26	92
122	196	68	24	164	33
108	36	134	168	157	56
77	181	67	135	137	54
158	106	86	195	159	95
162	54	46	182	144	174
152	97	82	106	199	24
186	77	70	104	81	60
50	136	180	119	25	172
67	162	31	48	150	24
198	141	153	178	72	161
180	97	126	164	184	32
79	161	130	51	65	63
199	162	179	185	174	89
183	197	149	30	121	165
99	171	62	63	149	198
31	90	163	91	133	120
187	144	157	184	150	100
29	126	162	175	27	42
43	106	138	181	93	123
85	26	140	182	123	137
141	24	100	56	79	153
52	35	158	145	25	185
99	41	152	153	53	107
123	47	159	98	199	28
49	24	77	123	32	125
72	39	69	147	141	132
162	134	115	98	123	27
26	86	50	162	189	167
193	181	96	84	44	91
198	85	193	133	72	196
96	174	42	142	118	139
85	133	102	104	129	23
148	45	85	93	61	60
87	158	40	53	91	188
108	152	121	119	43	42
194	148	64	68	80	161
49	103	180	24	69	43
53	171	51	187	39	28
66	84	84	97	197	61
129	181	115	172	154	45
91	69	37	155	23	90
52	111	170	32	168	142
67	71	97	160	77	134
118	61	170	26	107	57
138	139	117	168	41	179
122	149	185	90	120	100
120	125	47	120	56	184
133	100	111	100	100	27
108	46	150	33	159	125
200	149	111	197	194	88
53	65	60	82	22	106
71	121	29	88	175	185
115	35	103	182	108	22
200	142	67	91	37	79
167	89	133	138	112	197
168	184	148	96	85	149
132	82	114	66	86	45
194	169	118	171	65	107
194	170	142	47	152	38
144	68	95	92	110	27
27	116	183	81	49	65
114	149	43	80	52	97
181	144	185	45	139	101
191	122	106	69	30	63
192	189	89	38	73	109
57	126	149	101	33	157
196	153	71	160	92	60
139	132	22	44	54	185
162	157	161	87	59	156
78	55	50	75	93	53
118	48	184	97	34	191
177	119	149	116	95	55
169	130	187	172	87	29
162	165	122	76	38	129
144	92	27	181	109	193
138	29	64	176	109	132
115	188	75	173	61	149
145	141	94	192	118	166
142	121	55	29	121	95
138	198	151	180	143	154
48	184	28	52	46	157
104	187	200	154	95	147
171	178	101	57	116	194
178	93	41	98	36	36
68	40	111	154	155	177
25	143	79	69	82	30
133	57	61	179	45	133
172	189	113	160	135	127
95	109	166	171	163	171
94	113	166	99	28	159
142	118	140	193	81	48
136	50	54	21	119	185
172	122	91	126	143	149
41	76	78	57	140	175
125	56	120	144	93	151
79	27	101	193	192	184
107	114	129	165	86	120
130	85	87	34	156	116
149	36	150	32	81	61
160	26	187	144	199	91
183	192	140	50	22	121
78	149	115	158	143	55
100	123	200	126	23	40
132	144	185	130	107	65
110	34	93	105	125	76
25	122	187	22	26	23
181	92	95	46	26	159
181	121	57	22	23	37
100	174	174	190	105	194
195	73	182	38	54	100
169	174	181	198	122	140
77	186	161	46	110	181
155	92	157	37	77	88
40	94	93	164	107	183
50	139	196	125	198	99
197	55	174	116	96	55
195	23	96	94	191	88
46	78	89	106	77	47
98	150	101	91	158	58
23	171	162	123	103	194
166	59	108	132	107	150
64	188	107	33	125	198
58	135	124	187	108	23
59	172	113	156	38	160
117	149	161	71	185	145
124	86	122	154	142	97
92	179	180	193	62	31
93	133	108	159	33	80
104	67	94	98	147	156
56	96	105	110	116	148
122	32	161	59	166	47
29	133	167	61	89	109
99	104	146	100	52	164
164	173	23	101	97	118
175	52	55	175	195	108
63	75	130	64	74	51
186	47	147	128	141	68
171	154	78	117	199	177
139	197	182	127	179	36
151	68	77	140	73	89
137	85	168	122	182	102
182	61	98	85	56	62
80	83	127	93	200	66
38	115	181	85	27	54
80	45	37	195	162	30
185	186	81	31	199	65
123	50	34	55	170	76
128	71	41	170	76	200
90	184	38	166	93	135
90	104	178	35	187	68
156	122	99	179	112	44
80	57	156	92	47	69
185	27	192	96	85	178
152	42	189	59	76	166
61	79	75	61	109	157
33	135	138	167	115	176
109	37	145	138	80	60
84	41	143	198	106	182
118	34	107	137	62	72
168	101	119	49	183	73
94	183	38	94	96	25
199	102	25	139	146	113
189	83	159	147	47	149
89	137	176	88	195	27
136	138	189	194	58	84
139	196	26	196	129	48
177	46	189	125	94	187
48	126	78	197	101	64
36	38	120	160	112	79
56	44	153	62	97	120
106	78	32	125	132	170
191	172	171	115	174	85
196	41	108	72	139	193
107	127	186	149	175	45
196	63	83	137	79	81
124	198	91	185	151	79
129	147	46	78	119	124
110	136	63	116	104	167
182	199	197	70	170	129
82	82	101	174	56	40
31	67	26	35	75	126
71	129	102	27	51	146
88	95	82	46	192	116
79	21	134	77	42	27
110	54	78	181	164	200
107	108	145	135	75	97
187	100	179	100	190	154
33	23	62	83	132	175
92	180	42	25	128	131
109	43	161	198	194	49
101	63	166	134	108	195
54	181	31	165	120	102
164	96	104	34	172	98
150	113	166	141	59	189
147	193	38	82	124	122
29	133	133	167	166	169
23	176	162	115	130	144
105	71	122	122	196	65
135	146	45	115	134	111
32	87	40	145	170	79
74	23	71	32	140	110
145	132	196	37	196	155
137	25	55	168	161	140
28	25	80	93	167	186
102	191	31	32	50	34
112	98	97	89	59	87
141	41	147	176	169	48
118	68	115	140	113	29
135	124	149	187	72	143
29	188	21	158	187	173
63	131	158	36	41	103
61	170	137	74	139	199
160	36	46	62	139	118
76	43	145	95	86	128
82	137	146	163	60	166
84	183	131	34	63	190
187	58	73	55	156	133
146	193	190	88	93	188
79	119	173	22	83	158
123	110	41	74	189	163
105	116	182	124	102	102
189	116	199	38	22	79
198	87	136	115	56	58
147	56	84	95	71	67
140	124	73	136	139	159
171	179	111	189	21	159
130	57	152	82	199	114
58	24	66	177	37	25
88	140	200	161	173	127
42	167	42	24	170	21
137	51	64	120	118	59
192	159	53	174	35	110
181	177	39	64	154	158
92	45	164	146	144	122
26	182	192	112	125	197
190	128	130	52	27	63
22	133	86	53	33	46
59	85	110	142	123	77
154	142	64	69	132	76
160	56	96	85	21	157
172	127	66	172	42	144
141	193	70	99	92	173
113	58	172	94	126	172
46	97	187	199	183	185
165	43	97	66	189	113
122	97	136	108	157	118
137	199	123	160	160	28
117	171	29	96	58	137
64	97	70	106	70	157
194	200	54	190	24	171
112	144	67	119	197	105
156	151	132	159	62	187
120	93	52	143	35	96
25	127	76	166	28	140
97	177	40	190	41	184
86	109	70	61	180	62
50	150	167	74	69	120
191	48	192	23	184	186
22	195	157	75	43	131
163	172	35	119	83	63
103	84	132	58	24	67
185	155	56	79	168	32
55	144	76	111	158	47
183	180	138	126	124	136
125	36	117	124	30	155
51	131	146	33	34	156
193	65	70	53	32	107
30	108	149	172	154	176
101	191	35	109	82	57
88	90	151	95	99	92
193	35	180	54	95	191
86	68	183	113	199	197
149	23	51	188	69	87
52	168	37	36	87	160
65	65	149	46	120	120
78	27	47	144	110	181
62	161	49	60	85	37
130	153	31	58	70	57
49	185	76	193	96	30
121	129	74	85	151	36
159	28	170	160	42	178
140	56	134	151	77	32
176	71	160	196	157	81
72	134	163	34	88	33
182	124	47	173	81	170
75	120	107	153	115	184
89	32	123	162	63	172
63	132	183	141	142	152
196	83	93	116	66	35
88	185	108	128	134	136
59	112	169	157	35	69
68	148	133	124	170	40
63	32	92	44	93	109
51	63	146	111	105	98
199	187	196	116	181	162
133	72	27	75	154	131
44	60	142	42	182	167
156	99	157	196	154	144
181	123	46	194	158	113
48	143	122	42	84	121
100	41	169	143	179	23
28	186	26	95	21	85
186	181	86	169	93	152
29	83	29	155	90	141
190	192	104	60	43	180
113	182	113	132	41	159
81	115	66	200	145	33
55	142	156	182	35	119
49	69	33	143	91	157
117	65	81	27	98	35
182	30	66	107	92	113
187	158	95	125	126	174
65	60	182	65	138	116
181	65	173	84	32	158
129	139	144	53	70	52
45	114	195	191	111	31
174	179	60	199	131	36
25	31	73	61	53	160
79	96	163	158	153	188
97	54	104	77	185	60
42	61	28	93	123	162
68	102	82	178	112	23
57	96	96	74	122	173
120	98	97	92	148	52
185	41	168	165	35	184
47	26	63	79	134	125
163	121	22	45	74	67
144	45	138	173	153	145
189	150	31	144	38	119
127	116	100	63	53	161
118	89	162	112	161	190
80	79	186	160	190	150
59	129	53	59	87	64
116	168	149	199	66	88
33	152	109	158	143	113
37	43	107	169	145	130
94	106	80	88	26	45
76	35	160	24	145	87
34	131	137	145	114	140
79	66	198	129	72	188
148	83	166	99	69	165
67	123	128	54	167	96
166	41	72	108	56	129
30	57	175	158	74	66
114	39	139	163	36	89
105	96	150	103	30	191
179	133	141	143	147	119
37	54	55	111	97	107
187	35	64	141	27	84
187	163	183	50	130	160
189	156	39	27	52	172
59	139	93	82	34	168
198	22	134	192	151	31
63	64	98	120	182	143
45	165	145	122	34	87
78	116	128	84	145	196
199	66	41	184	116	29
91	180	186	193	50	187
42	175	42	112	184	190
55	159	82	62	104	191
197	131	88	146	24	77
159	134	22	76	79	176
136	120	103	132	192	110
189	96	75	196	126	189
136	126	194	33	31	124
193	166	149	148	70	139
185	118	154	161	30	61
173	121	30	76	167	168
184	86	110	157	70	70
63	127	41	21	158	41
116	69	46	24	103	97
129	24	180	143	37	183
162	30	75	46	124	124
188	167	82	23	27	170
105	85	163	177	185	48
123	192	40	55	146	200
36	200	155	94	112	62
141	72	193	133	63	196
86	146	41	87	57	196
83	200	95	49	170	181
130	152	54	47	199	186
149	200	80	143	104	83
105	120	172	74	34	143
39	126	97	144	70	95
97	68	156	55	142	182
107	109	93	158	196	71
47	173	129	67	112	21
105	180	134	89	62	160
165	44	186	23	41	150
26	21	55	164	119	54
110	89	174	120	89	141
190	32	142	111	147	200
87	153	173	81	32	44
121	47	22	193	195	194
25	83	95	57	70	86
164	61	80	137	193	192
46	193	180	26	59	181
128	54	183	177	61	98
197	188	70	85	103	139
82	136	26	161	30	84
33	159	160	87	44	105
134	159	28	38	137	196
109	153	21	200	119	152
91	194	64	159	65	102
72	63	155	73	69	31
26	178	179	76	101	67
114	69	95	118	156	185
199	154	132	190	176	128
22	88	145	61	103	40
27	81	61	120	119	131
195	158	116	154	25	95
25	136	27	185	137	118
79	56	142	190	54	76
157	162	88	41	59	126
124	28	33	81	38	155
164	135	68	133	22	105
186	83	115	67	198	129
87	43	84	115	91	103
29	28	81	63	56	184
85	21	149	173	81	67
153	87	149	185	46	103
173	28	101	99	24	30
109	139	112	195	39	28
61	64	94	190	166	23
92	130	113	110	131	140
68	166	79	141	109	33
136	192	128	157	163	52
95	77	81	148	95	165
145	183	120	161	192	84
105	168	126	42	140	147
196	69	72	41	25	94
130	46	97	108	22	39
76	175	56	117	143	196
117	187	29	126	157	167
143	45	187	75	140	130
26	73	182	63	71	81
142	145	70	122	52	146
125	51	136	189	86	146
119	143	78	198	56	50
79	60	175	40	133	26
106	89	39	158	44	100
182	72	123	154	91	164
199	167	143	112	190	109
104	118	53	72	129	94
28	53	89	71	164	72
183	39	74	54	181	138
106	180	97	145	179	97
194	191	124	186	179	150
114	188	24	168	68	188
108	155	61	145	107	142
59	141	192	87	66	31
133	104	82	78	171	63
63	162	176	72	150	194
25	23	84	23	129	65
161	152	181	129	114	132
119	186	39	188	35	155
197	197	94	131	27	65
58	140	96	102	106	165
57	197	136	87	123	187
57	41	114	88	193	35
98	38	27	199	92	133
96	81	40	167	56	52
139	87	27	169	109	129
113	40	116	154	98	47
177	28	39	170	26	133
110	144	174	52	154	116
39	85	158	25	80	160
129	127	174	85	191	78
107	138	173	156	83	50
194	115	90	190	108	82
193	153	119	30	73	168
86	48	53	57	179	145
149	81	74	137	89	185
195	159	93	125	173	198
36	63	137	171	75	79
45	92	21	38	199	113
103	190	80	172	26	111
168	51	124	109	109	180
62	23	58	47	89	34
52	65	49	65	174	159
77	119	97	146	62	125
41	96	92	199	57	61
56	130	49	117	70	126
167	159	72	34	45	169
44	129	147	186	76	41
96	154	181	187	61	199
176	101	166	130	128	57
88	179	141	142	41	152
141	41	147	87	77	78
139	175	55	109	101	154
124	169	146	32	48	128
142	167	99	40	134	89
126	155	182	85	161	63
76	60	68	172	21	160
69	148	65	185	165	148
107	42	46	143	108	22
99	166	92	134	175	122
89	36	170	60	135	57
116	114	92	129	89	135
150	101	45	98	80	45
83	158	147	150	115	197
137	147	47	106	135	162
127	25	179	64	171	114
144	175	169	155	26	192
131	60	53	40	130	192
45	117	33	131	52	71
65	65	67	56	112	76
132	66	132	85	188	93
89	184	44	186	86	150
173	31	121	185	73	135
128	200	101	99	125	40
144	38	162	147	71	24
148	107	190	56	113	23
66	142	151	198	178	162
165	115	126	130	50	169
108	33	181	35	165	50
134	129	127	30	188	57
64	181	133	180	27	151
98	83	178	175	190	153
80	196	139	200	106	123
197	190	191	125	84	183
93	44	67	146	200	172
34	101	141	56	56	135
93	133	104	87	96	178
62	93	91	72	78	178
141	45	186	96	21	66
30	158	83	38	136	155
97	186	120	161	43	114
144	200	43	112	26	187
129	85	39	177	193	168
165	78	62	79	130	63
25	112	184	120	84	69
114	150	198	49	187	149
127	159	39	145	72	85
164	84	196	135	112	46
149	50	117	114	169	70
179	87	159	173	56	124
60	152	100	163	115	46
155	33	96	21	137	32
65	63	105	44	153	163
113	160	183	177	51	167
138	196	39	26	158	56
56	105	107	69	159	72
22	116	57	87	137	146
38	138	111	190	58	101
70	159	150	161	37	42
171	105	173	110	189	149
29	121	157	193	174	81
50	175	116	175	50	185
144	183	147	22	138	51
107	183	22	146	52	59
37	179	104	196	123	98
61	200	103	70	179	162
46	117	196	48	122	170
187	133	168	175	190	140
86	47	62	111	24	38
43	110	35	24	36	168
171	67	185	125	48	174
148	96	157	127	162	67
195	52	84	117	197	159
140	73	136	77	164	186
165	88	30	149	89	76
83	180	40	153	25	189
161	171	144	192	136	177
107	108	34	94	173	200
133	144	148	42	124	194
197	90	171	195	110	177
23	54	35	109	50	164
125	198	60	156	93	186
193	112	45	100	125	27
171	125	135	73	176	188
38	187	25	199	166	135
141	135	95	154	61	134
107	168	103	172	107	113
94	60	149	157	79	175
79	177	89	135	93	63
195	124	53	44	36	176
124	54	176	156	101	172
173	51	79	126	72	32
121	149	139	106	152	76
31	148	44	24	38	123
57	145	140	92	180	85
188	182	166	198	82	124
177	66	41	89	50	146
55	23	193	108	74	69
36	33	60	136	47	49
41	121	67	196	127	28
200	112	52	130	175	119
62	31	94	55	189	114
47	33	170	51	200	114
162	88	186	86	41	92
175	180	102	57	32	161
165	159	57	58	131	126
120	27	192	166	59	86
116	187	171	96	163	196
100	173	64	191	25	144
139	183	111	148	106	54
108	37	21	121	157	45
30	68	48	172	190	153
166	107	44	89	146	34
23	173	89	23	143	188
160	105	178	43	127	174
64	131	76	69	165	27
91	196	98	135	199	166
185	184	57	36	64	186
94	194	55	102	78	112
134	150	120	160	129	173
52	100	179	120	28	72
33	66	41	72	51	77
96	145	151	59	105	24
111	142	45	179	25	154
39	34	94	94	193	46
200	71	199	84	177	79
82	36	127	79	191	164
117	175	133	66	193	63
133	115	124	194	132	191
146	107	92	62	183	169
106	168	106	170	89	166
95	173	22	56	192	153
51	26	86	39	79	165
137	153	34	149	110	168
184	66	200	59	66	94
79	128	24	167	147	132
182	88	128	122	47	186
37	177	117	197	128	81
31	45	66	182	88	29
61	116	43	137	22	33
143	147	141	95	179	186
47	54	122	161	69	37
82	107	57	21	43	70
119	75	156	65	150	168
122	78	143	63	200	143
175	35	144	69	70	97
191	97	118	199	170	22
36	163	36	97	28	149
182	155	32	188	159	63
43	113	141	79	169	172
194	57	62	136	121	131
114	54	80	59	98	181
37	133	174	167	25	143
133	171	183	27	40	142
99	128	143	142	119	155
62	127	75	105	200	115
96	111	194	45	45	48
47	23	34	57	162	74
45	89	163	65	189	140
169	138	90	51	57	60
80	139	181	40	127	79
72	97	82	122	93	58
180	51	196	71	133	65
188	164	65	142	89	55
117	106	62	33	137	163
87	38	130	124	145	142
87	39	25	159	108	21
109	193	197	76	82	88
57	57	176	82	115	106
153	141	153	31	54	144
95	52	27	168	151	180
67	105	96	87	113	164
184	181	182	115	105	125
103	191	44	178	107	112
136	117	44	79	51	112
173	189	119	63	165	148
140	99	130	74	60	162
140	47	63	123	115	111
172	78	121	81	30	168
159	35	39	113	22	97
31	91	88	77	141	128
49	27	196	159	21	89
100	193	48	137	171	189
68	147	200	64	115	86
85	38	61	148	156	172
83	100	36	63	24	52
72	143	86	148	48	47
87	62	49	87	45	83
131	185	82	139	122	82
55	103	172	95	181	128
154	52	59	127	63	58
144	39	27	128	87	54
193	111	191	172	62	69
127	67	50	169	61	99
36	137	156	84	134	84
106	148	196	91	186	111
196	43	129	186	129	186
97	151	173	166	80	176
157	190	137	73	93	62
114	66	160	30	52	22
22	39	62	53	119	124
171	54	96	125	148	148
170	155	40	77	63	26
132	196	85	145	68	164
124	181	59	43	143	49
92	168	68	162	195	161
58	42	49	44	83	81
28	133	144	55	74	151
103	111	77	124	186	128
78	24	114	74	139	167
111	86	135	34	143	79
180	138	186	160	125	149
159	178	102	32	38	109
135	41	122	141	105	78
47	111	185	140	130	179
140	64	46	37	38	22
183	78	48	27	168	106
47	47	118	156	32	45
84	53	29	103	86	26
21	186	70	95	43	124
100	149	74	23	167	55
163	178	84	76	40	157
149	176	44	21	130	197
52	179	164	52	167	176
29	138	98	32	43	198
61	173	114	41	161	150
123	159	184	60	191	42
65	177	176	52	45	108
117	163	163	22	75	123
91	150	31	179	40	160
75	150	61	40	41	40
171	101	139	50	42	200
197	28	126	169	59	115
198	195	194	92	124	170
95	196	193	101	81	172
49	111	60	114	130	67
124	115	147	25	122	145
80	159	43	51	43	177
116	62	44	62	61	60
196	125	172	28	111	104
171	40	141	90	106	28
181	114	198	187	133	113
164	106	167	40	79	163
119	89	158	62	106	58
112	49	141	104	99	95
192	118	51	105	199	21
106	79	155	23	199	169
145	189	114	132	123	145
123	28	82	105	129	105
183	72	189	192	115	139
62	143	40	143	51	80
91	166	146	50	71	92
188	27	125	115	123	32
131	113	62	189	24	96
199	162	64	100	27	127
46	110	68	161	152	172
156	41	125	154	36	114
199	198	150	28	34	178
78	78	68	101	156	122
186	65	186	160	187	60
169	190	138	186	174	59
71	114	71	92	90	83
179	192	59	47	104	50
81	48	154	178	177	124
61	44	66	29	105	105
25	70	83	41	79	86
183	63	42	134	121	173
139	130	117	50	44	167
84	152	80	152	103	178
131	190	159	81	117	56
54	135	39	93	59	91
113	109	125	68	35	155
189	60	168	187	152	176
50	162	149	21	189	74
79	115	190	83	133	70
121	114	65	175	58	73
190	25	24	24	25	125
57	75	128	81	121	53
166	124	111	50	29	125
56	87	138	129	122	88
43	110	45	55	84	184
166	136	157	182	177	68
77	95	40	94	74	50
152	45	114	164	174	153
173	115	85	80	164	89
176	80	134	78	167	150
35	69	130	94	92	128
56	132	138	136	193	181
181	56	24	165	197	101
69	173	148	166	79	127
32	151	44	95	52	183
61	70	49	50	84	157
165	102	33	153	95	41
49	129	182	24	94	51
81	175	106	99	133	46
77	194	45	157	62	129
24	102	43	133	146	79
33	52	95	85	89	102
195	110	145	94	195	172
36	152	88	120	150	59
146	63	36	50	126	130
90	53	96	137	43	132
133	49	147	173	87	152
186	107	67	101	191	94
174	76	100	194	175	85
112	85	30	155	141	44
149	84	110	104	76	104
59	77	111	22	182	33
166	200	29	95	85	49
33	88	125	139	174	195
128	66	61	70	42	149
80	23	173	191	141	44
112	166	64	141	57	162
91	147	127	76	72	161
65	44	41	21	31	50
33	152	78	148	133	154
26	57	162	36	39	194
168	187	85	161	76	52
77	134	96	168	193	162
174	71	160	96	161	161
181	119	99	70	38	58
41	35	118	172	51	189
185	143	171	22	76	139
191	136	144	183	126	50
158	95	167	188	36	199
146	182	94	149	28	169
143	114	59	51	24	193
143	90	87	133	113	171
141	70	59	60	26	91
28	148	77	160	23	177
142	110	41	105	69	101
168	179	175	49	83	126
100	101	31	192	108	130
118	60	107	182	183	131
41	27	100	59	153	78
52	132	184	155	53	95
154	198	69	77	126	149
136	165	87	106	160	164
60	135	175	114	81	108
126	180	146	98	146	100
194	182	56	51	86	60
97	194	95	187	62	33
54	138	50	133	161	98
194	105	189	57	118	33
101	72	169	197	48	55
105	198	153	123	118	80
133	194	23	27	153	163
192	52	62	38	190	72
78	22	25	50	199	164
35	124	120	37	107	139
24	71	25	35	58	173
31	102	133	193	182	130
67	77	97	186	90	55
41	187	50	189	72	34
125	181	125	169	112	107
152	123	30	95	44	40
199	176	92	184	153	184
87	78	112	162	22	51
64	112	117	77	170	174
37	44	28	78	107	142
129	140	85	181	108	177
143	72	184	29	105	70
93	158	100	184	35	154
162	174	152	129	126	89
94	117	185	160	147	128
31	125	46	100	32	125
142	139	53	103	34	22
190	90	156	49	89	39
141	173	152	43	170	50
148	137	47	133	23	145
74	76	124	172	175	142
158	103	49	82	95	167
139	82	98	147	154	193
87	29	69	144	104	194
178	189	73	161	130	112
183	165	87	96	96	85
186	105	139	166	122	187
59	90	138	34	96	78
41	101	137	121	77	103
95	155	107	123	86	140
84	174	157	198	92	136
194	180	145	88	53	118
58	57	197	179	68	27
114	165	182	56	168	198
147	193	121	68	185	175
157	100	78	163	26	143
100	169	168	137	95	93
83	104	161	160	135	113
141	174	158	95	158	71
50	166	149	104	150	130
61	168	21	50	112	177
152	164	92	166	168	164
51	93	145	50	77	158
120	167	148	84	185	73
161	52	21	71	193	200
184	144	42	56	90	192
22	85	193	37	132	72
71	167	99	44	54	156
121	45	51	184	195	28
129	184	51	35	162	160
180	146	164	54	91	152
119	141	112	109	108	198
80	103	193	122	130	115
136	28	200	55	170	140
70	82	182	137	56	122
52	166	161	56	81	134
183	181	114	98	25	61
148	88	163	80	108	156
114	185	39	58	96	186
110	190	108	122	34	52
81	188	170	154	88	171
140	144	37	28	79	142
144	46	83	199	128	80
161	97	26	118	105	97
63	128	65	182	83	127
66	127	135	184	58	194
193	199	74	126	107	87
38	76	80	200	52	79
81	94	32	50	174	124
73	121	46	93	146	151
123	85	187	37	130	186
149	157	187	118	63	171
98	173	72	83	153	170
63	146	111	74	167	148
159	182	64	137	167	73
108	165	114	38	186	41
21	44	128	74	193	144
143	116	154	76	54	131
181	151	123	191	146	125
154	75	84	100	113	190
80	106	149	30	146	50
97	24	33	99	169	113
136	86	129	61	33	58
35	68	52	118	147	41
189	29	89	194	44	193
90	87	75	97	182	176
26	196	59	72	143	111
61	32	144	159	164	28
69	64	71	128	41	57
46	193	106	152	98	59
48	52	56	143	129	28
40	184	200	29	35	175
41	190	99	44	88	185
68	104	131	22	173	23
94	51	54	164	21	181
82	62	110	22	155	166
137	29	136	139	55	195
63	43	173	78	147	115
83	31	156	157	116	185
148	130	181	88	198	157
188	96	100	71	23	82
171	103	36	95	76	194
111	122	79	53	105	95
131	192	52	35	24	120
26	83	71	170	111	86
179	111	125	107	38	90
89	95	112	183	182	121
194	180	51	56	138	65
167	62	158	35	29	176
116	198	120	149	103	118
91	167	115	74	177	179
40	73	144	113	159	113
184	197	78	56	170	71
159	91	129	108	124	98
140	38	152	83	166	150
61	94	44	22	117	151
57	59	188	151	124	48
155	197	114	60	28	179
42	182	162	103	69	88
181	79	103	196	69	154
101	178	172	168	122	90
118	160	79	59	169	128
151	65	87	34	115	30
175	64	37	51	118	160
149	32	29	125	57	80
116	184	94	190	50	165
111	89	56	179	168	115
197	146	91	187	84	192
64	125	35	71	44	77
137	78	193	94	148	40
114	177	113	87	41	46
138	189	161	52	139	144
21	105	175	148	90	50
199	179	177	179	104	54
67	91	51	64	32	25
21	134	138	40	198	77
135	59	127	95	27	71
74	48	27	172	39	178
137	113	95	135	156	141
200	48	105	113	178	37
198	97	157	59	67	46
55	52	117	114	68	116
43	25	104	87	56	131
118	88	40	193	169	31
181	136	153	59	65	189
114	138	170	99	92	77
108	135	38	197	62	134
64	77	163	84	122	26
173	145	38	105	97	198
67	113	57	64	110	83
199	70	104	84	68	199
101	131	40	192	133	96
145	179	25	131	82	196
48	111	34	88	89	162
137	103	140	164	152	43
178	67	171	30	51	199
22	119	51	174	61	166
61	75	136	120	148	170
121	156	70	142	92	107
102	90	52	142	83	54
148	93	62	132	148	112
110	66	113	183	119	169
198	74	78	133	155	97
129	77	37	150	183	44
156	165	198	92	138	161
106	94	85	200	160	66
59	172	45	129	79	53
29	153	133	171	160	39
129	33	73	120	22	21
73	190	102	126	195	103
22	200	109	137	83	108
150	128	35	22	127	68
34	111	138	130	134	145
123	21	144	52	98	46
126	78	136	152	161	56
63	176	152	67	102	28
118	173	40	87	113	178
34	65	122	68	167	76
72	162	186	59	169	23
167	101	71	139	169	191
36	31	39	127	97	31
109	51	173	103	80	87
34	36	148	123	44	139
180	60	152	37	187	198
161	101	160	139	138	134
89	49	138	77	30	164
163	53	110	42	117	137
40	40	179	22	94	126
156	117	182	181	39	77
23	102	144	135	21	161
120	51	39	156	117	21
48	142	37	178	165	42
108	110	74	146	132	158
103	41	68	47	61	50
161	103	92	26	62	83
154	170	128	129	104	120
66	80	96	78	120	33
33	30	172	144	130	89
54	155	59	101	81	160
168	129	49	94	130	71
46	23	64	130	61	29
172	65	83	78	121	65
111	119	55	189	31	142
39	156	71	96	177	171
173	104	31	156	72	124
65	25	60	73	146	71
185	97	152	30	105	36
89	103	23	29	24	151
47	34	36	151	91	58
120	177	134	59	185	197
71	111	84	110	76	35
144	22	199	24	148	44
133	174	158	64	127	182
24	80	184	190	130	191
120	80	155	111	181	87
143	163	80	150	116	185
145	91	199	50	114	133
88	150	96	135	75	147
187	138	77	129	47	138
55	197	118	158	103	181
184	71	23	54	31	34
59	179	149	153	190	75
97	196	109	125	79	48
44	188	61	85	100	131
141	81	42	81	122	167
182	32	146	23	45	189
184	182	152	146	194	29
107	23	178	118	43	25
43	52	73	61	28	43
171	160	175	196	55	88
66	91	154	113	105	79
26	138	149	70	184	127
97	111	65	197	200	30
28	193	59	85	45	48
87	62	53	160	59	68
159	102	198	90	169	57
169	184	29	159	178	118
95	108	190	77	123	82
152	30	40	151	160	197
200	163	49	77	102	62
97	140	52	157	163	190
93	103	93	165	199	58
100	36	89	82	180	154
38	107	165	94	69	39
185	40	164	83	99	49
22	131	200	95	40	118
88	133	181	149	55	147
109	179	101	195	95	194
37	48	141	31	197	153
139	85	153	199	108	81
123	175	127	106	40	163
25	171	97	199	100	100
95	199	66	125	104	180
200	184	60	198	135	49
132	108	116	77	174	189
39	58	30	75	148	64
165	23	113	185	21	37
116	84	26	183	99	168
198	55	95	26	190	177
32	60	189	88	31	56
78	134	53	76	151	172
66	56	191	151	113	113
126	102	33	103	164	97
117	194	123	40	98	143
127	166	62	30	159	130
29	196	48	83	133	178
165	177	194	89	125	196
65	31	106	98	31	143
31	21	170	63	169	56
53	96	111	187	36	98
76	106	147	43	65	180
166	138	186	145	95	128
135	163	74	106	42	184
104	109	35	195	199	174
47	108	148	175	181	193
137	111	158	90	55	67
117	76	194	114	81	73
65	193	117	86	34	81
123	133	198	109	99	147
190	160	154	68	108	145
32	139	163	152	70	52
166	47	152	64	117	118
62	111	152	115	97	62
107	171	120	47	33	133
114	133	69	86	58	176
160	196	197	179	157	73
50	104	104	107	77	113
197	42	192	27	161	84
193	26	106	130	58	29
31	175	190	169	70	127
70	143	143	49	123	28
178	198	176	45	53	147
200	106	112	157	69	174
82	138	112	25	194	138
184	63	78	174	73	77
116	192	69	42	124	36
146	101	25	142	56	117
163	117	170	70	74	112
157	25	108	66	136	171
186	200	67	130	147	44
57	137	134	146	33	53
138	33	54	186	170	129
191	140	198	98	168	47
194	53	121	99	103	121
156	188	165	44	175	197
127	34	33	159	186	118
115	198	135	125	38	181
187	160	200	147	159	157
187	92	111	69	164	46
80	119	27	44	81	69
85	158	87	24	165	165
196	88	166	86	162	51
171	186	146	69	62	156
80	48	98	39	192	39
171	153	89	157	153	23
58	108	102	88	161	68
188	68	155	198	51	59
60	100	150	69	124	36
49	88	137	192	136	193
38	108	126	178	196	153
107	153	160	95	48	171
157	87	164	56	179	97
137	26	73	57	113	74
82	22	181	160	99	107
119	86	124	165	136	193
59	117	195	200	193	103
134	160	113	126	66	93
30	78	75	109	136	101
119	139	186	116	136	28
80	96	131	166	111	29
149	88	183	189	63	146
179	71	68	33	177	114
49	188	31	49	81	62
159	130	24	78	165	162
88	135	161	90	159	161
24	101	70	66	42	119
159	187	96	49	198	47
140	27	159	155	150	52
101	53	163	50	198	48
190	106	150	117	190	39
158	128	102	161	152	48
173	132	27	122	175	167
32	140	25	168	182	178
173	27	22	114	113	45
100	165	191	142	169	104
190	65	106	36	131	116
103	98	158	158	55	46
198	198	86	127	158	30
108	125	122	152	26	78
30	183	196	121	134	144
82	177	41	54	195	55
144	143	178	183	81	192
47	73	152	75	61	114
33	65	21	111	102	74
69	86	66	126	114	153
176	33	190	104	174	71
120	49	176	93	154	146
63	93	102	187	144	185
42	67	145	163	78	48
114	70	184	118	28	99
117	55	141	148	177	134
136	196	40	30	174	45
88	103	91	83	89	166
57	111	44	155	92	46
106	105	142	92	61	43
194	107	73	71	185	63
83	156	55	46	112	111
76	162	114	101	174	149
124	85	23	162	27	110
137	42	187	121	62	151
23	119	129	191	37	41
149	34	132	111	200	108
21	120	85	164	187	80
131	37	114	34	180	151
70	31	140	81	164	112
189	116	174	181	139	148
100	110	68	170	21	144
45	116	130	187	105	73
192	151	159	122	187	173
166	131	108	165	164	126
32	95	78	159	196	69
177	122	57	104	86	186
49	158	69	156	43	100
58	53	108	59	77	115
106	116	100	73	158	141
136	147	47	96	103	28
93	195	124	167	98	155
75	57	187	110	110	186
119	162	80	53	107	35
64	61	169	161	92	109
123	36	26	184	162	136
108	89	94	55	43	131
154	158	114	167	51	180
193	179	107	129	101	54
62	183	49	185	40	99
82	101	186	105	197	188
163	37	31	86	23	145
192	79	96	81	86	82
150	104	58	65	22	198
194	29	95	46	154	51
57	56	91	141	113	166
93	75	93	109	125	72
156	112	31	177	74	177
150	173	55	38	154	53
194	112	152	188	167	81
73	61	94	168	175	69
108	185	168	175	117	39
191	27	181	43	36	129
93	190	200	56	177	195
84	165	77	118	74	82
63	179	111	199	76	195
133	91	140	88	189	161
55	84	171	94	115	43
63	114	131	188	181	147
90	92	200	153	177	137
55	68	189	110	172	151
168	66	108	28	146	77
189	28	106	144	135	159
142	87	119	189	181	55
159	48	200	173	48	34
165	186	76	58	21	162
61	71	131	107	48	85
197	154	187	154	116	69
96	58	56	118	45	193
150	39	100	178	169	39
100	142	48	175	179	152
42	178	129	66	159	67
134	79	135	146	35	193
150	143	88	31	133	69
160	195	48	26	29	49
56	64	132	166	165	199
136	153	65	175	175	133
45	149	33	66	148	174
119	115	43	117	64	163
193	75	67	67	56	128
35	176	155	177	137	42
133	27	157	60	106	129
28	54	32	34	163	48
186	187	176	126	79	47
41	27	175	173	31	148
120	47	52	100	41	107
129	80	74	34	68	106
192	158	121	158	85	83
150	76	176	41	73	122
38	175	189	75	26	113
54	104	57	45	55	103
144	178	58	55	58	96
67	91	92	148	191	43
100	187	142	87	54	178
25	121	68	194	57	129
38	165	98	175	122	95
41	108	35	133	181	88
64	121	147	149	135	176
163	177	93	118	61	107
85	130	135	111	129	172
52	139	48	30	130	98
197	75	168	107	44	151
130	96	183	82	79	140
128	166	54	145	100	180
188	194	88	80	54	135
141	195	197	147	109	21
123	131	199	134	127	123
179	87	134	184	166	167
99	115	116	106	172	154
67	142	110	190	72	94
157	119	143	152	47	148
75	154	80	128	155	70
48	199	68	165	137	26
120	112	36	128	74	177
85	101	178	88	189	25
79	196	46	95	175	135
90	163	138	154	183	74
144	179	138	117	196	178
183	112	33	88	194	132
42	135	58	162	133	108
51	70	135	96	137	67
174	162	118	144	63	123
194	54	197	71	116	157
73	189	123	106	59	41
108	30	63	165	102	184
119	134	53	162	172	169
49	174	127	88	38	33
155	169	97	198	113	42
151	145	200	74	168	89
183	50	167	71	147	51
100	38	118	133	113	143
87	125	63	117	120	25
113	25	200	42	183	171
88	92	175	190	170	44
78	112	156	165	98	147
43	89	77	171	71	171
178	182	49	164	55	42
92	145	84	80	107	26
51	198	174	162	189	46
186	195	157	71	44	192
168	110	180	92	29	38
156	108	144	144	74	200
109	173	35	112	188	71
49	76	52	172	133	147
49	168	178	78	34	53
193	55	108	32	83	150
129	33	85	26	132	92
199	64	39	111	78	142
122	100	96	103	135	123
104	142	117	35	166	119
53	131	101	177	191	165
196	25	164	146	133	111
84	134	146	84	52	49
147	87	119	145	56	90
56	63	96	68	114	83
174	162	188	21	31	187
181	124	33	145	185	31
49	90	185	40	147	184
150	177	96	91	200	33
91	54	53	147	70	103
45	85	34	34	130	93
115	199	143	143	144	195
60	101	127	33	97	187
167	137	176	31	194	197
134	143	90	122	160	155
186	173	158	101	180	159
154	137	55	47	44	28
71	168	57	156	127	73
115	144	149	98	165	120
153	39	192	79	31	125
186	171	118	199	117	105
125	172	104	33	172	56
30	145	27	26	100	82
32	73	187	106	122	123
41	27	69	78	161	152
194	162	72	102	137	62
186	46	124	24	189	44
185	62	46	29	82	70
191	180	67	117	157	195
37	25	34	32	90	84
59	71	70	78	198	118
114	61	184	190	27	49
21	30	64	197	52	41
24	199	66	101	66	28
73	46	134	167	181	49
71	24	53	96	64	161
92	61	117	56	181	115
29	74	133	45	138	124
113	160	122	23	29	198
155	49	28	188	172	163
148	116	181	26	33	107
172	177	61	151	98	151
161	48	31	122	199	83
122	110	99	178	92	197
182	58	164	160	157	115
147	174	101	50	33	118
199	182	31	155	27	109
74	161	163	136	95	145
170	169	56	145	50	127
152	63	130	166	110	93
101	152	146	36	95	39
150	184	169	43	78	47
76	78	126	129	169	141
123	21	135	81	181	70
47	183	45	162	54	150
28	199	51	32	40	113
63	65	125	128	163	57
169	53	99	66	92	26
112	35	32	64	129	192
148	180	188	34	53	159
58	144	34	131	191	84
86	104	45	174	66	108
109	195	63	54	92	161
150	108	86	176	145	91
164	133	64	158	68	36
85	161	144	151	146	162
156	32	118	125	70	153
155	81	62	139	72	76
173	39	68	116	135	189
85	174	134	134	187	58
125	64	187	149	47	176
108	176	169	174	169	102
93	169	161	59	42	139
68	175	150	71	198	200
63	83	196	153	164	103
57	40	124	199	126	121
95	98	54	54	94	30
60	130	140	105	111	63
190	158	168	104	198	66
145	100	109	165	189	38
48	53	169	24	158	150
77	166	52	173	103	113
60	82	195	158	130	106
125	42	68	168	163	57
85	184	70	101	66	22
147	74	107	93	90	81
106	118	69	159	134	105
43	100	55	116	166	109
51	75	58	117	54	161
122	118	46	186	174	142
47	149	150	109	22	149
111	183	133	77	22	77
67	37	47	90	144	129
45	162	127	97	161	121
74	69	112	86	185	90
88	106	109	22	48	132
90	65	198	103	140	131
191	44	182	53	116	182
61	103	155	182	165	123
51	108	179	192	93	123
187	143	146	145	90	187
61	41	171	62	121	60
44	43	97	114	79	187
108	99	173	67	22	123
133	135	184	134	168	177
159	55	128	139	132	78
68	133	87	25	123	82
124	197	131	169	171	199
68	149	40	71	51	51
111	34	108	159	37	136
56	192	101	170	151	78
45	121	113	77	98	158
147	30	169	194	82	95
99	161	54	147	131	148
84	76	117	132	119	103
180	28	49	161	94	85
175	104	177	175	81	168
188	168	187	115	198	136
70	53	173	131	46	30
21	114	83	32	185	199
155	67	155	164	169	141
161	89	109	182	122	142
181	98	111	183	162	65
75	136	35	188	66	138
167	94	93	150	105	162
184	188	84	136	123	199
42	175	102	110	143	117
132	139	172	119	89	43
55	149	195	79	144	123
198	189	165	180	173	102
179	163	88	26	86	96
84	141	94	125	27	127
92	186	109	151	154	185
71	75	171	39	36	82
160	188	117	133	151	174
181	36	72	156	38	134
127	68	77	165	148	144
67	191	149	172	67	165
140	170	70	163	110	186
107	162	102	184	21	199
85	121	160	154	191	194
23	183	43	113	85	25
104	72	142	53	93	115
171	124	23	191	37	180
121	90	192	115	138	181
77	73	118	47	118	140
96	27	172	103	171	69
97	178	86	149	183	163
113	175	106	69	83	90
97	148	29	165	193	100
183	45	56	36	48	28
42	122	142	178	86	147
52	142	186	162	58	135
149	66	64	125	157	141
107	80	152	116	82	122
82	171	158	137	109	72
97	175	134	130	142	195
127	162	189	46	72	162
120	175	45	122	23	34
142	135	72	49	120	196
188	64	109	192	104	45
140	154	93	70	149	89
44	58	72	105	75	36
46	180	112	58	89	65
81	196	121	191	112	39
180	57	36	92	188	161
29	87	77	24	110	106
163	87	175	53	94	167
182	194	138	51	191	119
58	192	132	69	95	118
82	110	191	66	51	60
199	193	173	124	186	113
85	147	45	72	105	121
157	89	134	192	27	22
174	21	146	39	148	33
51	97	71	97	132	32
72	198	88	185	47	197
180	155	60	36	33	40
199	140	71	115	173	144
82	179	36	54	87	167
43	27	27	127	120	81
86	38	68	124	80	173
132	125	75	180	115	119
161	151	96	94	124	196
194	97	35	31	157	159
104	178	190	34	42	180
157	60	177	73	85	192
119	48	154	25	159	148
105	134	114	109	157	199
128	49	29	21	176	93
37	117	108	144	84	90
122	127	84	188	21	141
98	148	21	170	87	128
100	192	159	199	63	39
21	179	167	190	118	168
182	105	113	158	90	174
143	165	81	103	79	35
25	181	158	159	101	144
83	47	92	172	103	174
101	38	62	141	101	85
177	50	28	36	150	34
131	198	132	62	48	40
171	153	43	161	175	89
144	175	155	120	69	180
125	43	170	159	24	197
175	124	45	110	132	163
64	73	89	39	134	70
112	94	127	91	162	168
92	51	36	63	122	91
176	182	130	121	181	181
123	24	154	32	177	156
112	195	156	81	158	92
65	65	147	113	195	170
143	159	86	192	123	96
110	185	98	99	78	143
190	184	130	76	115	145
66	106	85	36	55	131
138	153	53	181	150	67
52	73	97	52	171	91
115	125	196	60	178	32
25	50	125	50	60	73
122	136	125	52	23	95
124	116	73	120	158	146
177	101	176	177	54	70
174	191	83	193	176	111
127	181	104	70	87	161
85	57	105	144	189	84
130	177	197	177	127	94
58	145	99	75	190	81
162	124	117	143	108	170
136	92	110	122	98	22
52	39	84	55	22	119
29	99	52	166	167	58
129	70	29	86	74	38
185	52	100	45	151	53
46	72	176	186	165	101
33	106	21	182	195	53
99	32	126	22	147	41
165	121	118	152	139	42
59	94	61	43	103	44
56	66	133	111	51	41
92	33	40	71	183	36
34	66	152	168	188	55
61	120	171	173	112	78
41	32	41	104	140	189
121	186	115	173	163	164
46	53	194	144	120	90
153	116	175	164	156	50
160	124	69	86	105	196
108	91	170	198	103	50
174	129	25	191	106	42
130	188	95	142	145	101
106	167	109	194	68	70
34	86	106	127	95	170
55	122	71	182	36	25
59	58	43	105	96	102
82	96	110	174	89	159
188	74	192	146	196	127
65	174	91	161	188	46
87	47	45	30	133	92
26	195	167	94	186	110
155	30	97	176	119	103
190	152	186	141	104	115
193	167	28	88	48	186
133	51	148	28	185	110
87	114	200	92	31	185
51	100	173	60	108	165
38	59	200	171	92	40
71	139	174	80	183	22
131	67	34	64	113	198
99	196	100	165	137	167
113	192	29	105	83	186
24	60	61	154	44	146
103	82	132	127	39	191
67	123	151	191	72	190
86	59	123	147	134	91
179	115	34	56	117	88
147	57	68	95	116	91
53	28	46	103	43	58
153	184	66	128	176	61
182	36	185	119	95	79
34	150	50	54	112	113
59	100	49	164	68	159
100	45	35	72	33	38
191	187	132	116	84	82
75	149	183	49	199	48
182	110	79	174	64	117
73	69	69	173	180	174
171	190	185	108	65	130
131	177	74	58	190	127
88	77	139	115	73	107
159	124	82	185	118	148
135	82	133	63	98	197
29	43	139	121	122	63
106	117	149	182	178	159
119	128	190	120	199	40
193	126	105	139	96	22
113	86	149	179	70	83
71	53	188	113	122	110
64	123	110	146	76	65
178	51	178	62	29	55
22	171	122	143	92	118
165	132	96	103	67	74
182	29	126	74	32	183
150	23	149	110	171	160
167	196	186	40	59	139
142	86	195	103	39	47
181	105	35	136	187	87
115	135	32	107	80	49
193	132	148	88	25	188
128	38	146	174	71	118
61	93	89	180	142	193
29	110	47	183	68	136
138	43	154	58	89	82
143	192	173	113	175	168
194	103	176	40	166	115
199	184	70	162	85	75
123	172	159	117	24	25
122	83	154	122	141	177
167	99	63	88	170	53
141	180	26	24	90	155
191	126	198	103	25	21
185	37	195	96	23	47
191	26	114	79	133	126
92	57	158	176	92	39
28	103	164	51	153	89
40	197	189	188	189	170
120	36	102	86	167	67
126	176	126	114	165	104
125	60	199	191	92	60
186	135	86	96	21	39
188	92	186	38	42	76
111	70	51	28	163	40
146	178	51	61	157	46
73	151	24	181	28	198
118	46	197	168	104	109
196	96	130	87	26	186
196	152	22	106	100	129
178	191	198	140	155	164
35	154	27	26	70	143
67	194	167	150	155	60
140	131	80	106	93	189
134	25	147	121	88	160
179	161	51	74	52	174
88	168	177	117	136	148
97	163	88	116	143	136
100	131	30	100	179	132
79	151	89	111	60	142
74	21	170	111	126	165
61	167	26	131	109	101
116	143	67	91	83	179
71	162	29	59	92	36
94	52	134	195	23	40
151	24	174	128	45	149
102	65	133	130	54	61
127	136	81	124	195	164
72	185	48	179	169	175
121	101	60	49	109	60
37	163	157	183	100	72
95	54	130	115	36	152
168	45	145	157	169	143
62	83	58	35	92	180
31	139	162	198	128	175
179	149	188	30	105	31
177	32	26	46	80	194
200	87	197	151	25	100
184	52	122	187	113	82
91	164	84	46	197	144
30	160	153	193	174	132
31	137	176	21	95	31
24	166	162	46	32	168
33	101	191	45	165	66
69	71	109	158	117	195
180	123	78	162	65	43
169	60	185	139	192	22
51	55	70	190	77	136
139	190	170	25	29	163
44	72	114	75	76	83
54	128	114	100	193	59
144	132	45	29	192	162
92	136	105	127	199	107
141	54	31	176	170	164
103	140	198	170	62	55
192	115	87	71	38	98
50	159	83	103	58	163
109	194	107	104	146	75
148	176	120	186	161	72
171	45	180	158	116	60
50	66	76	52	109	148
126	22	182	163	30	175
122	24	93	44	92	97
149	31	127	123	96	28
187	91	197	23	132	44
153	122	79	145	183	184
47	153	142	94	27	142
85	140	110	22	160	156
66	187	193	84	133	99
200	69	41	89	104	52
151	161	164	187	162	158
39	74	47	76	96	177
106	103	74	28	35	121
111	197	127	21	32	161
176	28	121	69	134	52
153	34	54	179	86	65
151	108	142	71	30	110
29	134	97	157	109	80
116	39	93	155	133	169
112	39	128	63	152	160
186	108	92	117	30	75
194	184	80	30	24	40
49	68	44	85	71	158
113	99	42	161	180	22
86	199	129	114	190	35
79	195	58	109	95	37
120	51	86	79	95	95
105	175	55	192	36	93
114	98	77	91	124	93
160	183	144	73	42	107
109	123	198	82	103	148
137	170	67	122	141	123
53	93	199	37	29	90
26	155	44	77	30	85
63	184	129	136	58	102
111	44	193	36	56	91
169	169	52	43	158	25
53	70	75	84	108	84
182	186	72	112	193	57
49	56	71	137	41	171
121	160	140	146	65	91
109	27	40	145	121	46
76	83	170	49	63	117
119	128	180	148	94	116
145	32	81	168	30	53
79	128	34	192	30	145
145	189	110	125	124	145
184	24	73	110	160	170
69	28	84	59	150	189
145	187	107	163	166	148
123	120	32	48	33	98
29	132	190	134	64	123
73	147	144	51	127	175
92	90	63	133	32	40
163	27	126	74	86	185
192	113	195	105	93	126
28	181	113	37	195	137
167	169	45	103	74	71
170	51	58	123	189	144
181	136	151	163	54	168
117	68	179	123	185	39
178	157	132	29	36	25
89	192	139	92	35	130
161	30	146	109	76	180
186	45	31	83	45	26
131	114	160	106	173	50
171	159	193	95	137	27
40	181	200	141	73	129
81	104	133	172	168	68
104	67	188	59	25	175
41	91	37	130	161	56
190	95	130	95	182	149
33	68	103	62	28	53
22	47	182	168	58	61
92	197	118	144	117	180
108	121	36	122	182	100
197	127	22	48	167	62
111	163	194	86	145	46
21	169	158	125	94	180
115	57	182	61	91	145
73	123	107	55	45	169
135	140	101	22	73	123
116	85	157	92	101	37
38	95	101	164	52	57
42	136	105	174	123	68
130	21	131	58	57	132
137	50	120	25	27	118
186	186	67	156	112	34
194	65	162	141	37	121
36	88	187	40	136	159
126	74	169	32	29	86
200	57	187	144	28	88
166	62	62	119	197	58
69	147	198	60	184	194
115	52	127	94	120	109
171	47	43	196	56	94
200	152	103	182	119	169
189	22	48	130	65	104
110	50	52	182	111	55
65	134	61	76	158	179
55	108	160	175	35	151
92	135	128	122	142	157
108	191	50	26	75	131
60	85	57	183	82	72
166	108	196	26	45	29
122	52	108	130	56	197
133	36	171	93	96	47
122	41	99	86	137	154
145	36	60	44	59	111
93	116	26	94	188	194
25	149	120	193	129	125
146	47	190	112	26	144
155	53	190	128	106	35
96	96	180	123	120	34
175	140	195	95	111	186
49	130	158	145	131	118
123	28	180	163	182	71
94	76	113	162	79	191
99	116	181	123	196	56
135	68	36	136	25	104
154	196	41	184	121	75
88	167	47	106	89	125
61	191	21	127	39	79
111	106	95	37	123	186
137	71	177	145	48	151
85	30	127	113	110	114
82	158	53	161	132	151
94	32	37	45	84	160
36	169	35	35	138	174
61	92	189	117	51	165
194	182	24	184	125	104
180	103	158	49	33	98
123	64	30	120	134	114
127	163	141	134	71	168
194	167	83	134	107	25
28	105	52	129	33	69
100	30	67	56	187	144
132	52	85	105	83	165
170	119	183	100	102	130
120	128	70	46	137	200
104	25	159	195	80	59
187	109	55	88	133	151
126	123	91	177	198	45
106	36	172	157	21	190
30	187	114	134	183	114
177	185	28	71	56	36
155	75	96	107	45	85
100	158	33	86	26	124
162	174	154	102	41	196
78	58	30	74	42	177
159	71	151	189	69	21
116	180	63	144	81	101
33	67	48	71	187	32
193	42	188	131	111	74
195	142	114	25	121	116
38	59	65	91	184	43
194	49	83	108	168	131
80	152	151	31	29	174
164	175	150	75	105	194
173	180	161	44	162	50
191	121	89	152	37	147
33	188	24	186	86	35
98	91	133	198	126	111
81	40	103	83	91	33
82	28	71	132	39	32
144	127	176	121	104	49
200	144	136	75	151	132
84	36	91	44	23	112
102	30	34	24	69	41
31	159	79	107	149	155
80	82	55	31	139	178
193	38	144	158	136	124
43	103	86	116	27	119
37	109	113	155	100	97
170	185	140	51	80	60
110	63	116	171	36	177
92	44	105	39	27	112
91	118	144	170	176	62
187	98	62	32	32	163
110	101	77	160	130	137
149	75	68	85	54	78
65	57	35	47	161	102
157	171	157	95	45	59
182	172	32	184	144	119
133	36	56	182	151	48
26	111	26	197	188	122
107	44	111	138	50	182
111	47	79	81	154	38
189	75	157	83	84	125
102	90	118	176	130	167
53	46	70	36	172	195
179	122	140	128	127	75
153	119	166	82	86	190
109	73	120	105	154	172
139	61	182	190	169	114
31	150	78	152	56	151
173	115	21	136	66	113
102	190	79	116	171	116
86	129	193	166	195	89
42	194	134	172	176	59
197	197	164	95	101	132
79	151	113	43	25	182
109	174	115	153	66	179
47	105	89	27	110	131
73	174	164	108	29	113
131	194	199	164	146	151
45	152	123	48	153	103
191	102	193	159	117	105
174	72	135	72	34	134
97	200	93	171	96	125
140	35	169	90	173	22
30	70	143	78	113	199
32	66	167	186	167	194
115	119	81	102	180	173
178	99	38	31	100	106
26	104	65	132	147	162
135	121	126	129	38	60
142	77	76	70	129	40
198	78	46	55	62	181
61	164	147	183	64	110
64	130	33	21	63	40
68	51	55	194	68	63
177	83	118	72	106	129
95	61	192	36	175	93
77	58	191	40	173	100
112	73	188	45	59	79
75	59	49	95	121	59
192	159	62	189	144	166
126	133	170	165	121	82
115	48	78	134	129	96
69	111	106	30	63	23
190	45	139	82	95	106
153	42	152	77	75	164
190	102	183	167	60	158
118	22	198	39	33	67
90	183	75	187	100	172
65	26	155	103	46	40
79	89	24	162	82	158
169	154	116	87	191	101
195	169	106	28	120	36
107	86	90	70	78	35
187	99	189	73	193	104
164	31	169	108	89	133
184	152	57	102	51	60
171	85	178	113	65	104
65	35	67	123	200	158
111	49	171	44	143	155
113	111	119	63	106	27
159	83	187	61	139	38
54	95	142	76	46	25
39	98	105	64	192	53
34	115	109	142	35	113
102	193	170	139	200	93
118	173	46	133	181	74
90	40	150	187	154	136
25	152	52	81	74	123
123	113	49	83	21	77
169	167	67	195	170	110
131	179	160	40	67	117
107	170	155	183	26	55
152	101	121	90	56	76
54	157	80	118	192	129
90	108	183	176	180	76
186	190	143	54	23	192
158	101	119	154	53	129
32	64	59	190	183	75
140	73	189	163	99	148
27	30	64	54	108	121
94	131	159	75	109	40
174	150	195	52	159	122
28	138	132	196	30	48
131	157	171	127	174	185
64	179	35	32	50	60
76	37	188	194	146	57
55	48	87	77	26	189
46	40	99	63	87	123
165	154	170	56	116	112
35	118	175	154	175	192
88	175	67	61	95	82
100	40	90	166	27	132
39	98	85	189	92	42
72	162	191	48	115	150
50	75	35	167	22	101
36	41	176	186	159	52
100	51	97	59	183	25
146	159	172	123	144	151
167	140	32	188	117	51
133	197	165	83	84	198
182	138	109	147	195	125
90	178	45	181	87	39
33	134	153	25	112	171
123	85	198	124	97	192
146	109	51	147	93	22
26	107	169	80	40	35
105	117	161	84	182	88
49	25	181	71	40	55
163	73	114	67	198	65
74	135	50	97	119	114
137	52	98	33	89	139
178	170	171	27	150	81
24	110	193	149	136	124
189	110	199	185	167	172
137	53	73	66	33	102
129	89	69	49	63	139
78	94	29	126	33	45
55	52	110	142	30	182
33	131	117	149	198	189
104	57	33	28	34	163
150	113	67	142	65	89
119	93	142	134	137	143
72	196	165	24	79	125
146	144	33	134	150	153
38	188	71	110	49	155
30	121	172	22	151	163
101	45	45	166	145	73
116	29	35	182	23	80
127	64	117	100	185	174
50	43	71	27	111	194
177	36	125	172	109	149
39	66	167	160	61	153
27	129	169	190	32	59
106	102	57	45	58	35
88	198	111	150	132	37
95	123	76	134	30	116
163	137	75	192	76	118
58	121	147	40	107	174
117	178	51	108	68	46
130	86	98	77	199	159
58	140	54	112	65	165
183	186	101	47	126	135
23	35	78	38	27	100
42	84	96	183	169	99
73	25	87	122	170	162
181	141	159	102	168	66
156	116	93	117	120	83
42	95	55	84	126	72
36	114	91	166	23	133
36	83	158	78	40	199
81	51	144	175	58	129
103	61	69	81	142	131
57	156	25	149	195	134
166	125	188	26	97	79
28	169	142	23	128	69
118	72	82	92	102	161
28	100	44	90	67	171
59	164	61	66	37	154
109	114	68	132	159	115
61	67	162	47	85	115
26	135	157	24	151	161
138	72	53	42	89	79
145	91	76	169	39	33
199	21	194	150	51	57
172	68	132	80	45	60
142	125	153	24	182	27
197	185	135	195	149	177
74	67	189	66	181	85
175	137	22	117	96	62
172	139	149	162	161	53
94	66	190	183	168	170
68	77	140	173	71	172
128	39	143	79	71	93
28	169	181	95	200	76
186	121	132	98	139	151
99	96	108	152	86	112
100	22	35	172	39	130
136	66	133	187	44	30
83	49	112	154	31	172
134	146	59	97	148	117
164	22	115	119	153	31
55	126	196	68	30	83
95	134	156	158	92	38
60	179	168	158	199	114
53	64	175	170	45	179
144	86	165	55	179	30
61	114	67	171	108	38
90	51	179	183	82	104
99	67	116	190	160	158
181	121	94	69	62	134
39	172	88	72	79	67
138	80	169	170	164	153
154	43	174	153	57	32
81	80	127	138	183	136
172	60	86	64	119	63
139	167	60	116	150	36
162	183	175	164	84	88
95	182	82	199	102	163
46	190	96	28	122	198
99	179	65	149	46	107
91	40	129	150	59	38
33	130	38	31	174	75
59	140	134	175	79	131
34	64	104	84	101	154
154	126	190	72	63	68
83	153	63	51	144	169
94	93	129	113	46	88
43	23	162	85	43	54
196	92	95	146	128	160
107	97	180	50	104	146
139	163	66	48	67	86
28	25	194	59	108	49
144	116	71	83	104	82
66	152	84	72	134	171
27	103	51	154	117	166
47	90	146	41	87	159
124	126	133	146	155	51
54	95	148	142	97	42
121	115	183	111	190	113
37	114	148	79	87	58
39	61	143	72	130	199
112	49	68	43	42	127
107	184	169	27	24	168
24	135	112	176	108	52
192	141	43	177	170	133
90	181	95	191	187	186
135	92	110	177	150	41
168	105	131	43	63	57
95	32	120	74	50	98
47	189	56	129	34	182
158	143	153	123	148	27
196	188	183	31	171	200
55	90	168	91	183	46
107	122	143	74	158	57
34	150	183	119	142	186
32	33	129	148	167	107
78	156	124	189	54	188
135	165	90	179	57	191
25	68	63	45	107	133
168	119	69	126	59	176
54	55	77	135	65	179
102	63	23	186	23	181
161	25	47	48	46	84
192	52	107	136	195	72
64	24	133	82	125	61
54	49	59	165	150	122
89	74	161	198	173	55
188	134	183	177	145	139
25	40	54	139	31	175
65	117	129	42	51	75
44	98	175	33	173	123
41	117	98	47	127	134
57	186	62	107	194	75
152	168	119	187	102	43
88	36	99	192	92	33
118	29	197	186	21	48
39	28	166	65	79	76
144	108	143	164	45	175
177	99	79	190	158	63
161	42	143	76	145	102
77	53	21	79	81	195
43	143	173	145	141	188
37	64	68	171	170	84
81	158	89	83	96	101
76	156	84	99	119	21
181	129	93	21	169	63
69	167	149	165	141	92
96	92	50	69	52	93
51	45	74	45	103	172
26	163	69	26	65	115
100	82	109	133	56	95
97	104	157	62	174	100
67	102	68	70	57	73
183	195	178	39	41	171
200	29	105	137	93	88
28	119	119	46	161	186
100	114	55	67	110	165
195	87	112	143	150	48
54	163	40	46	80	58
30	94	82	130	142	54
117	66	113	126	126	69
197	26	65	115	107	108
26	102	178	92	151	81
140	60	181	123	140	194
134	83	71	86	129	92
65	91	64	159	155	60
92	189	184	71	157	31
176	170	187	58	143	193
135	106	191	165	163	108
106	168	132	97	140	137
126	60	95	48	89	28
155	159	27	46	167	94
79	23	104	197	86	26
102	72	96	47	41	170
140	199	181	28	121	55
36	46	133	117	160	179
86	90	44	55	179	61
198	152	104	118	196	95
82	65	86	197	30	179
187	149	79	32	26	96
121	56	98	24	46	112
185	146	125	171	181	82
139	125	49	151	99	195
72	99	142	182	62	133
31	198	89	80	48	108
79	109	128	50	188	79
124	115	23	53	32	27
63	85	166	175	99	186
67	81	154	191	196	161
168	61	195	193	33	98
76	99	38	196	144	78
186	169	35	141	171	135
168	189	186	72	55	151
50	195	82	164	141	44
141	179	131	73	93	119
182	99	43	32	31	112
102	195	149	105	193	78
127	35	199	95	142	40
28	44	158	80	33	190
191	193	165	40	122	44
167	58	176	183	54	73
116	109	108	186	120	123
66	168	171	125	45	34
106	59	84	160	47	30
131	173	55	120	172	108
171	116	48	95	127	89
159	23	64	197	173	120
127	93	185	180	26	79
110	146	53	46	27	192
71	27	60	122	65	21
149	36	37	173	80	138
195	133	60	32	96	77
69	137	113	184	177	37
55	96	39	37	84	72
93	52	141	49	90	44
195	169	84	179	111	65
57	196	182	123	104	176
156	154	124	73	197	69
140	103	157	139	106	146
102	54	33	97	113	149
178	23	53	31	114	146
59	23	187	159	73	21
157	55	115	134	103	188
92	92	130	110	57	190
175	190	196	199	138	111
110	136	45	177	164	178
140	49	104	122	80	81
200	86	196	129	54	107
139	100	129	199	91	35
160	106	32	200	54	166
142	95	200	60	152	34
127	128	67	176	161	68
23	97	95	96	99	189
85	189	56	121	21	187
75	198	153	57	84	38
148	43	170	166	106	190
93	141	167	52	119	137
75	108	111	177	136	119
126	96	169	189	33	39
33	185	39	22	158	79
170	142	94	98	128	24
53	121	97	40	63	63
71	106	57	183	179	170
194	96	67	67	83	87
27	182	181	190	52	89
88	98	74	191	200	155
73	200	142	170	65	67
149	79	42	22	103	56
26	134	48	141	171	155
58	58	155	106	122	103
68	112	186	166	173	130
27	149	70	81	39	96
60	58	155	122	178	104
186	93	93	122	162	198
104	75	99	169	197	47
184	67	114	78	59	150
32	120	43	102	123	187
107	59	104	165	105	95
48	71	134	61	156	130
28	65	197	200	79	55
153	179	93	174	162	41
143	161	77	156	46	128
142	146	144	92	73	91
48	168	124	59	178	145
89	73	22	171	166	21
198	27	132	194	32	34
108	86	61	144	195	38
147	54	65	33	113	146
43	145	92	187	101	42
56	112	186	32	77	99
61	96	76	158	122	168
161	31	156	120	147	129
86	66	104	68	56	136
85	170	98	181	122	146
171	125	113	169	195	168
28	110	186	149	95	160
145	109	116	42	121	84
72	58	193	193	136	194
124	31	34	142	51	122
143	58	23	176	128	35
117	51	109	39	185	55
58	22	56	82	154	63
100	31	53	155	79	65
194	76	167	151	93	168
32	110	118	131	67	176
100	140	128	119	137	164
180	76	98	105	67	94
56	49	166	69	162	89
126	161	69	137	52	35
193	115	108	125	130	87
32	23	33	181	155	129
68	165	138	40	122	48
80	160	48	34	131	170
116	194	182	81	119	162
131	149	141	199	147	172
84	72	133	64	196	136
130	171	138	23	34	197
111	42	102	122	145	105
133	159	90	22	71	87
145	39	126	78	121	167
125	163	135	120	82	153
185	148	127	64	113	94
146	35	45	166	137	184
32	46	49	152	165	186
125	143	93	156	51	122
164	143	136	117	177	149
178	182	94	126	90	109
132	113	65	41	160	71
174	91	151	100	30	67
133	164	128	106	63	70
126	130	63	196	82	193
195	144	74	172	81	149
200	36	68	21	195	53
187	59	110	185	169	110
94	56	94	31	142	33
168	93	163	99	98	63
35	59	66	181	48	81
66	52	181	115	73	85
23	106	78	152	58	50
101	60	185	173	45	38
102	23	102	180	126	31
35	160	71	187	134	68
28	157	98	116	62	42
123	25	170	170	170	177
107	95	155	42	39	132
59	54	77	85	52	149
127	36	132	71	44	49
41	178	126	57	53	31
166	67	142	189	51	185
52	103	170	74	117	170
31	64	144	174	117	164
31	148	189	112	163	145
131	192	68	151	48	43
31	85	198	46	174	54
87	181	183	37	88	137
108	162	128	37	81	28
88	146	173	116	174	55
30	146	78	21	72	53
97	120	110	174	147	184
81	181	136	55	180	169
151	70	43	170	113	153
86	96	111	36	63	83
166	137	145	147	60	89
30	21	45	82	38	171
22	98	188	24	131	29
198	78	148	186	108	24
164	161	154	99	132	44
117	166	36	146	185	125
45	169	86	88	154	199
57	182	96	113	183	41
68	193	198	65	107	55
185	158	129	166	144	21
156	192	113	153	153	33
136	110	161	150	131	160
117	110	74	177	143	198
33	139	161	185	30	130
66	97	162	138	77	153
167	162	200	109	140	75
49	70	165	84	107	164
50	88	167	111	101	88
113	75	197	39	50	117
29	145	168	109	60	81
36	85	62	126	159	156
67	104	29	194	120	154
91	70	81	93	78	103
70	39	113	67	200	62
166	77	184	175	102	116
40	191	136	36	82	131
184	147	59	67	23	109
134	187	38	56	144	60
55	107	91	156	188	146
93	188	81	83	113	43
112	171	111	26	160	173
78	184	109	131	66	118
28	180	37	106	93	31
46	156	90	173	32	111
47	57	51	80	154	154
147	86	170	117	98	166
85	40	60	94	72	52
140	95	42	105	27	34
179	44	76	60	181	107
108	65	95	76	71	149
155	155	41	22	119	72
113	62	57	188	92	72
111	72	47	126	119	187
82	48	96	175	112	158
178	118	148	63	187	35
75	102	72	63	71	49
111	113	186	57	34	137
168	22	200	83	170	38
50	74	171	82	92	94
117	180	81	79	140	197
31	81	112	103	64	28
60	130	34	111	61	175
189	37	146	54	193	25
82	156	83	76	40	46
51	45	85	135	33	146
98	33	25	76	175	103
41	153	94	29	56	32
129	154	59	74	200	92
171	27	108	146	92	29
158	116	196	172	146	22
136	83	134	112	199	146
162	49	71	187	142	177
63	169	197	89	109	107
58	100	89	80	181	113
87	120	108	32	161	153
109	46	162	55	82	53
143	168	105	89	123	166
134	114	90	104	25	121
110	100	43	141	32	119
71	142	176	129	62	101
123	59	172	88	91	48
151	53	152	150	186	67
91	108	135	185	186	96
103	188	129	22	101	109
150	197	117	166	78	32
141	124	166	29	176	147
23	97	165	120	154	67
194	24	32	111	77	136
198	93	60	164	124	57
74	137	103	51	34	140
142	89	82	129	85	96
190	38	94	138	121	110
112	89	162	98	130	21
147	28	73	21	138	168
119	155	155	153	47	144
187	79	171	103	33	86
101	64	110	67	133	85
144	34	82	109	63	23
91	49	147	76	85	145
174	106	189	98	149	185
160	158	146	109	116	93
120	163	190	74	171	51
165	41	157	175	30	128
130	171	24	128	72	34
190	168	93	149	36	44
98	168	99	108	183	154
140	110	89	124	188	160
106	23	156	118	94	29
128	120	164	34	164	200
104	129	36	117	117	26
161	171	107	158	34	89
41	160	71	46	138	51
142	182	168	93	138	162
158	41	86	47	67	84
167	166	99	75	70	84
177	131	146	171	72	154
104	184	169	141	49	95
53	135	188	154	102	78
163	96	166	41	69	138
86	34	126	162	23	78
92	181	162	121	161	94
188	112	140	44	194	156
198	94	189	94	153	30
180	134	103	162	43	192
198	101	82	40	184	178
180	127	176	124	200	185
106	179	21	150	107	158
164	24	145	152	66	141
127	200	84	47	129	22
159	101	96	56	73	92
60	83	193	127	131	185
121	40	60	40	40	73
125	63	190	39	121	97
94	58	88	152	192	85
193	171	193	196	95	100
155	94	182	52	167	46
59	183	103	94	48	110
94	182	78	85	22	58
22	37	87	124	96	58
175	161	157	78	59	189
21	154	157	36	167	34
180	29	170	29	199	93
40	192	163	143	176	146
100	144	138	153	130	166
157	52	195	115	91	81
44	63	29	60	90	82
164	167	104	163	141	148
119	52	40	35	157	38
68	45	96	124	185	190
106	115	179	143	131	30
99	122	47	92	163	164
178	97	128	139	64	89
145	68	136	122	108	148
140	172	164	159	138	176
62	131	159	100	190	113
66	196	80	66	57	23
121	187	75	107	167	82
115	107	91	51	119	88
119	194	166	84	135	141
120	103	66	135	23	31
100	91	68	112	144	173
103	126	76	33	119	39
47	41	61	195	82	197
125	135	44	124	185	142
57	90	150	170	182	96
200	188	161	200	98	167
108	87	47	132	143	75
153	121	47	135	137	159
185	92	156	122	149	109
35	88	183	156	60	63
47	107	90	55	124	165
86	126	152	126	46	72
115	63	168	98	36	27
112	22	24	71	166	124
84	57	62	166	61	110
131	96	31	145	138	174
121	190	171	63	102	132
72	152	95	42	142	37
141	115	146	23	198	45
84	28	111	65	80	34
90	189	157	120	125	72
119	46	164	120	99	53
144	51	130	115	58	152
126	56	191	149	127	137
187	47	153	61	171	123
54	195	81	183	98	147
101	137	62	127	99	110
106	111	125	98	184	113
100	141	97	108	106	170
105	35	47	90	115	130
177	194	168	21	106	88
54	171	51	53	171	147
58	162	27	127	197	65
137	111	160	51	149	98
199	162	149	37	171	108
78	163	106	195	122	77
77	165	192	56	114	105
125	79	47	180	171	176
200	146	65	119	181	72
177	170	21	61	178	153
161	125	127	94	55	88
134	87	92	28	120	81
67	59	102	162	186	88
75	41	144	162	92	108
181	149	33	47	167	81
87	42	137	158	134	98
192	116	79	152	190	193
36	28	189	54	185	50
113	90	96	148	99	198
60	50	54	52	113	43
43	157	166	68	125	199
38	196	190	46	38	169
176	108	173	24	158	173
119	142	152	46	138	134
90	102	139	181	74	71
53	45	24	33	52	140
129	23	151	50	161	137
23	58	28	54	137	53
57	30	64	199	101	181
54	64	98	90	121	34
83	145	64	165	40	27
140	82	106	118	27	92
60	38	50	106	96	116
121	39	184	91	91	76
107	46	146	80	54	155
118	118	150	72	168	176
152	29	65	96	124	100
177	166	51	41	135	88
148	65	152	185	131	76
82	157	80	134	71	88
164	155	124	27	171	32
23	188	39	28	129	177
122	90	37	51	52	114
66	121	127	181	25	150
130	196	200	100	97	117
152	33	63	91	62	44
91	169	93	75	173	63
86	87	151	55	99	22
28	155	189	126	89	66
45	171	70	44	32	75
99	125	167	147	21	81
62	171	22	135	130	91
181	24	136	113	90	45
125	88	90	56	78	104
59	185	158	83	30	144
105	106	145	198	34	132
128	120	184	173	132	167
175	37	142	99	86	177
47	41	117	155	197	190
170	73	108	28	198	144
81	60	125	170	164	187
141	147	99	90	104	157
99	33	148	77	157	72
70	99	183	90	151	182
156	188	96	166	146	93
71	24	69	104	77	184
106	101	195	73	118	102
66	127	179	82	76	181
122	200	154	46	60	187
199	22	135	54	108	45
147	56	23	130	53	37
48	162	103	131	74	196
81	36	127	93	165	121
85	46	137	156	102	31
200	158	150	172	96	39
32	118	167	44	161	179
128	98	73	103	157	98
141	155	71	27	113	195
124	131	63	29	40	40
74	76	59	146	33	37
177	75	138	85	64	199
27	162	32	72	177	112
116	121	113	156	128	168
178	55	193	137	170	93
148	59	94	106	160	25
93	119	142	126	117	129
154	33	184	71	68	168
129	134	142	90	49	35
117	69	191	88	24	81
80	184	122	198	143	81
35	49	129	24	196	107
96	25	72	148	29	30
31	66	116	133	138	188
122	109	39	150	95	180
110	157	163	33	52	182
54	122	182	144	45	90
190	199	25	73	59	146
80	42	112	181	91	23
29	50	111	146	159	33
141	104	51	200	52	139
136	200	106	194	171	198
125	125	81	48	45	110
49	108	26	154	120	48
85	50	188	117	30	116
182	116	63	189	88	66
98	61	106	125	37	190
98	189	123	22	137	104
170	69	168	189	82	82
83	66	191	193	90	186
183	172	84	98	45	122
69	136	74	73	188	80
149	129	89	193	99	174
138	106	44	166	180	30
145	127	87	134	157	145
105	196	84	65	69	74
196	141	43	108	94	150
195	70	190	33	89	168
63	27	157	151	89	93
117	144	152	89	144	53
24	137	98	196	43	196
98	189	92	126	118	155
186	184	110	118	75	82
109	106	85	74	176	129
192	76	52	130	134	86
152	141	185	150	41	83
150	33	176	180	83	189
58	26	29	137	119	108
115	56	134	108	65	63
187	102	154	139	75	182
21	42	172	161	197	21
69	141	144	82	168	175
51	156	82	192	163	31
39	111	151	124	90	40
140	52	192	175	154	198
34	186	140	93	52	63
32	161	199	108	55	78
177	80	57	93	97	77
95	120	50	44	83	127
64	103	95	165	90	183
70	144	153	199	134	56
196	120	142	174	191	148
171	150	61	108	55	138
145	54	63	31	197	140
183	95	103	54	59	187
86	147	141	143	73	97
148	107	122	117	147	113
87	40	25	151	194	41
59	191	25	115	21	24
23	67	77	122	51	142
151	169	98	119	27	163
81	107	100	192	22	125
49	190	59	41	159	97
30	177	183	90	71	59
38	123	79	26	62	96
166	74	93	129	120	199
71	200	152	24	29	53
100	81	81	188	21	157
191	88	112	58	181	70
113	81	105	71	170	98
82	140	163	41	78	164
194	197	41	68	200	47
131	131	105	146	33	196
136	187	59	165	145	193
42	167	153	65	122	44
156	110	99	51	90	24
185	185	57	100	25	197
76	98	106	54	182	162
149	149	78	180	121	117
24	180	24	164	61	179
125	127	82	116	88	82
170	118	35	55	166	83
143	51	126	106	27	188
104	168	177	91	173	199
136	114	146	181	128	119
156	64	102	98	161	179
42	185	180	56	155	197
172	143	89	131	40	55
193	108	148	162	108	121
137	166	75	141	148	132
75	198	23	198	88	198
197	116	85	177	191	160
199	118	83	138	166	33
124	31	137	200	98	163
117	144	197	79	82	133
123	101	134	60	120	133
98	167	86	130	159	79
198	178	164	52	144	121
34	160	156	185	83	49
83	87	178	168	139	50
91	100	53	112	106	104
144	147	109	162	69	197
131	109	130	135	50	120
158	64	131	126	71	148
95	44	91	44	151	38
136	117	148	97	51	196
195	137	25	72	114	138
57	22	183	80	161	22
79	163	88	83	171	194
199	49	142	29	110	124
154	57	148	51	115	193
48	173	133	115	37	87
107	85	95	40	148	56
67	198	186	84	89	95
165	51	94	197	167	157
69	30	40	60	121	110
101	190	187	170	141	152
22	96	120	67	25	113
100	129	130	124	73	157
185	44	123	98	98	163
27	50	37	144	114	21
62	75	52	100	127	28
187	127	123	85	113	41
180	90	192	94	77	73
38	102	150	153	125	138
119	115	52	132	158	122
74	144	30	56	179	188
35	174	127	81	122	48
170	169	131	33	60	63
120	116	183	173	136	140
193	180	178	64	170	172
80	139	23	99	151	83
41	178	158	101	93	123
124	144	83	55	187	40
65	143	51	97	82	137
64	125	152	43	56	83
39	129	177	177	171	195
71	77	119	38	101	65
64	120	37	112	156	197
58	115	147	173	63	92
183	196	132	99	21	110
32	47	189	33	98	69
109	42	169	149	67	71
108	60	143	115	82	142
80	174	129	29	55	107
94	83	103	181	27	132
127	169	60	134	39	72
39	173	43	84	90	101
125	129	200	91	131	43
69	84	24	169	195	173
94	38	72	80	162	36
70	114	102	153	176	42
109	34	49	105	178	174
120	121	142	172	41	57
194	182	200	125	35	198
94	131	143	187	169	54
143	99	78	174	160	28
43	107	25	190	156	143
32	199	51	135	107	161
50	82	140	160	134	160
21	136	63	38	123	89
25	197	98	87	27	35
118	187	147	145	96	144
148	121	95	109	77	73
91	195	180	95	141	50
107	126	78	89	29	22
129	115	146	125	194	129
152	28	29	55	147	114
163	22	62	168	101	84
43	114	58	194	32	119
82	56	196	124	160	100
85	97	172	24	171	86
155	130	119	52	97	86
106	194	176	193	39	173
42	115	38	55	99	167
73	181	50	26	59	67
52	25	24	138	63	146
115	161	144	108	67	90
53	196	172	21	101	160
190	44	124	79	168	133
26	190	99	77	92	148
50	166	78	22	136	111
145	195	150	107	179	66
166	185	81	165	200	46
35	199	43	64	64	105
133	47	58	115	145	56
132	155	41	100	192	169
175	158	82	105	161	119
30	162	95	141	132	67
174	25	121	158	56	72
185	73	186	29	132	80
42	62	87	71	127	64
156	64	118	189	181	143
78	95	183	35	198	136
52	138	91	50	78	98
64	75	143	54	142	95
163	169	198	21	133	154
130	84	56	194	42	191
116	21	102	41	122	84
63	62	46	57	34	175
126	40	78	140	89	95
197	141	137	127	166	119
143	39	89	138	61	47
140	97	35	199	106	191
45	133	192	156	198	62
169	174	187	27	197	118
134	111	85	49	129	163
101	180	24	197	131	87
172	184	124	182	138	42
122	142	179	166	75	40
66	25	126	122	95	170
66	168	155	110	94	111
165	155	97	174	186	113
53	181	199	125	174	53
109	131	173	141	138	174
48	126	155	92	57	94
160	131	65	141	95	99
141	158	80	148	21	153
132	141	70	48	142	145
34	159	104	181	197	62
50	25	97	93	121	78
100	151	196	148	66	200
198	121	63	153	73	117
101	199	169	138	98	162
113	42	160	37	172	167
141	67	177	147	56	63
122	67	151	65	144	58
129	118	180	192	48	160
34	136	147	193	155	149
171	82	161	186	51	73
196	134	179	61	156	171
92	49	64	24	186	194
24	93	137	72	103	147
142	186	74	62	56	117
177	64	188	67	158	39
97	84	121	156	154	151
172	188	135	137	63	69
196	57	182	159	63	187
35	30	122	190	196	75
70	29	22	122	47	32
29	148	169	81	38	161
89	74	67	177	48	58
90	104	173	177	55	31
62	63	27	113	41	85
146	116	114	179	158	68
167	104	143	34	118	66
63	145	157	51	56	27
154	82	26	85	146	191
191	55	183	121	57	64
36	69	39	50	188	187
193	31	60	148	65	84
135	120	172	117	59	163
34	161	68	198	34	151
121	194	164	35	196	21
193	59	78	131	66	88
121	45	91	122	37	157
97	106	95	152	140	36
138	29	117	110	86	55
88	75	170	43	31	33
181	101	79	170	41	174
186	36	76	70	159	156
99	74	62	37	76	167
119	55	101	43	67	48
114	21	55	144	121	51
31	50	104	143	36	128
115	163	111	87	84	167
73	134	115	149	98	51
105	74	41	157	57	128
115	196	23	62	113	147
193	195	57	127	35	175
119	174	119	29	139	108
80	63	33	183	181	66
117	193	78	72	22	55
26	82	94	49	82	183
160	105	71	158	73	81
26	174	89	128	73	65
197	137	80	58	86	100
162	174	60	65	58	45
98	31	155	121	168	106
186	64	159	149	65	144
25	44	192	46	152	52
140	171	55	48	99	56
22	195	180	55	200	134
42	102	43	138	36	39
86	190	186	58	187	38
166	116	57	94	58	62
136	66	57	169	24	54
99	51	112	100	29	88
157	59	105	99	93	109
35	147	117	163	71	181
94	162	110	184	136	183
91	137	43	35	169	191
109	79	175	74	125	155
67	59	22	100	39	192
148	23	78	73	104	145
84	193	27	197	64	85
105	167	71	190	140	112
182	30	134	124	76	164
119	33	104	122	175	198
118	67	38	30	181	160
32	180	29	133	46	21
161	182	163	162	72	173
83	58	174	108	116	176
58	48	52	146	37	155
164	191	57	183	180	111
141	78	99	114	139	26
162	34	128	199	99	154
83	50	101	50	65	178
194	36	41	27	39	74
72	54	160	172	144	137
143	180	67	73	138	128
187	183	86	22	188	44
157	41	27	105	75	75
87	179	128	187	93	21
99	135	35	21	43	39
46	22	174	82	117	83
92	141	38	58	115	74
156	199	109	185	110	51
119	150	39	136	44	158
166	146	134	31	87	130
33	156	46	126	160	127
183	29	48	155	53	145
143	151	91	112	95	108
67	51	156	138	150	137
39	169	175	152	124	135
21	97	126	112	148	112
164	104	53	104	56	106
180	114	155	101	136	55
110	103	56	146	184	104
39	164	40	158	63	157
170	86	107	169	187	70
38	170	94	91	34	56
87	177	29	200	54	167
78	165	175	166	186	163
80	160	166	109	104	101
47	192	161	49	144	117
42	112	94	193	101	160
166	182	177	189	155	51
114	66	192	138	102	64
150	55	172	69	140	59
198	110	145	188	170	151
178	138	153	182	65	87
60	112	171	143	143	103
58	127	123	127	55	98
191	111	163	140	73	118
176	103	187	96	57	119
121	133	180	68	112	130
41	186	191	94	44	109
81	165	63	185	191	163
196	128	81	89	126	130
123	145	116	42	109	75
37	172	135	88	53	164
103	183	137	28	37	174
177	112	129	66	156	192
93	127	152	124	94	29
136	97	135	25	40	190
38	54	131	70	46	198
189	91	108	200	140	160
59	47	70	29	148	183
55	112	139	25	42	50
166	114	98	99	25	93
36	21	83	199	186	131
141	156	64	136	44	137
104	68	118	175	92	23
187	77	103	87	106	47
86	60	38	147	61	97
53	140	143	137	110	187
191	70	113	42	97	163
154	127	74	102	68	143
120	80	170	195	129	107
145	123	40	29	23	127
21	112	190	98	157	49
91	169	69	180	98	56
87	142	144	72	53	178
155	36	142	134	145	102
98	184	147	26	185	158
126	177	147	144	123	158
188	122	125	146	159	74
183	43	100	31	112	118
126	46	171	164	68	87
91	28	82	96	185	149
177	158	139	177	178	68
82	192	65	130	197	65
177	109	90	103	196	197
72	143	119	94	179	171
127	128	67	169	147	33
90	149	180	68	123	107
22	157	51	159	65	21
26	79	179	70	129	169
133	146	172	159	44	199
88	58	163	40	95	150
112	186	178	72	68	93
25	161	135	161	36	115
58	34	183	191	107	137
100	61	21	139	169	143
29	168	165	190	195	69
126	164	147	147	61	132
179	151	143	118	133	123
127	68	129	69	174	180
166	155	184	149	96	185
178	68	114	48	90	156
115	106	37	97	196	148
67	152	111	28	165	197
156	145	49	116	180	173
30	98	148	117	101	76
199	66	40	137	28	87
81	98	34	140	23	150
24	71	66	113	165	166
110	170	56	119	175	165
40	33	127	137	41	164
26	151	42	134	110	60
64	83	147	84	174	131
197	173	50	60	159	142
154	85	190	32	83	138
59	121	152	90	165	190
150	105	174	139	193	31
26	40	118	48	162	121
116	48	35	112	131	182
187	30	158	173	46	72
34	186	186	179	29	117
29	153	192	125	114	173
196	51	200	60	73	30
113	129	98	189	56	37
32	23	61	75	79	48
52	146	138	49	195	154
186	42	42	188	191	52
108	93	139	77	138	173
166	146	36	181	118	105
147	58	65	143	139	56
137	139	58	132	71	130
68	66	141	147	108	178
113	178	23	86	142	52
104	102	79	156	199	50
87	62	177	29	200	87
59	127	87	53	78	119
188	193	24	32	24	184
85	64	67	40	57	54
59	27	21	106	64	47
56	35	147	178	74	122
59	175	171	171	195	139
102	130	59	94	40	187
111	148	177	42	184	57
135	172	68	57	119	90
60	158	60	113	79	153
91	57	170	124	81	103
117	174	62	190	181	145
166	59	49	189	114	172
76	74	191	42	144	134
45	110	163	175	130	89
99	90	78	171	49	167
60	172	99	76	122	163
49	66	156	178	97	97
42	182	106	178	90	31
49	156	61	148	165	131
23	188	81	109	92	68
35	68	124	73	35	187
38	76	169	185	25	108
145	94	161	129	88	127
119	176	47	32	155	47
102	91	32	46	90	53
106	21	161	129	176	68
192	138	156	36	38	191
104	132	182	179	117	70
85	28	54	171	76	70
40	185	117	142	70	90
139	179	53	179	106	121
174	22	71	94	135	72
192	81	186	69	21	35
75	169	63	143	89	123
197	189	59	132	151	52
158	112	179	191	97	97
88	119	190	150	194	162
164	168	164	135	87	189
63	154	42	65	125	89
156	151	179	133	122	70
114	100	194	146	24	69
131	183	132	53	34	76
157	76	21	35	92	116
26	86	25	34	192	174
126	92	101	189	184	55
94	134	192	23	80	156
45	179	120	44	52	41
63	159	91	63	200	164
63	96	145	31	32	191
92	200	97	96	191	87
132	150	145	108	73	29
69	185	34	155	114	64
35	117	107	32	146	56
62	26	133	193	177	67
106	96	123	170	65	102
124	194	194	171	109	148
91	43	195	130	110	112
49	26	165	27	47	172
54	46	130	197	35	31
176	198	110	161	102	103
140	44	67	187	133	40
128	186	123	169	120	72
46	50	96	170	145	75
158	121	143	117	92	189
55	102	26	143	104	48
135	127	55	105	37	95
142	45	61	168	179	122
196	89	131	28	184	139
192	24	194	31	129	142
131	129	85	51	61	23
142	23	148	126	112	182
132	194	186	108	153	112
136	112	96	90	171	114
112	184	116	137	158	188
70	83	182	70	152	50
128	82	166	144	197	160
49	25	191	140	86	151
99	197	71	164	188	63
107	59	28	93	197	67
35	80	101	115	198	70
119	23	129	28	111	163
44	56	189	180	76	195
199	100	148	79	153	145
67	198	114	136	91	80
24	151	42	166	152	55
107	65	160	188	66	46
139	52	90	102	165	86
47	147	171	69	197	43
49	117	54	197	88	23
105	107	52	61	83	120
74	152	73	52	147	31
122	70	44	65	28	35
127	71	122	21	89	29
32	29	69	168	66	88
98	104	172	144	100	94
195	31	192	129	21	80
164	198	75	92	169	53
149	172	156	152	100	51
130	117	27	83	160	46
94	125	57	123	53	36
100	156	131	142	35	42
199	121	97	108	22	52
154	124	54	199	193	73
93	64	87	161	170	132
62	117	154	154	173	150
40	153	164	160	165	55
191	61	25	139	85	119
116	162	59	168	163	183
51	167	187	200	188	59
172	25	171	169	64	142
60	102	76	67	47	177
172	107	166	116	200	149
187	158	134	103	150	38
180	39	95	85	69	166
149	174	160	83	86	28
146	110	41	33	52	78
145	193	152	187	78	155
65	159	107	184	146	166
80	102	102	28	80	33
34	54	137	24	23	170
116	62	58	47	162	45
192	149	132	137	149	177
31	89	67	75	177	178
151	195	127	100	24	196
101	31	152	150	27	75
166	29	188	192	95	158
158	82	90	105	37	59
70	171	64	154	130	89
181	186	31	61	31	127
181	179	72	195	184	35
172	185	144	28	97	69
93	80	139	66	178	55
45	124	148	175	179	190
101	55	42	100	22	77
157	45	46	175	159	141
84	119	52	57	178	63
89	60	30	107	177	69
52	63	136	25	97	51
117	142	137	151	25	118
161	53	164	172	39	166
118	185	189	123	33	30
57	114	176	187	47	133
157	142	101	174	36	124
39	73	148	132	29	147
77	67	188	105	124	158
142	184	94	100	84	44
33	160	55	28	100	57
189	50	105	156	101	197
122	67	146	100	151	196
130	24	125	189	177	70
158	178	44	92	160	134
154	149	85	39	46	132
82	66	136	91	55	42
80	119	157	152	67	42
50	159	182	117	174	133
142	35	91	162	185	107
149	80	188	103	65	137
107	160	167	170	43	134
138	102	167	42	161	82
21	21	34	108	170	124
179	170	53	166	160	164
139	71	177	182	162	96
173	110	62	154	195	127
48	170	195	132	181	52
66	200	105	194	36	51
109	170	121	98	24	22
114	200	43	30	181	76
111	51	170	84	25	179
132	64	178	121	100	90
124	153	82	193	160	88
70	167	135	35	38	155
107	135	198	146	33	152
45	56	88	136	151	93
33	133	119	109	126	97
149	98	74	183	62	75
119	34	179	155	88	28
53	193	90	196	111	179
117	95	64	154	144	170
25	65	163	132	42	24
134	84	143	95	119	48
198	97	139	60	142	86
143	177	131	77	82	53
121	104	129	62	33	146
110	104	88	28	109	111
138	193	106	197	99	158
158	41	31	38	145	53
90	76	148	23	148	24
74	56	125	137	112	132
157	178	141	27	80	64
166	65	34	154	77	58
24	178	59	38	73	77
141	87	36	89	46	59
83	93	117	185	145	61
171	113	161	131	139	154
189	54	181	183	79	195
195	94	38	147	168	128
55	70	74	67	43	22
124	101	140	131	150	143
121	48	158	72	37	89
85	110	90	125	155	175
78	121	145	145	181	95
101	170	38	106	161	190
90	198	30	33	192	184
127	69	152	85	165	142
79	186	80	43	87	31
148	42	25	102	102	109
188	30	32	183	109	196
200	106	63	159	139	114
91	46	82	70	163	84
51	170	158	34	193	38
75	125	167	184	183	175
165	160	160	188	75	194
57	169	110	161	113	164
48	192	177	25	44	102
62	76	63	159	200	34
168	194	187	157	158	111
40	171	42	51	140	62
70	189	24	43	40	159
39	175	186	31	118	109
95	134	91	164	169	130
174	179	129	193	47	170
35	50	111	154	183	55
56	171	120	25	152	53
29	134	148	44	158	185
187	146	63	105	165	113
54	76	102	169	149	103
101	154	36	181	91	22
24	40	127	180	22	90
66	172	175	145	86	193
141	142	53	155	167	103
144	157	138	54	135	119
107	49	23	119	132	100
112	71	49	169	32	57
164	92	76	72	153	51
168	34	93	46	110	188
147	93	191	47	188	150
197	144	81	128	94	92
55	48	107	129	38	191
171	168	192	124	148	148
155	35	191	147	120	103
153	122	174	177	45	106
54	51	161	50	42	113
137	189	38	28	165	111
114	194	68	129	99	102
90	157	128	39	154	83
158	126	86	57	181	64
57	74	133	131	109	53
43	122	96	159	186	30
35	89	32	164	43	139
51	133	25	32	142	31
51	115	141	179	41	143
67	147	32	196	42	103
95	173	119	111	154	130
199	115	117	67	118	128
159	59	178	109	153	89
184	63	37	130	116	197
192	69	38	62	148	73
27	93	158	143	30	152
74	93	106	93	103	166
60	139	148	109	176	72
59	140	122	195	65	75
78	168	91	68	190	29
154	64	117	142	23	100
59	194	157	198	189	70
111	46	196	168	149	157
157	109	187	175	102	118
150	145	23	56	41	121
161	48	45	95	84	31
199	132	95	44	79	99
132	147	128	74	119	165
160	169	92	174	84	185
58	190	133	118	135	56
138	162	132	116	54	107
128	133	82	128	165	153
56	198	95	121	83	33
152	115	144	149	74	170
90	57	132	155	117	199
60	145	123	28	116	101
169	51	35	199	138	167
128	89	125	142	123	102
44	75	39	59	103	75
92	136	134	22	102	55
143	81	33	64	94	39
171	56	55	35	110	42
136	177	157	149	96	22
29	128	161	168	103	150
30	84	59	83	198	139
63	82	198	132	133	113
187	86	185	194	77	184
198	131	183	23	179	26
75	95	134	103	165	193
107	200	147	186	59	131
69	109	85	196	102	123
64	94	28	94	112	62
197	88	166	127	192	175
100	97	134	102	164	92
113	82	76	25	141	91
59	63	24	55	101	146
187	100	173	58	151	70
50	141	195	193	128	127
71	177	47	62	157	105
29	187	61	166	189	164
122	26	53	134	84	95
124	199	36	73	199	160
189	76	62	147	110	62
108	164	133	111	141	166
48	163	36	88	137	75
181	76	44	42	182	76
38	124	193	73	75	99
113	158	49	143	103	65
31	41	101	148	87	46
25	154	139	77	174	84
43	98	69	83	183	66
49	65	154	160	22	174
93	159	80	37	145	28
52	177	94	147	30	123
145	93	48	110	98	191
183	190	86	42	39	110
85	118	135	76	74	145
22	131	147	145	176	35
128	77	190	179	103	114
98	183	65	191	118	147
59	144	177	128	101	197
196	144	57	142	146	28
92	24	39	157	175	80
95	140	137	190	94	93
85	186	45	68	85	76
31	76	124	23	72	141
130	123	41	67	125	75
54	133	54	34	192	56
150	121	125	90	143	49
81	28	156	32	153	187
190	159	105	30	42	120
183	28	67	36	79	153
24	181	29	67	119	104
146	128	193	147	188	173
181	154	42	33	41	66
144	100	55	148	74	74
45	54	23	86	31	22
123	126	144	30	103	116
159	72	22	108	68	161
25	119	66	24	147	63
79	26	32	93	135	58
186	51	54	49	70	78
164	27	145	103	56	142
70	87	137	162	42	25
80	49	109	76	115	158
142	196	106	71	71	45
136	188	176	80	62	197
190	67	177	71	179	32
64	129	180	81	92	171
167	113	80	31	139	132
91	95	158	100	173	97
88	116	70	172	35	90
123	40	164	140	173	58
81	182	74	154	52	92
140	52	126	109	191	32
54	79	173	134	81	46
82	44	68	165	56	151
30	116	178	65	41	195
94	32	168	126	61	125
90	39	119	107	124	172
192	124	164	198	185	170
165	85	41	125	139	38
67	171	136	135	57	187
94	150	125	51	88	186
23	44	137	136	100	95
142	51	92	141	60	185
33	158	146	183	55	198
63	45	76	151	89	167
46	126	100	76	72	44
118	146	179	35	66	116
96	28	198	149	173	22
170	61	125	193	21	127
196	28	172	175	49	61
164	95	32	31	112	140
86	39	154	158	164	24
39	173	196	148	163	28
91	74	51	89	170	81
148	167	94	62	101	34
120	24	40	65	61	168
68	36	54	153	171	35
26	105	28	135	80	101
59	151	95	167	131	86
90	142	185	24	105	70
54	186	112	138	34	187
25	35	197	93	101	58
178	129	151	141	30	152
29	126	27	193	40	185
157	104	140	70	102	161
52	150	199	141	142	195
180	26	80	49	55	90
152	69	33	184	88	144
98	131	188	199	134	42
138	185	76	62	32	85
160	115	192	43	117	99
141	131	43	69	169	61
145	131	147	119	86	196
91	82	49	166	41	21
135	165	45	88	199	47
153	194	156	62	22	104
108	116	80	190	103	133
144	179	49	125	132	142
49	91	132	85	166	193
120	154	174	193	56	142
55	103	184	152	40	139
94	49	142	67	191	54
136	126	66	100	104	111
151	130	79	171	58	43
23	54	40	91	131	169
66	131	169	186	98	137
137	156	91	60	193	121
194	110	34	197	101	172
36	155	91	187	125	64
85	87	167	100	36	79
118	133	66	65	92	79
78	123	181	71	167	149
24	139	192	114	148	154
199	191	196	158	153	129
160	103	91	47	111	127
37	196	132	36	40	74
112	47	21	166	164	178
39	157	178	76	188	119
52	91	143	108	175	24
65	104	46	199	104	142
78	145	21	96	196	23
136	167	53	185	132	126
94	60	22	154	80	118
22	141	94	33	93	102
47	82	192	115	62	127
76	79	58	169	167	165
148	159	161	188	98	48
194	39	66	114	51	43
75	75	126	192	60	188
129	128	155	35	129	148
153	191	90	159	51	170
43	190	110	199	67	148
74	103	60	80	100	126
124	50	150	84	29	96
105	118	133	67	105	41
136	74	109	25	188	125
46	103	69	85	73	30
160	80	162	123	95	89
199	74	194	73	67	56
195	73	193	154	175	80
148	161	37	135	112	177
54	44	145	189	93	66
90	100	23	195	35	178
64	185	45	162	103	121
95	83	153	70	125	112
168	191	103	184	53	170
149	128	88	152	30	24
193	167	109	39	198	160
163	24	171	196	79	120
93	167	129	200	49	145
148	160	76	80	160	181
124	186	41	93	83	143
63	109	79	72	60	43
196	84	169	72	35	81
49	105	137	56	79	152
177	21	93	55	141	177
163	146	46	162	94	175
148	112	118	140	147	173
161	55	194	190	128	62
82	191	69	73	196	126
121	115	153	199	150	110
192	139	119	198	192	105
34	179	62	116	26	23
77	24	188	194	173	45
27	151	143	178	159	70
37	122	107	50	61	50
182	171	193	198	93	199
130	30	93	125	198	140
140	192	182	46	194	183
28	66	130	106	115	123
101	86	175	131	144	54
105	200	164	78	177	156
64	169	157	157	119	84
172	96	130	123	82	177
66	48	58	136	140	44
29	74	61	72	181	96
112	45	24	82	22	149
137	198	28	153	49	199
113	197	80	162	164	97
188	23	195	24	41	108
170	99	29	165	85	135
38	69	191	165	142	181
31	66	189	155	97	59
78	148	200	194	88	187
163	114	151	70	106	69
83	130	133	112	63	157
166	162	36	132	82	57
79	186	200	186	54	127
43	188	150	180	112	141
58	150	142	141	107	182
125	53	41	56	45	93
44	69	21	125	171	136
77	72	94	184	67	184
130	84	78	176	79	121
65	186	115	94	141	51
120	137	33	56	84	103
159	151	195	23	121	47
89	110	44	53	100	134
41	177	144	193	40	170
97	175	150	27	66	53
72	154	75	161	59	177
44	39	83	185	182	111
79	181	84	100	28	140
100	128	29	186	194	89
81	158	189	97	186	123
172	30	41	104	136	80
145	27	35	183	60	135
84	144	113	194	172	94
107	99	199	28	119	48
184	130	154	25	116	78
137	33	176	132	196	195
198	67	132	114	155	45
173	112	135	131	92	62
51	30	108	121	31	39
122	93	40	42	155	157
75	42	156	179	113	199
56	88	155	108	193	161
91	47	58	57	114	68
113	54	153	178	52	104
164	191	171	59	47	52
118	75	187	90	83	129
86	28	61	176	63	98
161	158	52	64	51	161
146	94	110	136	98	197
62	167	149	111	22	174
188	66	93	104	171	188
33	183	90	38	198	55
197	179	183	82	139	155
190	90	174	64	83	92
164	24	131	110	63	33
112	151	43	176	198	109
146	66	34	181	83	22
49	48	146	112	195	58
68	181	174	30	163	65
189	191	193	159	75	32
188	50	183	138	195	115
119	117	86	57	184	179
93	22	70	193	71	143
113	54	141	199	126	31
160	39	83	24	101	31
81	31	160	180	171	42
132	70	27	24	176	189
42	100	93	84	32	181
136	77	168	84	100	129
185	33	122	102	156	42
94	73	106	185	181	55
133	97	178	91	108	192
200	110	182	126	157	30
192	70	114	138	185	79
98	189	142	149	51	66
38	189	124	37	47	161
120	182	26	95	157	185
48	79	151	37	63	66
174	156	60	192	102	167
157	106	34	140	130	190
125	48	113	179	45	67
102	192	98	134	194	100
150	97	61	143	89	28
47	38	56	142	28	163
43	184	184	43	148	193
82	198	150	171	60	139
127	158	120	143	99	168
56	74	67	119	37	108
174	196	92	126	122	52
156	171	198	188	31	192
23	182	109	114	44	134
188	43	180	41	125	74
197	152	186	166	100	27
50	117	147	77	90	122
80	191	89	21	90	196
165	190	99	73	173	24
117	198	57	71	23	198
29	99	74	45	73	43
84	166	116	195	95	50
162	126	44	67	163	151
56	198	137	44	71	76
110	107	197	176	173	50
197	192	161	62	78	95
62	183	132	122	119	44
48	32	41	58	167	77
135	184	196	184	166	64
133	184	101	162	47	137
149	51	194	51	128	171
37	79	194	143	169	125
163	76	90	196	84	190
113	149	143	195	45	77
72	76	68	66	80	189
93	93	120	155	144	86
108	133	104	187	84	135
53	99	154	136	55	65
45	84	118	139	200	120
182	78	159	115	160	140
159	151	138	148	177	110
130	151	87	56	72	106
38	125	56	26	30	95
42	163	170	68	134	94
197	67	62	55	113	87
124	34	187	66	84	56
109	70	39	101	151	23
166	92	198	127	199	173
31	86	132	72	75	197
79	37	184	49	103	118
80	121	160	82	40	79
30	98	81	53	67	146
135	154	171	193	150	131
107	171	143	174	37	133
117	165	122	170	184	56
25	37	131	116	129	23
57	65	121	80	35	117
42	121	119	152	39	124
44	147	177	190	105	72
199	23	107	156	137	58
153	73	53	46	50	65
69	166	111	181	83	98
197	132	127	183	36	150
166	91	42	129	49	123
26	167	137	169	131	110
199	159	112	105	115	88
150	182	61	51	164	135
163	117	40	129	109	136
138	116	92	27	90	199
88	162	190	47	90	77
69	42	138	116	39	192
175	63	28	64	56	49
133	118	93	196	127	98
122	190	199	135	35	152
194	100	191	63	145	157
94	26	179	187	186	176
81	190	163	92	82	127
22	92	164	143	77	101
107	130	104	119	189	158
60	119	27	194	136	178
75	23	53	93	49	92
132	178	111	31	193	173
42	66	53	48	38	163
166	58	110	137	61	74
163	130	168	56	120	192
199	48	59	64	124	181
50	117	38	64	23	127
88	127	188	81	85	142
108	119	105	55	90	108
171	26	106	34	128	135
190	72	134	152	85	87
185	43	44	162	64	62
59	86	23	198	176	105
137	101	64	155	22	52
147	27	46	156	165	148
161	157	152	113	39	73
78	39	136	163	22	35
64	125	112	27	55	123
131	168	97	143	148	177
101	186	187	47	116	149
186	91	134	121	122	38
104	77	172	128	57	32
169	175	57	69	49	190
98	118	82	24	47	41
188	117	65	157	188	57
171	114	38	150	133	90
175	178	187	50	137	93
99	176	147	88	122	103
195	49	36	121	47	41
60	146	177	78	156	120
110	178	126	110	111	70
197	81	161	193	64	26
42	159	38	34	185	46
95	42	54	168	68	86
39	99	182	29	180	24
131	161	118	106	191	145
93	182	87	24	56	127
160	120	88	125	31	129
189	48	137	120	118	29
108	140	162	163	72	86
141	108	41	81	169	132
140	199	162	49	110	86
43	67	71	93	34	108
71	46	174	160	149	107
193	24	133	168	167	186
96	153	37	166	184	117
37	25	199	70	34	145
194	40	48	86	83	175
197	36	190	175	117	57
92	79	155	122	88	92
126	128	174	192	96	111
199	23	173	79	158	71
161	102	61	142	163	92
133	148	100	91	196	186
114	195	172	170	37	165
131	134	148	174	75	68
105	118	170	86	125	92
39	32	109	22	34	41
171	164	193	75	120	183
97	30	125	178	48	28
173	103	107	127	81	144
88	102	83	132	87	101
162	162	192	185	79	61
109	178	71	105	35	44
56	109	64	151	82	61
77	120	58	125	134	37
169	193	71	96	178	188
138	73	136	143	199	132
71	124	128	178	92	121
71	58	181	119	40	43
195	156	71	200	165	143
118	181	177	43	114	176
167	56	159	120	88	80
156	101	118	163	183	158
114	144	147	115	128	59
32	76	43	87	26	38
120	153	86	91	99	125
79	42	197	55	96	177
162	195	102	118	70	188
102	198	29	21	145	77
157	83	73	67	44	54
61	155	30	157	102	160
69	118	147	104	76	101
175	53	95	180	49	141
51	146	22	138	191	158
25	51	89	200	179	146
189	39	131	148	58	126
162	83	173	192	168	182
145	143	58	163	132	34
120	178	96	64	173	143
55	173	165	49	185	136
62	82	141	51	42	92
199	48	63	131	159	114
68	179	133	86	152	130
68	106	152	67	53	117
61	35	173	151	174	25
31	92	70	98	165	192
44	49	131	35	47	30
42	49	56	113	151	132
96	71	162	122	92	21
34	153	155	49	98	118
50	134	153	46	99	123
195	155	164	41	47	51
145	24	195	159	124	64
169	104	186	93	93	106
196	51	168	144	60	115
31	147	149	133	126	62
21	197	187	78	105	65
111	28	91	63	120	149
177	117	182	193	42	163
154	120	138	41	114	83
114	193	175	26	27	145
185	123	86	33	51	118
184	54	172	38	134	146
102	155	106	71	41	145
106	198	60	34	86	161
42	95	51	129	127	73
71	75	127	200	152	108
48	160	121	31	106	139
121	91	145	36	187	44
106	199	39	52	54	33
36	127	170	199	78	98
121	138	97	128	68	39
73	82	189	190	110	54
71	185	179	181	42	97
121	67	39	81	167	75
146	86	129	124	140	156
127	69	80	123	77	25
191	141	83	164	182	81
150	138	100	96	68	65
58	124	157	119	154	70
129	55	88	24	113	148
125	23	50	66	128	124
26	81	157	100	66	47
73	65	124	84	89	102
160	175	161	34	95	197
160	200	37	70	104	133
135	145	155	183	142	74
200	149	25	50	143	193
175	197	154	169	124	151
179	122	49	50	182	126
175	82	198	52	142	110
26	129	108	24	43	154
160	154	81	28	53	22
163	153	88	96	180	34
128	53	105	196	67	110
164	122	173	70	148	75
84	196	176	111	29	178
126	68	189	147	197	58
48	82	31	123	63	164
116	54	26	197	183	129
86	85	179	51	64	131
163	59	23	129	33	113
174	91	164	91	172	21
177	100	103	21	184	70
135	137	197	48	91	87
113	63	96	199	79	154
42	78	161	106	133	84
148	94	54	67	59	46
107	111	27	95	174	48
117	73	37	137	110	87
74	95	154	129	36	103
69	36	31	146	89	23
136	185	88	188	189	25
54	127	111	94	179	148
137	84	41	129	121	166
69	193	117	157	52	38
163	39	72	145	178	106
80	84	111	108	45	146
150	84	41	53	163	140
77	110	190	90	40	162
41	140	129	51	97	87
127	188	142	87	21	124
69	24	61	97	32	102
75	105	26	156	77	113
111	166	66	32	136	174
66	90	176	200	33	89
47	54	130	159	43	23
139	61	97	103	183	164
187	59	24	123	70	104
111	127	112	123	137	32
71	182	95	146	44	23
163	54	188	120	137	191
133	182	81	195	181	160
115	65	38	129	190	40
171	122	69	27	152	127
139	85	193	114	189	96
132	25	54	52	137	80
171	117	23	43	184	175
159	107	137	130	154	170
123	84	34	82	111	138
88	179	105	70	151	106
110	90	87	57	189	51
127	188	32	62	183	80
22	96	198	79	146	52
35	142	91	23	33	37
25	150	102	71	131	99
119	98	157	43	157	73
200	145	24	80	112	189
79	100	125	69	58	151
40	183	93	173	46	129
86	46	126	192	190	144
107	159	178	190	25	83
128	112	74	36	67	89
196	67	159	151	173	111
64	128	162	25	113	156
127	196	47	141	118	58
85	152	162	144	53	161
181	148	157	38	183	37
92	69	173	84	43	149
162	53	165	149	97	78
105	133	81	187	177	102
193	116	90	146	164	56
92	49	180	35	48	73
72	120	44	46	65	63
147	40	82	190	65	178
172	21	97	96	171	85
158	178	54	114	134	49
54	148	126	130	33	80
108	143	117	28	54	168
192	72	153	57	168	41
100	60	141	123	97	178
168	195	60	45	51	37
62	171	92	147	180	87
78	123	75	180	29	168
75	64	183	128	148	44
149	135	149	78	191	113
110	42	98	128	172	161
100	75	122	129	170	159
110	117	48	32	21	140
176	187	91	50	195	185
187	66	120	44	72	50
45	30	25	170	130	69
34	120	53	22	119	60
117	130	198	65	200	68
90	169	169	52	93	69
177	72	99	198	169	115
113	107	149	122	119	38
70	67	166	177	146	175
34	40	169	177	180	107
118	105	106	110	160	59
84	40	22	73	45	123
50	67	69	34	160	191
94	47	168	101	76	175
169	81	177	37	144	91
167	176	138	30	108	24
60	72	143	62	179	27
44	179	112	177	176	187
180	97	58	94	94	131
21	26	182	140	190	179
76	31	51	190	24	124
28	92	104	103	31	129
167	121	184	76	87	53
140	44	177	88	54	153
124	94	139	179	182	154
176	72	159	198	170	33
120	156	21	22	81	150
75	139	192	100	183	49
38	150	100	162	36	184
39	23	22	81	28	106
121	199	177	196	186	32
74	200	66	26	104	200
177	97	57	25	125	62
178	165	100	94	33	85
38	75	151	182	93	119
40	175	123	67	140	86
33	75	35	27	129	94
137	94	63	98	55	138
163	173	85	36	78	101
140	179	65	148	134	82
76	51	26	188	98	183
111	84	25	65	65	198
60	55	116	29	135	90
190	193	117	173	136	180
106	190	104	70	153	163
40	60	126	125	39	64
70	184	95	151	58	53
39	78	128	184	81	26
175	128	170	172	123	199
105	36	23	162	41	40
36	30	80	106	121	79
83	35	152	126	80	176
57	23	125	71	127	35
175	113	82	170	43	44
116	123	194	193	131	184
141	119	174	46	57	146
186	138	152	91	31	189
99	114	196	94	139	187
114	31	183	68	31	73
89	98	35	120	137	113
139	56	179	37	51	103
124	129	182	136	119	129
72	185	90	40	25	169
89	137	126	86	103	129
39	42	85	110	33	25
71	96	57	121	189	110
162	63	57	140	39	101
130	149	176	101	50	176
90	186	160	88	150	82
30	135	102	148	112	66
144	96	35	71	36	21
22	190	64	148	74	100
97	46	141	140	133	190
144	166	60	53	58	71
179	180	79	197	128	139
50	126	67	82	124	197
89	40	104	183	133	59
134	165	145	102	145	63
24	129	103	65	113	158
126	119	103	141	104	170
54	114	188	166	195	61
27	167	140	23	137	34
147	61	70	157	165	34
124	191	115	141	97	74
93	29	171	42	100	108
71	62	165	79	171	165
177	46	148	32	78	47
124	29	183	191	95	48
155	185	95	200	114	92
78	112	136	35	139	176
71	149	75	200	149	159
98	61	118	43	119	172
200	171	95	157	22	171
60	184	98	110	118	31
79	150	45	96	179	24
27	48	183	155	156	105
145	116	177	101	142	119
36	89	135	97	63	85
68	50	84	108	66	144
125	112	99	119	102	94
96	123	32	55	172	146
75	193	153	121	54	193
195	133	187	34	39	32
51	103	190	116	186	142
92	29	136	107	67	98
92	200	131	136	54	97
26	87	137	30	141	146
95	178	70	113	113	108
52	33	56	27	22	194
78	37	46	89	130	56
161	199	132	93	65	71
103	98	41	74	86	199
42	69	172	34	125	166
44	142	99	46	45	100
159	184	135	95	31	148
116	64	70	34	93	98
154	174	138	55	59	155
69	170	41	123	200	145
85	105	142	80	195	71
147	35	106	146	150	30
169	177	31	56	90	161
58	28	177	184	55	115
196	125	30	34	81	113
168	68	197	200	189	177
52	148	78	121	64	180
140	90	127	86	51	154
176	58	55	63	162	55
180	41	55	96	39	98
33	57	108	160	147	36
116	62	157	135	129	119
177	92	39	119	100	46
88	193	108	69	131	81
57	40	91	44	195	24
82	78	112	134	107	21
147	81	33	199	63	92
39	25	39	146	100	78
117	37	131	74	128	46
92	115	107	52	39	68
96	55	53	148	32	179
194	175	182	72	80	100
174	125	184	136	58	71
184	183	194	113	166	98
30	69	97	52	68	158
127	98	86	44	139	125
166	33	56	65	142	104
174	120	47	77	166	43
56	114	117	161	29	178
60	110	132	64	152	53
144	120	198	142	108	170
61	107	168	142	128	90
70	43	189	124	106	183
182	64	34	116	137	138
148	133	87	104	88	162
146	170	176	181	108	41
125	84	146	30	121	41
167	140	91	145	55	196
149	188	150	47	177	149
50	148	48	115	168	133
114	168	138	125	163	162
69	41	80	139	184	46
72	132	67	79	67	130
146	54	51	158	168	86
184	92	65	79	137	107
67	104	26	64	52	59
87	71	109	112	159	40
119	58	42	127	134	55
51	161	114	132	50	47
49	111	150	29	25	93
93	199	148	184	160	38
197	131	167	164	89	37
86	160	26	186	107	126
190	152	167	49	74	174
159	116	167	158	42	185
94	79	197	184	36	64
69	45	124	150	56	77
121	50	38	64	38	96
42	78	82	151	147	60
159	86	80	164	64	25
58	127	106	193	110	56
160	178	72	168	101	122
174	154	145	32	198	99
199	157	156	90	159	124
128	71	117	61	81	146
38	145	181	61	139	144
112	85	92	187	155	42
52	95	150	58	93	197
58	137	78	39	130	23
158	189	155	97	170	25
101	26	54	95	122	152
126	136	51	64	109	86
65	89	131	53	43	31
135	110	157	154	26	143
38	78	36	29	186	26
150	133	23	70	181	34
21	24	52	172	182	133
195	116	161	175	107	40
144	113	158	26	73	49
180	52	145	120	112	54
167	160	136	198	174	75
75	25	104	143	92	79
83	165	92	111	134	157
22	177	77	151	87	35
122	165	158	114	170	126
52	66	157	65	153	68
24	28	122	166	170	180
25	92	151	43	125	133
161	77	152	67	112	115
173	75	111	44	58	122
23	84	179	52	160	91
171	176	34	141	139	39
122	32	50	192	147	26
186	81	109	121	22	197
117	110	24	30	99	134
117	85	79	142	179	80
135	100	64	130	124	177
53	167	162	28	65	106
167	189	80	180	116	78
133	129	170	28	55	110
103	95	166	41	186	149
185	173	80	191	66	85
88	170	61	97	73	182
40	113	96	49	54	150
159	74	25	121	74	147
49	56	159	127	172	63
161	94	78	104	85	95
80	123	81	158	78	149
29	72	112	107	157	86
104	111	43	173	122	163
47	152	32	129	105	157
97	37	198	91	111	143
51	138	49	179	54	31
178	177	32	163	145	74
165	59	55	141	143	124
159	63	99	124	35	182
67	176	95	48	146	30
193	147	103	132	71	34
107	144	147	148	119	161
41	130	198	66	72	93
107	60	135	29	53	122
179	47	140	34	140	179
164	134	118	186	185	68
126	190	111	134	139	99
22	70	145	147	130	120
47	189	95	106	103	46
113	121	108	156	137	150
199	99	64	56	200	28
85	136	169	114	171	86
101	186	140	130	142	48
177	116	200	179	96	186
146	43	134	45	134	142
132	35	138	45	143	187
169	195	142	26	182	108
90	27	34	114	117	84
182	130	123	29	24	153
83	104	82	117	94	90
62	113	108	176	139	115
111	80	40	200	46	81
95	154	160	110	122	130
195	84	200	115	102	23
159	178	150	119	175	175
145	97	90	148	47	129
118	70	143	55	147	149
188	77	188	40	98	126
172	28	113	181	167	112
28	124	58	80	21	24
155	93	25	140	189	89
172	65	30	76	52	96
29	150	106	34	190	159
133	190	72	146	122	91
199	38	196	135	43	131
36	85	92	36	33	43
69	126	54	189	67	78
156	175	88	161	27	189
129	182	161	46	30	145
187	110	29	24	84	68
79	151	139	64	59	186
106	53	109	59	62	130
130	67	170	174	76	60
28	125	47	137	28	31
176	81	51	93	103	190
80	178	107	187	111	143
147	51	119	38	196	142
117	121	61	164	73	88
83	72	79	59	38	99
30	50	54	28	23	60
101	163	146	137	144	29
106	77	180	131	112	134
80	115	107	105	97	21
48	173	41	155	66	163
133	158	66	108	49	150
72	142	110	39	130	61
115	40	25	188	169	121
189	145	99	187	46	119
80	108	105	37	154	108
21	166	34	104	33	146
128	43	185	153	180	133
54	154	22	70	39	69
50	63	26	85	58	152
195	178	127	164	57	191
29	149	100	35	53	122
100	190	115	183	174	178
133	172	109	30	106	142
155	75	83	194	21	25
167	164	23	79	149	200
153	115	145	135	64	131
123	136	44	150	38	125
138	164	65	121	179	183
189	144	133	122	82	87
33	61	98	24	171	141
145	64	65	114	77	139
44	122	145	193	65	67
115	110	161	60	134	180
87	95	185	140	146	94
152	32	182	44	54	36
191	98	23	138	189	66
92	139	199	141	108	159
159	39	132	127	197	155
128	184	42	161	66	109
37	182	118	49	167	92
36	149	185	80	86	40
57	128	114	140	63	65
160	200	188	105	179	156
85	60	105	170	197	165
198	145	185	34	154	174
61	82	198	176	108	196
144	133	24	146	132	24
85	68	65	69	149	127
27	28	186	22	25	141
162	105	91	128	123	32
65	37	135	181	58	95
120	147	93	110	96	83
168	172	144	87	196	107
159	138	188	124	146	38
145	179	182	162	97	142
39	88	169	55	156	24
148	181	170	144	105	42
108	121	116	200	160	115
139	186	183	93	144	177
56	197	117	115	177	168
194	67	58	172	87	144
126	29	197	188	181	63
60	162	113	188	105	176
150	59	47	37	140	99
93	161	69	139	103	52
145	143	98	38	36	120
147	184	125	139	74	86
113	81	88	139	189	28
27	36	57	153	183	37
58	190	52	147	91	34
116	181	157	133	52	124
65	41	179	148	108	67
22	149	96	117	199	132
114	44	43	183	181	52
125	153	175	44	98	87
91	61	60	89	53	116
75	145	56	94	59	42
28	41	105	191	199	134
93	159	174	63	80	153
198	183	101	66	24	70
132	193	109	196	48	65
36	57	101	66	176	178
117	71	86	88	177	138
89	66	27	108	151	191
125	41	107	43	135	172
148	169	96	86	96	156
170	151	47	24	122	117
180	164	111	147	34	179
110	171	43	88	69	147
27	53	79	84	77	34
71	137	75	22	187	30
75	164	25	46	168	80
188	92	42	50	186	28
175	25	176	109	134	63
22	189	37	47	110	170
139	86	33	107	94	121
200	121	154	162	199	148
171	21	36	79	99	78
103	35	77	158	190	36
103	114	39	133	150	158
115	188	63	182	144	59
53	137	164	94	163	59
22	135	197	113	40	127
59	124	107	129	82	32
147	154	62	38	24	87
35	76	24	187	83	135
91	89	58	41	102	68
155	27	111	22	82	144
140	103	156	176	144	144
134	60	64	107	166	74
148	184	86	136	31	112
44	68	74	200	123	24
44	169	68	138	195	134
141	154	150	32	122	88
153	102	168	134	97	25
168	157	109	40	98	185
108	42	147	194	43	101
76	141	162	37	122	192
80	178	194	81	63	146
85	136	44	142	114	33
98	173	137	103	101	191
186	200	151	44	193	146
91	90	96	127	76	132
66	61	32	79	22	42
37	185	119	107	87	46
29	195	59	75	109	77
56	36	164	80	45	60
62	102	154	68	45	95
157	101	179	27	85	88
133	25	54	68	29	145
88	184	74	68	185	65
162	31	73	121	98	143
200	165	150	74	143	33
184	103	73	182	57	45
170	54	116	45	171	149
78	174	143	97	42	163
193	121	63	30	53	193
146	58	28	76	124	151
116	61	43	68	200	108
156	140	42	59	51	78
64	104	161	37	90	176
165	100	146	200	162	102
92	53	125	33	74	127
41	51	56	47	123	105
134	135	123	61	21	102
26	152	30	110	50	122
73	180	163	110	147	171
180	111	46	190	29	172
118	182	91	106	154	119
39	21	130	170	191	26
187	94	194	124	116	70
38	30	88	92	200	166
153	163	54	144	67	155
99	55	195	66	89	134
106	97	111	115	189	29
93	28	130	101	129	37
196	61	184	61	126	123
47	111	80	174	134	103
92	179	129	150	140	136
170	124	180	71	94	156
138	127	57	125	60	144
23	191	181	157	164	147
130	33	49	27	141	139
73	179	75	44	78	61
91	68	75	21	123	175
160	43	198	149	160	88
135	94	29	168	42	167
34	44	118	34	138	138
80	43	27	35	135	84
81	22	105	51	114	100
186	155	112	127	21	113
117	55	162	101	78	40
22	36	196	88	194	146
139	76	21	114	187	44
81	116	47	146	63	184
129	39	58	99	62	76
190	156	194	173	26	42
119	109	128	196	176	74
58	150	70	162	177	180
186	166	126	72	31	26
197	61	188	199	159	106
95	161	191	107	176	94
117	147	93	115	186	131
84	195	119	115	156	38
61	140	132	135	188	34
177	141	113	38	138	153
40	167	178	76	140	142
124	157	78	191	156	142
52	117	169	29	28	56
25	194	184	113	153	67
186	34	86	127	113	22
115	44	132	158	124	37
120	43	57	111	100	128
138	143	47	131	151	144
137	96	157	24	140	130
199	190	164	22	67	130
143	106	160	169	37	79
24	88	129	160	60	65
48	196	125	29	165	105
158	40	22	172	168	102
64	41	26	77	166	56
89	47	61	31	178	99
40	53	186	59	130	87
189	31	47	145	92	142
175	190	134	133	83	64
90	114	44	182	22	131
21	110	114	79	33	97
145	132	163	35	170	108
22	138	176	129	21	152
125	200	132	153	113	159
175	123	38	191	133	75
96	45	146	47	180	182
198	166	194	131	64	68
189	68	21	75	157	101
25	35	164	115	149	113
108	43	49	30	71	35
36	80	67	98	53	114
30	90	40	137	117	34
190	170	38	94	169	30
94	160	35	80	147	47
160	49	148	144	28	134
191	115	95	129	185	124
93	27	158	180	45	33
50	115	181	44	160	197
100	27	30	46	157	24
169	180	174	57	76	188
55	158	113	23	43	47
78	69	141	148	136	81
148	141	104	84	70	47
145	49	43	150	184	28
125	32	192	133	144	104
189	179	170	142	172	142
72	159	120	150	75	152
88	84	44	148	43	144
77	75	162	170	44	42
45	140	105	34	61	181
140	123	116	129	188	145
148	63	74	142	37	102
56	42	182	168	186	44
161	54	28	49	46	46
197	190	84	94	90	110
38	114	193	68	138	25
160	149	144	128	182	36
92	64	149	200	28	189
107	48	167	139	82	163
152	47	23	192	74	191
92	145	104	116	131	32
171	188	142	180	169	174
93	36	140	151	86	192
23	87	130	27	53	25
189	35	193	155	24	108
197	43	62	36	156	110
52	135	163	155	86	52
24	131	89	103	80	194
30	163	88	104	142	85
127	138	156	87	163	187
139	96	100	90	114	147
101	162	73	119	142	78
60	62	71	24	33	137
72	129	86	163	94	105
51	173	179	177	49	50
64	77	110	128	119	99
144	135	25	85	192	169
125	84	69	109	117	71
195	183	163	22	99	53
126	51	177	66	140	45
101	117	119	76	180	186
21	131	86	58	115	42
100	149	178	101	185	188
165	80	35	105	110	104
35	38	144	27	51	108
112	32	64	120	137	75
67	130	114	105	83	74
89	160	162	53	197	173
196	124	86	63	85	145
92	161	43	41	81	68
191	164	146	69	124	117
81	119	148	198	31	33
44	159	39	169	151	94
175	70	103	130	166	165
36	136	92	93	104	75
54	41	178	107	59	120
71	164	58	156	154	76
54	200	131	164	66	169
187	169	76	145	45	25
71	98	113	198	112	49
197	92	162	130	50	163
152	34	67	130	180	56
64	26	106	171	28	89
180	77	95	153	199	196
80	26	128	117	52	55
159	114	77	22	68	171
114	98	198	163	200	65
47	183	189	68	165	69
105	149	166	46	64	170
173	54	78	91	188	160
136	198	198	46	200	130
115	140	195	187	100	147
158	196	51	21	149	32
45	74	83	125	152	119
81	27	150	115	57	136
115	151	112	136	120	146
168	70	154	59	89	110
81	122	193	77	53	94
136	135	81	159	119	108
112	189	134	123	59	193
142	115	70	181	184	150
62	179	112	176	128	80
67	106	156	32	116	52
34	99	49	109	49	158
161	80	41	31	147	153
196	144	197	155	122	155
145	44	137	137	150	92
162	191	47	194	170	39
177	127	33	165	94	200
101	49	46	101	159	77
126	110	79	155	80	109
102	177	42	184	193	183
79	68	67	86	38	118
53	92	118	119	124	91
46	91	175	157	23	193
151	23	171	26	81	130
57	166	177	136	21	168
199	179	36	85	39	63
69	193	77	36	92	188
172	133	30	116	31	122
52	96	143	147	39	110
152	162	59	131	86	46
189	165	102	124	109	144
112	133	187	35	61	65
179	104	183	176	25	113
101	36	74	95	173	42
144	103	165	185	167	51
168	186	70	140	82	98
65	87	172	150	124	50
70	66	144	55	64	191
42	144	64	132	57	189
197	190	117	177	55	106
126	91	180	86	172	125
38	25	72	97	145	107
163	125	123	146	23	144
110	45	60	183	73	104
125	108	140	58	28	153
52	195	37	114	45	117
45	154	105	40	38	44
23	149	111	97	83	198
200	139	71	71	195	47
81	36	98	106	102	104
166	153	157	32	171	42
163	33	112	99	25	50
200	38	97	66	193	125
141	37	52	185	70	144
41	136	150	148	171	49
180	52	65	153	171	69
85	166	53	87	82	21
162	163	51	109	72	97
170	68	25	154	191	131
109	30	174	135	37	181
199	111	22	148	64	72
90	150	195	56	48	199
33	154	189	38	39	37
197	164	82	27	172	95
184	50	35	162	71	179
43	161	92	60	138	103
138	110	108	77	74	92
44	49	197	140	194	64
38	137	151	39	88	36
111	61	157	60	59	141
116	174	112	108	125	194
83	120	121	33	128	136
22	138	193	60	82	33
71	31	103	77	141	144
164	51	77	47	62	145
34	122	73	31	55	56
190	139	104	197	103	131
32	63	165	134	119	91
188	146	180	101	147	196
107	129	187	145	54	191
92	59	131	55	113	63
75	121	98	172	115	132
116	39	149	178	190	150
67	185	120	59	84	102
78	143	133	150	183	42
199	156	23	124	89	25
179	91	35	137	84	91
152	68	163	184	120	141
90	155	159	61	79	166
178	115	186	98	65	119
189	60	47	54	61	144
124	176	85	63	118	170
33	94	29	112	197	128
180	56	100	95	107	196
99	197	94	79	105	120
56	125	176	91	42	43
170	74	88	112	115	116
123	122	77	61	185	50
197	53	71	86	178	98
131	98	65	86	94	100
69	161	172	58	36	153
189	88	112	92	41	167
166	46	168	190	140	75
143	182	188	165	140	56
123	69	170	173	61	25
28	168	91	124	35	177
50	85	69	178	74	74
52	51	88	108	78	25
176	106	86	38	145	53
56	66	172	34	150	118
188	81	46	53	29	175
125	110	110	135	195	81
24	27	78	91	160	138
63	152	163	129	169	137
168	176	80	33	56	64
26	110	180	93	162	74
106	63	125	79	76	168
66	30	117	130	53	86
75	87	154	100	145	98
122	115	173	176	152	95
119	35	142	195	169	21
21	67	184	143	173	187
91	36	48	177	138	183
51	115	162	69	160	113
88	66	143	28	65	125
79	55	166	48	164	101
148	100	45	160	124	87
145	105	40	30	147	134
27	119	83	45	116	168
178	167	90	57	78	70
84	27	74	173	38	52
108	67	115	49	95	48
64	166	198	45	124	64
57	34	125	102	36	186
82	93	69	198	161	118
66	42	185	99	197	56
87	92	148	147	130	111
40	133	119	77	121	97
35	134	166	106	44	198
133	99	184	124	159	86
133	67	139	39	144	183
114	193	135	196	24	56
127	153	139	26	86	94
132	147	199	50	26	150
91	171	43	69	118	82
61	74	74	105	144	130
93	177	186	186	115	68
64	53	63	108	98	111
31	179	185	88	91	29
37	94	114	75	148	158
185	37	112	111	27	174
142	36	41	148	190	79
169	67	67	163	173	57
51	191	60	43	147	116
175	199	90	146	23	146
141	164	170	36	67	133
151	126	184	68	111	100
175	157	156	158	78	58
83	119	191	174	78	150
136	178	195	104	140	102
31	148	142	194	186	21
183	27	119	140	105	62
57	86	165	183	148	118
119	108	115	98	90	123
28	111	124	32	123	191
110	67	48	43	180	182
42	166	178	138	72	23
94	115	99	136	49	98
186	60	180	113	71	185
174	142	35	72	61	21
47	33	181	67	51	40
75	40	65	116	24	133
71	104	126	150	72	90
147	153	107	45	21	174
62	194	158	80	52	191
24	61	124	189	116	24
24	92	23	195	26	35
90	115	61	22	198	163
91	187	135	35	145	134
112	81	149	70	127	183
102	66	45	164	80	118
30	121	30	50	38	60
129	69	183	127	31	85
166	128	53	73	114	146
98	158	159	131	147	177
21	122	186	36	50	115
75	200	90	79	199	32
164	131	107	60	89	174
163	68	23	39	194	50
59	168	121	55	42	128
56	132	178	185	185	105
135	110	153	69	186	27
41	99	120	154	151	173
193	115	136	60	145	31
68	200	32	198	53	191
184	100	153	194	23	68
26	133	144	172	75	72
29	119	191	69	53	125
93	117	51	66	25	125
102	140	144	21	120	158
154	86	63	158	159	143
96	84	164	143	109	80
187	85	53	79	141	131
145	52	65	169	153	110
100	101	57	189	97	107
22	148	104	144	132	188
199	177	76	70	119	197
105	156	145	48	170	38
76	119	188	155	164	175
78	53	124	50	77	135
127	76	129	115	190	66
94	106	88	75	25	30
152	62	60	141	143	29
103	141	52	182	123	110
185	157	197	155	32	154
132	87	50	165	127	169
52	169	155	55	142	150
167	148	83	45	186	84
73	81	25	97	71	116
164	103	184	176	44	118
63	173	30	100	144	165
66	88	79	137	56	110
183	21	105	43	76	124
195	78	68	36	42	193
130	89	157	191	104	190
149	65	186	133	74	137
37	176	188	198	56	147
67	89	191	31	186	52
90	159	71	48	109	145
64	185	116	167	174	99
69	69	180	37	84	78
128	143	82	127	22	103
28	168	118	200	106	115
131	116	162	93	75	37
150	95	86	183	46	93
108	184	74	161	134	73
116	135	89	183	110	163
164	35	173	57	68	158
74	88	157	37	26	157
143	116	180	92	148	66
38	88	48	187	131	51
128	112	112	46	98	153
114	188	115	145	123	46
186	160	194	110	83	191
105	23	153	77	142	189
185	185	91	70	77	111
95	177	41	164	101	125
75	97	153	67	62	148
113	47	43	54	131	123
33	192	31	44	139	155
160	34	55	60	115	178
178	132	94	142	178	116
102	48	56	102	188	45
173	77	86	100	97	140
177	77	133	177	174	134
164	99	94	91	72	150
97	191	149	54	126	139
106	90	172	186	30	114
63	26	185	188	58	54
60	109	130	40	66	185
41	49	165	177	69	40
129	171	49	100	132	175
181	134	26	198	196	53
179	45	81	161	52	193
145	175	156	182	147	182
116	180	23	84	113	189
29	138	54	45	145	161
127	160	23	61	143	110
131	73	106	159	93	114
117	187	187	179	35	56
80	33	33	158	126	126
109	42	145	25	60	33
169	33	44	141	150	191
148	151	145	179	93	160
176	66	107	41	79	111
118	27	136	52	102	160
187	22	62	28	180	106
115	147	29	143	118	28
40	32	57	187	192	152
168	40	46	117	49	22
133	199	62	52	48	163
71	128	119	132	133	68
54	83	137	174	116	81
140	30	119	172	133	71
152	92	122	52	183	23
179	61	32	72	30	196
81	196	77	45	46	70
101	91	142	169	59	77
109	152	197	58	93	59
192	181	97	179	166	77
183	66	88	35	122	187
192	174	55	183	192	142
141	32	154	123	142	159
185	113	191	200	52	140
141	93	152	195	71	112
64	186	103	59	84	55
105	173	28	185	133	43
177	131	165	133	74	48
192	154	179	23	165	97
110	186	152	104	51	30
33	184	126	158	128	163
153	148	104	169	125	183
94	156	64	25	115	113
152	188	51	139	87	94
91	74	23	111	121	54
126	131	176	34	81	155
162	100	25	76	180	113
134	71	120	88	176	71
122	185	179	88	72	139
60	153	135	193	34	52
141	92	180	110	36	55
115	91	135	57	59	56
70	162	52	41	46	173
49	79	39	61	195	85
66	140	85	80	156	187
159	108	22	68	84	176
99	99	147	70	82	54
78	190	69	40	171	67
188	186	144	123	26	91
49	176	88	143	106	46
89	143	140	136	28	139
58	101	109	178	21	102
27	60	154	185	125	184
82	93	177	92	111	173
171	131	66	170	117	88
134	41	31	80	70	164
39	63	167	83	60	65
45	91	165	52	34	51
173	33	108	48	174	63
91	148	189	44	27	187
76	124	128	22	75	189
85	143	79	76	174	37
105	21	159	173	189	74
178	104	147	63	169	67
69	50	48	89	38	71
184	65	184	146	39	119
35	100	114	168	192	174
37	121	29	82	53	87
101	68	119	145	45	22
115	33	170	134	164	187
119	90	149	46	132	41
100	140	76	131	39	59
174	158	124	200	116	145
129	180	36	169	138	113
145	119	183	111	50	184
173	43	62	123	192	162
70	52	166	161	175	66
147	199	132	109	83	76
177	197	149	53	189	198
200	107	41	22	68	142
152	196	112	88	180	87
195	76	53	89	90	114
21	91	95	60	36	196
75	23	29	74	200	90
135	185	38	43	129	98
61	138	124	151	40	106
91	34	170	175	93	196
170	61	149	178	76	59
144	163	127	79	146	79
84	134	79	153	192	39
183	150	132	69	175	29
74	174	172	24	28	53
36	58	116	200	29	76
59	103	186	153	55	44
169	147	24	71	133	153
141	125	119	39	170	129
160	193	39	140	149	81
70	21	28	136	31	144
106	71	52	69	59	61
29	185	156	123	52	101
25	117	112	85	156	70
179	43	144	116	110	27
137	174	146	192	144	39
96	73	52	44	70	133
198	74	47	91	102	151
59	77	73	199	55	33
76	141	27	29	25	96
163	183	110	45	110	117
63	83	25	94	101	30
25	94	39	107	188	136
96	57	128	29	52	198
51	110	33	55	197	48
116	130	168	100	134	63
132	122	91	132	103	93
113	160	129	106	61	118
41	63	54	119	93	118
197	69	87	21	37	34
83	174	112	111	52	174
126	164	150	103	32	46
124	116	148	44	166	56
101	198	100	112	71	50
96	104	129	75	120	28
103	65	36	70	149	199
94	74	109	89	101	80
66	148	45	21	45	190
188	134	179	87	127	149
152	136	170	66	155	171
29	170	135	27	30	106
67	120	162	195	168	59
131	104	198	147	124	186
172	178	64	192	121	60
122	105	176	188	38	127
128	175	188	76	159	194
25	71	68	163	60	42
72	130	55	68	163	47
53	63	167	35	158	45
166	147	90	126	157	135
81	87	124	69	149	157
182	36	21	186	94	87
60	106	139	95	178	181
84	101	152	200	77	169
138	126	163	116	28	161
189	49	170	22	170	73
139	68	161	181	113	39
29	185	196	88	124	118
124	100	88	35	182	142
116	84	143	102	108	110
168	66	62	184	65	80
54	113	177	45	77	46
71	21	140	126	117	189
185	73	127	152	99	180
36	125	107	83	150	56
46	102	159	152	165	166
166	166	177	104	96	72
101	51	110	24	127	116
74	55	136	175	23	86
64	96	139	155	38	154
168	35	137	121	42	76
35	64	36	86	82	192
26	194	42	141	60	65
194	44	96	102	42	69
143	121	42	131	92	192
84	49	130	111	72	158
79	52	85	78	137	138
26	200	57	105	38	34
71	137	62	142	176	128
155	172	79	126	57	87
52	117	71	189	151	22
197	87	45	200	97	153
108	189	150	28	32	86
83	176	143	34	99	141
51	189	117	141	173	64
125	144	117	199	42	60
138	61	32	172	78	96
94	159	42	181	148	107
108	46	183	123	46	148
41	164	188	160	71	35
115	41	193	118	167	30
152	36	58	111	138	89
159	169	192	37	195	62
91	25	114	50	161	50
188	69	110	86	200	131
33	139	198	183	38	89
124	86	60	173	188	41
131	146	51	73	82	94
47	139	174	58	84	106
178	63	34	28	55	161
129	75	164	52	187	173
155	135	190	129	24	94
197	85	161	153	38	150
65	52	159	70	25	126
192	128	199	167	150	143
125	136	181	69	129	33
77	46	62	54	102	31
182	188	153	90	111	139
97	170	41	100	133	120
148	181	174	77	37	42
52	178	167	144	59	116
70	118	105	35	92	81
132	87	146	191	150	34
46	200	77	173	79	33
37	46	131	64	63	115
33	55	146	85	76	51
40	67	106	192	125	49
66	152	143	35	45	115
121	46	55	132	57	185
63	107	63	76	84	104
140	123	104	142	53	23
164	116	158	132	195	46
173	67	73	36	37	55
115	48	188	64	158	164
33	166	51	143	107	52
43	67	67	66	84	66
188	74	50	176	184	77
27	134	140	145	137	116
33	83	100	109	159	46
172	35	124	147	39	103
151	72	21	45	97	167
150	162	197	144	72	158
68	59	111	60	23	25
152	93	35	188	40	154
195	79	87	179	149	138
26	181	80	42	177	104
135	146	76	179	181	80
50	183	74	44	188	52
51	118	110	60	186	193
36	81	90	175	107	92
66	81	132	58	188	90
112	84	108	193	41	81
166	117	134	128	49	145
51	182	154	179	66	83
52	152	42	132	54	85
106	23	183	108	43	57
94	86	97	88	31	91
126	113	171	176	77	73
163	45	114	85	187	88
160	64	46	30	36	21
191	106	64	54	81	21
116	175	114	163	36	79
145	120	64	190	127	65
170	184	88	90	115	36
149	79	140	47	97	123
94	114	197	120	151	91
111	88	184	167	68	45
39	74	133	34	115	39
130	128	44	126	162	60
132	57	41	116	146	111
42	55	200	66	33	173
142	108	24	31	167	189
50	106	142	56	91	67
93	143	161	90	143	152
115	198	60	169	134	22
130	133	150	45	87	21
188	189	92	173	164	32
168	23	94	164	24	94
174	158	165	60	66	143
147	124	63	111	27	197
26	154	79	125	183	176
196	150	187	132	200	42
158	123	151	54	172	30
31	119	52	200	117	37
130	65	94	112	75	154
151	178	109	128	84	134
80	159	67	135	76	61
38	77	40	195	127	105
64	77	190	125	83	143
105	61	190	39	57	132
96	93	171	180	149	84
59	61	69	73	106	184
106	68	198	120	124	77
61	160	181	80	116	199
134	98	151	114	84	182
101	81	137	154	148	102
108	138	86	196	99	25
140	25	24	197	22	71
173	163	31	59	140	67
150	166	160	100	122	149
33	24	123	152	127	144
166	192	87	27	40	135
191	134	153	145	164	129
68	78	187	58	100	116
139	74	165	54	148	59
43	106	120	25	175	89
139	133	21	67	58	186
30	58	97	128	128	70
36	152	136	41	191	148
178	49	170	63	60	43
61	155	150	158	30	126
47	171	174	185	24	191
42	102	143	87	189	154
180	165	159	53	68	32
177	61	24	153	135	30
151	49	163	26	139	191
153	91	36	75	55	104
126	52	168	128	154	32
168	130	51	156	34	24
135	27	131	46	85	53
150	48	66	118	59	171
181	101	51	64	87	66
197	186	139	174	182	22
167	44	116	181	163	148
51	193	39	88	156	135
107	63	106	113	196	39
52	80	90	45	80	53
41	54	185	117	38	121
71	132	178	68	96	64
125	155	109	36	181	187
30	165	142	97	56	98
166	133	64	99	131	195
134	100	165	28	167	35
77	136	162	118	195	112
125	68	149	67	119	111
21	47	50	136	116	153
133	112	60	102	122	63
124	128	28	84	169	148
147	110	148	40	90	125
46	139	56	24	164	51
36	99	106	155	128	186
191	63	166	137	180	58
73	162	140	44	62	102
80	42	200	161	195	43
24	47	113	107	147	56
37	111	136	141	49	197
143	50	95	31	185	45
111	198	130	59	45	87
108	53	30	105	80	62
188	42	52	77	197	46
24	187	65	31	140	197
81	123	169	32	93	185
144	188	71	153	191	191
129	85	121	58	140	83
51	22	96	191	99	90
100	76	60	25	183	124
80	118	91	93	136	130
185	28	140	162	107	108
163	79	48	25	34	174
131	54	150	173	164	115
150	93	112	123	65	43
41	81	198	23	194	90
59	79	158	195	49	117
192	81	146	177	39	22
116	103	79	163	102	52
116	168	187	180	39	48
192	73	198	121	142	41
124	180	160	159	114	102
130	84	36	200	82	174
129	88	79	59	40	168
158	76	141	167	41	199
49	146	167	125	34	50
104	199	103	177	65	168
189	117	146	81	159	133
22	49	117	43	115	101
128	192	199	192	91	74
94	71	109	149	47	117
31	162	112	183	179	37
39	172	160	69	142	147
185	59	104	142	183	192
141	33	122	47	137	170
124	197	89	96	169	110
108	53	137	128	134	182
192	123	36	192	153	176
71	118	73	89	37	194
102	49	81	63	145	49
57	100	176	88	175	126
46	162	199	75	94	183
128	147	21	132	81	95
193	88	199	28	74	111
194	52	104	186	22	26
70	186	37	195	45	27
171	137	81	58	103	62
190	145	115	67	188	150
106	183	157	109	88	106
176	124	78	198	134	83
101	82	130	47	75	111
85	74	150	194	144	136
65	178	44	44	99	156
80	77	28	63	62	51
80	192	90	75	45	63
83	21	83	95	187	58
168	200	94	91	73	105
86	57	43	181	75	173
94	94	37	107	164	158
153	126	46	71	23	63
74	145	63	169	50	25
175	47	76	167	146	116
119	42	34	133	37	148
178	126	188	138	79	45
151	170	182	195	124	185
96	151	177	73	99	42
182	122	184	143	80	128
177	144	53	99	164	98
193	165	114	52	199	157
90	186	28	151	144	61
65	109	31	167	73	198
168	100	122	189	192	70
137	143	178	43	80	51
65	168	168	54	76	54
190	49	139	200	90	41
52	172	84	47	106	74
67	84	85	57	200	69
134	26	110	93	158	56
40	135	59	89	89	176
197	59	31	170	97	142
156	54	67	189	148	118
24	62	73	142	136	140
83	137	73	124	165	160
26	103	185	42	61	179
154	69	130	44	91	136
29	43	125	132	153	60
142	142	91	61	36	103
184	97	62	175	106	193
113	31	182	65	128	52
51	104	154	167	145	72
121	164	177	116	108	111
158	47	69	109	40	34
53	82	78	89	70	119
139	102	93	172	73	89
36	186	71	155	67	186
47	98	67	134	129	113
163	153	140	196	167	84
129	110	71	163	169	132
59	161	102	177	101	135
113	84	63	150	26	138
93	65	178	117	177	43
186	44	29	21	113	50
97	92	25	107	31	84
200	114	135	55	43	109
183	30	119	60	148	163
158	170	22	167	176	188
111	121	162	83	21	194
21	35	127	190	36	51
165	126	86	48	39	112
22	104	199	139	149	129
28	63	85	22	81	95
190	193	196	107	196	157
148	97	56	181	66	185
40	82	114	138	22	191
53	90	101	141	112	149
156	71	81	69	121	57
146	160	73	23	37	155
77	188	24	192	158	200
162	181	28	124	135	187
147	21	191	59	142	154
139	56	102	25	22	191
31	116	120	149	66	163
93	117	156	89	57	57
41	21	170	47	156	105
73	80	125	44	30	182
48	50	42	137	128	154
55	132	194	165	82	111
142	76	60	123	77	63
119	113	65	156	103	132
60	154	65	133	186	165
187	159	118	26	37	195
119	92	169	61	159	168
53	98	29	87	194	87
68	44	195	107	95	69
51	33	200	102	30	182
159	98	185	113	40	114
30	198	132	133	32	163
100	152	38	71	105	113
153	54	83	51	190	88
189	85	117	90	141	106
100	78	107	59	130	127
148	126	82	199	119	133
197	94	36	65	35	71
158	135	78	192	148	117
36	131	41	24	89	70
42	59	175	95	80	46
41	61	130	54	101	140
154	68	98	41	73	167
85	182	98	37	95	90
172	42	117	80	143	60
63	111	30	22	131	146
162	98	29	73	119	88
180	131	54	183	90	40
71	186	79	177	43	194
155	31	144	75	131	74
98	68	155	113	197	31
153	61	78	165	26	135
22	167	69	152	130	99
30	52	27	188	158	182
169	76	156	78	198	66
89	155	97	89	156	30
174	47	172	102	144	191
59	52	100	157	62	40
128	159	165	155	172	91
38	105	109	51	46	191
35	179	145	24	85	130
141	184	130	70	71	65
193	147	91	164	102	190
187	89	132	104	185	40
152	129	141	123	34	56
87	89	113	103	154	35
121	37	34	70	54	162
67	94	24	187	188	25
103	35	58	125	94	101
77	103	124	166	157	66
139	152	82	41	160	146
168	63	41	113	196	74
191	89	133	21	73	72
91	172	88	97	102	31
154	22	176	58	111	64
74	27	139	110	29	106
71	35	61	88	76	22
26	113	63	124	191	42
141	39	30	142	70	134
77	155	55	62	29	75
184	93	138	147	78	160
173	120	183	58	67	35
178	177	113	74	93	144
176	163	112	34	178	181
109	21	161	68	153	91
119	137	74	32	43	158
61	200	51	105	103	35
140	155	163	84	196	22
33	43	190	43	152	100
173	188	128	152	191	193
176	36	71	107	105	163
53	124	154	128	91	134
129	116	75	116	189	35
76	90	179	149	101	82
168	181	99	111	105	133
197	150	126	116	47	83
137	92	87	167	24	85
104	33	162	187	109	127
168	93	78	109	54	79
136	140	88	30	33	119
50	119	141	174	195	147
157	104	180	63	196	34
61	182	172	103	119	82
72	94	68	125	107	109
51	190	111	105	88	193
82	83	197	125	154	79
92	52	38	151	140	143
23	83	46	133	54	87
104	151	191	30	67	99
94	55	153	154	200	178
92	195	51	78	167	36
46	166	162	32	127	167
86	153	119	123	23	96
146	127	84	45	109	95
90	155	103	168	46	96
176	193	46	70	141	42
174	137	34	68	168	30
194	76	27	163	40	25
81	35	145	89	133	26
197	64	166	78	31	47
180	62	31	144	188	133
170	85	86	64	28	82
193	156	161	99	134	87
43	143	162	79	54	193
55	146	167	72	96	47
163	33	87	180	69	69
77	165	57	78	189	125
58	91	124	22	33	121
137	33	95	21	113	153
198	158	45	154	93	62
187	157	89	146	142	143
61	30	73	57	193	131
57	179	30	179	171	118
99	172	109	39	42	88
88	112	36	55	131	55
147	105	33	80	78	192
131	120	194	186	161	59
191	186	138	175	107	92
76	98	119	55	148	39
199	164	107	21	96	162
110	175	195	24	166	48
141	50	59	100	116	199
119	31	193	59	164	26
115	103	154	64	30	102
172	106	111	173	123	87
120	56	24	43	148	153
134	125	187	49	153	178
189	188	154	104	83	85
60	191	25	128	26	82
149	86	46	97	166	76
87	62	189	36	75	195
151	32	133	198	198	145
23	126	96	167	57	140
31	47	77	54	93	38
181	114	123	192	39	160
160	183	200	125	85	97
37	117	154	115	72	143
81	70	48	126	138	198
45	114	115	150	197	81
117	177	30	146	152	109
92	187	59	185	99	149
105	106	191	133	38	185
145	70	31	28	138	121
51	88	188	197	72	110
93	103	23	119	28	181
105	43	66	145	125	77
106	30	179	154	65	120
45	46	152	139	60	174
129	185	94	152	49	150
67	139	25	151	121	133
149	54	156	73	172	197
37	72	136	161	89	21
28	130	89	71	103	135
70	35	161	141	137	82
54	172	188	171	62	123
200	152	164	157	73	151
107	170	81	167	97	187
98	57	129	153	185	119
153	90	29	31	140	27
37	169	94	55	161	82
76	64	120	48	21	44
127	108	110	147	196	64
165	34	119	112	126	199
25	142	131	62	28	141
159	107	195	199	65	73
189	78	184	139	166	152
82	56	77	148	126	141
39	105	93	60	90	116
59	197	176	158	45	154
80	69	188	135	133	107
159	89	46	182	164	80
109	161	75	30	124	191
148	176	176	21	85	86
51	195	65	33	200	157
82	47	24	150	33	45
159	92	169	119	43	177
37	150	25	79	131	97
152	120	198	151	122	158
167	62	109	145	189	167
90	123	141	66	51	145
110	196	169	44	151	139
75	110	191	187	200	174
51	61	184	158	194	106
75	166	111	71	165	45
88	78	101	63	111	193
46	200	166	46	121	157
199	28	109	168	57	160
151	37	105	186	54	93
126	47	90	182	123	173
66	169	175	164	58	80
108	168	197	153	162	153
35	119	68	184	153	47
192	43	85	86	125	102
99	49	164	91	129	115
134	110	47	136	113	126
94	161	87	81	199	102
131	124	171	166	156	52
69	123	79	184	99	127
71	118	100	89	128	46
41	183	151	42	185	51
110	80	79	117	97	160
168	24	80	44	28	193
94	123	169	57	63	125
113	161	138	57	49	195
74	67	25	85	132	129
179	49	84	173	95	42
199	58	91	150	49	42
103	191	43	76	129	176
27	89	181	68	170	112
183	27	137	69	123	192
93	73	108	74	62	71
187	22	164	150	193	34
42	165	70	52	161	110
135	160	200	199	136	28
44	155	119	146	148	86
45	98	87	157	171	193
79	37	160	174	82	30
189	91	105	137	54	126
37	98	86	116	104	165
195	78	107	175	139	184
63	196	36	25	151	139
189	175	141	65	122	31
51	145	137	124	145	46
109	130	191	59	81	159
186	145	104	29	43	31
26	142	31	170	178	195
65	129	129	146	21	149
127	143	194	44	111	120
119	153	51	35	112	197
82	24	32	141	161	51
42	117	37	197	121	112
121	34	141	57	52	177
95	185	94	200	198	192
127	116	165	182	80	58
200	68	102	169	190	75
76	69	166	21	138	97
175	182	163	152	72	184
125	173	166	77	184	55
52	82	183	189	69	143
57	24	91	132	90	101
103	120	182	122	170	186
51	195	191	39	149	176
176	34	81	87	83	195
131	84	196	143	23	88
93	22	77	194	78	147
117	181	108	63	101	73
128	95	30	169	39	37
39	123	111	174	87	114
162	25	36	46	76	179
104	92	53	99	138	192
96	113	79	53	65	86
24	158	166	200	124	198
140	88	140	85	197	173
68	47	67	103	184	57
83	110	25	64	132	179
146	175	30	135	149	193
36	37	151	77	80	102
168	90	176	194	48	142
186	78	102	139	67	92
155	29	104	80	29	133
85	52	56	131	133	165
150	73	61	85	195	159
96	38	130	31	32	148
37	93	82	103	39	61
77	148	116	175	163	115
93	161	183	164	163	47
122	163	107	193	120	70
131	69	92	127	26	152
189	112	129	36	140	153
89	119	103	40	152	135
67	64	109	32	129	93
135	47	187	177	69	104
97	90	56	174	60	187
101	118	45	99	46	153
73	89	58	193	60	37
96	140	119	52	117	183
74	182	86	155	65	118
194	81	194	140	145	148
107	127	196	23	94	119
51	101	35	58	85	170
126	114	180	161	41	49
55	33	39	188	157	33
196	165	55	101	70	22
46	99	72	78	126	109
191	143	129	192	159	37
97	102	88	142	123	142
60	193	94	32	160	48
127	25	159	113	198	81
133	41	34	133	152	72
164	43	170	34	45	104
85	33	159	166	30	184
80	155	68	41	89	24
43	60	154	153	181	105
24	114	78	71	121	65
27	91	57	116	72	184
172	28	142	147	75	116
78	174	173	174	87	87
113	185	186	94	89	146
82	33	162	106	197	23
180	101	40	54	148	135
38	118	171	95	199	164
26	183	22	52	159	59
117	150	113	151	34	49
155	73	149	191	197	191
25	22	63	131	190	68
66	119	51	148	42	137
104	101	149	52	135	191
119	155	42	140	138	98
47	109	131	67	101	56
135	62	35	178	118	155
48	121	114	147	151	117
183	193	178	37	170	153
199	53	199	134	111	51
127	104	61	106	29	99
183	58	21	65	100	61
117	47	168	108	28	160
28	126	119	140	62	67
162	150	92	80	185	81
38	85	113	39	157	162
148	187	64	37	24	60
124	166	68	87	54	86
155	172	39	183	126	77
37	50	200	38	40	45
88	172	166	116	133	78
44	155	145	78	161	30
179	22	135	105	193	149
127	172	100	81	162	189
125	68	28	33	168	75
35	191	83	130	72	92
118	105	75	67	183	189
194	154	25	116	98	55
47	89	167	27	149	137
71	174	156	92	59	27
62	187	198	122	170	135
41	133	138	70	55	170
193	188	165	192	139	41
172	159	105	91	161	114
74	111	54	179	90	200
88	46	69	119	182	54
123	145	82	155	81	124
110	27	117	149	146	186
159	23	142	123	187	116
99	85	170	76	79	74
116	65	70	103	187	189
34	113	95	107	31	108
39	35	104	48	197	146
25	24	111	124	157	196
57	166	194	37	67	159
88	108	101	171	84	46
35	87	198	182	46	200
123	37	172	133	131	196
140	118	122	171	87	194
131	116	38	118	52	105
105	111	72	80	158	169
119	144	134	63	68	60
92	188	120	128	85	97
172	64	144	196	101	151
123	97	138	89	141	154
169	103	134	40	55	69
57	74	105	78	109	131
21	175	78	127	99	69
154	161	40	116	35	99
198	72	74	105	142	185
108	82	73	165	78	59
41	196	57	172	105	140
105	70	91	190	176	86
37	60	172	81	64	187
57	104	76	191	174	163
174	27	165	73	35	161
27	39	179	125	100	85
22	31	84	73	105	81
178	55	50	26	170	69
117	76	107	88	128	161
69	174	116	36	140	66
157	195	44	130	77	45
156	92	182	54	188	124
161	119	177	171	102	111
34	194	109	161	74	184
32	27	160	198	128	172
122	30	150	32	112	33
27	65	129	168	129	166
112	66	88	27	80	137
158	145	123	195	100	116
92	148	44	161	126	116
175	130	199	169	180	128
33	44	80	119	37	41
185	90	178	164	129	91
92	194	47	165	137	198
131	66	124	194	198	28
37	81	137	23	87	64
170	121	78	148	177	136
163	158	142	153	142	122
156	115	102	35	62	197
29	126	74	151	141	69
169	116	36	137	48	124
173	24	58	183	37	107
156	196	54	180	86	152
80	127	37	97	94	51
165	77	117	84	180	179
25	59	27	178	140	28
148	81	125	195	77	45
158	182	77	158	64	39
189	95	147	98	81	192
147	177	199	39	160	200
75	74	27	31	101	66
175	188	169	40	129	76
102	63	136	55	69	92
167	111	130	24	95	158
100	182	69	48	114	94
30	108	103	133	49	191
104	193	119	29	140	173
39	91	153	174	168	106
65	101	79	110	162	22
120	156	47	115	116	168
72	89	175	117	27	23
39	192	93	73	49	163
98	197	134	89	172	87
97	167	60	38	62	30
116	168	196	187	37	150
85	186	32	47	39	145
176	167	131	128	67	166
182	31	107	69	69	172
178	143	151	104	25	128
91	42	157	150	143	155
109	189	99	194	27	146
116	134	63	106	106	97
74	124	82	185	189	178
152	48	111	128	184	119
140	30	65	88	25	71
160	184	182	59	195	25
107	113	139	129	118	156
170	123	68	36	191	56
88	22	67	112	174	105
65	70	154	21	131	160
168	117	140	83	25	48
44	48	184	106	163	70
82	175	120	74	157	177
53	169	200	123	47	62
106	131	78	28	121	99
180	163	105	69	39	89
117	169	178	199	41	119
84	107	91	159	194	84
191	185	47	136	87	190
181	55	57	105	31	160
42	150	83	125	93	155
107	163	165	130	141	77
90	117	105	160	54	93
142	183	107	145	85	123
36	69	130	164	41	31
100	145	171	84	133	47
68	125	110	153	184	103
113	47	39	64	27	120
102	141	178	142	38	168
92	187	190	38	36	114
156	80	183	160	90	156
110	91	169	104	39	118
27	145	135	158	130	145
61	146	77	88	161	102
37	83	151	99	30	117
117	193	58	22	68	182
50	123	65	38	177	198
75	190	69	138	169	62
29	183	191	198	186	42
158	79	155	72	167	122
89	172	183	79	37	26
155	132	161	179	141	121
80	178	192	29	92	162
93	94	179	113	117	61
121	173	159	128	146	146
71	131	140	159	89	116
106	38	40	164	62	96
59	197	127	72	158	117
124	111	145	175	86	131
191	59	171	178	67	104
157	32	67	145	58	65
122	26	126	35	143	170
135	27	195	64	145	196
109	136	167	162	50	163
176	193	99	129	41	53
98	197	158	135	171	112
83	159	192	60	41	89
166	180	167	95	23	146
59	169	80	114	28	76
161	50	25	43	24	157
186	123	123	90	163	32
39	45	30	54	83	186
104	45	38	65	182	179
81	78	65	127	91	171
182	107	176	72	64	189
83	102	123	166	96	159
155	90	85	116	68	198
181	167	188	194	57	177
133	54	175	140	167	159
124	149	76	171	131	66
86	132	101	52	167	63
158	94	112	107	139	183
149	99	155	39	56	177
40	69	35	157	199	66
65	165	72	95	91	146
170	174	197	186	98	33
95	114	179	145	38	103
198	45	80	119	150	79
118	197	147	165	140	176
139	31	104	128	129	22
37	134	61	137	148	161
194	52	44	50	142	120
95	42	153	153	128	162
196	101	82	161	106	117
197	105	134	31	198	31
35	74	177	185	146	104
184	79	40	109	178	29
47	108	88	69	192	138
38	60	123	185	60	66
24	97	42	168	133	172
162	138	140	133	149	101
184	199	131	195	55	79
43	141	62	51	106	158
156	169	67	129	24	28
118	168	22	70	160	62
131	40	189	89	153	107
77	87	47	73	134	178
104	50	199	57	128	49
171	179	135	156	121	185
73	68	36	138	67	61
30	38	72	123	151	123
49	184	161	101	22	125
23	183	144	85	147	156
156	39	81	178	142	105
120	71	155	93	58	167
159	115	127	150	37	181
140	68	165	45	39	53
96	26	78	197	59	150
22	120	145	163	118	35
69	116	186	188	144	181
91	133	145	191	110	133
124	186	86	96	85	116
109	172	50	86	26	112
113	51	128	167	28	40
187	41	143	96	121	135
47	139	103	23	28	26
148	61	94	60	163	188
129	193	34	26	87	147
75	138	131	37	53	148
38	55	195	56	50	139
94	141	82	157	166	170
116	76	169	59	200	200
48	99	54	129	97	49
33	108	21	73	51	187
97	58	178	43	172	67
25	30	52	119	135	115
48	67	52	142	47	126
194	32	96	105	169	120
90	61	32	64	27	113
200	189	172	197	142	136
37	144	194	35	95	158
130	134	70	187	65	150
36	196	145	173	62	64
171	75	38	155	200	86
151	102	29	50	167	63
101	40	185	74	74	72
72	72	58	112	116	159
187	192	165	108	21	196
195	76	70	23	55	93
187	72	44	72	21	93
132	175	188	75	142	101
102	163	161	136	156	50
98	73	181	86	48	36
141	29	140	102	117	138
130	80	182	68	127	123
123	112	126	169	47	153
58	142	157	200	179	105
85	156	108	111	185	157
23	65	87	36	78	135
69	134	177	40	131	129
29	59	121	44	31	94
28	165	165	140	168	169
136	184	91	71	64	50
195	103	60	138	127	71
167	60	112	135	46	53
102	168	91	100	144	39
73	100	191	75	190	173
144	163	139	59	185	180
158	48	112	41	146	68
48	133	103	121	91	113
171	141	35	86	176	138
182	139	63	53	187	147
194	125	145	184	104	119
181	22	56	69	140	77
135	179	93	187	29	96
85	63	167	131	52	119
124	185	141	70	89	79
173	26	38	187	95	38
169	89	74	101	104	189
68	25	99	121	145	73
144	194	98	39	42	80
158	46	31	162	150	27
138	159	94	63	79	147
29	81	125	187	113	79
26	195	115	186	146	98
157	185	197	188	94	100
143	128	55	82	79	45
53	142	144	91	92	188
183	194	199	108	108	173
130	156	190	55	158	144
89	92	29	89	72	132
53	26	41	64	114	137
161	78	114	171	45	163
142	195	137	38	169	184
194	81	174	76	57	163
62	25	57	38	153	49
157	102	40	65	198	58
75	151	42	197	194	173
40	26	163	51	28	116
175	125	25	158	75	133
92	93	32	174	29	65
200	61	70	72	116	122
33	71	155	34	51	28
152	125	94	25	190	41
104	169	142	189	41	150
166	112	22	107	53	48
49	146	197	47	55	135
83	41	50	175	143	69
192	34	121	146	166	126
29	174	171	158	199	74
59	43	36	123	188	181
196	143	93	70	154	103
50	159	188	66	60	140
182	170	174	22	124	135
182	58	134	178	127	107
162	60	126	68	62	141
169	74	131	130	114	41
127	197	74	71	143	67
194	91	188	185	157	33
156	163	89	178	89	151
129	121	174	159	67	173
50	137	112	37	26	54
121	87	145	38	95	142
178	130	27	31	22	105
80	95	59	48	99	60
150	106	38	106	80	166
46	179	43	167	95	36
192	96	40	92	46	71
85	151	111	190	97	85
80	167	77	21	167	138
76	128	34	179	153	114
92	195	24	122	88	174
76	145	91	82	155	114
23	148	70	71	141	112
153	33	21	154	55	133
135	144	182	108	197	171
59	191	42	34	77	120
101	174	164	75	105	192
84	195	144	158	80	45
197	172	87	194	179	150
98	69	94	65	189	128
147	53	47	140	54	150
190	31	171	41	32	134
184	160	157	193	137	140
86	58	62	21	154	197
25	73	170	23	173	162
156	159	68	40	194	161
200	182	115	143	94	60
94	200	140	164	60	158
131	188	51	89	86	136
111	123	153	64	46	61
173	40	92	110	132	39
167	155	137	160	163	186
108	69	55	157	172	195
105	71	67	67	26	125
134	67	197	91	165	52
65	67	43	102	172	147
188	119	158	70	97	77
178	180	51	59	113	50
176	157	55	53	139	27
138	115	130	57	159	148
127	175	61	156	63	199
172	139	172	21	51	87
177	99	104	196	157	23
38	109	22	167	193	132
72	27	170	61	72	137
57	156	21	120	145	66
156	153	113	49	60	34
193	192	118	60	68	102
179	147	76	62	137	141
154	117	122	118	74	75
180	126	129	131	53	90
103	21	106	200	196	51
143	26	172	58	148	139
77	23	163	97	174	162
134	37	27	75	54	116
122	139	143	69	195	84
21	182	138	83	195	56
107	115	165	189	51	174
183	54	36	110	129	61
164	25	89	89	197	83
32	70	131	25	29	24
136	177	63	96	119	118
101	168	92	136	110	72
124	121	168	132	151	109
195	21	155	163	193	96
147	107	148	195	178	187
24	86	170	111	160	95
52	91	119	120	68	22
55	21	73	133	52	58
148	128	21	153	199	101
148	152	31	33	41	132
160	152	58	126	183	45
71	114	32	31	129	190
189	64	28	154	63	174
192	144	52	88	81	92
190	41	95	175	191	99
100	91	154	116	135	98
118	45	93	43	51	195
106	82	104	119	183	89
32	45	167	141	183	140
196	37	199	179	39	58
51	100	22	84	181	32
62	177	196	111	57	183
66	47	33	100	71	50
168	26	84	57	48	199
34	48	135	81	120	77
118	98	111	35	46	117
21	41	189	44	66	169
127	170	80	148	43	123
180	66	185	186	41	83
112	190	117	93	75	173
92	161	47	171	160	62
97	154	197	23	47	28
100	32	89	197	24	39
56	168	38	152	200	49
158	89	195	187	31	146
30	151	158	181	110	39
187	184	102	92	112	171
47	140	175	157	22	193
114	57	189	159	173	25
61	167	130	165	60	95
161	28	121	31	164	153
162	91	26	93	157	108
53	59	122	151	82	200
47	130	150	149	97	68
103	69	83	137	172	84
143	147	81	127	23	179
130	139	189	138	53	67
48	166	162	138	25	43
112	28	192	122	197	188
115	48	145	37	97	120
67	130	140	93	164	43
96	63	26	124	26	92
31	182	143	191	119	74
59	177	146	153	39	24
42	49	104	160	39	97
87	60	195	104	189	77
39	73	175	99	130	177
160	121	138	135	140	99
170	116	135	21	144	85
136	86	120	23	80	29
178	191	167	175	41	69
154	96	89	189	165	30
186	105	92	70	129	186
58	77	120	127	84	90
39	43	175	148	92	93
176	193	170	112	34	119
118	56	45	143	142	159
64	117	160	61	200	148
142	110	39	158	40	139
195	81	103	114	197	141
55	42	40	34	121	82
123	99	34	156	161	46
57	51	105	196	158	37
80	77	110	53	26	34
56	25	147	53	60	48
85	122	170	133	85	27
139	146	118	46	161	139
40	88	136	53	145	105
166	178	103	50	86	77
58	168	175	198	170	72
27	85	27	110	21	83
162	141	52	63	84	97
39	200	24	117	24	175
136	169	189	59	66	69
82	126	63	111	158	78
161	49	64	117	42	174
111	32	25	176	21	193
161	136	77	73	121	170
169	64	29	70	76	32
110	171	81	164	67	178
95	170	170	180	86	180
74	162	131	52	56	157
115	102	62	153	80	154
179	33	139	22	27	34
21	41	57	102	130	162
144	53	58	143	59	143
130	174	41	171	106	131
171	163	106	93	90	76
161	174	83	131	123	143
143	68	186	49	58	42
157	151	138	152	118	111
95	187	69	58	70	171
185	124	177	151	187	135
113	85	23	62	125	63
137	167	108	187	139	154
29	154	86	84	132	26
97	70	68	96	67	80
132	193	115	192	99	43
67	27	89	39	106	55
154	133	127	168	174	190
55	153	85	158	37	146
164	116	58	137	86	190
68	116	182	73	138	189
84	109	55	70	145	153
113	110	149	132	146	24
155	49	126	196	200	145
80	87	182	33	104	80
164	198	34	164	146	157
42	50	101	120	113	43
46	152	152	100	90	77
174	21	198	121	26	169
35	146	162	90	149	190
45	61	166	83	78	105
96	100	73	106	56	82
180	96	163	153	190	53
36	41	164	77	189	39
66	183	37	187	187	88
42	68	41	83	123	111
198	118	161	94	79	42
70	22	61	23	162	92
101	29	35	127	199	148
74	119	91	78	68	132
153	139	93	196	49	178
160	47	105	154	107	175
143	160	177	45	113	40
101	42	197	132	141	90
55	36	179	101	199	163
67	76	180	129	135	91
73	193	157	110	45	175
199	24	76	25	105	33
191	43	69	52	57	115
46	145	115	50	81	43
81	39	116	101	149	139
181	102	70	168	75	110
22	58	76	22	46	116
115	53	146	183	38	166
196	26	82	83	111	93
194	40	178	199	56	52
85	55	51	189	165	152
61	163	97	78	195	193
57	190	65	184	146	29
21	58	112	179	138	166
86	177	149	34	108	107
47	25	153	192	180	136
96	93	141	187	134	145
164	95	192	111	32	126
136	68	37	114	52	170
60	71	170	156	180	83
104	153	116	130	119	189
126	50	158	29	61	58
83	134	150	29	138	68
67	151	180	164	55	173
108	154	94	100	24	157
197	94	45	156	85	87
160	85	78	164	118	134
65	107	123	108	151	169
65	91	74	91	134	132
194	145	180	173	34	104
76	97	51	146	171	154
57	95	98	145	65	117
132	180	72	142	89	102
95	48	27	186	65	143
83	64	45	189	187	84
154	99	143	85	154	41
127	64	81	107	173	198
114	140	142	62	119	196
122	52	106	36	41	48
132	155	176	69	63	107
65	42	87	24	163	42
151	101	142	49	65	174
63	24	110	193	142	86
148	181	146	179	68	133
60	187	91	156	198	31
194	195	174	46	33	61
184	34	176	90	88	91
159	36	164	180	190	60
96	129	180	101	87	38
87	128	56	186	112	81
120	23	31	157	74	194
152	36	124	61	129	86
112	200	42	139	22	149
81	131	113	128	150	69
52	29	176	79	103	142
94	191	23	111	109	25
156	195	66	57	123	58
195	115	145	72	181	176
42	113	132	111	189	50
131	130	84	171	169	182
176	165	127	137	25	91
98	67	60	105	58	37
180	131	160	131	186	40
81	108	69	114	120	84
43	173	153	91	21	171
148	23	176	167	110	108
88	31	54	198	123	50
145	43	116	136	136	40
129	105	57	80	106	82
112	42	194	95	178	81
33	176	191	200	68	78
79	97	158	103	151	148
171	180	61	178	40	172
163	196	116	157	193	197
60	139	79	141	68	142
199	32	180	103	46	189
73	88	81	76	30	25
175	39	160	87	187	24
67	102	125	195	104	147
128	160	157	179	173	115
98	145	148	106	27	153
193	150	123	46	60	42
105	29	34	37	189	188
37	180	45	96	144	121
129	44	41	36	160	27
37	104	42	176	46	193
60	69	95	23	121	166
94	188	23	38	88	74
70	170	119	178	160	58
141	159	76	38	189	152
86	63	115	34	81	115
121	32	52	29	196	59
111	131	177	39	168	198
119	154	125	32	191	104
193	45	56	94	87	92
91	73	56	112	170	112
81	167	197	35	108	116
57	155	148	135	126	185
57	158	61	85	193	36
113	42	52	46	159	140
62	122	185	109	176	77
36	84	46	76	128	25
197	187	143	119	105	115
146	41	182	149	200	167
159	121	50	107	69	29
82	137	161	120	60	176
26	121	171	135	55	173
102	157	48	66	178	179
70	61	140	65	82	186
142	37	175	71	181	126
21	103	100	144	41	85
62	183	43	56	116	131
79	54	173	35	200	138
153	164	146	197	123	49
76	171	70	31	139	188
23	156	186	153	166	162
148	87	118	33	98	141
190	178	115	76	46	34
136	66	119	122	104	87
100	29	190	78	90	144
83	23	160	178	138	22
59	88	24	85	134	113
63	52	86	191	106	199
148	91	45	117	97	177
191	88	60	133	35	193
48	182	112	100	121	127
121	162	62	69	112	116
199	175	84	199	25	55
80	94	194	192	73	162
165	141	138	67	128	46
52	84	145	44	34	36
182	54	187	62	127	176
151	160	185	58	103	38
155	80	91	49	72	101
24	186	155	92	168	149
163	75	173	167	66	72
162	189	125	142	196	76
179	113	149	107	168	159
126	193	160	110	118	164
89	70	45	129	62	199
59	158	132	116	161	112
45	42	147	81	68	122
132	60	176	34	158	48
198	157	164	130	156	171
41	68	165	147	89	181
185	76	136	143	147	151
62	91	178	196	116	51
185	132	172	132	74	51
26	123	140	187	145	195
103	173	115	131	106	52
146	77	163	45	43	121
43	99	31	186	142	124
158	86	144	190	189	30
52	193	122	89	137	116
90	23	84	21	76	58
99	46	184	45	186	91
179	79	125	157	183	163
79	91	47	47	45	43
63	88	77	162	91	119
42	37	153	111	192	30
73	194	36	150	84	191
165	124	193	29	58	199
96	188	50	164	100	101
148	74	80	140	196	21
46	61	107	187	172	168
43	49	143	99	86	197
30	72	117	35	93	151
181	200	143	66	159	71
198	144	176	133	62	76
115	41	172	134	177	192
100	43	59	181	23	61
99	58	51	64	148	125
186	27	136	69	81	137
24	36	74	191	79	49
146	127	121	171	30	198
108	87	44	152	103	121
101	32	60	198	107	69
101	27	168	148	162	82
196	95	168	52	133	88
152	59	30	186	24	67
107	67	41	102	46	43
93	199	86	69	199	43
78	136	71	39	116	72
42	52	79	35	187	136
42	100	190	89	150	65
158	35	66	140	93	112
148	135	43	26	176	42
200	54	139	50	167	149
47	134	149	125	196	58
88	69	38	153	67	106
68	109	52	50	79	97
180	155	149	131	167	196
143	134	30	117	40	75
110	31	172	38	192	55
160	154	115	60	72	124
116	91	42	23	26	162
36	110	76	165	151	63
155	163	133	194	132	85
112	80	167	193	107	128
67	46	121	105	61	194
142	195	190	190	106	145
179	156	55	110	72	88
137	39	44	137	151	45
80	120	43	52	122	171
79	148	150	197	155	181
110	168	151	62	38	178
23	185	37	162	102	59
58	156	183	114	88	189
184	131	125	82	193	173
158	98	49	179	103	95
154	187	136	109	109	144
140	149	92	125	127	155
84	193	63	192	50	49
100	185	150	75	198	135
58	79	118	173	82	181
84	118	36	36	195	51
48	85	24	64	33	84
44	185	157	59	61	143
116	109	115	32	180	150
85	105	192	120	100	56
140	46	130	94	109	165
111	153	59	115	59	38
54	51	57	41	49	184
194	53	189	59	121	34
134	37	70	47	41	200
163	92	157	51	40	162
21	171	140	49	23	94
159	77	163	98	41	192
82	56	67	50	99	63
163	70	74	45	122	159
106	49	182	179	41	59
110	79	127	138	131	172
73	138	37	154	148	50
164	27	26	75	169	133
100	138	147	123	25	144
72	195	55	147	72	190
169	87	117	128	108	165
152	77	77	54	168	33
134	144	63	106	197	36
141	44	113	66	25	113
132	64	181	198	117	77
156	197	136	87	161	147
122	173	49	134	77	35
90	158	167	159	60	147
31	123	182	33	112	29
66	113	162	128	64	30
135	106	194	53	195	133
113	134	186	51	114	47
64	88	48	69	59	78
165	129	25	110	34	94
177	120	53	52	141	94
87	190	106	186	80	125
78	128	138	61	22	68
80	146	44	135	196	42
142	44	154	180	26	31
163	51	55	52	143	149
105	60	126	44	25	187
59	146	198	134	65	27
66	52	56	89	123	100
163	85	81	174	40	195
180	99	162	56	30	119
90	25	171	132	41	158
189	71	117	148	68	184
60	80	161	80	91	128
93	52	38	173	43	73
144	35	30	200	179	105
107	189	32	198	166	118
65	159	44	102	179	86
199	97	21	169	68	145
193	36	190	60	31	197
158	122	115	67	183	191
38	117	159	188	127	180
178	120	127	151	24	71
57	77	74	136	194	147
152	157	55	174	87	149
181	25	50	200	170	72
37	169	125	68	144	170
177	182	33	199	140	156
144	168	55	67	185	42
194	134	156	161	138	65
136	40	150	163	28	196
124	173	120	145	164	153
85	135	26	149	29	57
151	123	188	36	161	59
150	135	123	148	54	63
180	144	151	155	27	130
78	153	111	47	87	165
57	152	173	21	86	95
151	75	42	62	89	182
49	63	108	146	196	122
174	97	62	107	137	101
141	61	87	142	72	74
117	23	100	63	52	166
186	41	149	39	36	133
103	131	61	89	123	52
162	158	59	166	87	56
162	180	113	134	158	157
142	60	144	86	118	108
70	49	128	46	174	51
91	126	108	71	116	189
45	121	44	154	158	63
144	23	141	54	29	33
34	24	105	88	131	93
90	117	142	163	183	184
122	133	27	176	162	21
81	34	164	154	68	154
83	26	144	131	133	194
164	118	81	132	136	51
169	145	38	98	135	97
53	109	193	140	147	99
98	140	58	179	117	98
151	60	64	196	161	174
38	150	34	66	111	91
89	164	62	22	95	80
57	177	56	167	63	156
145	180	183	77	160	127
41	172	161	83	173	70
138	162	28	94	65	25
145	114	144	112	45	51
92	94	100	22	112	185
123	113	48	32	92	100
99	104	123	85	38	29
34	153	69	79	134	43
175	119	71	157	28	167
38	44	119	166	91	119
48	167	64	54	29	112
120	91	62	66	162	143
37	81	70	95	35	194
108	85	127	50	55	146
117	80	143	159	49	146
135	123	62	28	101	78
116	28	80	196	37	86
82	113	118	186	161	99
144	200	78	113	36	86
56	93	29	33	47	44
73	170	92	51	168	60
87	37	127	88	43	140
82	27	70	42	31	74
107	199	147	63	46	21
62	21	44	62	29	197
196	161	187	177	129	192
77	68	133	44	57	44
163	32	192	196	140	98
41	34	24	161	199	103
42	196	59	89	91	155
47	77	54	111	184	48
115	23	52	57	87	110
21	107	54	184	89	43
118	194	30	90	135	94
156	65	75	117	48	187
32	80	29	134	151	160
190	70	146	126	188	111
189	194	184	185	63	41
110	159	175	42	197	44
165	120	183	128	150	148
42	49	75	183	35	110
190	28	63	150	141	154
108	42	21	34	160	140
72	58	84	51	108	133
159	168	179	109	113	156
124	89	122	182	98	72
95	168	140	23	26	180
191	113	81	97	167	197
151	65	159	108	121	66
104	61	144	107	41	186
141	157	40	130	181	92
166	105	149	182	25	170
137	82	57	29	76	75
129	168	31	68	112	150
118	69	35	167	119	79
173	174	44	119	61	29
65	171	88	173	78	179
170	185	38	95	30	151
157	111	76	104	50	34
66	66	63	139	108	146
132	87	31	117	157	40
44	198	91	123	42	63
136	165	181	33	188	141
105	155	61	136	134	117
64	172	69	94	165	83
124	116	103	22	148	164
170	96	128	141	165	70
145	190	45	54	66	36
190	146	179	160	128	82
121	35	53	159	73	92
185	128	79	66	60	166
83	28	31	63	85	77
144	93	180	179	52	154
68	157	34	92	143	65
63	38	153	159	27	52
121	165	139	134	137	109
75	152	42	33	58	56
53	90	60	31	34	159
89	198	44	32	52	78
147	160	89	63	157	24
90	49	141	135	129	101
87	60	140	56	107	179
78	91	135	84	152	61
26	198	117	61	122	127
176	169	130	139	43	141
174	86	102	101	104	55
103	191	107	105	22	164
93	159	133	63	30	57
146	56	188	197	60	109
194	77	164	183	27	64
74	175	181	123	62	68
117	29	154	92	35	97
49	124	177	39	69	169
59	37	111	31	49	101
54	98	45	38	62	77
85	152	116	162	192	73
142	136	134	88	58	170
164	114	129	48	56	112
88	82	21	33	119	189
200	56	101	141	54	192
42	50	121	34	163	156
90	182	138	51	24	63
182	116	183	30	73	79
190	147	73	25	156	180
200	160	183	140	84	136
70	114	67	177	72	51
191	48	71	89	122	102
32	98	132	130	134	153
126	178	62	156	177	62
128	94	164	83	94	28
125	73	154	58	42	198
79	128	38	105	53	43
130	186	37	184	111	98
128	129	165	39	68	25
75	182	122	123	45	122
142	65	156	44	46	31
96	22	51	183	114	105
23	157	86	73	38	127
90	96	68	89	132	29
175	28	59	192	115	149
124	158	135	144	41	179
23	164	169	43	97	118
180	76	110	119	91	176
155	76	24	23	104	194
29	135	133	103	187	153
131	198	164	88	186	120
145	115	31	90	46	101
32	97	104	155	41	64
99	131	196	29	182	118
113	142	176	90	87	108
79	92	52	69	94	178
96	180	104	192	40	113
31	86	114	199	77	58
110	95	74	25	79	113
75	47	110	180	182	75
140	33	48	103	110	187
85	87	169	194	72	64
98	93	23	36	174	195
155	68	147	121	148	46
193	98	78	164	114	46
74	186	104	41	91	179
44	123	122	182	198	146
59	99	93	186	134	91
105	190	91	71	82	32
180	80	75	158	164	34
121	194	131	199	154	34
30	188	40	124	50	84
54	99	160	37	57	73
188	100	26	84	66	166
69	165	83	103	163	72
74	158	124	43	114	160
68	177	85	102	69	27
79	42	24	151	139	158
79	66	194	168	37	192
127	96	110	35	197	48
68	102	107	32	36	199
102	131	47	76	162	102
124	38	128	123	119	82
23	183	81	28	188	161
175	156	196	179	87	51
50	34	79	58	141	120
65	26	43	173	48	30
48	51	57	128	94	64
93	61	110	194	32	34
170	84	23	199	89	105
37	72	23	182	22	170
46	121	192	155	198	80
46	67	109	154	92	114
172	72	94	85	141	189
75	181	183	55	38	31
34	40	39	117	184	133
146	38	33	78	193	163
44	96	103	53	50	105
31	160	128	110	64	103
148	145	96	131	200	198
186	106	46	113	127	70
184	103	22	114	148	146
160	195	163	87	92	161
56	73	110	122	37	31
187	67	149	91	169	124
106	76	31	176	187	52
50	131	138	87	118	56
96	124	114	178	61	146
101	154	110	63	73	24
78	190	94	116	60	149
154	81	41	98	47	21
30	127	140	112	200	124
169	172	155	77	168	29
168	124	151	154	21	55
75	95	82	97	44	46
74	47	36	101	36	75
66	118	187	32	40	170
149	44	62	22	35	117
45	141	191	124	144	81
200	191	200	155	123	162
102	110	139	86	102	80
81	179	125	22	166	121
121	158	165	196	143	191
134	39	37	32	161	42
43	75	131	110	86	62
116	121	64	29	175	197
66	42	40	47	121	89
69	113	45	106	134	138
97	167	140	25	67	153
85	56	125	102	156	199
97	155	139	30	175	146
53	158	89	196	159	41
63	198	137	152	26	46
55	84	35	171	63	182
194	39	192	124	70	116
172	45	99	102	178	112
66	88	37	147	38	90
155	72	127	104	90	76
59	109	25	138	117	77
119	107	134	69	110	44
135	56	177	178	58	99
25	97	121	122	179	196
37	73	128	188	139	43
141	33	140	76	105	57
163	99	79	152	109	170
146	98	178	68	138	87
73	163	174	52	164	94
182	167	101	97	144	126
64	134	23	103	185	192
67	77	41	118	73	120
141	116	35	183	61	88
84	34	188	168	81	54
117	176	193	181	116	122
82	142	134	196	166	28
22	182	72	180	78	176
161	154	200	86	87	78
35	137	144	141	33	56
119	54	124	163	108	80
135	129	34	161	121	49
105	94	124	122	192	168
188	191	106	35	56	46
108	131	51	156	122	159
102	186	100	81	44	76
181	95	62	135	68	182
126	175	49	145	98	85
30	57	113	50	140	107
192	132	178	139	48	60
29	110	118	61	200	163
86	105	77	85	30	152
132	183	75	140	61	100
177	147	175	149	89	37
84	49	84	90	138	100
37	25	131	173	143	182
165	190	124	178	96	183
102	155	78	148	32	109
63	151	168	195	88	113
35	27	165	129	156	146
137	75	199	199	120	196
109	81	156	36	155	26
75	66	187	113	112	86
22	99	81	105	61	139
142	106	41	102	72	165
151	33	131	119	124	35
138	198	119	134	159	100
91	144	102	171	54	68
171	76	78	78	182	71
175	85	149	39	118	185
59	76	154	134	163	91
59	72	109	48	79	125
79	172	54	151	40	171
190	40	108	88	131	133
176	118	86	91	101	143
97	119	77	67	35	61
128	22	133	141	186	143
191	144	122	107	110	124
113	49	24	162	162	45
124	132	73	32	73	130
189	113	72	193	38	198
100	177	164	151	113	75
184	100	53	100	39	29
89	56	189	144	137	153
97	78	152	136	101	189
59	26	39	82	87	93
128	83	107	188	192	151
26	171	127	170	171	186
133	179	26	188	135	67
166	180	152	72	64	138
59	127	153	147	48	178
153	78	42	148	135	171
130	27	145	155	108	31
180	138	46	22	110	171
155	121	180	178	131	195
173	182	162	54	185	172
180	142	35	83	180	111
98	170	87	104	94	33
184	193	43	120	147	182
183	76	168	155	73	160
80	47	42	74	178	161
79	127	184	190	101	187
87	132	125	25	24	150
187	200	101	95	74	176
44	134	142	60	89	138
149	61	29	105	96	60
56	102	114	162	172	55
56	81	186	37	39	174
183	195	122	112	186	38
63	157	125	171	83	25
69	157	186	74	154	57
44	97	68	153	93	178
85	154	178	197	98	99
152	56	118	192	183	74
141	135	124	129	108	126
89	180	141	121	41	85
59	171	100	194	135	51
163	107	48	200	58	160
170	42	49	174	51	34
60	139	55	80	109	154
63	26	101	49	164	76
176	186	104	137	171	91
133	27	85	154	115	48
95	62	22	41	169	55
188	94	183	25	165	91
81	68	56	30	50	131
83	32	104	47	165	96
100	97	198	125	151	69
142	28	24	93	97	113
137	163	92	35	85	78
36	139	101	144	103	60
142	29	172	25	98	145
199	116	39	80	141	177
96	121	28	170	103	61
89	159	114	177	50	135
131	186	63	141	100	117
63	40	135	22	196	99
54	79	149	78	45	160
196	151	136	108	165	134
48	47	93	143	39	177
74	161	170	177	153	99
182	178	65	82	141	144
138	96	164	40	181	122
31	131	198	173	120	187
196	122	44	149	117	120
82	151	199	171	138	138
72	200	27	102	148	88
135	33	169	198	115	157
59	169	99	90	146	195
27	52	200	61	51	119
158	196	62	173	41	110
169	160	174	164	44	104
42	33	114	45	62	91
64	125	147	87	179	154
149	140	33	128	192	88
169	35	38	130	176	72
165	133	158	188	113	85
141	198	30	181	106	90
192	105	49	86	51	39
40	51	197	181	115	58
165	25	194	101	88	154
158	73	97	127	156	175
141	186	100	51	91	34
75	113	184	109	53	72
182	30	73	104	134	130
166	122	97	156	30	175
43	78	80	153	182	112
87	39	116	25	84	116
146	80	98	82	140	27
94	110	86	128	182	23
77	148	79	169	34	199
72	48	141	129	160	38
84	162	134	46	47	23
111	89	57	133	199	22
156	158	33	97	153	96
162	45	193	174	85	161
126	79	100	198	22	137
176	122	31	86	102	55
100	116	52	190	113	83
119	55	111	153	158	93
96	36	53	57	111	106
150	67	182	37	29	65
73	76	115	153	127	77
178	99	86	86	108	116
153	77	183	181	127	100
26	75	166	75	197	82
53	94	177	81	45	158
177	130	33	190	190	198
36	191	159	51	195	23
42	93	58	28	152	78
164	48	85	87	164	153
30	152	159	116	106	170
163	159	164	85	95	59
88	35	89	93	172	71
176	52	154	135	51	196
185	57	97	64	55	135
135	82	198	65	184	47
133	66	77	45	63	142
74	100	78	47	79	30
35	124	87	115	167	194
61	112	193	33	25	38
98	76	80	178	32	130
67	64	112	147	151	150
165	158	96	56	118	133
37	153	34	22	28	47
89	83	130	121	181	58
158	150	62	148	86	198
24	142	135	159	135	135
93	37	194	117	29	132
116	64	98	41	117	183
103	65	70	77	88	70
178	101	65	74	81	143
82	162	80	110	184	148
173	129	49	71	141	200
27	87	93	174	183	103
42	54	182	190	39	164
161	28	168	103	112	31
117	129	74	102	135	171
166	32	104	164	103	37
45	39	25	104	109	24
86	28	139	119	193	196
153	75	142	175	97	181
30	161	121	47	86	44
32	86	179	152	192	193
81	26	170	60	171	62
105	123	153	145	54	121
96	118	171	67	187	84
101	100	86	120	55	114
180	96	135	51	29	83
69	102	153	61	141	187
195	52	196	56	191	70
111	147	69	122	158	105
72	63	35	153	67	111
24	169	172	38	84	28
93	144	105	168	144	45
38	173	187	40	120	104
140	85	196	179	124	28
179	98	121	120	89	142
192	70	80	37	121	111
181	61	51	70	142	58
162	46	100	52	191	172
97	91	183	111	116	23
192	84	69	29	28	148
33	113	63	120	90	195
28	139	107	174	187	42
144	116	193	55	101	28
102	39	21	128	157	73
130	26	117	144	110	106
29	131	194	21	165	146
25	150	169	162	63	146
101	55	44	156	32	196
119	129	125	119	64	33
63	88	149	21	94	71
51	86	123	65	119	69
145	43	115	180	65	93
27	169	76	178	126	177
166	144	142	94	133	151
35	35	187	90	29	105
179	175	128	91	130	83
152	195	44	188	95	109
176	198	63	190	126	69
27	164	73	158	180	117
171	172	119	191	180	88
76	120	48	85	125	73
127	83	65	128	121	193
64	162	134	151	80	153
162	102	34	184	115	154
91	26	44	41	153	23
70	41	172	45	80	150
63	41	195	133	24	189
188	121	82	51	186	115
101	27	57	81	118	70
58	148	110	63	40	105
82	30	62	133	158	59
149	115	170	46	176	189
128	164	167	27	33	159
43	136	197	188	130	165
21	80	52	200	65	154
34	117	181	140	136	94
21	146	131	63	80	25
121	181	161	120	25	87
98	42	136	102	143	174
146	39	177	23	94	121
126	117	191	51	24	58
45	74	112	200	56	86
166	164	23	124	40	182
139	105	86	173	131	111
142	176	58	63	195	178
117	150	61	102	149	129
107	165	55	58	56	103
121	77	154	153	192	70
105	88	103	127	130	111
37	58	155	96	174	22
120	156	84	182	87	36
138	27	185	171	176	42
122	142	161	107	150	52
27	199	81	56	100	170
44	96	43	157	62	158
46	193	64	162	115	91
68	134	97	194	113	90
48	63	75	165	103	137
108	191	128	64	156	149
72	114	52	189	73	80
113	195	79	47	40	186
56	126	105	42	106	154
174	126	80	126	166	99
42	98	131	134	142	180
130	67	146	60	38	28
136	187	76	67	163	98
94	43	122	23	94	195
157	100	57	23	148	53
93	103	142	156	70	119
62	40	167	89	38	103
87	36	107	43	120	73
195	154	120	36	53	122
147	80	59	199	45	27
153	155	187	73	99	133
148	118	59	76	156	69
100	89	72	154	188	91
79	75	110	46	173	31
106	58	73	129	48	23
120	140	198	77	186	67
183	28	105	153	137	75
124	164	90	58	83	120
148	54	54	71	85	171
68	93	62	157	94	39
128	155	108	173	25	191
108	172	32	57	104	147
149	58	180	200	141	104
33	94	158	63	129	80
28	142	141	38	88	112
120	68	117	42	190	98
78	36	55	196	89	145
54	60	93	159	25	196
41	160	165	194	149	142
63	154	128	114	47	77
42	135	22	58	195	54
122	45	64	165	46	22
97	46	120	139	164	149
120	85	59	52	104	30
69	59	86	150	117	114
41	105	170	121	114	105
38	34	182	148	26	159
147	125	65	34	182	165
145	47	84	54	97	92
95	35	101	180	198	120
63	155	54	199	127	66
74	139	26	50	186	140
81	200	32	145	37	137
136	57	137	36	55	112
71	165	87	132	24	106
99	110	135	151	181	62
84	55	112	130	136	99
138	118	103	53	33	144
175	150	56	30	143	136
160	27	61	143	34	49
132	197	184	99	42	157
113	163	83	161	92	102
28	150	32	47	173	101
192	34	118	145	142	166
178	52	175	59	113	37
193	179	28	62	63	111
198	156	165	88	47	99
46	116	67	123	192	152
158	167	23	142	145	161
153	45	96	109	126	29
192	114	134	65	146	111
121	110	178	137	99	157
191	183	169	76	144	65
138	28	110	102	145	173
163	112	134	35	62	100
157	65	118	37	102	45
147	21	198	81	31	191
102	59	70	160	153	77
40	28	133	170	54	119
85	118	130	163	59	31
124	57	116	133	59	124
61	161	21	29	41	65
144	160	168	38	57	49
85	120	65	152	66	177
163	197	46	171	70	184
89	71	112	80	150	75
111	170	30	200	191	36
89	112	63	124	43	193
124	40	79	120	51	179
163	51	191	180	44	23
113	91	153	56	152	89
176	147	191	168	74	94
72	157	114	166	124	118
113	74	93	151	138	85
179	113	62	188	48	164
150	72	102	157	101	190
150	123	153	157	92	178
21	63	63	59	55	93
49	161	178	155	89	137
79	197	139	57	162	195
98	78	110	102	87	187
76	179	63	173	153	105
148	129	182	149	70	148
127	183	32	196	134	198
132	125	181	120	162	46
102	104	60	38	166	119
25	55	47	78	68	143
27	186	55	32	130	75
123	160	121	36	54	48
193	41	80	143	193	93
85	115	106	53	187	39
96	31	85	109	21	188
161	31	125	131	161	198
48	42	154	177	165	60
129	120	70	118	115	77
143	57	190	49	184	45
41	195	167	54	194	24
161	50	120	24	67	96
126	127	132	127	54	123
138	192	57	65	118	119
81	162	164	146	62	29
195	96	37	175	107	83
158	136	148	142	135	150
140	32	132	32	136	60
60	86	55	52	52	110
61	150	105	130	122	67
196	133	190	49	157	92
34	27	176	46	158	187
69	183	158	132	191	91
71	188	138	194	192	76
99	60	70	122	57	179
196	44	172	183	141	151
93	158	68	106	68	86
126	150	136	55	32	66
166	123	130	185	43	136
196	23	38	39	182	76
168	194	125	59	155	175
100	80	37	113	101	133
58	153	182	49	176	154
68	175	72	128	137	70
127	179	194	47	137	56
200	94	91	130	100	55
195	89	95	63	66	163
95	102	105	144	159	62
57	57	132	149	25	166
51	24	77	63	196	52
56	68	77	94	88	87
77	106	124	150	96	177
146	176	84	163	136	65
56	25	98	31	111	177
159	139	53	99	190	94
21	82	118	59	113	22
56	41	53	156	135	27
83	142	150	174	128	145
116	108	139	102	45	101
200	75	190	73	106	35
50	188	121	74	105	115
160	122	125	88	75	45
54	164	39	85	180	76
23	134	33	154	120	108
70	24	82	61	185	73
63	139	59	178	32	52
72	54	64	29	148	168
184	96	153	129	119	46
75	139	176	133	149	23
42	44	178	32	64	85
76	26	140	66	51	79
131	163	135	191	68	161
101	150	40	26	145	58
99	121	83	75	77	139
127	161	43	161	122	111
149	179	105	149	124	174
54	47	70	156	197	81
96	55	93	143	96	27
54	102	57	184	190	115
186	58	100	67	22	94
39	57	65	160	116	196
93	55	25	75	108	133
112	47	186	72	96	174
159	150	132	120	176	41
110	104	111	54	174	93
171	45	26	123	27	165
167	54	120	70	100	111
76	110	192	179	72	181
61	70	93	140	149	149
124	119	101	146	59	31
55	142	142	78	192	92
87	92	96	177	113	178
82	129	185	126	159	34
88	175	180	54	21	53
160	98	76	135	137	190
171	68	185	56	136	46
116	179	160	61	157	70
136	166	114	158	97	153
158	163	96	85	162	145
38	125	88	90	87	134
22	94	100	113	170	38
75	193	172	42	167	144
86	49	147	195	178	118
95	108	124	178	147	199
67	120	177	120	165	153
192	84	178	133	185	110
156	171	79	104	63	152
125	167	110	82	49	63
151	66	23	22	158	160
75	185	35	100	45	114
121	29	25	159	120	158
88	95	47	192	37	70
111	57	165	188	23	62
182	129	194	172	115	31
110	111	96	159	134	123
176	104	133	115	142	176
94	110	110	96	129	197
164	133	102	45	52	33
131	191	21	172	168	152
184	89	161	22	76	168
39	93	127	38	25	61
61	103	179	156	21	147
117	77	140	187	192	185
37	51	127	197	135	43
33	47	99	58	154	200
199	137	55	192	51	162
58	61	50	182	115	88
65	122	87	75	111	28
143	166	22	154	110	124
33	29	55	65	97	97
103	68	55	181	33	188
69	170	194	92	199	49
33	80	179	107	77	64
120	164	101	68	109	42
183	54	46	72	52	94
68	46	96	165	187	22
67	110	79	57	28	135
120	53	57	29	135	133
65	80	33	90	47	187
25	110	185	105	177	41
146	33	110	60	81	48
157	193	70	91	63	97
26	71	152	180	189	131
135	171	171	125	66	44
192	26	88	36	138	139
80	21	169	82	51	98
100	50	44	97	155	194
114	81	185	151	56	151
140	176	153	31	83	176
90	132	50	82	22	21
69	55	141	36	65	51
69	85	113	94	121	178
128	179	156	110	46	137
54	171	84	78	188	113
27	178	101	73	43	62
45	98	190	75	43	94
128	58	191	83	74	137
74	28	114	185	122	123
114	132	64	93	176	49
162	147	66	128	185	88
139	97	151	69	123	35
140	27	54	78	38	146
146	104	59	152	132	186
89	43	64	85	124	132
164	93	170	192	168	186
136	139	118	136	148	200
34	180	130	36	41	193
48	40	28	172	122	106
93	29	87	90	188	49
120	137	174	100	198	198
164	128	22	101	131	67
117	182	89	194	160	145
42	166	56	110	170	53
50	180	198	192	76	51
78	65	178	82	46	194
98	113	33	118	90	144
62	114	77	100	136	171
38	106	47	145	188	106
168	157	190	51	157	146
81	174	56	133	180	184
71	118	154	95	86	166
194	85	38	94	98	151
133	143	137	133	110	111
38	126	176	188	159	192
141	91	39	97	152	59
72	25	147	77	59	99
46	177	197	166	186	42
105	41	74	26	140	72
100	164	74	189	40	147
92	26	144	148	157	96
117	185	144	78	56	114
82	174	69	75	126	27
44	144	84	184	183	61
80	167	180	128	134	126
22	123	107	97	36	78
41	59	68	142	86	173
171	88	70	46	111	155
183	174	30	140	51	91
170	98	24	52	68	168
41	128	31	88	168	195
95	94	89	182	152	142
99	178	90	51	83	149
183	89	68	39	74	44
161	95	107	169	47	138
179	70	67	134	104	195
142	115	30	181	104	169
123	31	32	114	142	107
162	157	51	145	48	110
153	78	192	198	67	44
189	176	95	112	112	200
166	196	94	170	22	182
178	39	150	107	180	158
136	77	114	63	194	44
110	76	44	163	154	151
144	52	156	21	42	79
111	198	181	167	173	29
25	160	55	63	112	64
123	161	80	126	150	145
79	188	126	43	38	71
78	82	58	37	193	95
163	165	120	192	70	137
126	134	167	107	172	163
46	197	33	162	112	107
58	116	199	63	160	92
48	40	119	162	177	67
51	52	174	34	59	84
111	93	109	126	137	147
158	48	44	96	91	43
78	164	47	115	42	157
109	150	34	28	172	59
107	51	41	167	61	99
132	94	196	30	157	162
54	124	170	50	120	181
136	46	128	125	87	146
55	82	145	98	168	184
131	173	53	53	58	41
73	84	107	87	55	111
102	33	135	95	172	153
169	63	85	187	29	182
65	129	156	170	110	78
109	125	83	112	101	28
33	87	148	83	79	73
94	146	103	42	53	56
60	26	59	175	52	120
196	114	34	78	93	91
65	140	167	89	50	48
159	131	42	113	54	44
56	102	93	130	148	149
41	170	91	30	112	117
181	149	81	27	143	118
79	60	68	200	132	146
55	61	177	108	167	164
96	128	177	61	178	80
196	24	90	89	115	95
114	67	42	59	149	60
175	185	130	75	76	196
115	68	146	77	148	122
158	144	152	55	193	61
176	110	152	148	54	117
85	31	129	42	95	35
125	43	125	121	114	137
97	63	147	166	121	140
132	153	167	154	39	27
148	141	41	66	55	178
185	70	95	178	93	43
96	139	157	137	55	181
99	136	102	122	49	137
33	125	122	97	97	147
143	144	23	117	32	148
114	113	86	33	51	112
157	132	111	195	142	87
142	44	98	153	66	113
119	92	28	73	123	24
143	34	192	101	61	174
165	61	43	26	151	23
133	130	122	79	189	167
71	65	168	172	190	21
24	127	135	77	100	49
184	82	197	74	148	119
102	28	167	87	56	87
54	193	79	165	190	198
35	150	125	172	34	84
189	40	56	197	180	65
44	141	26	97	143	158
186	126	167	131	99	181
113	118	24	164	109	141
146	117	36	23	189	23
45	184	115	74	56	138
187	107	159	122	113	155
169	28	138	150	40	134
83	71	52	57	127	169
111	27	56	168	121	74
188	93	81	158	130	172
144	194	27	84	82	49
24	183	137	123	197	31
84	138	200	163	95	156
163	155	182	129	150	47
190	176	166	128	116	153
81	131	32	153	116	47
22	177	37	39	66	38
160	134	80	51	34	120
47	131	45	166	124	108
113	198	58	181	82	186
120	63	104	114	178	66
144	88	37	88	33	179
23	34	86	112	146	22
113	61	107	186	54	132
139	157	98	127	190	85
102	63	136	110	47	31
169	100	53	95	99	111
29	162	55	83	165	104
149	97	176	89	72	151
166	58	189	136	36	180
133	146	51	158	40	28
44	182	24	196	141	101
60	185	69	188	80	94
190	79	60	151	119	135
122	148	36	171	130	154
41	59	123	23	192	141
148	39	151	95	67	176
194	114	71	91	112	148
113	102	133	136	119	195
39	187	137	76	100	156
179	154	78	120	76	85
133	148	117	95	118	118
51	141	181	146	165	200
194	106	27	158	72	152
198	68	53	166	76	159
78	57	35	125	24	105
83	71	159	34	84	113
156	102	179	188	193	43
141	85	31	100	142	167
177	149	123	193	165	183
33	87	151	29	67	125
188	52	79	86	117	73
61	27	162	134	191	175
112	141	156	90	114	28
187	162	119	29	139	109
185	192	163	141	80	165
42	160	159	193	127	154
88	78	155	146	159	180
27	23	79	156	139	75
120	174	23	73	121	49
168	186	89	80	27	148
194	99	184	59	168	166
25	183	99	124	41	149
196	55	46	136	185	69
139	58	193	66	134	103
101	137	141	144	122	72
183	77	196	128	42	61
42	149	114	198	85	106
168	195	140	65	60	139
125	65	157	90	179	193
28	169	93	132	102	127
118	133	137	57	105	98
166	150	167	48	142	25
105	166	116	150	68	148
127	178	86	114	169	191
64	177	168	167	130	128
151	152	136	126	137	77
140	48	94	141	193	129
198	136	171	109	70	39
157	38	91	59	83	45
134	173	118	111	167	95
51	136	156	70	33	78
113	126	27	127	60	120
49	36	135	136	82	176
60	134	195	39	181	127
62	138	118	81	148	179
117	85	187	159	170	77
173	33	172	41	136	174
87	107	33	88	91	143
77	127	90	155	167	124
122	151	81	127	147	193
176	45	125	130	187	77
62	37	155	55	52	130
52	96	165	107	86	78
182	193	64	107	101	127
148	89	21	60	68	124
54	124	29	139	114	31
129	181	174	172	44	198
35	130	50	96	53	146
32	127	135	107	103	185
137	68	116	182	191	68
85	114	95	52	122	168
85	109	45	115	93	97
64	178	37	39	88	84
162	28	32	77	34	29
187	146	174	181	92	183
28	93	171	74	81	27
35	28	124	162	40	55
190	196	196	62	155	197
111	35	103	122	99	132
57	178	64	197	86	102
81	38	46	179	83	61
181	126	79	110	47	135
93	76	122	121	105	184
175	188	186	143	121	28
126	41	67	38	189	200
28	86	38	85	40	156
92	155	162	134	132	194
119	111	27	143	72	91
25	118	134	181	103	53
122	150	126	94	126	45
191	111	187	69	128	178
89	109	56	166	56	91
24	103	157	96	150	101
168	32	128	177	86	190
127	36	169	144	36	143
110	142	168	182	88	192
118	46	133	155	169	70
166	83	164	40	38	161
61	170	80	154	85	32
161	59	195	126	39	31
101	107	139	166	118	172
60	85	47	174	179	164
47	165	47	141	139	182
73	92	38	61	160	143
96	154	50	88	189	132
23	198	135	74	172	169
42	184	105	91	84	183
114	50	118	124	171	170
97	163	119	162	142	137
125	87	167	30	90	58
21	88	61	187	116	122
67	151	67	142	176	86
94	29	149	77	107	97
187	193	106	53	101	56
45	164	199	141	109	31
163	125	27	128	149	167
53	22	141	64	199	177
153	80	113	134	68	142
104	170	22	179	157	56
52	136	184	112	186	187
144	132	24	102	113	100
181	78	166	94	197	164
24	25	46	129	80	87
58	168	149	183	49	37
141	49	67	48	55	74
100	183	186	189	71	186
135	123	69	168	108	194
134	23	195	116	140	94
156	136	70	177	148	141
48	65	49	74	28	75
70	96	159	85	94	142
41	109	47	60	51	103
72	191	182	126	82	145
159	150	58	46	44	105
93	69	44	37	105	88
154	107	92	57	128	34
86	169	22	193	83	77
126	66	97	73	178	192
29	90	188	21	189	92
112	162	196	180	34	197
105	112	40	66	80	102
190	63	183	65	127	112
85	23	177	43	121	123
177	115	160	173	133	155
61	122	53	178	104	58
36	66	200	32	61	69
164	183	179	87	167	102
164	23	101	60	124	107
25	57	197	128	165	145
44	104	129	66	70	157
165	28	129	176	100	26
59	133	124	89	193	124
21	115	158	115	162	175
142	122	149	83	98	57
147	69	81	37	116	160
173	23	110	101	96	106
88	141	95	24	141	39
72	78	155	52	26	99
159	46	139	161	178	112
81	151	130	55	174	55
186	104	21	157	83	54
143	73	23	87	187	189
74	177	100	187	80	177
156	109	105	166	69	77
200	76	151	191	31	160
130	131	162	90	66	111
153	113	190	98	89	115
130	32	174	140	142	96
149	62	104	137	110	128
118	177	157	105	34	83
141	85	46	154	194	129
65	197	47	91	178	26
182	169	141	83	28	195
177	82	96	169	80	90
138	180	129	65	120	178
64	155	174	108	61	126
175	117	104	143	160	49
172	45	165	21	54	109
86	153	155	119	94	76
118	57	173	115	174	23
165	165	65	75	159	200
140	178	110	37	169	148
197	168	138	163	93	21
53	24	56	176	141	75
68	88	108	71	157	72
75	125	90	129	183	123
158	75	48	41	174	133
131	113	187	100	157	33
22	31	109	55	84	124
175	23	67	130	45	183
68	200	70	49	38	149
135	117	110	186	64	37
84	200	161	135	75	43
175	143	27	145	76	129
144	102	60	93	191	186
142	63	155	197	27	91
99	114	190	31	34	132
50	68	113	180	59	31
55	159	110	38	186	197
39	29	25	83	106	104
77	88	92	145	118	76
70	140	66	108	189	100
180	192	161	127	39	169
119	149	99	125	175	148
187	75	149	109	115	95
78	159	76	87	71	121
113	140	191	110	194	51
86	122	71	53	112	181
68	148	155	191	189	92
160	190	115	43	164	65
193	118	64	21	192	78
108	25	94	122	184	50
87	72	109	87	103	153
86	140	34	39	56	54
158	68	131	152	49	30
82	101	141	133	147	114
169	131	152	60	120	66
44	132	60	83	152	148
136	49	128	36	51	43
190	177	123	49	31	26
144	115	89	118	85	99
177	170	136	40	183	75
140	130	160	167	163	29
196	58	188	27	183	167
175	148	196	120	103	111
142	156	117	127	112	180
160	84	177	192	195	60
160	118	67	137	120	45
173	117	90	55	25	153
187	36	116	27	98	36
173	147	45	48	188	67
115	198	114	22	75	81
163	138	48	199	163	170
184	117	82	46	45	169
192	73	156	88	111	81
74	77	84	125	84	188
67	89	119	141	111	23
161	100	163	185	96	80
119	160	29	135	132	181
137	200	59	161	196	172
87	190	76	113	149	78
48	61	165	29	46	94
180	163	93	161	92	95
151	146	53	165	65	193
117	184	62	75	47	192
121	112	101	46	62	98
73	169	182	163	167	70
193	91	54	189	86	156
193	63	110	54	195	184
83	81	164	59	158	128
136	62	48	69	77	63
132	189	46	41	181	21
82	151	167	135	187	135
92	108	127	190	93	111
48	39	65	189	126	26
189	79	142	151	76	111
89	24	41	59	178	74
141	122	84	174	149	95
41	86	72	129	122	52
40	152	68	146	162	71
56	188	179	199	129	42
55	142	63	145	170	72
157	93	112	133	65	31
180	167	96	22	85	45
127	113	73	81	38	176
168	157	28	148	26	152
61	92	32	77	71	70
152	135	74	150	79	123
129	33	71	126	200	160
166	108	118	187	141	122
71	64	195	74	101	152
63	174	188	178	107	166
162	200	89	62	152	42
58	191	55	118	165	151
31	166	70	172	30	189
113	112	108	48	153	106
89	100	77	181	26	114
163	84	157	155	117	53
37	26	57	147	34	188
159	100	121	103	74	197
95	195	123	170	156	151
187	194	78	42	101	72
150	70	73	175	31	50
45	117	126	157	146	162
83	162	162	184	131	194
86	160	27	68	103	186
183	145	96	125	65	95
85	101	91	160	126	33
35	69	172	27	141	41
132	156	102	77	199	152
25	52	52	116	198	108
153	69	86	32	80	176
65	108	149	22	78	141
101	55	200	105	69	187
150	117	78	122	28	95
37	140	137	35	61	148
181	101	137	122	200	63
121	169	121	78	123	188
116	129	77	200	138	179
44	171	80	42	115	129
90	54	23	33	78	58
176	193	57	45	79	46
180	125	77	72	47	187
144	63	25	159	141	71
21	30	142	154	192	29
195	60	116	34	74	119
133	46	74	49	73	158
76	173	47	147	158	33
24	68	196	104	134	123
154	144	54	138	198	195
158	30	175	56	190	52
106	93	122	71	182	200
198	182	170	62	107	81
53	179	70	29	89	29
52	163	194	164	43	189
73	92	119	67	173	75
186	192	37	110	96	167
169	57	61	158	85	143
89	143	111	46	146	57
83	101	60	30	175	64
121	39	112	108	198	95
198	73	172	34	35	151
160	115	32	169	174	21
125	146	177	59	198	52
172	189	178	28	106	131
38	47	93	66	94	111
167	178	148	35	193	168
64	62	124	179	62	71
161	152	183	83	75	143
131	88	49	100	58	104
58	118	103	175	177	181
175	96	178	154	182	140
99	168	45	28	75	137
143	127	86	108	94	122
93	146	151	185	51	178
90	32	199	53	78	41
148	189	64	54	190	177
157	111	171	64	82	97
109	184	130	187	99	146
169	83	89	101	126	142
146	119	159	190	29	22
122	185	123	44	60	87
184	87	66	169	100	32
185	104	192	111	110	188
121	171	199	105	89	52
121	26	66	98	175	174
39	142	30	63	124	75
30	158	132	96	101	157
53	81	181	128	135	32
77	74	64	130	131	36
63	200	161	39	108	48
168	37	38	159	156	177
164	86	165	33	77	48
154	175	106	76	32	127
43	128	171	131	67	147
23	66	199	175	153	111
75	99	46	167	103	62
119	70	113	79	136	112
113	36	113	160	167	60
86	104	148	175	68	29
111	109	199	29	143	194
141	167	129	70	115	143
104	74	58	150	164	153
194	139	196	121	28	60
78	83	186	117	56	65
157	100	41	200	116	39
59	56	23	29	102	109
125	59	158	70	181	54
162	183	69	177	42	28
43	31	164	138	100	45
195	131	125	40	29	77
111	66	41	197	162	47
31	29	91	178	43	45
89	141	155	169	82	154
185	89	129	176	50	75
189	82	30	54	122	138
131	109	37	184	80	28
111	100	87	169	50	70
96	137	175	115	124	98
75	38	200	48	181	91
164	193	151	89	32	124
56	101	154	80	70	150
198	22	82	78	64	145
129	87	93	177	106	154
102	96	181	67	128	173
180	67	116	128	131	81
87	191	153	146	141	181
101	36	70	29	120	64
63	172	78	169	28	193
107	48	76	130	167	111
84	73	158	88	181	115
148	47	56	114	120	196
58	78	84	142	38	199
197	162	142	86	180	180
52	187	176	80	97	28
41	67	111	187	54	134
58	124	102	106	124	34
102	178	92	177	47	134
26	131	73	125	170	54
47	182	188	30	25	36
86	169	33	65	175	160
53	59	140	110	58	103
143	28	160	145	100	189
144	144	145	183	168	105
25	144	137	125	60	27
160	139	100	152	96	153
24	196	160	159	85	141
147	30	49	195	43	41
103	88	46	43	68	43
73	139	117	140	166	49
147	191	60	87	85	148
132	92	59	190	51	121
50	142	145	124	154	145
200	188	82	78	178	21
63	40	47	56	74	91
96	170	29	199	42	78
145	63	143	119	25	22
123	139	87	159	65	28
49	109	24	56	117	102
199	74	155	108	197	76
200	63	31	43	31	114
107	160	138	30	37	167
194	151	134	61	40	88
78	117	165	187	200	155
55	116	154	63	52	23
93	169	85	133	59	185
110	189	149	60	62	57
86	166	86	60	192	22
122	142	128	44	34	127
169	181	85	41	108	98
93	139	186	186	54	163
98	99	196	33	73	46
82	44	65	72	192	106
119	180	124	89	61	32
200	120	102	42	34	99
191	193	172	144	99	112
182	140	191	31	34	116
175	104	89	40	143	61
23	34	98	53	162	105
126	72	160	156	54	160
36	118	135	85	194	94
52	155	53	21	52	183
75	91	174	187	170	84
116	123	171	152	180	77
93	183	137	58	182	187
145	164	82	84	111	84
145	106	77	86	139	80
193	23	57	31	181	116
63	44	137	27	59	139
81	118	53	130	100	178
28	99	162	147	57	121
178	52	71	164	127	49
164	144	167	63	176	151
169	153	118	94	192	66
124	49	55	84	85	152
109	111	69	35	133	139
61	48	125	116	113	178
25	91	191	177	22	121
116	159	45	66	55	128
134	110	48	178	53	90
136	183	79	56	28	180
95	196	133	138	162	84
32	188	90	129	104	58
190	100	29	200	47	111
189	81	56	179	68	117
90	174	151	59	84	54
86	63	169	60	142	151
120	131	98	117	25	115
168	132	110	102	170	89
91	198	104	54	163	95
75	180	41	165	58	132
186	145	117	91	193	117
44	150	49	168	40	32
195	82	101	30	112	125
98	139	81	57	86	192
67	119	137	159	55	142
178	200	134	195	55	154
59	198	54	115	167	32
153	69	99	88	114	22
92	180	86	139	181	95
105	191	152	198	55	74
38	75	150	173	76	26
87	41	200	49	83	179
57	74	98	128	200	65
164	183	83	63	162	129
124	132	38	125	70	188
103	41	96	71	173	114
133	30	101	33	134	117
60	55	188	141	115	99
46	70	172	88	103	193
69	133	114	82	35	194
33	37	39	115	140	139
98	62	119	120	159	36
154	23	101	200	25	199
65	169	176	50	64	75
40	61	110	188	156	186
194	194	116	188	101	127
193	77	134	189	66	115
148	83	165	178	158	51
117	73	93	180	118	164
194	43	185	155	58	110
154	141	134	172	45	136
157	198	199	176	49	61
21	44	33	200	43	32
144	75	44	40	148	197
182	25	52	32	134	181
173	54	119	165	180	184
106	188	72	143	125	82
169	127	82	111	115	24
140	117	158	44	94	132
138	136	91	185	176	183
157	83	155	61	175	40
69	57	78	44	64	139
54	43	51	151	137	164
26	127	164	49	57	180
27	102	70	38	94	87
166	130	165	41	150	112
81	35	31	110	109	48
95	121	81	127	22	124
111	82	80	100	125	157
177	59	30	101	132	168
46	149	129	79	200	139
159	21	116	136	26	111
135	95	64	120	70	165
25	125	42	131	177	99
187	175	132	62	84	104
41	23	26	21	167	197
193	67	123	188	155	116
146	109	172	111	181	182
76	81	48	38	199	87
105	195	118	33	184	87
96	151	114	101	113	174
66	145	74	86	186	48
68	194	89	151	189	28
136	145	64	199	116	187
170	66	23	141	33	77
131	67	65	184	26	132
89	163	88	161	189	159
77	121	130	22	188	87
100	105	159	178	193	193
55	22	22	144	194	108
171	164	162	29	121	66
55	96	44	64	132	189
190	150	90	55	76	121
194	118	181	129	167	180
60	173	157	102	195	66
59	64	27	80	196	59
108	92	42	30	81	190
98	133	136	173	47	188
89	36	115	165	129	142
116	116	130	110	152	57
180	78	22	71	67	83
122	147	174	148	49	21
189	116	150	51	24	54
92	51	199	150	121	175
72	65	48	97	98	145
134	147	111	111	147	146
63	75	69	196	182	72
157	92	55	157	53	130
57	30	68	46	188	103
46	116	137	88	25	168
27	193	190	168	126	107
60	199	166	154	171	180
77	158	161	145	139	115
46	65	148	176	45	112
51	28	124	170	185	30
151	103	118	34	164	91
111	200	117	97	129	192
168	160	113	157	69	47
142	189	114	93	145	92
79	37	153	90	118	98
99	193	153	133	88	76
100	74	90	105	113	79
126	174	48	120	84	60
109	114	193	174	93	112
197	62	132	175	62	147
95	147	164	21	142	187
48	40	47	197	123	176
74	49	134	42	160	24
172	107	34	32	172	70
97	45	122	83	154	23
173	187	155	103	84	141
160	69	149	60	98	85
51	200	29	29	171	118
193	90	134	32	192	55
60	103	56	52	111	167
129	54	104	141	128	99
166	30	35	60	102	170
141	154	23	125	182	126
136	146	101	170	120	137
193	175	182	63	169	57
160	121	55	51	165	41
21	124	181	127	25	59
78	170	53	183	106	189
143	56	23	36	184	94
143	130	81	51	144	138
74	38	78	34	63	72
55	131	186	83	34	39
113	91	107	178	69	106
38	107	125	83	26	53
31	60	57	120	44	56
167	186	82	170	36	45
57	158	185	83	76	98
108	93	154	166	74	65
155	159	130	150	101	198
107	45	167	57	139	23
149	181	97	28	36	117
147	167	90	32	149	163
91	153	22	184	173	84
187	136	93	100	30	33
157	175	122	62	72	112
76	77	35	68	196	191
98	57	87	36	76	170
151	69	83	71	65	155
199	132	65	173	179	172
62	182	113	178	166	63
191	91	123	94	173	135
54	141	118	56	197	119
25	100	156	67	165	24
51	191	51	178	176	195
114	116	151	168	165	71
97	41	69	95	138	173
197	140	118	45	128	114
169	89	47	63	94	102
60	38	176	188	161	75
96	85	169	123	93	193
47	55	30	40	107	194
104	147	78	126	140	136
45	80	145	190	192	58
128	91	109	170	56	58
138	58	98	158	87	142
34	189	52	31	173	118
106	123	91	67	37	44
40	187	185	45	136	144
116	186	174	155	45	77
200	77	191	73	98	31
168	195	57	188	119	48
60	186	172	148	25	69
131	180	192	179	152	185
186	71	129	109	69	80
84	175	33	106	115	31
162	171	147	91	90	170
163	81	93	44	141	74
37	167	174	115	74	92
62	120	45	191	89	91
96	79	165	156	50	144
142	74	138	139	119	55
110	168	73	111	23	83
113	33	181	26	99	197
41	68	72	105	137	115
102	63	180	35	132	124
157	154	66	150	106	131
193	141	167	159	40	172
148	172	94	69	38	54
92	93	159	69	142	91
150	150	84	111	33	190
129	127	24	49	152	124
94	22	101	98	90	46
145	24	146	172	73	75
68	196	82	154	132	140
177	200	100	198	154	83
114	23	159	173	43	100
104	173	110	32	127	181
45	86	56	88	136	116
180	95	159	63	79	69
145	108	90	57	27	55
82	24	34	58	23	60
102	28	114	41	27	47
134	149	126	59	28	187
56	190	177	36	88	63
172	164	104	112	85	60
94	77	145	132	28	198
195	89	33	100	111	172
176	38	196	58	29	41
73	139	92	40	164	119
150	84	22	189	150	44
108	127	110	87	85	27
46	24	25	100	22	81
121	121	166	159	97	76
99	188	73	55	65	130
98	164	60	42	105	33
186	63	122	57	76	107
95	149	51	32	176	74
175	44	97	186	192	196
105	148	106	111	31	46
179	180	135	144	56	32
90	167	70	103	118	74
139	92	50	129	150	128
189	133	67	39	47	159
125	47	50	93	49	195
135	177	100	159	121	60
102	42	23	47	160	132
57	58	38	122	68	21
189	73	47	104	199	166
90	136	27	77	75	34
200	65	130	70	148	126
188	151	142	61	107	129
156	165	110	66	176	98
42	27	188	89	21	150
138	199	99	51	125	100
94	86	165	44	70	156
140	85	135	58	193	51
200	79	181	68	52	175
29	94	41	44	38	49
31	44	121	164	199	151
189	81	171	82	153	87
70	46	155	26	172	171
177	150	63	52	154	82
180	61	81	111	84	171
191	86	61	63	118	197
38	142	25	89	33	66
97	108	196	31	160	28
87	169	190	195	164	166
107	59	25	176	68	122
79	60	140	166	104	59
189	45	129	176	103	167
197	143	103	55	156	58
62	95	180	95	111	169
99	90	125	103	182	107
79	164	177	76	147	137
127	67	148	175	98	180
83	98	130	61	111	69
196	24	130	172	192	173
184	84	181	167	177	196
154	71	180	65	118	153
31	123	65	140	136	183
38	80	81	61	69	153
147	188	140	185	138	97
145	22	73	161	126	138
101	179	60	147	73	141
160	166	188	141	169	75
66	144	195	148	128	200
142	35	89	165	135	125
62	101	46	27	124	30
113	138	128	63	49	21
144	155	30	55	85	175
198	71	164	99	76	92
51	131	89	83	129	53
98	127	68	31	157	142
77	167	144	46	89	63
107	159	63	65	52	109
152	60	72	147	43	147
109	48	198	30	55	49
169	108	195	80	44	29
32	36	74	45	116	113
121	175	71	96	89	165
155	97	83	22	154	115
52	22	40	110	137	21
200	164	34	45	81	40
196	56	34	106	165	43
77	21	23	49	105	27
62	173	90	50	132	105
159	155	54	136	79	109
82	124	138	80	164	118
137	88	59	138	131	76
105	46	132	182	190	135
34	189	161	45	183	129
166	29	161	198	154	171
109	65	28	90	29	88
80	70	143	161	29	165
37	127	53	154	107	155
38	75	50	141	81	128
106	156	69	170	184	69
195	49	132	124	179	152
145	152	29	33	68	25
193	80	59	99	38	91
85	109	197	44	173	171
108	108	134	170	141	30
121	168	115	148	113	98
63	198	102	173	95	116
118	196	118	107	151	25
169	163	157	66	55	31
51	197	123	89	159	91
97	163	176	160	98	52
74	130	127	111	124	132
45	125	93	44	103	82
180	172	114	47	156	34
101	81	117	80	96	32
76	42	102	188	58	143
121	188	60	81	186	107
158	153	26	148	82	92
88	164	161	106	178	191
114	192	107	81	133	85
181	164	71	166	159	180
180	151	126	118	178	139
109	150	188	100	86	71
119	40	61	22	127	198
62	26	75	194	121	64
153	196	127	181	78	188
79	151	150	108	56	44
165	99	47	172	100	29
191	94	134	190	46	28
93	93	119	93	143	154
187	39	102	30	89	100
165	147	111	48	165	65
164	65	34	153	24	72
112	170	149	181	180	53
79	78	189	97	55	96
169	74	32	22	186	90
143	170	37	54	48	61
70	30	58	62	135	50
156	53	24	195	32	54
109	157	163	31	157	101
145	48	182	161	170	169
126	199	46	131	103	158
188	69	50	192	165	167
149	28	74	123	124	178
111	182	162	51	40	194
47	51	131	48	81	30
96	114	46	184	69	120
22	155	90	182	168	127
43	146	145	34	158	126
150	59	174	74	107	72
79	115	126	171	167	188
127	27	169	83	69	199
126	150	42	143	143	67
21	157	80	165	37	160
45	166	164	143	83	178
85	104	192	31	156	180
128	80	182	134	158	71
122	145	171	103	166	137
137	165	182	112	25	121
52	25	35	40	185	52
112	106	88	88	189	48
60	98	166	23	192	94
112	52	79	127	31	116
103	96	33	84	61	51
24	175	194	86	34	34
199	183	50	126	64	102
173	86	190	132	152	44
52	123	148	139	32	123
80	187	94	52	66	87
72	57	87	84	86	61
47	168	141	162	25	116
129	132	181	133	88	133
60	107	52	170	149	68
167	147	101	91	70	180
114	160	43	200	122	131
190	62	42	178	107	42
30	118	138	34	105	177
165	49	127	145	31	88
121	172	110	183	37	189
163	135	184	190	142	55
122	102	124	95	59	67
44	49	125	58	49	46
143	197	151	183	161	112
183	114	129	39	89	53
86	87	139	48	97	133
138	199	134	159	72	41
29	49	100	122	53	113
157	60	196	136	104	194
79	98	30	31	162	138
23	26	152	85	71	92
109	38	60	115	160	197
139	179	153	111	182	98
105	183	89	27	167	75
162	78	127	103	139	63
161	80	60	70	104	149
73	181	110	133	181	187
163	144	63	33	48	167
77	57	169	35	159	97
142	72	133	48	155	66
138	68	167	77	107	173
175	67	133	146	31	165
134	101	137	123	150	199
128	162	110	191	138	50
97	116	116	97	23	29
79	32	142	166	89	74
48	68	32	40	140	113
40	191	170	191	58	114
70	60	92	181	85	136
115	111	26	185	43	141
22	107	111	54	75	111
131	94	142	165	200	70
160	139	53	29	162	48
124	117	176	67	156	41
189	154	57	149	198	171
154	88	143	130	103	150
124	43	38	185	75	153
49	23	131	145	191	48
189	169	49	159	75	33
87	30	70	143	24	169
37	46	154	105	38	160
94	58	80	32	64	153
93	71	138	69	112	193
125	105	130	67	108	55
167	81	70	141	186	177
94	76	118	60	178	86
105	155	57	35	90	91
83	159	169	129	96	157
168	106	29	51	104	51
188	42	86	179	135	164
78	193	194	28	151	195
161	116	24	107	76	147
107	120	186	41	129	184
186	198	154	70	59	110
119	181	48	100	149	199
140	36	119	28	130	162
72	40	85	82	185	127
196	84	127	75	146	121
143	165	120	103	172	192
37	173	50	169	60	41
132	157	169	165	134	157
80	129	53	98	139	59
96	177	133	89	72	75
43	133	144	187	72	28
65	39	65	116	169	114
189	114	32	59	160	21
45	199	151	156	37	140
198	60	47	176	199	32
195	143	135	72	76	167
160	81	68	150	126	54
89	152	82	28	50	158
23	75	138	106	146	29
102	155	49	169	81	168
66	183	112	95	87	183
64	183	177	108	59	183
32	58	118	177	61	66
109	152	158	69	197	129
200	113	145	46	70	28
105	64	199	130	162	179
71	193	66	139	35	169
171	173	83	166	128	45
25	147	51	121	74	78
45	155	54	154	22	70
144	141	99	197	86	135
171	162	109	115	79	33
21	159	187	123	145	123
93	57	85	85	179	148
123	37	50	83	152	24
187	129	103	168	58	181
32	22	174	116	79	87
78	32	191	195	37	78
73	137	153	92	126	69
99	130	139	143	161	146
107	154	135	86	52	78
25	159	131	25	128	96
101	173	146	39	125	59
141	55	81	87	149	172
124	159	104	43	98	91
71	156	85	33	47	90
154	22	153	197	60	175
51	149	89	119	143	86
168	72	60	137	34	122
175	194	130	73	128	90
46	195	165	188	80	128
74	197	94	157	143	33
39	80	49	151	171	88
50	179	88	138	99	184
26	25	51	185	93	88
26	47	22	192	130	50
95	145	47	151	125	132
78	129	47	21	169	78
137	25	199	75	129	41
132	40	181	164	154	42
112	24	90	85	123	125
102	182	114	47	180	139
129	39	23	190	26	45
97	144	127	92	64	68
104	124	31	102	152	127
120	35	186	55	46	171
103	38	112	180	182	139
119	133	70	127	182	108
169	114	130	28	133	70
47	62	120	151	143	173
150	175	51	35	29	89
150	98	54	113	144	153
88	127	142	137	114	53
188	85	184	91	31	26
163	22	151	39	49	59
195	60	138	140	178	40
71	47	116	28	185	195
114	21	188	133	109	100
72	200	104	88	44	180
61	34	49	157	171	95
83	44	117	57	68	134
58	87	60	97	80	187
64	137	174	97	116	50
24	79	193	117	105	163
26	68	131	41	25	73
113	163	52	107	180	198
45	70	69	139	28	59
107	66	174	174	54	99
191	113	137	134	28	188
113	154	130	110	52	118
49	69	174	48	195	117
134	177	22	137	149	52
37	49	87	53	188	174
39	154	193	92	178	82
195	159	130	110	196	129
141	122	61	49	23	115
55	76	184	156	92	125
25	184	197	54	189	200
160	156	67	150	183	197
38	137	115	197	170	184
38	193	160	183	54	171
134	141	133	73	76	43
80	136	155	174	171	139
79	43	183	163	163	71
34	101	158	95	130	152
26	159	56	198	114	109
149	86	107	168	126	132
53	54	55	65	85	166
78	57	78	132	58	92
174	200	188	45	198	188
82	105	143	36	49	178
33	200	150	63	188	35
130	191	81	199	147	138
37	105	103	170	58	37
23	185	33	198	34	148
191	73	52	110	42	48
86	52	55	56	156	75
23	98	114	72	135	129
112	94	27	151	117	28
120	97	191	59	45	38
41	173	76	193	144	55
156	168	102	42	194	78
80	67	140	34	34	173
118	189	144	43	53	157
44	178	27	146	119	81
47	71	123	60	63	142
110	182	179	191	168	115
191	76	136	74	41	106
196	81	96	155	173	25
75	190	87	24	76	71
200	53	89	49	146	64
88	179	93	152	21	160
23	108	189	188	88	43
61	128	21	191	89	121
96	86	167	69	186	47
198	198	146	52	29	55
128	107	139	53	179	175
128	70	99	166	36	164
191	74	34	114	92	83
163	27	134	143	35	112
154	105	164	78	155	80
187	57	112	131	74	118
170	155	172	37	161	196
161	30	54	33	114	38
88	60	98	90	112	141
127	186	77	41	192	61
39	89	83	83	162	138
107	115	180	102	69	182
102	99	87	49	194	83
173	113	117	70	32	137
161	110	193	150	49	50
191	32	31	179	196	194
97	68	115	155	158	25
121	123	176	61	108	52
133	136	116	187	85	194
59	29	47	165	33	60
77	141	114	23	195	177
77	95	28	24	33	164
54	99	127	46	25	174
84	172	153	182	187	50
40	173	84	112	95	193
112	116	45	32	37	29
173	75	27	187	93	169
145	180	90	171	106	81
160	153	122	147	200	189
137	165	53	48	46	62
44	180	97	40	75	67
77	40	124	189	94	65
44	119	107	48	71	90
93	31	21	106	45	68
57	178	66	193	187	145
155	138	98	68	116	113
123	129	167	129	55	126
63	170	91	187	135	22
99	164	133	86	142	130
156	180	152	76	110	87
194	120	193	94	100	40
26	130	136	101	30	26
110	185	142	152	86	156
99	134	179	180	114	35
121	129	156	117	119	164
101	36	165	28	160	92
144	37	57	161	159	44
51	77	123	87	150	71
59	117	22	54	33	157
23	37	119	84	197	158
131	55	87	194	171	189
128	79	21	124	39	161
116	82	138	34	78	148
123	189	98	192	85	21
54	117	111	103	107	84
147	50	192	67	146	105
118	169	49	181	99	102
156	62	113	180	69	47
166	28	82	89	119	134
104	159	167	45	21	57
23	170	59	63	85	65
135	36	34	61	175	146
185	97	23	144	39	86
148	72	67	121	162	31
100	30	175	119	155	80
77	166	185	200	28	197
90	83	183	81	178	109
90	46	141	106	157	31
101	134	56	142	152	165
153	70	114	78	117	51
197	60	78	87	187	45
196	164	97	161	198	107
78	59	94	32	80	165
38	174	118	118	155	142
148	32	185	153	99	105
167	164	146	174	157	64
61	95	58	123	117	118
133	72	142	49	78	73
145	178	184	34	172	120
31	188	138	108	131	183
41	50	31	45	22	97
143	126	200	88	78	39
121	91	199	117	131	151
51	184	178	25	52	33
35	90	172	24	116	114
72	117	156	44	195	41
117	148	35	136	46	161
155	58	111	167	54	60
118	168	84	121	62	53
48	41	71	52	148	54
119	154	194	181	102	86
142	101	126	133	72	47
33	27	168	193	108	106
178	155	34	44	40	190
22	51	89	113	67	49
191	64	98	134	80	98
148	196	129	64	113	117
82	114	31	142	183	85
23	101	176	119	172	125
54	76	129	59	98	190
131	173	104	191	84	38
107	38	142	195	21	112
66	86	90	35	146	109
198	144	46	118	155	147
180	157	65	61	118	84
76	66	123	114	70	56
114	26	138	35	138	77
75	113	41	172	145	172
101	139	52	78	170	200
182	138	32	54	109	98
95	52	25	101	65	55
141	113	29	152	28	105
107	54	72	157	188	57
81	152	89	45	64	104
193	43	91	121	27	154
109	120	25	197	99	115
168	46	50	42	158	174
52	97	80	146	112	43
158	115	97	143	129	143
184	95	65	120	78	67
157	91	60	172	141	60
120	139	55	132	108	134
166	53	196	103	26	164
156	192	52	90	123	33
174	183	100	94	148	189
107	105	99	138	169	186
29	59	133	146	24	67
46	200	178	90	61	155
109	180	26	41	88	41
43	134	101	157	122	95
112	101	104	50	53	100
53	173	24	158	160	146
134	188	177	94	97	77
55	39	191	158	186	42
197	118	38	66	65	151
164	166	199	69	112	46
99	125	39	44	86	180
49	103	106	173	54	131
128	24	27	83	164	190
90	54	183	189	166	72
78	21	152	182	105	155
140	175	196	148	59	168
36	60	101	190	148	47
140	153	153	151	40	105
68	152	182	177	193	173
76	173	31	189	22	189
60	121	146	183	143	125
100	89	100	59	157	144
46	168	171	117	28	173
142	130	160	140	69	133
96	102	133	173	169	24
128	59	91	31	82	173
29	98	193	108	173	108
188	180	158	146	40	178
137	98	188	118	107	99
47	31	51	116	46	29
56	54	35	165	83	113
30	141	186	27	80	113
22	108	160	181	156	60
69	88	117	26	110	181
171	171	71	77	163	23
169	53	42	154	52	147
147	113	180	47	171	200
197	87	25	76	70	28
65	76	137	38	183	97
77	88	49	173	36	100
131	54	170	31	96	76
43	158	58	176	131	132
46	183	69	35	66	34
126	69	50	189	35	111
116	46	75	61	149	56
89	76	43	122	42	166
61	61	51	171	121	184
143	93	98	150	75	191
151	164	57	66	198	85
182	47	49	120	43	43
112	160	65	48	122	95
111	139	126	172	126	112
140	121	38	112	117	183
136	99	186	43	40	181
118	108	157	103	183	198
192	113	38	110	68	102
35	50	157	162	163	178
69	39	167	137	34	95
118	38	23	75	107	66
164	115	49	41	36	101
149	47	191	25	100	139
106	98	87	30	139	166
27	24	67	140	195	73
58	188	110	174	161	78
163	188	159	187	196	123
36	183	119	198	140	183
152	192	67	160	155	79
190	44	161	103	169	113
34	23	99	139	183	162
80	119	190	32	147	138
151	179	98	69	103	143
47	116	144	175	58	183
182	99	198	116	122	170
173	185	45	183	117	139
45	151	173	152	136	83
182	198	186	126	60	48
166	142	170	88	122	145
178	124	119	77	137	142
167	193	171	55	75	115
55	190	126	124	86	33
59	53	45	126	170	151
145	195	92	153	147	82
106	66	69	52	54	33
96	24	84	152	33	92
111	49	177	56	53	89
95	159	38	150	59	180
62	171	166	89	143	38
137	53	109	132	74	183
31	129	109	100	145	134
52	115	75	56	25	192
86	31	193	68	176	163
122	122	28	172	118	195
53	152	100	146	173	90
125	110	179	57	158	150
157	131	190	180	103	200
166	92	192	149	65	45
116	81	162	114	99	44
68	153	148	59	132	82
52	97	131	45	80	169
110	103	122	160	86	68
178	135	149	61	73	193
44	117	178	103	135	171
50	143	111	77	127	114
89	46	157	94	154	112
51	158	101	87	132	46
42	60	46	112	167	118
193	88	52	108	135	42
178	175	197	145	159	169
171	170	128	81	165	87
118	82	32	194	108	82
167	47	174	26	193	130
172	43	178	51	105	187
134	48	126	172	96	39
103	131	51	119	157	72
196	180	78	39	58	40
103	24	148	57	92	93
21	199	135	49	132	64
143	135	194	95	93	106
90	70	107	21	156	146
32	155	134	143	26	110
72	180	114	182	146	36
29	171	176	191	126	104
117	42	142	168	186	85
172	146	21	57	73	149
141	151	80	116	72	68
156	157	45	138	194	121
34	99	153	44	173	126
140	125	94	85	41	100
62	120	173	185	105	95
91	146	144	85	39	30
62	86	99	149	185	184
85	184	45	60	119	91
66	74	118	188	122	114
60	163	185	152	150	164
192	131	84	136	28	27
68	153	171	46	196	124
74	199	129	186	84	32
200	61	183	55	172	73
172	44	153	193	117	141
76	44	183	32	181	34
115	199	146	122	185	40
186	200	68	27	101	123
41	152	43	34	76	78
166	81	52	83	188	69
117	129	52	59	188	95
62	103	189	52	180	32
67	54	65	99	177	84
146	53	125	50	56	81
78	45	84	188	117	77
165	100	52	157	146	179
200	118	61	124	143	194
89	94	96	64	144	199
92	114	117	175	141	74
122	189	113	174	81	141
200	198	163	102	53	109
55	93	182	130	180	139
174	24	54	30	29	152
110	60	43	149	168	137
26	183	34	118	74	45
193	116	178	179	120	88
29	55	176	44	198	169
46	194	149	131	68	130
63	102	151	137	81	140
117	88	113	132	113	31
178	139	176	170	94	90
193	35	79	187	92	159
76	115	22	83	147	143
160	59	88	187	143	84
131	95	35	190	142	44
182	180	78	99	178	155
75	198	77	193	176	79
37	36	83	178	50	153
154	168	135	108	113	137
50	158	195	110	161	43
99	153	145	186	107	95
121	53	186	74	174	137
59	107	190	138	128	80
147	196	28	108	153	152
187	69	111	109	53	179
121	113	31	30	127	65
41	193	155	96	85	184
164	86	189	114	73	98
27	150	160	107	78	62
43	146	188	62	100	91
182	30	80	182	28	138
197	49	139	140	36	163
170	170	48	111	158	187
57	63	36	184	26	168
135	121	99	106	113	21
87	195	84	184	172	69
112	119	76	109	91	78
84	31	153	103	114	59
174	53	150	41	31	62
98	133	184	121	129	173
40	159	134	175	163	119
26	195	64	54	56	98
148	130	83	26	89	116
179	72	102	82	132	30
53	145	52	97	151	80
200	154	102	145	60	192
112	77	29	59	159	54
171	23	67	46	160	110
115	32	129	124	152	86
69	120	188	181	106	105
154	163	140	116	129	167
196	24	33	60	172	28
90	158	125	34	115	55
67	189	153	111	155	153
197	147	135	200	55	69
76	90	67	70	147	58
80	183	90	163	191	117
107	65	158	129	101	183
173	198	109	117	149	124
59	183	129	135	86	188
175	84	121	92	97	89
131	36	90	174	192	90
197	72	77	91	127	200
143	86	175	179	156	169
186	72	151	65	181	148
187	90	29	124	94	74
102	108	127	102	120	183
33	146	57	41	53	80
144	181	86	124	125	68
72	78	138	53	35	193
109	183	27	169	49	198
60	55	130	122	70	143
178	85	66	168	182	151
63	59	142	78	94	127
96	77	87	117	33	117
199	44	75	194	30	33
33	60	173	47	58	36
32	74	128	40	60	99
149	80	122	141	165	27
91	122	160	42	25	88
54	167	82	148	41	199
188	143	108	69	55	60
183	154	100	157	55	53
96	112	192	104	68	113
79	91	199	119	55	63
89	52	176	39	44	159
143	150	112	160	117	77
87	34	195	187	38	179
94	99	32	130	187	76
62	134	147	86	77	180
31	149	109	195	175	139
178	164	193	185	149	173
57	188	21	138	95	112
139	148	184	77	194	186
151	34	179	111	93	98
146	199	123	108	127	46
180	120	77	123	95	186
169	43	145	174	68	77
132	51	46	199	44	38
38	112	114	75	136	52
45	102	44	88	117	172
172	84	154	137	53	166
136	46	135	143	196	197
97	152	148	122	84	48
156	106	138	108	177	43
91	60	180	157	73	110
51	82	55	174	174	136
123	45	28	99	138	33
182	27	116	34	174	154
132	161	136	95	93	46
157	143	175	70	35	147
126	128	85	131	77	87
56	67	75	102	53	41
86	134	197	196	132	162
141	56	195	22	21	112
154	47	176	144	73	122
155	79	62	124	171	143
167	75	125	47	64	25
175	135	189	181	189	35
164	181	35	169	115	89
63	182	137	30	98	130
68	147	162	173	23	159
111	62	114	119	160	176
21	66	199	158	144	42
129	99	169	117	161	104
38	77	170	98	166	183
144	80	128	146	34	198
187	86	196	106	72	117
167	25	55	123	53	128
77	114	82	73	134	87
172	180	51	52	76	177
120	41	32	70	159	61
50	123	88	133	90	26
121	158	68	124	31	104
91	139	153	116	158	112
86	127	184	28	37	170
108	107	94	135	184	100
81	34	64	156	25	42
88	176	32	102	66	157
150	108	70	187	123	76
22	121	146	144	144	38
52	193	145	135	79	178
131	48	155	55	148	29
185	64	180	97	64	176
26	32	175	104	48	86
55	190	151	185	51	49
58	34	72	126	200	190
88	153	27	124	46	151
196	146	183	191	33	162
157	35	140	75	131	161
29	187	54	96	24	78
187	82	101	56	38	169
107	89	73	80	93	36
175	85	69	63	53	120
74	65	132	53	158	90
188	63	59	186	147	162
53	90	151	93	173	53
169	190	128	70	54	23
123	143	51	141	153	124
45	125	149	174	196	153
115	101	22	185	31	177
179	135	58	24	136	156
44	103	55	59	130	44
162	42	146	80	67	24
34	180	133	93	57	68
71	175	186	141	93	166
72	25	140	32	91	194
99	121	147	109	31	74
193	37	196	25	133	80
160	170	36	62	159	173
71	53	200	179	149	114
135	104	160	178	198	35
139	137	170	47	114	46
129	149	173	54	70	92
118	125	150	149	101	45
68	39	180	158	84	188
48	93	75	139	98	112
72	62	107	140	112	84
29	50	130	29	30	147
189	168	177	97	143	52
120	67	65	167	187	78
64	36	123	72	165	137
62	40	181	121	33	154
171	140	91	21	50	181
74	78	128	183	196	88
164	182	119	102	44	50
51	36	24	91	159	100
38	102	76	132	117	51
125	26	112	51	66	98
93	118	89	156	196	112
85	60	38	106	61	115
130	91	32	24	30	77
85	124	46	162	40	192
142	184	132	181	184	60
37	166	174	71	152	183
55	32	71	170	160	199
31	129	121	116	90	32
51	99	23	155	43	153
141	200	108	159	64	78
183	87	111	119	142	31
77	89	96	64	124	138
171	70	190	182	114	124
55	62	38	50	169	182
126	177	24	55	33	66
32	180	45	106	26	150
139	58	163	66	66	76
161	141	29	114	132	153
120	106	88	191	160	97
66	42	127	186	154	184
85	179	168	94	114	159
62	131	43	151	28	41
50	109	195	56	57	180
97	162	116	183	151	187
81	46	188	178	189	49
74	131	162	153	28	115
142	193	158	90	182	85
82	167	192	118	166	115
165	128	96	22	75	86
78	47	172	126	126	85
47	164	32	162	67	173
114	79	89	22	42	178
119	27	137	80	133	66
197	102	104	62	173	66
133	55	147	168	86	73
175	136	144	187	153	181
77	90	143	168	140	51
129	125	66	142	93	152
47	79	63	137	69	191
32	115	122	25	127	178
181	175	157	182	45	31
166	158	169	61	33	37
35	181	130	55	180	186
200	132	120	91	144	60
135	127	170	88	139	104
173	63	134	23	96	135
83	97	196	136	66	32
24	196	87	173	186	164
157	181	120	160	184	140
157	80	158	99	70	58
122	97	25	57	72	28
181	72	200	24	138	151
157	83	60	48	183	160
152	118	43	165	82	177
139	187	42	75	126	26
168	102	88	141	183	190
151	166	71	107	113	63
137	127	88	142	160	155
49	25	63	40	139	161
152	181	142	72	79	102
83	117	193	159	46	160
146	68	178	25	92	143
170	142	137	190	30	66
157	64	62	87	138	180
138	166	142	173	115	132
108	136	60	156	84	193
96	192	120	66	57	160
166	170	89	193	198	54
177	148	124	58	128	66
124	33	52	52	26	134
150	97	24	142	81	71
84	131	45	53	196	135
99	42	110	61	144	75
87	24	54	84	57	110
118	75	172	50	199	61
76	65	60	61	171	28
47	52	196	39	187	166
100	65	132	199	198	24
187	67	193	144	163	90
66	33	96	145	122	76
44	54	44	148	43	56
135	52	108	100	82	26
149	36	65	33	89	121
78	169	77	182	51	41
58	144	150	73	135	27
90	72	75	167	184	43
87	24	83	132	83	75
149	124	112	171	195	133
113	107	139	60	75	131
148	29	156	90	38	25
86	140	152	182	193	104
113	140	144	197	105	144
124	154	87	55	133	148
159	177	89	123	97	155
185	51	98	119	161	119
149	80	81	174	71	124
100	95	140	67	24	120
24	181	69	70	115	158
140	199	112	187	38	38
170	67	75	64	87	106
59	85	34	192	44	148
157	143	106	107	67	184
81	111	91	34	163	198
129	91	85	136	59	41
46	103	34	31	59	169
158	163	98	104	135	37
122	58	169	137	110	58
99	102	137	127	37	31
138	24	195	134	73	102
163	161	108	82	137	151
25	191	146	85	35	48
119	36	87	31	98	173
158	116	151	148	119	65
102	70	86	74	43	152
38	191	103	199	57	109
67	66	136	200	33	80
56	168	59	155	28	170
131	196	47	52	149	200
198	86	83	60	112	26
131	29	164	105	168	41
105	167	157	199	26	187
190	107	98	177	60	35
167	88	21	195	67	33
41	72	100	82	33	112
47	88	156	148	126	148
72	49	131	39	138	51
58	49	36	55	128	47
89	145	96	51	191	110
36	31	111	23	196	125
68	143	99	43	128	194
171	115	76	175	94	61
130	42	117	114	178	34
28	140	55	37	181	25
84	53	146	55	39	46
21	124	183	106	66	71
185	190	69	74	94	167
175	170	35	190	144	177
24	36	96	166	58	23
150	65	91	78	167	92
88	197	115	66	146	194
55	166	121	126	95	89
87	122	193	95	133	99
191	95	178	174	155	86
199	143	128	48	150	194
190	161	152	42	158	82
32	122	21	199	50	140
199	49	159	123	154	39
114	173	32	49	80	191
105	97	65	32	126	157
102	153	33	183	147	105
45	174	50	157	155	160
137	73	56	178	53	154
46	71	142	151	37	133
135	93	134	123	140	36
121	57	101	194	112	141
102	100	97	88	188	149
39	200	188	36	147	178
183	194	103	87	190	191
123	55	34	83	187	119
119	50	142	53	65	172
188	76	112	136	73	176
65	158	79	87	40	189
187	32	151	90	144	97
177	104	87	36	36	171
143	148	47	197	111	156
111	186	169	143	60	178
143	174	49	154	88	169
165	120	58	71	106	72
90	193	114	128	130	167
33	136	62	115	126	46
80	50	184	42	103	194
153	52	62	67	98	185
189	121	46	101	61	188
146	126	117	63	134	173
27	182	161	185	145	81
46	44	162	154	89	71
55	154	198	32	190	170
159	53	198	106	55	164
148	30	164	192	38	120
151	138	150	70	165	186
114	29	25	47	140	56
100	23	114	95	34	195
158	29	180	97	82	183
115	190	174	24	141	89
65	166	191	56	49	100
167	96	108	144	197	94
105	45	72	29	26	64
136	189	68	159	104	48
31	72	34	77	119	167
118	138	75	176	94	94
69	67	103	116	123	64
80	85	91	89	121	30
43	117	183	22	47	162
97	28	171	187	148	71
136	100	122	32	165	75
131	194	35	25	63	71
198	154	70	94	197	141
58	90	114	86	185	49
175	85	188	174	113	120
27	49	194	196	146	127
73	65	145	125	100	159
128	174	190	174	73	152
172	131	50	188	181	152
193	55	128	166	90	29
81	200	102	79	32	73
161	103	51	145	121	118
86	185	197	198	32	140
23	154	187	162	149	153
82	126	195	179	134	70
26	183	79	97	79	116
180	27	78	131	194	114
121	130	64	26	89	48
88	183	118	27	185	29
110	44	105	40	146	28
72	57	178	64	80	108
120	52	69	124	48	49
137	178	195	36	22	185
75	156	152	120	83	93
70	101	61	172	56	83
66	171	167	134	124	99
100	70	47	185	185	135
74	69	166	60	54	127
164	63	57	40	56	125
168	192	107	157	150	100
197	42	105	177	145	145
65	134	151	182	101	194
180	83	75	84	91	64
116	68	37	141	137	101
99	30	129	150	178	72
77	170	80	195	161	176
22	32	37	176	90	29
139	140	161	108	117	23
132	45	150	82	35	82
21	120	132	45	90	107
69	129	70	108	187	70
84	27	172	64	190	125
142	46	68	55	21	23
171	173	199	137	93	52
40	162	154	132	185	156
52	63	160	110	37	77
48	157	38	27	148	161
32	78	152	109	190	95
190	49	131	65	74	121
40	135	92	103	133	105
175	39	88	177	47	87
112	161	168	126	123	178
140	117	102	134	48	161
42	136	133	76	27	164
50	96	143	140	99	88
35	34	93	79	114	54
91	108	68	54	104	52
34	135	76	28	198	187
133	174	116	22	101	108
162	175	165	21	45	72
27	120	51	147	81	23
116	94	198	91	171	33
74	192	88	104	93	44
56	53	184	124	158	199
93	58	48	191	72	155
150	176	117	61	40	193
127	196	155	84	185	190
117	42	175	55	120	41
188	184	129	108	33	185
79	129	122	35	81	140
120	99	162	113	68	144
68	34	45	59	173	82
63	187	102	155	189	107
59	187	96	87	47	111
83	85	123	56	21	125
46	200	46	182	184	44
40	79	73	102	148	37
111	179	139	150	187	188
166	36	120	122	187	147
154	31	111	133	123	120
87	166	129	31	86	168
149	73	138	181	140	55
106	56	148	38	95	32
84	104	143	23	38	187
91	32	158	175	143	144
120	50	155	109	52	112
28	78	127	84	113	173
124	73	76	158	140	194
176	100	127	68	91	120
86	31	103	133	61	46
181	69	78	69	27	25
104	105	38	53	23	91
31	58	145	181	22	175
59	139	122	124	27	156
53	193	116	107	88	156
101	199	84	197	162	105
147	147	110	181	101	63
45	30	53	104	160	138
157	122	95	150	119	52
178	170	96	37	167	103
133	139	191	127	137	98
135	84	116	94	34	98
164	25	127	127	106	150
85	196	188	45	189	133
123	167	45	120	32	110
193	102	193	77	95	26
69	55	101	105	168	62
200	128	62	104	123	174
34	108	75	160	91	48
49	142	122	50	152	59
128	127	109	119	175	97
83	157	105	43	190	55
89	200	182	74	131	98
159	34	40	191	136	72
67	185	86	137	184	160
136	192	195	24	128	116
45	63	25	118	85	22
141	104	195	44	157	22
152	90	25	165	42	56
87	62	142	50	181	21
160	176	104	27	176	75
54	87	188	92	121	92
129	106	97	125	72	72
83	50	147	181	72	32
66	38	36	58	159	117
188	200	40	161	195	110
168	187	139	23	176	45
72	175	75	172	184	120
44	96	63	134	174	149
132	56	168	110	98	69
178	136	79	35	190	181
145	99	163	53	135	63
136	149	115	59	113	172
131	84	168	93	32	138
156	195	50	162	174	39
76	146	133	155	30	123
157	102	180	33	60	170
176	193	186	120	189	174
136	139	45	125	181	175
41	42	200	82	72	120
197	185	28	160	98	159
26	63	174	188	31	178
72	185	40	101	117	150
85	32	34	158	57	184
83	161	106	55	50	171
58	55	106	160	85	52
72	102	90	45	169	193
189	48	26	42	30	76
36	187	73	96	93	163
110	47	38	163	145	163
164	26	143	32	81	137
179	110	74	148	113	182
154	198	128	131	71	81
141	137	49	148	53	83
153	129	48	156	145	184
173	139	99	56	96	35
175	68	34	82	180	118
86	83	160	164	197	86
129	136	151	52	185	110
198	75	181	173	84	200
162	21	36	86	148	120
87	91	31	76	101	181
136	127	37	161	28	129
117	191	166	178	152	146
65	164	108	103	121	187
152	164	129	165	94	91
108	89	28	46	160	40
100	141	133	183	68	121
64	187	198	91	164	41
44	153	90	49	144	190
98	110	159	154	129	68
85	150	69	69	132	22
182	66	114	115	56	108
178	153	175	136	34	50
147	197	42	89	51	61
110	48	132	52	79	132
87	160	56	111	188	170
87	45	160	58	86	47
51	110	82	159	182	111
98	163	182	114	178	187
159	134	187	136	146	123
39	139	197	74	44	109
24	58	181	149	92	191
91	83	58	55	29	186
92	188	71	168	160	58
75	191	152	47	76	55
97	192	189	30	45	63
43	90	88	165	185	24
26	96	129	188	71	141
144	189	66	45	176	118
200	126	45	128	26	148
47	128	54	173	96	49
139	58	136	96	160	154
38	163	172	41	142	161
84	172	67	33	143	74
59	47	179	21	163	113
155	135	98	73	152	191
81	40	115	151	129	130
48	116	78	117	153	31
125	179	38	190	127	193
25	54	50	58	83	144
169	112	187	28	183	100
86	57	124	100	124	47
166	67	40	168	104	166
149	58	101	115	114	191
191	93	158	37	49	34
182	113	86	68	129	165
193	86	135	77	151	72
26	78	121	179	151	55
25	110	119	165	188	38
94	44	64	155	49	188
69	120	66	148	106	127
74	22	138	196	125	49
94	194	196	110	82	162
100	90	186	106	131	100
66	67	163	77	105	197
164	64	195	34	124	41
95	144	152	102	63	90
64	87	33	69	183	155
195	82	153	137	132	37
149	69	142	137	38	96
53	52	149	61	53	138
124	126	80	168	103	136
86	85	113	104	81	55
99	186	112	75	47	168
98	61	193	197	165	116
66	80	89	148	61	184
138	179	89	84	118	38
99	169	42	100	108	171
135	70	125	127	188	181
101	80	156	94	68	155
133	130	56	47	144	65
71	63	104	28	84	165
115	196	92	99	131	58
167	192	55	128	132	65
162	164	187	139	154	179
105	37	30	33	120	51
199	38	110	75	104	112
69	41	115	80	161	100
37	133	60	132	61	82
23	89	200	133	78	177
106	91	161	106	65	157
69	32	36	57	195	110
57	39	165	186	95	28
35	180	184	118	51	154
101	64	73	70	84	72
87	29	58	65	146	133
139	200	200	159	176	160
93	174	79	123	118	96
177	184	71	95	144	155
178	76	185	140	29	116
107	93	51	95	122	24
198	42	81	88	134	97
186	175	27	122	39	101
199	167	32	134	24	91
187	46	172	60	105	29
154	197	138	60	184	161
77	124	91	198	27	72
182	31	127	146	91	62
111	95	130	142	74	181
29	66	32	156	135	190
196	156	114	127	113	104
131	28	164	30	185	93
184	126	102	170	142	111
44	123	186	104	34	94
96	144	31	168	43	182
128	27	192	190	48	46
163	85	182	24	51	132
170	25	156	153	124	181
143	79	132	85	95	135
91	145	179	115	156	115
84	189	33	25	182	110
121	35	115	103	124	68
157	200	185	108	103	190
67	24	95	88	38	145
156	187	53	144	111	25
76	190	143	106	117	104
90	150	66	60	101	21
74	46	78	104	164	157
162	88	194	146	192	190
61	74	132	102	84	128
148	184	21	92	31	91
196	186	161	45	196	65
63	92	117	131	42	21
171	99	149	143	39	75
186	40	65	166	144	82
151	148	39	110	90	200
197	100	152	116	152	84
109	94	81	147	128	110
58	162	92	188	60	59
40	111	111	159	30	173
150	58	62	108	113	180
40	166	105	173	128	110
133	23	81	95	84	176
62	80	179	137	106	135
133	173	137	144	66	121
145	119	38	92	102	181
153	184	34	92	179	194
193	197	31	26	73	41
52	81	134	107	68	192
190	94	173	186	151	155
187	92	138	21	168	142
172	164	37	84	94	61
170	177	108	162	107	127
159	156	69	186	35	53
108	67	25	145	114	162
40	84	89	72	118	162
105	196	181	55	58	105
183	90	97	61	83	136
79	73	192	110	164	87
112	131	150	87	177	154
129	46	50	139	72	147
38	74	139	156	145	90
38	102	145	95	25	121
101	76	76	55	60	136
110	143	131	125	52	143
139	116	157	41	200	84
76	95	161	177	127	184
89	70	108	138	31	165
136	112	48	51	149	125
86	126	170	61	189	128
188	200	149	69	73	134
194	41	192	48	163	44
113	198	181	69	78	152
125	135	21	50	122	69
128	42	188	58	180	161
22	191	163	142	94	93
24	132	192	174	55	137
78	106	59	131	146	100
52	24	73	24	80	195
51	33	114	195	35	41
130	88	151	189	99	24
196	189	172	83	39	76
189	183	103	103	30	64
29	66	97	118	60	114
87	74	86	77	112	38
136	109	78	80	162	117
98	116	102	83	120	139
35	190	186	51	107	126
140	139	171	56	39	199
97	114	85	165	140	157
57	101	157	162	147	38
162	145	139	93	120	90
51	73	150	194	154	141
115	60	79	33	184	55
88	36	180	137	35	74
113	156	70	85	36	32
130	110	171	98	89	59
103	81	65	63	69	102
90	79	98	82	147	71
187	181	149	151	23	74
115	110	195	169	90	34
114	97	149	145	59	75
170	190	175	191	63	69
77	60	174	183	85	193
183	113	91	118	195	58
40	135	199	127	72	70
141	23	118	139	154	110
85	152	126	111	21	167
28	23	98	36	166	130
144	80	110	112	86	52
196	174	181	104	195	61
134	85	29	150	50	24
31	71	150	167	26	182
143	124	46	41	82	42
96	60	64	105	95	175
159	72	174	130	159	167
103	64	101	51	41	77
64	162	51	180	28	157
182	23	33	163	117	44
174	187	110	172	175	187
145	159	100	134	117	103
63	125	189	60	82	105
92	138	81	102	142	92
128	148	38	112	71	99
141	21	179	146	115	111
88	94	107	53	150	62
57	36	165	178	46	57
95	59	195	89	144	83
153	163	185	195	197	185
199	141	55	50	199	134
37	130	28	128	183	149
94	27	120	161	154	40
90	143	158	182	53	89
159	101	139	140	34	149
159	92	121	158	176	178
85	102	127	70	85	52
189	158	172	180	102	180
96	129	48	58	84	167
95	69	184	82	78	159
157	66	108	104	92	35
30	174	197	97	94	138
75	105	54	143	21	148
130	59	140	22	94	79
115	149	34	162	21	162
175	34	90	123	45	70
86	186	174	130	132	60
184	34	128	73	68	116
197	145	37	198	96	46
179	128	48	172	21	150
37	34	33	108	142	64
111	147	104	188	126	169
146	91	178	107	141	40
116	74	33	122	63	133
165	87	177	63	128	135
70	57	118	73	136	50
21	73	34	127	179	32
85	45	33	44	160	174
59	71	187	141	130	161
163	64	48	121	105	76
185	138	97	200	124	160
44	174	179	105	22	57
34	72	75	197	134	48
108	119	107	134	151	141
166	176	194	82	35	118
110	75	34	136	102	61
105	161	130	122	80	139
36	115	171	102	176	48
95	184	171	116	198	31
68	76	74	25	161	134
31	104	66	182	72	143
32	170	71	82	54	191
153	36	188	54	79	93
182	159	131	37	45	191
87	21	172	137	39	83
158	109	119	80	127	159
73	57	90	71	178	42
38	21	29	160	29	135
134	133	67	152	185	165
133	63	100	113	24	157
178	74	147	119	94	164
37	73	150	123	116	147
81	77	120	127	87	111
62	173	96	39	38	106
153	79	61	59	45	98
191	180	68	159	140	114
72	115	73	70	28	58
187	154	38	26	154	186
138	35	177	69	165	41
81	187	21	153	158	199
159	188	30	168	84	36
159	105	27	90	119	110
21	174	39	175	79	35
26	85	41	57	28	82
27	42	59	38	155	113
87	91	21	98	128	29
26	165	102	59	30	66
38	41	97	113	26	105
68	84	189	75	126	72
154	81	159	28	70	73
142	188	110	136	110	145
142	199	172	142	169	129
31	31	146	190	55	86
95	95	175	55	56	44
62	58	151	180	56	155
73	90	157	43	55	148
177	85	35	190	37	145
140	22	164	96	161	26
61	173	67	38	137	112
172	59	181	178	25	116
170	122	43	157	135	21
195	198	65	32	75	106
26	67	167	78	196	104
64	178	122	161	157	86
174	181	187	116	107	109
185	113	49	148	121	107
96	168	87	161	166	72
117	53	164	186	58	130
118	78	92	110	22	104
108	187	153	144	50	79
178	54	102	87	183	67
105	160	120	124	111	44
94	62	122	155	191	115
121	39	129	24	102	51
108	167	131	170	98	169
167	47	184	172	187	62
34	169	124	181	65	127
78	55	134	195	98	157
53	190	171	97	76	95
111	196	98	32	93	102
189	133	119	87	102	162
110	157	34	90	141	77
84	33	30	89	134	103
139	25	144	69	71	136
125	56	22	132	172	121
51	48	66	128	164	27
91	29	131	116	181	174
193	139	139	46	137	156
40	119	158	50	178	137
177	169	200	78	137	50
41	26	186	184	46	189
86	82	36	88	46	118
154	28	26	173	82	58
99	137	134	177	97	184
185	74	45	106	137	106
58	182	119	164	48	31
77	175	71	60	110	175
155	194	24	178	68	132
129	152	45	80	146	46
87	128	179	43	146	32
153	143	182	30	93	146
42	163	182	31	97	84
165	69	144	25	68	67
193	147	124	185	83	25
182	106	170	38	74	142
169	147	34	124	178	127
147	90	80	91	196	45
167	70	157	162	63	194
118	27	67	93	125	97
26	52	167	83	31	40
114	128	148	29	99	108
105	177	188	198	121	143
63	112	85	31	130	173
64	38	33	133	136	155
151	146	73	155	160	114
124	72	68	186	21	35
31	104	125	96	123	115
25	60	34	46	82	116
113	108	25	76	59	172
53	103	98	136	183	91
111	159	60	133	87	144
107	130	86	67	97	35
172	182	194	196	159	84
149	40	98	126	158	174
162	23	28	91	199	186
165	141	130	120	87	65
83	94	26	175	26	116
33	154	165	47	197	108
94	45	117	36	170	86
25	109	184	189	41	84
22	167	119	173	131	55
156	29	140	176	64	193
134	119	108	29	105	48
34	106	71	24	127	172
94	43	115	87	65	144
124	167	117	142	76	96
135	51	84	76	47	102
134	189	21	124	145	122
153	78	117	193	50	151
25	152	83	57	139	180
86	89	199	24	70	81
62	58	143	105	179	59
186	78	94	145	23	151
184	37	200	196	55	79
114	165	83	200	24	45
98	115	87	64	59	199
152	90	148	130	134	85
66	89	196	119	44	119
182	194	116	43	50	154
194	58	57	101	129	24
23	118	181	118	97	163
95	99	193	119	162	48
176	136	138	43	90	49
125	50	61	143	69	170
74	160	167	186	37	52
123	88	77	95	163	178
131	197	186	146	88	123
114	48	26	71	139	86
180	88	30	123	45	81
177	94	133	36	138	74
105	61	89	62	123	69
163	189	129	188	157	69
127	143	87	129	30	56
58	112	140	159	111	127
105	102	28	112	119	153
123	108	96	22	70	21
57	54	127	85	129	128
91	105	145	193	80	52
174	145	93	24	113	32
79	111	76	92	72	134
121	70	88	108	74	81
100	156	138	27	110	70
89	37	129	197	65	103
32	177	186	35	116	184
99	191	154	117	98	99
151	138	48	81	179	189
41	87	167	168	71	25
145	156	195	105	97	170
179	77	112	116	147	40
97	190	171	111	187	96
137	100	150	125	128	151
187	200	125	191	46	55
59	118	164	75	31	117
37	150	184	153	45	184
39	37	31	112	68	142
114	139	89	25	57	52
195	125	76	80	128	40
62	129	52	23	104	76
89	52	133	77	37	62
41	117	61	41	190	187
78	151	80	146	60	194
168	182	27	98	184	150
51	85	84	182	183	35
184	149	104	93	181	67
85	194	39	175	157	132
40	195	134	78	140	105
181	146	177	113	161	115
35	144	34	47	65	66
104	174	53	184	23	37
145	100	130	33	61	168
57	172	44	143	76	31
113	28	46	34	127	189
160	185	182	88	101	181
49	68	82	164	190	64
127	147	181	70	43	144
129	78	145	85	125	24
175	66	150	38	180	78
111	66	146	194	159	158
78	73	122	140	116	57
34	116	47	83	158	194
125	142	184	130	164	153
60	30	61	180	172	46
114	128	197	188	136	139
104	119	84	58	77	25
34	76	135	151	34	28
196	150	175	95	24	138
197	89	192	191	184	161
23	44	177	75	70	83
80	175	114	24	90	58
146	93	75	25	91	36
113	37	195	174	141	133
99	107	30	63	193	184
186	62	133	115	200	89
126	114	78	28	68	29
125	112	166	120	186	172
135	102	54	179	184	139
171	78	177	76	22	186
110	45	131	136	79	193
176	131	98	51	41	150
78	122	89	99	143	172
185	109	49	188	106	193
56	166	129	151	129	192
173	132	26	165	52	66
151	146	170	108	77	118
88	190	153	117	47	73
103	38	193	60	189	196
163	125	144	78	110	87
134	85	160	72	197	103
40	178	192	46	46	151
65	132	100	52	65	124
148	179	84	173	148	137
181	163	156	174	195	120
173	154	27	113	144	151
144	169	104	59	150	90
105	162	42	177	110	132
90	98	195	80	60	55
65	137	102	51	114	162
85	150	190	140	136	65
200	101	137	25	139	25
183	164	187	81	181	185
102	85	64	122	180	56
200	128	27	105	48	119
98	185	109	59	182	186
84	103	124	94	158	178
66	36	28	173	21	137
53	173	134	52	155	199
151	103	163	157	169	166
155	70	170	84	148	174
83	70	165	62	141	51
83	52	190	185	84	143
113	158	155	170	85	137
84	189	92	40	94	163
142	69	68	172	182	59
190	130	132	125	147	40
79	24	61	73	112	199
199	53	128	173	78	117
42	52	104	196	121	91
89	88	90	185	173	92
194	36	116	130	38	135
198	183	136	195	112	145
148	89	91	191	39	51
164	75	179	40	24	173
60	200	87	76	50	29
120	63	154	53	47	183
95	111	94	84	125	199
107	131	122	125	45	49
41	61	191	182	69	56
143	73	139	70	159	23
91	181	88	46	67	116
148	133	29	137	47	187
100	152	51	81	46	85
159	142	157	43	138	54
101	187	84	113	132	53
198	193	61	185	135	127
134	76	41	172	187	119
185	71	24	121	152	32
151	30	99	155	140	143
33	97	139	50	42	148
73	24	42	95	85	123
91	83	126	187	121	24
175	193	86	96	125	101
113	133	170	76	23	74
150	189	98	36	75	98
134	86	154	34	200	61
142	196	99	148	134	118
117	64	23	54	82	184
180	95	172	73	199	120
180	114	50	43	29	106
84	125	143	80	113	114
30	88	66	163	143	110
196	153	130	66	133	31
40	41	189	156	184	86
26	171	81	137	82	134
117	189	193	182	85	152
89	85	189	40	66	42
143	53	40	100	174	67
98	67	111	86	89	135
96	93	189	101	66	136
144	90	108	126	194	88
131	85	151	43	118	119
48	132	64	66	111	86
71	69	42	62	172	105
178	84	66	75	147	64
116	162	31	179	93	170
198	45	112	187	180	31
157	136	60	193	177	172
99	166	43	193	162	102
199	25	189	169	136	191
196	41	57	54	108	76
33	138	111	58	55	190
165	128	153	77	104	124
29	200	179	183	158	147
99	44	82	55	83	186
147	154	194	127	96	135
164	129	198	89	28	83
142	98	189	28	129	138
49	33	47	182	73	118
84	87	109	197	23	117
57	187	161	196	132	173
83	158	39	86	113	154
74	119	119	42	64	91
56	90	77	60	148	139
148	108	29	76	143	164
196	122	144	122	80	27
71	90	158	31	197	154
79	146	93	195	54	39
183	191	129	124	55	195
74	161	65	143	109	162
109	121	85	183	75	113
56	74	104	47	49	169
161	27	158	111	34	43
78	159	81	36	79	156
195	182	125	74	193	36
48	154	81	30	139	73
88	137	187	131	103	65
157	113	60	135	71	44
24	124	144	74	174	147
144	50	177	160	102	58
153	138	115	120	99	158
143	47	101	55	136	57
37	103	71	43	30	102
156	34	77	107	99	123
157	65	35	52	74	105
195	158	110	90	36	112
88	54	66	64	180	164
125	29	36	49	135	63
23	58	99	181	98	174
177	29	142	164	27	94
128	46	33	60	84	145
180	54	27	76	91	157
166	172	169	123	31	57
36	50	26	106	107	63
162	120	173	101	141	63
73	25	42	70	21	172
108	94	162	138	119	134
193	181	119	25	50	167
111	86	118	169	79	104
150	82	33	53	34	38
66	50	198	115	145	138
85	98	118	187	134	60
109	35	95	60	37	25
189	193	63	76	40	191
157	173	99	171	171	97
130	32	199	73	91	189
164	151	147	49	76	28
44	132	126	132	23	72
103	150	110	67	198	170
75	174	167	188	153	106
185	113	42	96	129	54
154	141	79	92	183	75
188	67	187	126	164	39
34	153	44	106	91	188
70	140	45	51	181	45
107	85	186	31	92	27
79	140	152	142	59	78
125	150	34	85	167	96
86	39	126	28	158	164
115	129	40	144	34	130
126	112	152	188	181	118
187	156	38	26	74	31
126	169	133	89	188	156
154	23	37	183	102	45
167	99	73	57	35	31
48	134	55	42	189	99
167	115	91	35	59	179
190	51	137	39	141	157
24	181	77	76	192	150
45	61	158	47	155	35
87	104	98	199	151	125
163	29	65	103	21	83
68	152	45	190	111	49
22	96	118	44	176	199
111	56	176	162	63	175
126	123	158	163	186	79
190	144	112	115	129	177
92	94	190	200	128	116
155	115	140	27	90	77
157	120	25	159	173	26
196	163	63	67	50	92
156	155	74	125	30	146
67	33	35	118	43	196
158	103	96	21	171	59
90	161	86	103	124	88
105	49	165	117	38	164
158	27	24	39	36	129
128	120	46	147	163	73
30	111	95	48	186	193
189	170	45	25	112	91
72	85	147	41	84	165
93	104	96	26	61	136
119	144	50	135	136	92
121	173	71	96	101	44
125	59	98	182	116	176
195	62	22	180	117	25
112	37	132	23	131	167
136	74	102	171	121	57
29	183	183	94	75	64
71	174	115	32	70	176
117	167	36	44	90	65
108	113	46	43	76	141
32	166	137	187	193	124
164	95	145	189	175	159
89	46	125	96	49	142
39	59	190	158	37	155
179	162	72	69	91	168
147	153	165	191	110	43
154	25	158	66	149	180
188	132	111	29	166	163
80	131	63	54	151	60
164	86	77	163	72	106
195	179	186	139	82	192
162	130	72	38	45	114
42	126	145	32	31	144
114	197	176	122	53	41
147	58	84	141	140	172
179	185	79	130	174	158
42	176	75	135	111	147
116	192	72	145	175	109
169	44	132	70	56	108
195	117	159	146	102	197
150	111	152	78	103	79
94	39	160	83	144	133
99	166	41	90	125	111
92	117	99	89	121	195
32	43	194	35	34	167
129	180	168	53	38	80
198	160	172	25	155	110
184	98	171	137	174	129
123	141	194	175	134	195
154	144	162	66	149	132
197	125	74	41	69	81
183	85	197	186	119	180
130	50	175	168	110	114
37	189	86	124	188	47
43	71	30	79	84	123
127	189	40	174	54	148
80	87	197	34	148	154
24	87	39	49	172	75
109	23	189	91	109	151
22	179	29	47	131	59
153	197	76	93	130	100
102	186	51	160	198	189
105	26	187	49	56	186
33	127	121	73	58	178
178	171	59	29	197	130
63	194	101	124	137	21
74	172	188	33	58	134
127	47	194	34	102	108
44	162	193	146	21	83
146	83	70	75	161	44
67	57	174	86	59	87
159	195	75	104	182	111
153	31	197	72	113	25
200	81	52	133	141	184
135	47	132	39	117	168
30	100	94	25	58	166
42	88	30	50	31	98
58	162	157	137	78	40
194	142	85	46	171	55
112	60	160	182	163	163
91	161	129	194	169	126
32	166	184	162	119	105
89	200	23	132	88	34
24	180	158	184	110	46
199	28	42	121	76	134
138	83	118	111	54	148
72	91	164	177	172	90
28	80	179	167	55	119
163	89	117	172	108	78
81	41	67	120	143	196
94	75	77	112	76	57
193	168	130	70	85	185
41	145	117	148	170	145
135	192	181	108	99	22
192	131	93	109	181	91
188	191	73	107	169	66
141	166	165	131	147	38
33	139	168	41	144	170
63	150	73	113	27	54
173	179	111	82	63	174
65	170	65	188	190	183
65	136	90	85	108	122
58	33	173	94	34	165
130	128	138	69	83	97
195	116	85	60	74	135
41	128	47	38	99	60
132	196	159	101	200	196
29	181	54	166	31	144
104	191	57	89	98	177
186	87	95	169	25	64
33	29	168	116	187	53
87	23	147	86	196	131
180	86	71	104	182	196
180	59	164	197	198	179
168	36	192	171	148	43
60	131	80	85	123	25
92	140	75	120	124	164
190	80	183	60	22	94
103	152	197	23	77	175
149	85	140	194	62	89
143	95	168	110	87	170
56	21	84	166	34	173
93	23	181	49	135	187
177	28	125	90	99	153
100	59	88	173	192	169
110	48	51	191	177	77
146	153	55	198	83	24
165	154	73	37	71	162
178	43	62	178	123	42
31	53	170	159	167	155
89	135	63	101	89	127
188	151	200	22	84	164
145	90	96	113	41	163
150	108	107	148	186	55
168	187	136	142	79	177
128	154	56	156	68	159
145	181	123	98	149	21
140	54	167	176	56	33
96	64	103	195	65	26
107	28	182	131	137	172
189	129	67	126	85	184
137	90	119	62	124	100
149	29	33	140	124	87
66	97	35	45	96	55
181	114	171	143	114	146
161	111	87	78	95	91
140	82	107	83	89	93
159	111	157	191	108	43
26	50	22	145	50	189
188	78	117	89	164	95
170	162	134	136	47	105
109	152	128	97	37	180
22	72	190	161	36	78
114	149	106	76	167	137
29	82	126	155	106	54
115	100	62	198	23	65
43	93	55	78	46	173
139	118	167	112	121	48
153	57	44	179	151	68
23	147	129	57	150	90
42	39	134	67	103	139
171	45	24	100	69	60
21	184	46	164	145	61
85	195	82	56	169	30
120	75	99	81	194	164
64	47	192	197	162	175
137	115	49	51	91	188
27	89	149	135	118	82
57	89	55	87	200	163
45	60	186	60	146	73
70	52	92	114	149	128
73	174	187	176	33	106
70	37	107	39	81	31
53	64	133	129	94	127
54	73	190	39	51	45
189	157	119	173	72	81
131	184	78	177	143	98
25	102	28	140	53	57
35	76	80	200	50	154
104	42	177	109	79	143
100	143	96	152	141	176
48	81	76	25	183	143
111	164	71	40	150	24
78	43	145	134	129	22
189	45	182	89	188	106
65	183	29	21	140	157
89	199	34	172	156	38
110	129	48	81	74	23
176	28	136	181	51	198
94	31	107	30	196	142
130	185	129	197	115	195
115	40	114	75	74	137
116	169	56	94	193	59
199	198	75	128	136	91
188	72	116	153	151	77
89	151	175	57	53	27
175	167	155	165	156	68
149	90	25	159	82	57
70	114	32	97	75	196
105	187	111	148	76	132
40	171	151	87	171	158
79	165	125	109	180	196
58	145	141	45	111	195
154	192	119	161	103	38
101	172	135	66	63	166
76	146	177	114	69	117
64	21	80	139	81	83
101	40	86	112	103	152
74	190	174	160	125	83
174	65	169	164	117	106
171	197	26	86	47	121
66	148	30	100	89	53
187	45	140	181	63	71
66	63	193	191	80	23
69	50	112	30	81	132
168	67	99	145	31	81
43	136	56	38	58	160
32	139	110	171	99	30
101	45	198	185	176	170
43	194	96	181	24	84
116	166	25	156	119	60
83	141	34	196	150	76
194	86	72	79	168	46
36	80	148	185	31	68
199	123	162	104	105	27
79	196	148	178	78	185
21	45	146	103	189	161
22	150	133	95	54	141
142	35	143	96	170	79
96	194	95	57	168	49
143	162	174	69	36	102
182	109	196	199	142	124
170	26	41	138	66	38
140	86	152	60	146	62
83	62	23	112	158	185
87	33	181	119	111	69
32	119	104	136	151	121
137	101	167	111	56	128
196	57	59	189	73	166
167	161	48	134	140	132
24	179	50	168	26	195
105	33	69	166	181	46
87	115	106	92	26	113
54	101	96	174	183	95
116	134	66	58	23	114
185	94	88	144	200	166
48	114	77	73	142	99
126	197	53	28	155	142
155	31	181	136	78	195
190	158	57	106	35	70
84	62	162	97	71	24
194	49	184	193	95	138
158	170	99	161	62	47
152	183	110	21	154	126
33	32	73	113	137	116
78	196	175	69	157	45
93	136	175	133	47	38
197	149	95	101	88	126
49	43	104	108	187	23
140	100	198	162	126	173
58	147	23	83	129	47
106	80	123	177	66	174
110	137	67	124	91	133
89	144	180	105	45	104
176	124	71	64	196	122
93	167	191	194	97	96
167	120	168	50	71	128
114	184	31	67	77	76
148	44	131	55	146	73
126	177	29	44	186	161
73	82	189	34	116	80
65	75	29	180	24	61
74	186	200	21	72	81
181	181	131	199	43	23
163	155	26	185	47	138
118	97	136	147	78	129
118	91	115	185	113	51
118	96	23	170	142	44
113	104	29	139	189	60
54	113	111	25	151	164
141	133	152	158	25	34
129	137	135	141	100	148
29	125	50	175	186	21
92	54	58	48	27	164
96	67	38	140	95	177
29	131	107	111	25	118
190	95	32	150	146	23
60	181	98	164	192	170
89	198	55	120	70	41
159	175	192	55	135	185
170	113	21	88	173	125
84	156	64	139	95	169
119	167	148	83	136	166
105	159	53	65	97	200
133	153	55	184	61	74
189	28	95	174	195	32
174	74	81	21	159	196
85	24	73	181	181	106
64	89	87	153	123	27
84	79	163	76	155	187
119	22	92	116	194	181
161	169	191	77	47	78
33	138	118	92	110	177
173	41	96	75	52	177
187	155	154	79	171	57
28	72	119	156	190	73
52	130	49	134	132	148
80	136	40	173	184	54
95	58	129	147	42	83
93	82	170	110	68	56
150	88	29	22	103	65
105	164	147	162	78	46
114	157	29	75	86	25
38	165	147	69	89	131
71	75	56	195	49	89
85	63	120	61	37	172
123	84	75	193	107	46
30	86	164	97	39	79
29	115	188	30	169	136
163	134	116	129	193	86
33	174	31	134	28	183
138	74	122	144	22	74
31	51	161	97	22	164
41	111	67	93	119	34
183	42	197	28	73	93
91	162	53	56	167	100
124	198	125	23	180	139
39	139	145	77	75	24
174	155	107	125	150	191
59	169	119	145	156	72
160	102	169	199	101	93
77	107	51	138	159	75
171	29	59	191	200	150
112	185	196	61	29	198
137	154	43	92	162	195
46	62	122	136	142	42
87	106	120	125	123	179
150	119	88	104	65	132
176	103	108	114	91	27
146	134	107	128	48	87
113	102	119	102	193	51
157	111	30	95	46	185
190	86	121	169	118	176
53	64	70	184	35	124
140	156	141	30	76	196
70	47	52	28	182	109
197	108	29	197	184	65
143	195	28	123	49	117
145	178	62	155	67	193
29	146	108	95	114	125
55	53	52	72	150	197
112	101	87	117	40	56
80	106	187	60	128	92
48	194	40	48	63	195
53	127	33	42	138	39
50	142	91	115	128	89
71	179	128	92	191	47
116	45	113	125	26	166
168	115	84	183	84	39
148	115	103	138	104	117
116	168	65	153	109	170
116	40	156	109	124	110
66	58	70	89	98	43
60	63	115	144	100	171
181	146	60	109	105	176
195	147	183	134	27	60
62	153	62	63	53	174
78	189	137	60	200	76
192	42	174	72	93	28
54	192	161	155	176	76
109	46	199	76	82	174
115	79	43	168	89	21
93	195	69	110	182	172
45	87	124	95	46	67
74	192	192	120	190	138
63	111	110	92	113	82
32	77	117	30	90	84
86	68	171	111	117	195
185	136	86	22	24	187
31	170	145	172	146	56
54	30	196	23	90	67
51	149	133	71	32	94
133	136	174	135	51	132
93	76	94	157	74	160
22	135	118	48	118	40
141	138	131	103	72	105
159	176	187	65	97	103
70	150	193	134	123	167
51	124	25	88	76	41
76	193	60	192	156	98
79	167	135	26	25	148
172	89	67	64	112	152
80	69	185	92	104	181
184	100	28	107	158	159
120	105	47	170	72	159
66	90	84	82	80	118
29	143	104	108	111	168
174	164	105	79	95	120
33	40	138	63	90	56
86	187	90	87	32	64
180	185	46	199	152	100
194	50	153	44	190	196
193	169	63	60	26	170
146	123	169	187	47	127
63	111	114	166	178	132
43	55	22	189	28	113
43	46	176	65	75	78
56	120	158	141	28	173
121	63	198	132	193	180
118	116	44	183	31	134
159	59	58	37	171	52
192	75	41	200	159	44
154	61	24	166	98	25
93	99	57	37	78	106
68	108	65	128	170	149
69	69	156	133	139	78
193	95	51	38	178	174
117	191	111	174	117	59
40	23	136	38	140	54
73	58	129	180	190	98
174	156	82	42	101	78
197	189	107	140	149	85
90	191	84	200	45	37
190	65	173	192	145	181
26	166	129	183	24	68
121	179	136	78	103	159
157	195	35	56	120	77
57	91	86	36	40	175
30	187	196	108	143	150
67	132	22	136	112	187
136	116	90	67	186	161
64	121	106	74	186	128
105	100	167	51	133	49
148	68	181	126	103	71
34	100	101	30	138	168
101	166	116	111	150	127
134	45	21	184	36	163
113	165	198	139	61	133
26	105	193	198	54	137
153	24	34	164	175	189
199	135	45	179	120	199
23	138	197	91	25	77
24	108	94	196	36	96
85	42	136	193	90	159
130	68	149	168	168	80
36	136	181	64	158	44
174	142	98	80	157	100
61	81	124	33	104	46
173	74	85	178	151	149
188	114	69	196	109	139
133	99	142	198	58	154
70	143	31	39	105	22
194	168	149	148	71	44
161	158	195	163	90	101
88	167	88	60	101	94
114	48	70	107	49	170
61	79	170	91	84	44
168	49	94	166	49	37
98	172	161	91	164	41
24	189	58	163	169	62
104	191	60	109	140	128
173	34	163	43	182	158
100	68	173	34	142	120
142	26	196	183	99	44
114	34	92	68	92	113
75	53	59	57	113	44
99	97	31	90	105	38
136	113	149	81	37	199
111	85	151	186	159	36
98	99	55	112	196	140
60	156	86	87	62	77
50	72	182	135	91	23
114	34	96	28	54	88
48	156	188	99	92	182
130	180	53	117	119	33
151	132	68	39	153	149
35	44	159	63	104	112
26	66	45	169	132	25
72	178	117	174	106	118
141	78	84	155	121	165
129	124	109	60	60	174
64	89	156	32	162	191
118	85	193	94	198	85
102	123	163	38	137	73
106	81	76	120	64	53
41	75	29	197	192	159
150	77	116	55	101	96
178	186	51	173	187	74
78	56	29	37	57	62
26	127	122	128	39	122
36	25	130	168	80	177
77	44	93	96	90	59
131	156	25	56	191	109
185	180	105	50	67	40
91	109	150	117	39	135
36	125	141	96	26	165
35	51	130	99	78	197
75	78	70	146	35	45
73	67	31	150	69	132
145	123	113	193	29	111
67	138	140	168	182	172
138	102	98	130	99	189
75	21	140	200	140	55
139	93	84	51	167	180
91	136	114	31	115	180
179	140	63	73	200	163
198	120	163	36	190	198
49	130	180	75	84	109
163	185	156	28	137	86
79	40	104	61	149	188
136	115	64	169	197	158
125	99	134	70	168	125
84	98	119	128	153	74
29	95	114	28	30	29
43	26	179	164	139	99
167	89	184	174	115	123
179	197	106	190	196	129
38	196	116	71	191	195
22	110	185	26	150	62
51	94	53	66	175	170
117	90	151	89	55	126
96	76	163	182	55	22
158	85	92	156	28	88
190	66	45	78	119	65
125	120	199	65	114	65
190	135	139	184	26	60
53	95	104	116	80	133
27	74	39	81	175	141
197	59	57	199	44	80
191	147	114	166	94	75
99	33	53	73	64	152
31	123	76	83	165	44
61	50	37	101	78	134
43	161	94	105	68	109
99	74	193	158	166	153
72	168	163	141	81	107
44	24	41	60	160	178
137	104	135	108	179	115
99	109	181	171	75	21
48	90	157	155	124	89
199	130	173	51	56	174
109	29	79	171	124	173
162	147	27	77	91	185
88	135	75	56	68	180
126	129	96	62	171	155
185	117	160	48	21	39
148	169	172	171	68	56
165	129	163	193	180	184
79	113	85	120	165	45
132	102	121	177	85	34
63	86	89	45	88	162
37	190	138	196	137	131
165	73	91	57	50	190
188	51	169	168	81	182
97	56	72	38	114	171
28	114	190	181	30	157
59	101	111	94	123	32
188	193	26	106	144	131
191	63	44	148	193	99
76	170	109	128	22	191
139	91	174	108	145	119
81	30	180	58	173	101
69	131	143	47	99	59
40	86	177	92	175	24
109	164	104	41	52	159
156	83	61	111	133	172
159	71	28	153	100	156
70	62	35	153	82	39
81	187	194	117	131	117
138	110	28	39	174	78
142	181	134	168	196	185
118	88	175	107	122	112
145	69	34	44	78	106
73	42	154	115	26	65
195	66	171	61	50	185
112	100	96	132	50	106
68	145	33	83	23	129
136	75	186	142	40	72
21	69	93	63	109	151
80	29	89	34	103	194
95	46	135	174	72	76
56	169	79	120	99	89
23	74	68	130	186	47
47	185	186	190	30	83
199	140	172	21	147	44
41	73	119	100	125	141
92	26	26	164	35	80
106	173	173	50	30	131
37	160	196	198	97	49
191	117	197	153	126	45
28	61	36	97	83	124
99	91	139	144	141	82
137	40	116	129	153	168
109	40	59	132	53	95
163	187	42	127	173	127
112	197	52	43	198	104
47	128	52	106	83	41
46	189	73	56	74	180
53	117	115	94	113	82
38	132	46	75	106	30
188	122	137	58	134	71
113	195	88	59	112	89
105	68	79	153	183	55
98	145	63	141	176	144
154	82	199	162	95	89
116	67	104	147	100	71
54	89	199	134	161	78
45	112	185	159	92	58
111	105	193	157	103	161
143	156	41	172	188	59
28	108	138	125	48	193
64	94	92	197	41	113
170	47	93	99	132	158
135	123	117	197	67	186
74	108	41	89	149	143
96	189	197	166	60	46
191	196	95	47	73	90
106	155	24	142	166	129
62	191	31	144	168	160
138	133	113	100	190	198
200	93	152	32	135	48
159	22	157	131	84	56
197	88	131	48	150	74
137	90	114	52	193	73
71	39	111	99	39	68
62	189	139	101	169	102
101	110	61	51	164	145
97	146	57	64	82	126
54	86	32	59	109	57
187	87	83	23	180	43
95	173	58	191	187	137
115	111	97	36	26	102
110	155	116	73	44	200
126	144	114	117	162	23
40	107	81	100	49	73
56	40	27	187	173	198
101	196	162	44	102	41
66	43	86	119	99	69
25	41	54	62	176	87
120	66	195	152	44	122
108	110	39	84	104	96
80	112	115	58	155	136
110	158	77	197	64	29
109	80	82	26	140	132
40	89	77	87	21	62
184	146	51	103	156	25
163	48	192	121	42	135
83	170	122	90	170	112
137	99	45	133	83	137
75	87	30	30	117	73
29	48	140	165	32	59
174	137	142	133	65	61
43	71	168	71	136	170
186	126	105	50	120	34
139	27	106	58	125	181
166	170	114	41	191	23
86	47	114	158	85	25
58	88	96	116	198	63
24	55	196	30	27	171
100	143	26	199	172	61
26	70	153	43	157	55
57	25	66	196	116	117
97	113	67	155	77	21
64	37	63	163	188	49
82	193	136	72	98	98
119	32	91	75	74	140
147	71	124	102	195	197
40	191	40	178	175	190
89	119	129	113	95	96
75	76	166	24	60	31
30	143	96	126	105	150
106	168	158	193	78	106
106	63	161	183	154	137
186	59	62	171	135	23
198	56	151	117	174	103
112	191	200	167	172	183
177	167	173	27	149	123
162	166	86	133	145	139
128	131	192	41	174	191
193	186	106	96	118	197
110	179	85	175	102	51
116	183	144	21	36	184
72	135	155	154	68	195
43	160	178	143	59	163
83	114	77	24	187	123
41	190	115	189	47	73
66	136	36	137	152	34
59	120	156	99	41	157
77	100	119	24	50	69
130	141	68	55	153	21
129	69	130	49	23	159
68	43	81	195	65	153
122	35	86	62	153	184
85	34	140	135	176	26
47	188	110	172	105	156
133	67	114	180	107	29
145	120	74	145	47	76
113	160	192	86	100	80
171	32	40	125	199	42
29	33	161	84	68	184
177	66	66	125	134	200
186	124	155	162	59	111
59	81	41	154	73	90
112	90	28	120	64	142
85	177	127	132	148	186
24	48	134	124	122	79
113	157	96	166	174	136
78	125	31	134	94	125
159	183	113	44	133	33
21	80	159	185	51	76
165	127	134	100	84	33
158	52	105	91	152	94
171	164	33	148	87	42
28	23	112	46	48	150
168	136	91	195	134	115
67	113	98	112	56	130
130	198	153	107	176	33
195	62	129	91	164	90
95	96	77	101	120	53
131	24	139	22	94	81
92	79	195	52	123	42
88	105	115	150	188	175
134	159	36	82	83	41
109	113	129	57	171	58
158	71	100	105	58	152
98	126	52	192	94	134
140	179	66	26	50	191
120	85	57	121	190	64
87	76	166	185	56	129
142	194	62	74	167	90
27	39	50	86	39	167
103	44	127	95	121	129
177	83	100	161	56	36
63	50	199	199	147	90
103	70	157	180	45	156
200	166	143	91	25	141
171	41	123	68	27	91
39	103	65	61	67	161
109	38	131	166	65	188
194	139	97	29	195	157
138	164	113	169	80	157
29	126	77	42	182	42
193	75	57	47	107	155
55	21	190	110	122	136
97	142	146	175	54	193
182	68	187	155	103	36
30	125	150	131	171	126
200	74	70	55	85	39
89	124	27	28	158	181
121	40	27	123	85	75
196	143	51	22	62	36
151	123	155	94	60	69
159	125	116	176	147	127
173	160	179	93	127	65
169	142	88	197	166	37
79	36	36	106	74	161
131	149	173	122	63	168
85	72	193	95	103	129
193	128	55	87	164	102
57	88	156	31	86	187
133	59	155	73	172	162
176	151	29	174	173	98
182	86	175	64	177	170
25	100	75	94	87	91
95	57	97	114	109	31
105	123	134	141	169	114
81	121	129	82	41	27
192	70	81	73	174	166
140	127	117	74	200	171
70	68	177	52	113	69
184	115	140	52	52	37
94	126	75	49	50	188
179	171	52	180	89	111
38	148	140	177	100	29
166	48	150	22	200	72
153	21	120	108	101	49
150	38	126	98	26	91
147	88	100	130	118	40
29	169	169	27	63	23
162	154	195	45	60	194
171	30	116	85	115	183
148	47	67	130	108	179
108	100	79	32	50	157
64	36	73	114	66	149
52	108	144	104	121	165
107	69	21	68	42	39
52	65	44	145	114	117
61	33	145	69	119	50
126	146	145	103	32	141
75	168	81	70	150	70
182	54	80	22	23	117
83	130	92	96	69	42
71	149	181	61	183	182
31	190	172	118	39	90
59	69	152	148	85	93
53	34	180	137	175	161
47	149	102	194	147	107
111	44	181	192	131	40
35	48	188	159	85	81
117	122	54	102	23	144
108	93	40	99	196	29
133	186	23	31	55	78
92	146	107	96	97	61
46	194	159	46	98	64
121	105	189	32	159	178
101	186	158	189	107	61
60	130	147	120	99	157
33	81	92	51	176	54
39	95	36	177	132	58
151	200	175	182	188	147
120	25	122	64	72	97
123	125	56	113	82	70
72	187	164	49	184	69
116	188	155	70	80	58
171	24	52	152	181	30
193	105	80	47	123	64
80	128	182	86	64	87
157	108	73	131	42	161
169	146	160	178	148	64
60	21	173	71	42	75
105	51	144	75	27	153
45	69	148	62	192	60
134	162	148	73	98	28
96	170	160	60	200	90
163	151	82	61	71	194
24	56	47	129	190	170
197	55	177	95	199	180
60	197	95	109	157	125
158	165	193	160	69	126
190	146	75	199	51	143
73	129	23	167	192	112
94	51	131	103	146	173
178	27	34	190	90	113
74	48	58	87	117	161
199	128	48	34	45	98
159	118	80	32	150	141
119	25	187	114	181	200
199	84	115	90	57	180
179	30	38	200	190	29
138	185	183	167	32	79
43	175	85	130	149	66
141	126	126	107	199	53
114	167	61	44	199	182
47	26	56	181	127	136
174	131	164	66	42	95
122	174	121	149	22	82
196	62	103	77	147	95
158	92	121	106	50	178
85	184	145	147	98	67
104	27	130	69	33	194
122	116	159	87	91	50
23	30	102	139	100	31
76	136	143	195	58	195
146	115	72	98	56	103
75	109	190	182	198	159
130	28	34	188	191	88
136	52	117	63	156	197
101	133	67	53	76	83
165	58	87	29	163	51
89	25	189	45	107	58
164	126	81	174	95	108
168	195	27	170	89	130
200	112	124	138	137	108
61	145	133	63	197	84
59	56	45	179	76	100
32	45	164	96	63	80
121	92	76	163	125	116
39	55	168	130	133	54
139	43	30	50	79	191
93	80	131	70	80	166
57	24	89	123	131	181
173	192	110	136	182	182
92	155	138	178	178	197
79	75	50	149	51	164
194	31	167	115	162	49
181	197	81	75	100	163
103	82	77	62	84	90
119	92	161	47	111	64
187	191	139	85	89	27
97	174	67	56	105	173
44	98	91	155	38	89
41	195	40	124	181	32
40	104	99	54	112	163
142	132	69	184	59	119
113	32	40	138	46	166
133	76	179	50	122	146
42	150	57	180	156	61
44	113	52	26	118	54
189	128	27	181	190	60
65	142	22	174	89	133
36	28	79	131	173	51
122	31	77	158	81	113
38	125	167	119	198	124
186	164	74	184	78	144
70	181	114	34	81	25
98	44	130	110	145	59
58	147	157	186	64	138
108	119	31	91	67	46
152	195	197	168	67	91
172	120	130	175	100	108
41	132	175	99	166	67
112	199	158	52	88	109
73	78	152	140	44	113
45	145	130	115	90	156
148	100	154	118	111	32
22	135	30	182	49	77
107	69	71	99	105	147
165	182	165	127	88	167
134	79	149	82	117	95
166	22	83	74	146	167
34	193	126	112	145	64
108	121	152	199	136	43
167	43	63	83	165	105
56	53	144	186	195	136
107	108	194	69	199	68
152	104	188	182	43	85
124	27	124	166	81	173
142	134	82	185	80	131
77	82	183	122	178	83
35	47	144	32	80	153
175	118	191	181	195	42
42	127	32	54	182	90
180	22	54	116	153	170
76	82	158	105	67	103
187	37	104	181	97	144
103	68	130	60	134	124
158	90	146	99	173	76
81	82	100	45	124	194
142	121	38	91	91	127
35	54	114	33	41	123
107	200	146	186	143	159
182	110	148	169	77	173
49	169	193	110	194	115
148	190	106	150	189	59
101	153	113	112	115	141
114	89	32	186	57	82
162	91	105	190	65	153
111	95	177	92	110	141
150	170	99	127	61	200
48	112	107	30	175	178
35	115	74	143	124	140
87	27	21	149	92	59
186	171	22	91	132	92
67	49	104	132	51	142
74	136	141	133	29	142
27	118	112	193	198	129
141	70	177	196	144	192
168	184	37	75	143	108
122	89	24	76	79	49
70	181	115	135	136	161
93	90	72	48	39	172
172	133	132	38	53	90
100	91	46	146	85	79
85	176	193	200	106	28
101	195	120	156	28	167
187	78	132	51	108	192
141	127	169	172	55	153
124	199	184	193	74	130
113	193	24	109	86	62
69	25	52	200	153	52
101	182	144	49	105	146
162	77	124	139	165	125
39	88	73	28	173	149
173	182	173	47	142	28
88	135	150	89	23	171
100	181	99	110	49	84
22	54	129	176	119	72
53	149	159	43	106	188
184	186	130	170	195	198
115	192	156	76	160	112
150	177	84	116	122	58
183	23	190	57	120	108
71	163	32	106	105	78
46	39	163	114	167	140
37	52	181	173	142	115
61	82	122	121	47	120
26	104	107	141	93	88
175	96	56	199	126	150
153	29	162	76	33	106
101	58	156	26	114	165
101	111	156	146	68	56
127	110	64	86	182	118
194	162	126	32	76	94
28	106	143	154	160	154
121	158	62	140	191	64
59	103	164	48	91	97
100	88	185	91	27	85
177	30	42	161	116	169
126	180	54	110	98	147
128	98	103	52	40	22
160	50	108	130	154	75
186	145	39	61	109	165
174	96	168	114	65	157
22	21	74	162	81	46
34	161	200	154	190	153
182	60	186	74	188	97
51	170	183	100	80	143
58	197	24	28	188	184
122	29	92	46	55	57
135	172	94	189	94	151
122	40	79	31	107	196
133	134	127	146	168	148
189	71	60	85	141	22
103	128	191	71	65	174
102	174	26	136	117	90
143	28	42	49	187	180
108	195	106	80	162	173
157	40	85	162	56	178
59	99	75	176	119	90
128	25	70	35	134	126
41	80	159	135	194	139
183	118	29	114	118	184
83	79	57	24	154	171
119	52	132	111	106	120
167	167	108	33	195	45
179	190	199	148	142	136
92	60	187	105	21	100
139	103	193	135	66	31
200	47	55	171	179	24
128	108	192	63	142	122
142	85	83	183	33	125
82	79	39	138	121	144
160	167	76	198	161	178
116	108	38	73	56	190
158	187	113	91	159	96
30	118	104	164	74	156
189	27	184	25	89	105
141	103	63	189	85	117
138	25	184	119	117	191
116	92	101	71	50	127
177	95	184	70	146	99
143	99	87	105	161	120
57	162	102	61	116	36
152	96	125	27	109	152
65	158	25	23	78	121
141	36	164	133	156	102
196	154	67	158	174	88
29	83	22	183	84	173
121	58	25	144	85	48
187	142	34	195	119	106
149	47	145	199	59	119
199	107	66	182	142	76
128	198	162	79	135	161
105	132	34	38	60	42
139	181	65	197	109	54
194	51	107	39	134	154
39	94	164	144	167	99
114	129	117	153	187	24
57	53	95	179	86	69
171	36	101	24	81	125
134	37	51	41	71	130
174	181	41	43	33	165
197	192	156	86	186	125
82	149	104	180	165	48
138	38	25	104	191	190
32	169	130	125	151	196
156	145	125	45	150	159
78	144	123	25	164	38
120	28	26	177	67	191
190	24	64	190	155	175
118	111	144	111	142	69
35	187	42	141	91	181
26	185	184	176	31	36
123	142	93	104	83	45
150	178	168	44	148	189
60	33	132	173	27	138
130	152	142	193	72	33
104	45	54	26	27	181
142	44	71	36	141	126
34	40	148	69	160	148
193	195	183	152	60	104
177	160	92	150	43	160
128	58	53	54	140	93
61	92	131	111	81	200
131	173	95	186	104	42
188	165	102	135	73	31
179	62	102	105	197	159
106	112	154	125	177	188
47	112	157	192	95	112
150	100	29	156	91	61
162	85	175	54	52	111
142	175	129	123	200	143
48	146	107	192	142	189
123	45	196	195	131	131
119	168	120	172	146	130
92	159	77	121	101	70
112	192	51	159	149	200
195	133	58	196	200	171
108	118	165	176	150	171
166	74	125	77	150	109
156	87	173	156	37	114
30	23	186	57	48	131
106	115	111	89	84	195
95	146	100	103	175	114
142	145	109	90	25	156
105	122	171	67	161	141
44	166	66	62	24	29
162	64	29	174	111	187
167	184	99	199	75	135
186	191	84	166	117	106
190	136	175	98	151	79
36	118	38	180	102	183
42	144	106	38	39	57
147	171	154	162	153	161
190	29	179	168	65	136
38	33	87	170	105	118
76	135	70	50	51	46
31	33	169	35	62	52
63	154	37	159	25	69
40	134	94	104	136	98
170	63	41	149	71	115
63	24	128	178	156	38
183	147	27	192	48	140
22	70	98	31	104	44
83	83	44	150	71	195
194	66	168	29	145	191
168	37	113	174	78	147
49	193	95	53	96	133
121	123	151	60	147	24
174	137	197	184	61	160
199	166	139	139	179	51
150	102	70	122	115	200
25	159	183	116	60	26
92	87	178	141	55	72
89	97	44	65	151	119
159	198	127	25	151	90
101	63	108	92	27	128
39	111	186	123	44	143
116	48	158	163	108	119
32	94	132	144	175	93
24	46	166	40	183	104
159	173	137	184	124	164
49	79	84	23	76	78
22	58	189	106	25	78
166	98	189	22	82	33
58	161	67	177	74	73
97	177	112	195	170	158
98	147	164	83	144	178
170	69	136	128	49	117
76	155	128	24	58	192
44	150	129	166	191	144
135	61	171	124	185	116
172	96	38	34	142	30
65	130	189	187	102	182
74	77	61	182	153	124
129	102	191	194	97	77
158	58	138	24	104	122
89	107	25	150	50	195
78	96	98	103	99	124
118	99	51	167	189	100
100	175	106	75	175	191
72	65	55	185	132	156
46	199	197	128	102	94
53	81	55	70	169	31
62	65	97	197	54	77
134	160	89	114	153	150
57	138	53	45	49	191
62	37	172	155	114	59
139	192	191	133	103	76
50	36	94	44	78	146
153	172	87	49	21	138
151	194	36	27	125	34
187	145	190	160	146	121
124	132	163	78	128	141
178	57	79	149	53	75
98	97	157	158	143	101
100	66	125	187	53	148
47	175	199	179	136	136
34	164	54	183	26	123
127	88	176	180	166	140
188	161	160	109	26	64
195	197	126	49	124	198
78	114	143	135	200	88
104	190	140	145	194	171
175	61	81	65	197	101
61	52	32	158	67	135
155	46	59	43	110	46
96	109	106	197	57	136
130	156	158	147	146	170
172	96	186	116	47	191
154	31	79	62	55	92
197	192	68	67	99	61
182	92	78	63	108	75
103	134	198	58	33	138
34	88	170	125	110	115
141	188	141	76	162	198
88	120	21	123	29	94
155	145	137	30	38	131
21	133	38	85	68	141
122	136	48	184	97	96
69	72	73	29	111	63
107	39	25	55	115	21
55	62	84	83	111	23
192	163	173	162	75	152
177	32	188	124	83	125
72	94	172	179	136	55
127	165	32	73	107	67
32	152	193	183	26	77
162	36	63	47	127	139
172	29	177	169	80	89
45	54	126	154	28	163
27	138	24	150	177	156
102	35	102	154	83	148
135	113	191	157	109	103
187	165	72	143	182	85
82	179	171	46	146	198
124	178	175	155	171	154
21	89	67	96	170	42
100	84	188	124	193	28
97	116	188	61	156	32
132	81	165	122	120	167
111	110	126	193	62	190
26	48	114	39	86	81
110	82	72	143	167	194
121	56	119	173	160	84
185	186	30	39	102	138
128	49	146	141	87	103
89	190	64	87	147	42
105	100	53	195	139	158
176	116	56	99	134	134
195	104	97	196	84	179
185	63	93	47	111	175
89	107	61	112	199	59
83	110	175	188	163	110
130	89	141	38	98	115
71	51	31	140	109	28
138	162	191	162	109	67
141	115	200	142	138	188
25	105	91	57	196	83
107	150	121	28	139	65
199	23	129	128	149	173
174	59	165	191	107	162
162	55	37	86	147	198
55	33	185	87	137	23
158	98	80	138	155	50
134	126	44	74	78	101
189	175	57	167	65	58
183	21	161	123	36	60
130	38	71	197	156	109
138	70	125	192	81	177
161	135	48	99	191	109
38	114	40	183	157	147
82	57	163	29	181	154
104	131	125	79	76	39
111	160	181	115	101	40
199	21	126	55	182	150
164	59	86	59	62	116
106	72	94	27	147	53
30	57	112	23	131	131
71	94	104	130	59	81
197	132	30	97	133	106
22	164	177	166	54	35
48	81	99	186	134	199
154	127	73	174	74	92
39	45	57	58	144	141
83	134	63	142	39	97
104	72	174	145	137	154
84	154	27	42	147	117
69	77	91	48	123	140
160	81	88	108	167	172
154	90	131	80	65	87
175	167	182	77	29	175
115	139	151	182	98	159
121	51	70	64	116	67
155	47	112	194	27	139
200	141	27	85	190	113
178	185	160	37	149	131
66	156	41	36	76	132
176	93	109	74	120	127
57	94	88	109	156	195
41	94	126	200	34	191
154	167	94	190	116	95
181	160	55	167	111	55
101	87	152	22	155	158
97	25	115	178	102	113
82	159	145	55	69	171
150	106	158	37	130	25
50	168	53	95	117	45
133	104	89	98	71	200
72	130	119	56	83	185
147	117	200	48	170	197
112	169	79	119	54	58
126	43	40	170	75	154
178	53	127	90	175	162
34	97	96	140	99	37
28	117	182	83	156	51
106	139	194	156	44	189
32	146	74	92	176	197
184	30	197	84	93	177
127	89	154	23	113	101
131	36	66	138	63	72
175	156	157	21	106	182
136	179	62	161	61	196
189	118	115	164	50	192
135	24	150	146	31	66
66	135	92	200	23	150
188	77	145	72	188	46
123	66	90	86	145	140
74	194	56	82	164	82
160	75	125	78	68	23
89	137	146	163	152	50
31	170	31	161	63	82
45	111	146	98	164	197
109	132	40	182	178	103
146	133	114	102	113	128
191	121	63	57	92	92
138	103	138	170	27	77
24	198	124	81	124	187
132	58	105	24	46	126
147	84	152	68	149	69
115	113	197	103	190	87
180	72	98	169	24	67
125	59	169	161	100	164
76	79	87	22	151	50
35	176	31	129	39	169
73	100	136	152	73	189
141	79	62	149	188	116
175	173	42	95	88	125
152	123	177	140	80	130
128	54	29	50	55	77
176	194	90	128	82	124
99	140	179	111	120	126
131	114	122	100	116	81
58	113	49	21	120	186
49	69	125	101	121	51
66	25	144	198	51	108
111	162	182	23	175	88
195	169	36	167	158	120
78	112	76	183	155	120
75	179	198	100	29	119
87	89	127	116	29	98
35	64	125	88	176	76
165	63	101	98	24	180
185	74	86	35	138	130
53	176	120	47	135	64
79	68	56	75	128	190
200	45	197	117	36	25
60	161	197	192	77	85
72	146	86	175	139	99
90	163	49	186	127	72
181	32	75	134	92	78
96	54	70	96	195	196
134	149	117	116	28	60
110	105	27	31	107	76
115	50	24	125	91	197
51	29	50	125	163	181
124	44	54	58	166	158
69	149	73	171	75	154
26	191	172	97	57	125
163	40	113	29	73	175
100	164	117	142	160	153
181	136	86	176	70	131
61	156	41	43	36	46
61	114	72	75	63	98
80	53	129	120	21	192
64	45	60	79	83	129
35	83	72	160	36	107
27	187	68	35	95	27
68	24	90	56	70	124
83	97	174	80	28	167
25	132	143	169	76	163
171	141	131	61	24	34
122	45	76	47	61	141
112	104	119	63	151	77
65	32	62	160	54	116
38	185	196	143	30	78
186	199	33	108	181	24
117	36	71	178	120	86
31	116	110	104	47	76
108	163	62	98	117	66
169	73	116	131	127	118
100	125	164	143	137	34
125	144	77	195	171	90
28	54	94	46	131	44
36	190	184	85	66	33
111	139	107	113	62	142
68	28	86	122	152	53
67	78	171	23	123	27
81	34	119	38	89	100
195	200	158	139	124	32
87	38	197	185	96	36
200	154	116	77	125	45
200	195	128	134	164	86
195	160	163	191	191	63
36	60	74	24	134	96
195	139	165	50	119	34
166	77	139	47	67	105
181	56	159	166	128	193
120	199	82	93	42	30
76	55	149	190	169	158
175	188	101	36	29	159
33	198	72	39	110	174
59	70	117	101	98	36
196	200	65	61	160	161
51	84	130	125	106	173
77	83	159	50	185	24
196	94	74	63	187	184
121	148	118	194	74	96
76	46	35	101	191	106
119	84	128	84	165	130
89	71	191	131	155	154
138	97	151	180	30	167
134	131	145	170	98	159
32	91	148	98	134	72
44	66	63	140	111	157
63	34	23	70	129	126
145	98	190	67	188	63
158	89	130	116	88	111
168	76	85	89	31	26
30	83	108	93	190	90
48	91	51	58	75	81
108	105	53	72	180	148
62	49	108	59	96	188
50	175	106	43	139	135
143	135	71	176	138	49
108	165	184	186	189	63
149	97	31	153	42	141
57	112	40	151	182	90
65	126	47	109	154	189
123	197	192	37	76	134
149	173	172	184	134	156
183	167	166	59	49	31
198	25	151	95	24	138
41	168	172	81	145	23
75	200	150	181	154	68
174	62	37	59	156	95
125	198	34	159	105	21
91	70	196	96	51	187
127	179	57	164	58	93
38	47	192	176	151	109
176	172	168	102	166	59
173	90	84	91	115	124
162	61	188	177	57	39
26	30	134	125	47	151
165	72	151	161	52	89
77	78	169	73	158	101
186	168	144	173	82	190
109	200	138	31	41	47
96	132	138	196	126	190
35	113	96	76	73	183
192	189	119	140	36	137
43	44	50	67	94	150
37	82	126	41	90	170
122	175	129	182	112	174
42	179	78	36	77	34
184	129	151	112	108	28
164	122	144	173	46	58
41	176	164	168	72	182
22	84	45	150	196	27
200	174	35	188	62	153
148	63	191	77	191	28
135	50	171	174	119	57
78	102	24	108	148	112
181	128	107	37	22	119
146	187	84	75	54	67
185	137	58	156	44	33
35	61	87	34	76	79
52	37	28	186	73	107
145	190	170	24	120	128
25	84	29	146	110	68
76	92	150	143	192	155
90	188	117	128	142	117
33	188	25	183	84	130
197	78	168	76	188	127
145	152	45	88	86	172
92	149	177	150	166	25
162	176	100	115	97	161
26	154	47	48	89	22
55	157	42	174	189	193
29	107	146	34	86	192
49	83	113	24	143	177
73	75	187	70	27	163
39	80	54	43	86	129
94	33	59	149	139	40
151	145	46	55	71	40
156	34	154	93	54	156
144	54	148	104	37	79
194	198	92	132	132	25
94	81	181	78	182	28
150	121	181	125	100	136
126	176	190	176	104	122
73	50	159	144	56	93
78	105	46	129	87	121
162	185	115	114	145	60
37	58	27	21	55	182
42	136	172	78	76	195
142	197	51	28	32	85
87	30	103	155	188	118
149	160	98	189	114	34
61	117	70	76	22	67
106	144	107	106	138	39
177	143	95	33	39	103
47	124	65	168	189	159
33	172	143	155	35	54
38	186	176	39	101	107
167	183	71	174	64	190
73	131	63	171	142	185
34	194	64	25	65	31
63	109	89	150	43	71
119	46	78	129	72	160
25	133	54	135	66	42
71	135	95	196	88	86
94	122	161	91	150	107
22	69	22	95	82	97
151	27	111	142	154	119
159	96	66	153	22	172
132	157	98	120	88	97
49	156	113	39	145	170
71	87	68	102	94	75
164	200	153	173	107	77
21	67	147	96	149	25
104	32	168	173	162	24
72	164	98	67	199	111
142	130	163	69	68	171
79	67	29	40	133	59
140	34	99	188	159	27
137	85	79	186	64	199
185	170	186	153	170	138
40	159	129	61	137	185
61	118	167	164	192	56
154	164	48	56	73	164
21	145	61	188	100	89
105	131	48	37	172	122
97	49	140	145	169	51
135	125	145	126	133	24
83	198	178	105	180	83
139	72	174	123	22	87
50	71	174	136	124	86
121	91	26	139	189	89
84	158	82	186	28	104
173	163	53	199	88	177
197	198	23	81	43	30
73	192	80	59	179	54
95	86	63	120	191	23
153	100	165	104	51	88
73	181	165	86	30	139
74	169	22	28	166	159
114	121	85	143	29	27
87	135	32	61	102	79
75	70	128	128	174	164
47	130	154	86	151	132
37	99	30	184	159	79
140	36	121	172	194	72
122	88	83	109	156	140
193	117	31	25	159	37
148	29	67	66	55	191
35	121	79	104	166	168
68	37	55	193	113	58
46	33	188	121	159	139
135	104	163	55	57	40
145	49	175	105	95	141
78	96	145	182	152	89
67	48	126	151	194	75
35	199	50	96	96	55
147	178	24	192	106	152
45	168	64	49	163	86
200	177	149	172	197	177
36	150	92	117	161	115
200	22	59	29	156	179
172	156	87	73	32	49
158	36	78	72	137	99
193	151	160	56	104	167
194	97	28	185	125	165
57	180	67	159	126	22
96	115	61	172	22	92
84	60	194	103	30	34
185	110	177	80	56	131
73	131	66	43	92	66
70	110	136	96	134	173
107	129	138	144	169	113
125	59	181	198	149	154
183	38	191	24	133	93
135	81	41	188	81	186
162	141	190	133	93	162
81	194	61	126	186	181
36	43	195	37	129	180
75	190	26	39	74	85
72	72	91	103	195	118
186	45	181	131	179	197
174	185	67	68	94	157
184	155	192	105	42	116
196	130	73	178	40	62
76	195	79	178	156	135
53	78	27	186	119	160
141	43	49	159	148	30
74	31	118	142	34	40
61	126	142	42	91	114
123	154	92	72	143	196
197	63	80	118	61	58
155	198	198	71	157	56
146	51	116	170	47	180
105	95	159	89	127	127
23	42	86	185	51	129
73	166	176	25	106	150
194	60	65	137	134	142
182	59	154	28	89	34
95	192	55	79	90	96
77	165	123	182	84	31
154	167	147	194	44	143
63	170	155	131	67	48
129	197	184	83	42	119
77	49	187	190	27	75
146	65	83	127	144	187
65	131	104	57	181	115
100	195	38	147	169	162
183	34	70	159	160	51
30	172	85	140	194	173
93	62	119	84	198	97
40	83	24	45	121	42
182	133	146	192	76	73
55	128	154	64	54	168
106	110	99	187	138	177
52	54	173	180	112	85
139	45	99	163	149	166
169	101	180	105	153	34
46	101	131	64	154	57
156	127	101	112	32	186
182	54	67	23	132	61
184	54	130	68	177	133
113	87	161	57	150	88
142	121	22	155	153	159
162	114	194	164	182	186
137	159	165	167	175	118
130	158	128	168	52	113
142	68	180	79	22	128
63	36	104	88	92	200
162	76	107	193	142	31
109	28	32	132	144	88
145	52	21	180	79	51
27	55	51	185	136	159
57	113	104	180	33	46
48	134	68	122	157	110
38	68	151	41	143	43
143	47	198	186	197	88
96	93	161	57	189	25
171	185	92	39	91	144
89	115	172	166	118	200
197	200	156	161	183	31
191	164	81	186	200	36
126	50	165	82	175	151
176	50	134	194	69	86
42	142	191	162	77	175
148	32	118	38	126	186
89	113	61	22	134	33
151	33	21	97	65	175
35	162	143	120	134	184
23	102	184	51	32	26
105	111	180	85	64	84
162	121	121	115	101	33
175	133	199	112	159	109
114	162	69	108	66	163
58	34	90	200	57	65
46	117	99	113	120	162
76	27	40	91	44	50
53	197	159	148	143	70
66	29	47	135	66	105
50	172	144	177	116	70
133	142	189	97	42	127
63	104	100	181	67	22
34	90	116	126	162	195
78	89	131	124	118	39
154	170	136	52	23	168
118	68	179	150	138	107
22	184	37	130	151	27
49	64	60	62	46	76
144	38	109	76	77	87
116	52	124	97	73	155
97	30	104	35	191	57
54	40	141	180	92	115
110	90	110	65	180	25
31	56	143	62	147	74
36	73	109	135	73	96
192	24	173	30	153	62
133	55	64	182	164	161
155	138	99	118	191	47
145	174	156	44	116	166
127	102	83	189	149	45
71	181	199	124	161	179
23	125	189	123	155	38
131	183	139	159	144	85
22	159	29	187	142	135
168	171	57	200	155	62
123	116	113	98	80	80
30	124	105	169	63	46
68	75	156	178	114	126
117	34	128	163	131	153
52	49	128	24	26	43
71	40	162	169	37	63
181	149	91	194	31	124
125	171	179	22	131	172
42	55	182	156	161	185
153	162	159	96	88	29
40	52	195	40	91	28
166	125	113	29	145	97
126	144	156	70	177	55
125	84	144	189	104	70
40	200	48	160	76	106
22	152	196	154	42	104
91	65	28	169	47	155
28	189	121	57	113	123
199	187	118	174	30	156
159	141	72	44	44	166
113	181	166	156	140	148
195	81	39	86	133	117
98	87	87	181	192	37
104	151	42	51	28	78
111	141	195	65	71	109
45	151	185	21	76	181
198	115	33	97	123	131
80	149	200	44	102	56
95	135	77	144	27	69
187	68	192	138	31	34
76	85	122	59	44	177
200	146	54	126	53	150
89	108	60	69	123	65
104	167	180	99	176	187
86	142	62	25	86	133
196	184	27	46	64	163
21	144	100	41	129	64
181	87	147	122	107	53
196	182	118	50	176	68
75	71	162	160	102	122
70	66	135	39	67	63
94	86	35	176	159	45
74	67	42	197	71	55
64	31	107	154	147	141
90	128	65	131	36	189
150	189	123	191	113	199
186	115	62	151	100	116
102	179	28	179	94	57
196	98	166	110	132	69
33	189	172	164	30	180
142	107	32	169	105	147
151	30	65	112	97	114
80	159	77	197	22	129
22	165	87	119	135	196
61	104	62	185	132	184
51	42	69	176	46	121
156	35	94	117	59	36
57	60	155	176	138	178
82	124	166	116	113	54
164	151	152	88	120	133
78	114	146	168	85	24
56	86	83	180	177	21
173	152	78	33	21	112
22	174	88	45	120	175
32	122	37	39	60	42
167	141	108	171	128	81
146	185	79	96	85	28
55	124	148	67	77	184
46	69	171	121	122	153
162	152	60	72	170	135
66	48	197	199	61	144
30	73	80	184	30	104
183	79	194	109	152	161
154	59	125	106	104	167
151	200	140	182	66	86
28	102	46	27	153	190
187	127	64	57	107	47
134	195	85	173	96	174
192	23	77	113	188	125
167	199	150	23	199	30
97	102	39	145	34	116
113	85	40	126	34	148
136	185	98	127	25	144
156	183	79	165	58	41
86	65	23	179	63	75
48	119	176	141	141	103
21	27	188	90	68	103
77	90	195	32	156	115
132	167	100	56	164	42
188	80	132	151	123	76
163	53	76	188	29	50
78	84	59	129	31	70
145	189	113	47	61	118
151	41	68	28	119	170
173	185	95	185	119	51
172	116	96	129	43	37
63	101	133	48	120	47
114	47	115	91	71	35
178	107	79	37	140	26
166	192	166	188	172	25
85	92	174	34	30	59
190	172	70	126	126	93
198	185	24	32	121	58
193	194	71	25	45	166
108	66	133	174	54	155
113	27	119	111	168	70
153	91	107	130	136	133
176	115	147	55	183	182
156	78	76	122	179	163
103	36	167	145	55	66
23	127	74	131	154	141
142	86	125	143	195	156
77	76	41	69	87	89
48	156	28	130	133	47
115	147	44	83	39	97
78	49	54	158	37	42
45	66	46	80	24	186
110	124	75	190	46	148
93	43	79	180	168	104
57	59	72	65	179	140
189	195	23	143	28	122
162	46	100	158	128	160
165	49	90	55	41	39
193	51	102	182	160	115
45	98	92	47	197	70
187	185	42	146	158	58
26	46	117	84	172	159
143	161	197	77	133	99
93	150	162	187	125	132
35	148	79	37	23	174
63	170	156	47	124	56
185	122	162	169	76	92
61	24	144	47	48	29
146	26	163	143	68	173
163	191	24	83	148	186
73	64	153	155	109	61
180	79	108	68	118	115
73	143	131	69	26	192
188	133	112	122	116	162
28	155	87	142	197	126
174	83	142	153	57	157
28	61	94	70	100	121
181	22	148	154	100	100
104	154	167	121	184	136
165	132	47	76	80	61
133	105	133	133	37	124
184	97	89	179	42	89
26	173	190	109	55	69
97	56	179	59	176	158
180	37	156	35	26	69
39	65	163	114	169	190
151	123	121	132	78	158
121	136	77	21	92	137
117	101	172	155	159	86
54	125	134	196	100	130
76	109	174	60	63	117
22	145	130	102	23	29
164	21	122	50	85	118
50	133	65	175	54	197
77	78	141	184	91	170
124	162	192	143	180	41
25	65	117	150	198	190
187	56	180	31	66	75
58	109	96	61	175	171
191	66	193	82	53	101
96	39	178	75	107	184
108	38	181	184	120	152
62	145	45	98	69	137
53	127	198	135	80	111
139	103	167	185	98	25
107	89	112	28	82	159
89	77	139	189	104	28
199	27	115	37	193	77
81	46	163	53	176	196
60	130	160	29	188	150
43	126	165	155	98	37
31	93	60	159	126	135
99	46	65	188	161	109
68	36	169	74	102	33
187	178	71	148	40	160
35	135	76	162	78	31
183	21	106	96	35	162
149	117	118	47	134	91
199	46	156	111	55	129
70	151	194	44	175	82
48	76	35	114	67	185
142	71	90	64	140	147
157	66	156	85	166	87
116	168	42	174	130	82
159	80	30	153	162	82
131	27	127	130	36	24
138	120	148	194	62	129
96	35	173	26	119	67
73	166	89	91	157	191
89	165	36	195	157	25
97	126	50	164	135	28
54	38	61	52	147	155
56	158	114	107	61	28
160	184	83	175	140	80
199	187	189	104	169	108
124	21	122	115	62	40
166	37	186	42	162	95
107	110	144	25	153	105
60	159	21	181	52	62
77	125	171	149	104	55
23	31	137	177	180	144
91	55	165	148	128	133
180	51	198	55	135	116
164	126	85	165	86	161
169	149	111	74	146	109
55	52	81	21	160	74
124	119	172	97	55	106
154	88	109	97	104	179
95	92	97	139	95	95
48	29	172	98	101	109
148	178	28	23	121	88
182	73	180	175	61	129
146	200	116	199	169	49
100	124	145	154	135	112
76	142	59	25	36	57
107	29	185	108	43	94
194	198	155	30	158	25
83	48	178	161	174	107
86	88	46	109	45	54
183	81	153	141	106	73
150	142	143	160	28	143
35	170	141	71	89	175
111	83	142	160	43	183
119	109	198	63	42	180
83	46	146	160	97	58
178	40	131	72	57	91
92	61	159	27	56	126
83	148	24	23	162	158
174	195	108	152	146	118
186	73	28	179	130	39
122	147	119	22	48	93
49	75	44	186	83	96
176	143	144	134	93	186
173	181	107	22	165	69
26	151	99	141	64	163
185	187	157	60	88	160
46	124	143	38	49	160
173	124	158	197	127	65
32	107	140	99	31	27
94	96	73	188	141	110
89	195	100	194	106	80
176	177	119	55	36	137
52	187	135	118	36	99
187	91	45	108	183	192
88	40	47	37	194	132
58	63	91	98	76	147
191	150	140	160	190	91
71	96	76	113	59	134
193	114	159	112	88	144
121	96	24	40	49	73
161	154	68	169	73	133
166	167	160	91	120	183
71	188	153	113	147	98
59	74	152	22	37	74
170	115	170	21	133	200
197	174	112	172	27	185
156	159	32	178	169	25
199	151	35	75	42	114
31	196	178	115	51	180
190	32	104	101	50	53
164	193	73	185	115	28
180	119	138	95	115	37
23	72	64	116	75	168
145	65	178	49	168	131
59	161	96	133	137	164
30	41	155	37	77	175
194	88	120	176	61	198
99	54	199	21	69	89
131	22	34	57	32	131
74	131	53	67	136	175
87	32	185	179	108	80
106	52	62	35	164	196
162	87	126	143	190	172
200	62	146	36	190	66
97	167	54	150	115	154
124	165	145	136	109	139
85	107	186	27	190	94
179	89	182	160	151	152
32	28	94	26	38	32
110	81	148	195	59	43
86	150	193	180	26	50
59	26	62	167	195	55
30	84	87	181	119	131
129	31	153	57	190	82
121	147	97	152	197	34
43	186	199	110	136	181
186	141	54	125	36	110
122	47	185	86	48	91
127	184	71	106	173	31
149	85	39	33	40	45
23	57	190	119	174	34
126	193	46	60	174	77
53	193	41	78	65	28
114	171	191	55	41	51
191	113	62	70	117	132
29	88	182	23	37	156
26	93	51	182	26	103
46	131	155	188	165	96
179	192	72	112	143	121
29	168	177	49	36	56
95	30	95	138	80	113
163	58	72	121	47	150
56	138	26	159	134	133
107	118	152	133	129	23
106	105	161	143	189	180
42	132	37	135	71	76
92	140	115	178	119	105
114	55	62	65	83	77
100	49	142	185	116	188
36	41	128	161	28	60
21	120	151	134	131	36
97	164	130	167	104	77
28	82	164	111	144	175
47	166	65	79	160	129
42	131	74	189	31	31
131	43	95	139	80	61
136	74	144	98	100	108
161	62	176	29	125	104
127	159	143	68	104	59
23	161	86	152	143	186
137	59	100	157	163	111
49	129	57	120	38	41
43	103	167	35	174	192
165	134	161	167	139	182
39	79	170	67	85	144
139	198	161	157	48	164
74	65	176	70	76	181
35	49	136	182	61	21
23	165	131	136	117	173
200	55	193	63	119	169
68	44	178	32	165	61
145	102	58	155	192	59
100	145	173	190	142	140
118	174	189	115	75	116
115	161	91	126	48	200
124	81	58	76	23	126
123	157	155	157	145	155
63	48	147	85	188	49
27	117	191	70	28	85
135	72	51	89	162	75
187	165	190	129	174	156
83	107	137	56	166	141
95	46	129	68	178	116
139	136	25	64	122	103
174	149	76	127	193	96
105	188	123	78	136	132
177	160	49	130	173	34
196	33	66	159	92	140
141	183	123	46	131	150
90	152	54	144	165	200
104	66	189	88	169	44
168	33	30	31	143	188
48	46	135	66	78	161
127	44	61	185	156	22
123	72	48	75	150	188
131	156	112	108	195	166
88	180	104	119	51	136
42	137	51	170	144	24
192	80	43	29	64	82
140	140	120	21	195	158
107	135	90	181	38	126
136	75	46	171	34	143
104	80	87	159	163	94
94	117	114	112	65	100
40	129	99	95	114	31
188	23	125	80	35	104
177	120	154	58	115	105
120	66	48	70	68	100
192	108	104	83	36	72
80	187	114	150	144	156
160	166	165	173	97	136
115	131	181	180	83	124
173	58	43	166	55	161
63	32	67	168	136	94
87	90	150	141	189	187
114	102	148	115	92	134
177	47	191	51	61	190
89	53	145	92	200	187
193	42	194	198	143	21
33	146	170	80	196	69
98	145	181	68	32	26
108	93	120	120	58	71
190	135	138	188	85	168
131	199	200	21	52	144
198	141	79	29	27	126
27	69	71	102	115	125
71	83	94	94	189	130
53	142	175	122	23	42
73	168	117	76	105	133
100	174	121	190	74	117
146	102	96	90	99	139
53	104	177	153	140	166
193	54	197	25	95	106
150	150	74	34	58	40
109	87	110	26	104	139
138	123	54	196	58	163
42	161	197	78	52	51
161	49	182	75	199	121
93	150	184	83	54	154
113	112	71	122	49	118
200	24	173	170	98	60
193	85	27	142	68	190
165	49	190	185	96	187
122	142	187	187	74	30
62	93	95	80	146	30
32	145	118	75	46	141
135	21	37	170	128	195
186	126	101	47	104	25
118	114	84	139	162	139
40	174	74	103	89	163
197	36	188	161	47	116
166	153	43	87	136	160
42	143	47	176	74	94
155	109	69	109	90	102
88	31	41	107	56	151
82	32	144	139	160	180
179	81	141	116	115	184
35	141	158	154	120	135
89	131	64	143	132	80
111	172	155	25	63	63
192	174	194	61	28	24
143	78	101	135	118	194
76	68	185	162	149	80
126	27	44	84	158	191
78	96	99	189	129	50
87	79	22	180	162	63
149	184	191	62	120	143
108	21	48	108	121	65
91	189	53	39	62	40
81	41	50	123	112	133
189	195	192	115	181	32
79	175	80	101	69	182
107	104	84	29	54	199
47	61	59	132	136	119
32	158	154	127	103	157
188	164	41	182	121	22
188	189	152	108	66	133
142	63	139	176	41	156
135	79	145	144	182	133
42	94	56	119	188	173
89	182	186	71	157	38
152	171	84	144	94	125
162	37	178	157	21	115
129	98	74	30	116	131
183	150	73	85	104	99
79	101	173	148	103	192
140	145	196	149	96	107
185	140	67	86	189	32
92	144	156	149	67	181
123	151	99	69	153	51
103	192	176	47	187	77
109	182	186	141	97	129
162	57	112	22	97	164
159	57	73	31	36	182
111	24	190	48	167	130
42	121	89	67	160	75
99	178	179	171	35	86
169	137	70	190	170	107
59	142	193	97	177	200
85	109	73	175	135	64
24	132	168	200	196	115
55	174	162	95	27	183
102	92	67	135	90	157
115	72	131	141	100	64
50	182	198	54	95	97
125	153	150	162	150	24
53	30	159	146	45	79
175	185	90	94	183	168
132	35	97	147	89	138
188	21	34	61	120	113
68	151	25	114	97	124
106	125	134	60	162	59
29	190	72	103	73	181
26	27	83	75	96	191
110	21	183	86	119	59
148	78	41	76	154	115
174	199	59	48	85	167
180	137	93	169	184	146
114	137	194	144	145	80
200	88	179	131	190	113
31	51	177	194	161	73
45	126	113	86	111	196
28	50	152	68	146	104
64	187	70	119	30	196
141	82	126	88	162	137
79	137	32	76	121	124
147	195	180	155	94	141
150	90	151	154	159	157
176	165	66	38	118	90
73	163	163	84	114	74
186	169	165	25	68	56
136	93	29	138	65	182
35	126	119	146	59	72
169	170	33	170	63	79
42	157	93	23	39	154
80	59	121	39	198	163
178	162	69	178	173	158
42	113	162	163	150	134
90	31	186	84	151	143
89	123	97	92	137	70
187	156	87	169	94	200
174	101	181	108	177	146
70	107	185	91	126	70
142	104	179	194	163	25
157	31	171	150	70	87
148	58	199	66	85	64
72	140	136	185	195	169
142	53	98	58	77	137
183	44	104	179	21	83
61	76	110	123	120	100
162	36	162	47	101	161
120	33	85	85	98	113
124	45	81	119	140	44
34	162	188	83	59	187
24	111	136	175	134	162
41	141	64	146	169	182
82	49	90	48	66	133
116	92	87	148	111	143
105	79	27	195	189	195
193	173	43	142	169	51
85	152	89	184	50	109
57	111	112	127	127	26
51	106	56	179	110	30
162	187	88	67	196	115
120	191	200	94	101	164
29	194	57	49	175	77
154	119	52	140	60	40
41	145	194	137	97	48
101	77	141	109	98	157
184	133	58	183	157	182
192	34	113	22	195	148
81	147	137	195	155	186
191	121	139	134	72	124
140	111	128	84	28	149
131	88	22	160	161	88
101	143	144	62	81	139
95	52	48	107	178	174
137	183	62	197	80	23
157	108	107	78	152	143
112	135	47	168	107	165
56	109	115	136	138	127
45	84	114	179	57	26
155	159	164	149	145	156
50	200	104	170	24	177
184	113	91	195	78	115
58	115	124	87	175	176
163	154	54	47	124	178
101	138	176	145	31	140
35	94	131	99	43	193
110	91	69	115	78	142
101	104	103	38	179	91
27	199	146	159	43	179
88	196	198	33	162	69
169	74	190	157	108	75
148	48	101	192	179	80
22	79	28	47	169	100
162	25	194	186	142	131
184	119	164	31	147	84
96	129	196	33	67	36
68	126	177	58	93	50
22	45	63	60	83	95
194	45	143	66	170	192
99	140	127	38	84	90
53	130	90	174	115	183
170	199	121	174	79	187
166	134	34	197	180	156
24	43	182	138	28	93
48	116	33	191	156	29
167	190	102	39	35	66
45	63	162	190	146	88
161	119	40	184	176	113
41	158	125	108	147	189
156	62	67	198	166	129
29	100	58	174	115	99
170	104	166	146	77	130
168	172	117	118	197	200
168	164	99	118	119	169
185	160	125	77	156	144
69	51	45	94	168	132
143	121	145	107	197	43
175	95	93	192	86	25
130	152	39	83	82	52
190	141	96	193	96	45
96	178	48	128	123	187
142	118	101	184	27	50
116	35	47	126	45	173
48	35	92	149	71	92
149	129	96	97	180	158
49	51	193	182	56	103
112	188	92	166	76	59
30	154	181	96	195	200
47	133	156	164	95	160
72	95	69	133	133	80
56	90	164	67	124	44
34	76	192	63	54	60
35	97	162	123	53	157
164	42	157	25	80	109
81	166	183	138	40	37
139	166	154	145	94	97
133	114	180	101	87	110
175	108	54	188	75	55
75	91	178	179	65	142
172	140	108	172	187	64
60	170	43	181	85	148
112	189	76	131	151	174
107	147	30	194	190	158
173	36	64	133	29	167
88	61	37	144	48	46
174	106	42	182	110	54
167	176	117	41	143	59
144	171	148	105	127	67
144	93	97	151	190	171
164	58	94	86	159	83
185	131	104	173	95	76
78	163	60	149	132	74
32	52	37	186	120	24
64	70	25	27	104	194
89	114	93	57	115	110
139	130	130	74	86	125
105	93	164	144	51	179
30	85	100	178	163	52
58	137	39	77	194	59
158	84	194	72	103	138
154	91	23	102	169	108
85	82	113	118	178	124
104	154	71	61	34	35
155	67	83	106	25	36
126	147	132	33	122	60
77	54	109	52	81	49
175	172	31	146	131	200
102	133	170	105	140	34
68	47	180	104	127	131
113	30	183	169	185	94
146	108	191	142	107	164
168	169	138	86	73	175
59	120	60	115	143	178
93	109	122	161	108	90
169	93	147	158	84	126
65	194	151	177	21	40
65	46	34	154	138	175
112	162	113	95	174	40
163	48	170	52	189	169
162	115	117	83	141	85
25	112	59	26	51	190
132	46	140	59	81	82
72	41	52	198	88	155
50	174	199	93	161	139
133	170	57	113	29	99
157	148	98	170	39	133
174	170	190	38	142	35
87	110	156	117	96	70
189	111	152	76	129	189
80	91	155	165	175	188
24	102	179	51	60	143
138	114	87	43	175	154
108	124	82	34	55	164
158	185	162	135	107	86
68	24	148	53	101	147
58	189	156	87	99	46
110	114	34	104	181	59
136	39	126	77	130	168
125	33	89	150	48	157
50	38	25	172	48	171
56	67	77	196	180	58
190	77	155	30	135	126
166	121	41	96	131	53
75	159	160	50	98	93
28	192	108	171	87	60
86	193	187	76	115	23
170	199	136	113	89	147
173	132	91	23	71	169
106	59	63	141	96	192
102	67	186	109	30	140
97	34	177	135	123	146
186	62	110	160	22	21
165	51	76	78	60	173
163	173	61	42	142	22
55	126	170	39	78	117
93	157	73	42	112	91
149	141	27	84	77	46
50	114	92	123	142	97
50	148	30	75	163	115
113	50	191	37	111	192
124	129	77	28	102	175
33	37	122	164	119	56
66	48	141	105	158	28
116	125	62	184	42	199
81	165	25	47	76	111
107	65	181	97	118	98
48	144	88	50	187	29
115	63	90	106	141	66
82	121	136	100	112	178
170	169	127	155	131	84
95	110	62	118	191	121
52	140	187	95	147	77
145	188	132	198	55	36
141	60	161	50	103	82
191	43	163	132	186	164
138	168	161	163	186	121
190	68	164	197	49	125
47	137	198	169	121	68
27	92	187	129	87	126
138	46	88	133	124	58
118	157	112	96	185	112
160	45	162	130	21	88
141	120	63	117	42	139
173	112	136	117	184	71
29	181	150	157	174	199
68	160	198	170	81	97
89	115	136	37	123	195
55	179	72	196	88	28
154	150	178	193	154	93
68	170	26	130	28	170
180	138	114	153	186	118
111	118	32	53	30	183
194	165	46	22	82	68
25	30	44	153	128	83
45	38	109	198	150	172
38	173	104	87	120	197
121	145	88	51	166	41
72	120	176	122	44	89
198	199	125	163	173	199
171	27	72	97	166	104
102	128	156	40	147	59
171	163	103	92	148	74
185	94	159	167	140	76
157	109	130	127	78	66
194	55	199	52	157	101
41	141	38	137	176	194
46	83	76	134	161	30
148	31	58	41	128	115
91	124	47	86	148	191
91	71	133	59	44	124
151	26	121	90	197	140
24	112	184	154	109	168
192	126	161	115	109	173
159	138	104	64	159	131
108	117	90	35	128	143
162	35	166	196	199	130
195	73	115	169	58	161
188	79	98	32	136	114
58	127	120	72	24	29
35	98	57	90	64	95
74	119	148	175	118	182
64	151	54	66	81	73
132	118	118	76	92	40
177	164	145	168	154	182
194	161	124	107	156	135
111	177	181	53	145	193
147	138	71	33	109	171
75	151	139	110	30	42
129	132	24	156	57	159
137	195	22	29	185	141
186	75	131	140	165	142
59	75	99	140	195	62
164	153	30	133	113	100
39	167	135	69	140	101
80	123	190	50	137	90
47	34	86	60	177	74
105	133	68	123	124	147
101	139	198	187	33	111
68	55	154	111	102	191
182	135	55	26	57	23
99	148	52	149	167	156
145	58	121	147	83	142
180	136	150	120	121	89
48	196	97	176	126	151
110	38	144	174	45	87
192	180	148	101	103	189
194	175	38	56	64	93
21	142	107	112	93	34
183	112	55	185	123	68
36	25	193	131	187	121
42	161	113	173	50	124
144	132	95	184	128	116
138	46	188	73	51	108
82	69	160	175	27	43
75	87	22	112	192	163
127	196	75	160	198	196
108	74	132	57	87	100
61	116	168	136	109	119
131	130	125	26	177	135
103	165	118	151	171	131
34	199	30	177	185	107
87	68	27	34	71	59
158	145	91	107	74	159
140	185	36	127	136	157
139	55	78	50	23	24
58	150	150	145	128	53
84	26	122	88	42	29
46	79	142	86	76	47
32	97	75	192	159	63
103	200	62	106	116	67
169	95	129	40	68	195
126	176	138	188	133	122
112	72	79	54	25	164
171	194	137	200	102	131
70	32	110	95	64	38
199	117	186	22	23	97
158	59	151	192	27	21
87	166	184	149	91	138
24	168	187	97	154	117
145	168	114	187	135	168
58	191	40	75	23	90
198	92	139	73	163	138
35	107	78	148	24	130
48	81	126	170	199	94
69	121	173	170	111	46
119	116	147	114	58	193
150	121	149	64	65	40
150	75	34	110	67	182
94	149	104	23	183	47
72	142	139	191	177	169
87	51	140	192	172	172
64	91	149	196	137	139
116	46	130	101	47	43
49	42	54	30	62	62
92	133	47	194	29	179
102	117	62	94	54	150
51	184	151	48	44	56
137	34	200	88	169	78
88	154	134	51	191	135
163	22	183	85	173	67
78	186	39	123	128	140
43	107	61	38	124	74
24	147	145	63	102	102
137	22	36	66	56	165
177	146	111	99	97	127
171	141	168	36	85	98
79	132	140	158	72	111
69	59	77	34	72	133
130	117	108	142	173	136
111	148	42	165	168	131
152	58	58	100	173	145
176	111	105	138	170	148
140	199	85	25	89	162
146	53	131	78	184	158
104	117	106	85	144	129
165	196	67	45	135	115
169	98	21	168	176	22
180	178	194	197	176	22
155	29	164	115	128	149
60	130	106	178	83	199
173	163	64	32	100	98
180	22	100	126	60	56
83	71	34	193	190	147
60	190	132	39	200	55
102	158	125	135	48	98
141	41	49	146	189	63
111	141	58	123	27	82
153	53	29	82	26	70
60	172	138	64	198	35
37	88	74	103	43	42
30	170	161	194	127	35
21	145	147	122	149	191
49	198	198	138	141	194
123	103	32	164	46	49
24	92	59	180	179	56
137	98	161	164	179	97
134	114	85	74	96	178
194	27	115	159	141	71
130	170	97	26	51	195
194	138	145	155	166	66
94	63	31	64	177	34
191	134	137	200	62	110
52	103	23	88	184	134
158	31	49	190	171	192
144	71	38	47	185	76
113	61	50	57	194	103
64	137	183	58	157	131
73	154	111	163	45	155
135	64	32	133	64	152
193	126	63	168	152	114
153	43	74	103	92	144
94	88	156	146	102	128
190	97	29	44	63	71
148	63	51	137	153	114
122	140	123	177	53	103
104	88	104	94	168	135
116	191	125	166	193	103
117	32	152	176	187	151
74	171	87	53	181	121
160	108	172	40	85	156
65	87	126	130	188	60
45	40	154	129	95	147
83	152	158	105	69	153
46	36	188	129	136	163
196	45	65	30	190	91
156	101	189	122	33	43
61	43	31	35	78	153
169	148	172	110	125	90
95	132	69	62	152	148
173	36	49	96	106	125
83	131	175	48	26	172
37	125	169	167	146	56
85	126	76	68	178	77
167	156	64	72	181	102
198	43	107	68	45	140
171	135	88	72	26	44
164	195	174	79	51	100
161	25	70	76	109	39
43	193	142	147	103	145
105	69	121	90	54	113
195	192	187	181	165	125
120	189	30	134	166	52
55	187	104	159	30	140
190	125	166	116	187	162
101	61	140	191	89	142
161	101	189	89	138	47
65	144	92	81	22	39
50	115	36	32	121	87
143	154	159	52	141	157
98	81	125	145	129	114
181	84	105	105	133	145
87	108	93	49	111	24
65	198	148	181	61	69
124	117	162	185	116	22
110	96	182	54	194	78
77	138	182	124	138	145
158	38	108	79	45	38
166	84	102	86	60	166
73	68	154	196	43	71
145	185	149	65	61	154
62	58	85	30	57	176
69	62	83	57	50	58
184	197	99	125	124	185
99	197	167	94	80	194
164	107	78	122	141	175
135	199	54	136	135	162
134	127	168	34	184	63
187	160	71	69	86	114
46	84	32	87	195	73
157	58	179	66	192	69
102	199	75	92	169	77
114	125	103	134	78	112
175	22	82	121	108	121
184	103	122	185	155	31
95	180	131	130	154	119
67	47	121	62	109	113
157	192	95	189	90	98
111	185	102	135	113	57
58	107	188	195	113	129
54	110	163	192	75	127
112	142	50	61	114	75
151	88	59	134	122	118
90	177	165	54	93	155
140	35	98	124	92	118
103	200	181	174	21	76
121	49	97	74	199	33
73	194	193	42	154	123
75	160	92	173	59	97
61	152	131	149	175	168
83	62	127	102	180	122
31	91	32	130	134	174
123	35	161	36	146	178
44	50	96	102	179	68
141	42	26	198	174	178
167	37	123	164	185	156
88	29	52	115	90	45
30	94	123	108	118	133
74	81	96	26	144	149
103	195	188	37	165	126
133	95	115	196	46	134
141	151	198	27	131	54
188	126	101	93	97	117
194	101	164	167	126	91
116	53	62	64	51	28
109	36	99	199	123	57
87	180	62	115	46	182
54	63	142	170	84	173
75	48	79	173	101	144
170	175	105	57	96	182
194	168	81	105	156	175
116	131	186	115	172	45
148	130	77	95	157	117
116	65	179	87	117	33
36	156	170	165	178	81
148	108	189	92	111	31
43	116	169	139	184	186
197	28	149	69	42	27
85	146	89	113	34	183
196	96	198	87	141	174
183	114	152	100	200	198
177	68	43	190	72	21
123	144	88	111	107	61
193	46	126	132	167	61
40	152	80	131	169	44
69	24	111	156	36	197
145	200	159	178	199	162
47	176	42	180	95	148
39	34	194	42	58	118
191	129	53	38	137	21
37	182	144	61	68	146
86	114	80	170	197	160
90	89	155	156	125	128
44	160	63	182	31	21
30	134	87	106	96	115
190	67	170	187	65	144
93	196	89	143	148	190
79	60	191	190	121	24
88	180	129	142	60	74
147	172	118	68	128	32
117	143	105	100	104	71
98	165	100	191	171	196
27	93	199	136	151	191
31	187	144	180	28	93
103	115	90	64	47	71
141	160	197	31	64	95
58	104	157	106	68	88
86	195	88	159	28	182
50	145	152	126	39	135
94	28	77	43	34	133
46	95	99	158	48	133
57	103	84	74	131	130
96	81	147	28	117	75
126	31	69	44	109	143
146	54	55	70	54	118
124	123	54	95	172	94
177	75	74	193	40	139
195	36	120	50	68	176
58	187	73	133	129	186
63	41	99	136	82	146
70	133	47	135	113	108
196	33	161	103	146	24
168	82	125	126	90	100
34	143	101	62	135	116
91	110	74	45	194	148
107	89	68	69	151	53
149	154	36	35	52	55
61	199	136	187	197	49
43	50	78	159	59	140
55	158	189	38	104	77
138	147	117	22	48	29
196	113	160	116	121	157
105	164	83	109	102	102
74	118	155	183	183	39
89	145	124	188	75	47
180	170	97	166	40	158
55	86	94	199	191	175
135	198	32	25	98	56
103	84	27	197	193	98
24	69	165	179	170	59
157	81	28	59	23	102
23	128	190	143	187	51
190	113	32	114	69	117
106	107	195	142	61	43
107	197	70	142	137	68
69	104	139	53	121	173
82	195	44	26	72	188
26	148	36	131	28	119
32	52	30	76	64	146
149	105	191	169	104	194
69	23	137	105	42	176
50	82	27	121	26	86
154	138	81	191	62	141
188	52	186	103	148	167
51	153	154	76	92	51
192	106	49	137	159	131
193	23	133	93	97	117
79	33	78	141	22	180
139	174	64	54	148	93
167	103	178	161	76	63
46	178	37	140	155	120
92	168	78	23	56	48
112	63	165	106	22	143
199	143	137	125	187	67
145	163	162	197	72	26
164	47	70	122	185	64
177	146	77	128	192	50
182	176	34	100	53	73
198	87	79	68	46	188
169	54	100	80	90	72
121	133	161	28	125	158
33	116	39	92	49	22
72	189	193	40	119	80
165	106	195	193	23	129
83	119	99	46	141	184
82	198	94	59	74	198
168	21	39	131	66	134
145	108	106	167	173	179
26	52	170	143	23	71
110	41	157	137	187	115
62	115	144	34	53	68
183	162	157	120	70	173
85	58	132	120	53	163
184	110	131	194	187	149
200	75	26	60	176	180
62	189	182	58	144	167
100	44	146	173	61	23
54	126	88	154	132	125
130	144	40	181	103	160
137	166	187	198	55	131
58	192	149	97	154	63
110	131	131	107	75	82
50	195	42	170	66	45
120	157	131	82	129	102
173	43	105	163	198	76
199	189	114	35	126	38
41	79	172	163	171	37
82	78	61	94	129	55
79	24	28	186	101	160
37	78	164	97	172	84
29	196	94	48	137	181
188	102	199	108	112	181
148	197	146	156	144	155
136	47	74	52	54	115
179	85	180	29	145	31
80	118	32	152	128	136
198	89	65	56	193	21
97	154	131	153	132	148
190	112	107	84	179	132
149	195	98	52	22	152
70	177	65	148	93	172
102	28	70	31	95	92
126	189	96	192	76	155
50	68	173	51	138	158
50	164	45	108	73	120
187	71	154	135	41	139
181	67	142	21	125	80
173	81	102	45	72	135
37	171	173	68	64	111
76	157	196	95	135	137
28	186	31	188	99	192
86	98	97	81	198	32
187	44	28	34	125	63
121	58	116	143	50	53
110	126	94	102	176	138
31	54	105	192	166	144
114	179	39	141	75	195
169	163	161	39	52	199
163	50	134	91	194	94
111	141	187	165	24	193
158	43	63	162	113	83
26	76	166	21	138	54
67	156	115	168	139	181
72	135	170	59	198	160
143	155	56	158	194	25
31	147	38	29	46	23
100	135	188	62	128	61
100	80	171	58	63	54
193	154	108	133	120	184
42	145	146	69	31	59
30	116	82	49	76	95
106	45	123	166	146	57
51	80	66	107	157	112
171	96	91	139	186	41
52	167	31	167	57	91
99	27	62	139	166	111
166	95	164	108	65	139
151	66	54	184	169	160
199	147	123	26	57	34
43	106	143	66	164	39
73	168	97	55	109	115
139	145	89	50	188	170
162	24	148	97	32	186
57	89	60	185	131	130
71	40	82	171	125	177
91	174	89	101	142	181
158	69	46	54	50	123
155	59	180	135	131	177
81	104	156	93	102	167
37	21	154	80	165	82
135	28	191	184	36	98
101	175	150	95	115	114
114	74	151	181	138	165
21	73	145	144	143	170
78	49	69	161	130	192
150	106	158	144	137	142
128	165	132	139	56	148
150	160	169	23	90	103
54	142	22	122	174	133
85	41	93	48	199	66
112	44	100	42	129	90
83	129	144	91	159	84
51	100	107	159	171	138
37	86	34	99	70	40
105	111	104	108	33	105
41	90	188	105	64	108
146	127	68	141	162	35
96	54	174	181	103	144
85	115	194	83	55	21
55	108	114	26	140	175
129	159	113	180	89	139
133	143	149	170	29	169
130	85	35	191	115	144
172	103	96	110	24	160
36	81	127	27	62	170
166	171	165	141	96	83
177	190	174	82	128	33
30	157	115	156	126	113
114	56	30	186	129	146
60	194	57	129	77	151
59	79	196	188	79	134
159	142	39	132	106	114
65	42	58	176	120	35
82	139	21	96	65	199
196	60	96	161	26	128
91	63	151	62	26	83
26	62	148	175	64	80
114	37	151	121	78	142
179	142	161	25	152	85
177	108	197	179	177	96
87	176	199	138	106	151
187	53	133	139	65	45
49	121	111	100	88	152
73	128	161	59	116	83
130	168	55	36	65	113
46	70	24	34	175	111
170	145	142	163	134	47
107	30	24	71	28	146
21	102	169	108	79	195
70	69	134	74	138	88
26	49	94	41	173	92
152	68	30	65	148	140
57	138	198	42	21	115
117	135	187	154	122	44
82	149	31	44	200	143
110	161	195	54	133	27
92	56	32	107	138	90
59	106	44	131	92	49
184	22	97	174	152	83
86	70	132	37	140	139
90	141	147	161	135	113
181	61	80	100	163	59
76	24	30	70	32	53
153	127	77	23	38	55
42	67	151	96	155	173
76	79	39	77	159	131
157	105	36	50	25	102
33	114	43	146	78	129
132	148	44	187	95	110
160	117	37	92	112	146
124	22	89	27	115	150
32	120	24	170	48	122
44	154	138	185	65	133
32	186	124	116	72	77
63	29	123	90	184	177
152	127	56	70	195	47
124	52	187	124	160	92
129	25	186	49	150	29
112	102	190	116	81	199
57	120	131	123	23	120
145	36	60	190	193	184
114	46	155	37	96	121
29	156	119	145	68	132
122	132	83	33	140	182
44	74	39	91	43	138
127	32	96	187	172	166
153	52	187	107	47	168
133	72	184	50	200	85
90	175	190	49	70	109
107	135	184	21	85	38
28	140	107	165	69	38
57	42	122	104	114	149
81	199	136	84	114	106
185	184	176	21	137	50
150	177	132	176	54	124
170	122	80	50	94	177
66	51	75	104	136	80
40	53	140	133	38	157
44	38	104	144	125	151
84	26	165	65	135	109
87	89	151	92	133	108
172	33	119	192	97	148
149	188	157	22	87	78
74	106	151	26	39	100
37	195	29	162	81	148
68	173	54	157	181	21
116	180	119	159	110	107
106	52	26	80	127	30
56	96	79	99	29	42
146	82	92	148	67	60
40	137	69	174	112	33
83	73	173	189	174	21
102	39	49	165	28	60
26	53	59	53	178	124
110	96	25	147	179	112
163	177	24	161	21	127
125	128	39	174	72	62
142	136	141	110	142	92
137	70	25	79	100	149
80	25	35	23	93	90
60	169	104	38	38	35
101	67	61	31	91	79
178	190	124	118	111	106
156	173	103	59	110	103
94	26	195	83	82	56
76	32	21	65	125	154
127	193	121	73	96	124
118	167	48	49	123	73
147	77	39	96	49	25
164	115	84	134	30	197
119	38	171	107	196	176
49	49	32	137	46	180
119	173	93	195	56	161
128	109	187	112	109	200
97	126	123	102	144	161
150	67	59	79	69	29
125	141	53	146	52	154
65	34	89	166	140	31
158	165	47	88	35	22
66	141	81	198	25	92
199	89	54	118	42	98
136	72	148	49	91	71
143	200	43	102	153	50
77	70	161	54	31	34
195	157	86	152	180	92
180	56	195	179	82	131
184	39	46	169	175	126
86	130	71	25	111	65
158	131	199	172	149	183
175	46	127	28	52	112
35	121	85	133	51	27
93	116	100	30	135	123
48	156	161	41	184	162
131	50	193	85	52	69
132	94	133	123	96	41
151	140	124	183	178	85
163	107	23	184	165	49
187	196	129	181	175	196
192	24	183	36	28	66
52	171	125	104	156	80
112	121	151	169	128	167
30	95	27	49	174	200
56	175	80	86	60	82
104	156	176	125	154	183
152	133	189	109	125	160
110	46	173	136	193	85
56	117	94	162	24	31
26	127	121	192	129	112
197	197	60	71	57	94
178	65	191	98	96	86
141	37	149	161	148	60
56	80	80	39	106	91
129	190	146	179	25	60
188	199	64	117	164	154
58	150	155	33	139	120
167	46	179	193	140	184
32	99	176	131	53	119
46	88	53	35	81	122
184	39	134	50	90	178
129	145	166	140	84	114
187	200	32	53	182	97
96	101	97	162	59	171
167	100	138	80	149	97
152	174	68	30	134	76
22	167	42	89	94	90
176	29	192	160	133	100
168	162	199	132	100	22
23	31	171	98	155	167
110	164	109	162	125	81
73	157	109	138	99	104
180	28	198	146	177	73
147	133	116	134	95	109
53	31	74	189	158	155
186	193	173	27	118	92
150	144	153	78	165	175
94	104	31	66	174	164
113	194	109	130	148	75
48	120	158	31	42	157
37	26	164	172	112	58
115	88	60	173	55	134
80	61	66	171	172	161
54	89	180	49	176	180
158	169	27	193	48	200
120	90	129	47	63	161
156	164	193	180	174	197
22	172	156	37	67	119
80	158	46	55	115	96
90	77	150	200	171	172
124	46	44	107	166	196
94	27	152	40	160	37
30	145	171	100	94	150
36	53	158	79	180	182
86	25	198	80	21	192
51	199	147	130	164	24
170	65	22	176	57	38
87	77	21	190	92	66
41	54	80	57	95	167
34	131	38	166	154	104
59	125	76	129	98	89
24	141	93	200	172	61
46	195	22	144	45	137
193	25	160	159	141	123
62	180	34	67	112	58
58	55	57	76	47	58
146	79	158	124	196	69
184	110	164	148	47	34
119	76	56	106	100	33
38	28	192	159	29	41
44	169	156	53	79	126
50	54	186	127	25	147
46	104	56	186	44	45
44	170	52	169	21	124
93	194	179	137	187	87
162	129	167	94	117	183
120	53	47	42	108	149
146	67	178	175	131	42
188	178	131	21	200	135
96	159	103	98	193	192
69	130	107	82	137	86
54	95	87	164	61	178
47	26	109	138	159	137
169	154	80	108	115	51
191	77	145	58	31	81
100	136	176	190	31	99
82	24	56	58	173	105
159	69	154	135	64	102
85	79	199	155	95	86
88	122	120	90	37	63
191	192	137	150	85	57
38	113	54	57	176	172
60	138	139	135	132	50
34	129	157	161	81	124
170	31	149	82	113	92
181	163	38	93	141	47
120	144	172	38	162	52
79	96	149	118	138	120
142	195	158	83	41	27
135	84	82	134	61	150
24	145	26	200	137	192
110	24	112	41	67	39
47	136	119	81	148	116
58	91	138	102	36	90
83	72	59	94	63	102
60	191	177	38	86	44
82	137	163	106	171	168
91	182	108	53	75	63
151	64	98	173	40	103
102	114	126	119	63	108
166	66	182	146	46	75
126	101	67	130	94	55
55	28	197	44	130	27
199	164	49	127	198	35
42	139	168	33	34	57
167	25	112	81	49	53
89	99	69	138	106	194
194	177	34	161	84	170
60	130	80	22	156	70
164	39	135	130	139	118
166	168	153	152	115	69
190	144	134	170	145	107
192	86	70	182	56	142
90	26	96	142	81	67
158	82	90	139	143	95
134	189	66	43	58	176
140	95	153	167	119	114
76	73	137	125	130	54
50	196	68	98	127	137
96	79	21	109	34	29
131	123	155	166	89	118
128	172	94	128	93	101
38	33	49	148	101	92
53	72	39	130	161	167
118	21	124	46	63	72
144	159	44	114	62	93
23	133	43	111	114	21
140	107	142	130	71	25
171	89	43	184	193	68
190	25	128	38	78	183
184	162	100	146	108	71
128	90	127	200	70	187
56	49	63	179	110	64
145	105	25	164	76	127
191	51	189	111	101	174
40	41	139	136	97	102
181	153	34	89	42	138
192	159	159	193	192	91
162	24	147	130	86	37
151	72	57	120	75	158
76	167	198	23	108	89
109	95	69	69	179	122
34	151	73	55	119	140
70	151	183	114	93	152
47	94	90	81	85	98
44	195	22	67	56	98
22	151	75	193	142	195
145	179	174	80	156	188
53	89	173	35	157	102
179	98	141	120	29	26
45	146	198	92	124	164
115	25	72	125	88	139
179	84	200	180	84	25
102	117	169	45	193	26
134	189	31	63	95	58
144	69	174	179	44	176
88	43	23	139	47	84
144	72	142	141	173	149
129	73	132	160	55	173
187	161	61	115	72	83
116	130	60	43	48	82
71	190	116	175	154	181
48	125	162	62	61	64
200	84	185	165	39	159
130	114	61	94	131	81
138	94	156	57	21	124
193	81	38	57	190	35
41	104	42	124	130	147
98	77	115	144	153	155
177	78	178	113	53	170
31	36	151	68	128	72
121	123	152	84	45	107
97	54	182	29	84	132
92	130	173	114	112	98
99	153	74	62	200	29
127	190	171	130	32	73
118	147	114	134	119	98
81	34	122	190	50	143
156	75	45	26	39	26
164	69	194	146	197	32
168	156	115	63	69	40
75	64	91	82	58	166
194	147	40	49	30	161
104	129	152	189	175	137
131	77	71	160	142	117
96	147	139	24	106	139
89	191	153	192	128	93
145	83	163	69	162	184
154	172	84	193	183	132
70	194	143	175	68	125
196	58	187	51	109	31
71	79	107	130	126	33
115	134	40	156	148	183
42	49	46	196	57	196
139	81	107	46	198	58
108	117	100	126	181	31
175	142	131	58	85	156
163	78	184	156	196	185
200	154	21	24	88	71
169	61	30	163	24	21
87	37	29	88	111	63
98	118	84	85	161	164
114	21	163	64	87	39
94	179	150	175	200	190
91	159	181	84	117	174
99	171	55	143	72	67
145	123	127	192	33	157
73	142	154	178	74	150
199	137	88	81	87	173
39	22	162	131	196	92
176	130	104	42	135	39
121	86	167	48	81	161
147	34	183	50	76	80
34	172	87	82	62	42
103	120	45	191	106	195
25	116	158	56	179	66
193	179	142	66	131	26
77	45	124	28	193	174
79	51	80	101	60	156
121	41	128	122	135	124
34	21	199	168	50	141
195	172	44	104	145	57
86	148	56	124	116	65
106	56	38	144	26	25
50	147	73	175	62	107
147	156	154	139	39	50
155	49	108	164	81	50
113	165	56	75	32	180
46	63	124	106	135	40
173	118	142	172	157	155
42	120	25	196	67	152
158	116	106	154	77	27
174	36	140	190	130	158
167	134	124	21	99	139
165	92	93	74	111	199
78	77	64	40	165	121
149	27	89	161	125	190
109	56	55	192	85	54
165	67	52	104	156	22
144	87	124	200	131	138
175	99	132	54	124	177
51	27	166	72	137	48
26	126	195	32	177	171
128	182	120	37	111	136
182	117	86	100	26	168
36	195	155	144	91	104
78	164	151	50	146	104
177	168	186	35	45	29
116	145	92	82	52	152
143	118	139	141	60	104
77	74	173	193	150	49
196	82	110	106	194	78
92	52	41	119	89	48
151	156	150	27	28	171
128	124	65	198	34	175
117	115	128	68	109	171
116	162	43	91	175	120
74	58	182	75	23	169
156	178	182	178	156	134
67	178	144	35	187	116
114	80	142	53	75	131
163	32	106	101	133	111
135	67	161	49	197	194
41	70	65	78	135	61
197	171	147	74	152	175
31	21	158	139	124	173
124	121	189	134	172	196
136	180	96	64	188	199
110	89	144	150	67	132
150	106	72	58	31	54
46	36	28	144	106	191
127	43	129	182	94	180
108	182	139	94	58	57
143	27	32	155	56	100
84	89	116	129	137	104
174	31	174	35	48	154
85	99	138	151	167	69
43	66	194	68	48	24
153	24	54	34	111	148
24	52	116	77	87	44
104	107	78	183	173	21
132	43	48	143	41	162
94	120	196	74	42	125
29	36	131	172	70	131
138	128	60	196	148	171
38	67	91	97	144	63
170	172	194	140	23	142
179	52	103	42	118	151
40	181	157	151	165	92
109	35	112	105	143	75
192	169	43	108	123	196
86	133	131	75	91	66
49	42	167	33	140	109
84	132	152	172	118	130
176	121	139	106	48	40
199	49	83	26	196	107
148	131	125	69	91	101
164	98	61	162	190	174
129	177	186	24	149	70
121	55	138	54	87	84
48	99	104	96	92	128
57	117	69	160	107	26
21	28	187	129	72	86
92	119	71	88	26	96
70	55	41	113	93	44
33	50	90	139	103	70
69	171	143	104	160	137
110	183	142	161	111	45
183	135	122	170	32	132
84	108	164	26	95	44
119	51	85	34	133	190
184	94	61	76	39	35
41	71	136	145	165	47
159	32	106	54	63	185
110	144	51	160	124	25
69	75	75	102	108	191
135	183	69	112	94	39
194	125	134	108	76	128
130	135	34	45	139	54
48	127	75	200	157	49
184	50	113	158	178	114
137	143	163	186	171	85
191	160	104	187	117	108
161	134	27	114	163	120
142	77	33	188	132	124
150	162	91	29	21	151
57	83	55	72	94	115
123	150	189	24	193	30
29	97	156	68	133	36
30	22	106	127	54	155
52	78	141	144	128	107
153	41	71	132	152	136
27	155	195	166	78	107
171	138	157	148	56	180
129	29	176	165	32	123
107	95	110	98	130	159
87	138	97	21	132	147
161	81	106	83	106	68
192	119	41	118	121	31
48	41	134	155	36	176
104	117	37	76	57	118
174	176	42	81	88	89
109	155	117	61	159	98
182	185	154	45	25	107
181	183	37	200	195	74
147	173	144	68	113	88
144	84	112	144	147	61
102	113	32	135	102	116
73	152	122	54	109	79
51	102	173	50	171	104
115	162	79	37	21	186
152	92	87	101	64	35
45	155	141	187	173	142
175	111	40	155	153	83
183	26	174	70	89	67
35	116	26	196	111	73
57	125	120	199	183	191
189	162	199	138	69	131
49	28	100	83	144	64
41	90	52	86	30	132
125	171	141	104	99	122
144	149	193	59	186	71
93	184	159	56	119	196
54	138	190	91	185	36
52	162	52	103	52	165
30	43	63	141	153	115
175	175	93	47	137	24
200	95	175	28	26	112
60	182	75	25	51	23
86	150	87	146	176	73
119	50	121	175	34	146
72	157	197	52	86	86
45	106	143	141	102	47
192	84	91	59	71	66
134	72	87	196	172	77
156	48	132	97	128	55
106	192	108	156	67	98
39	109	188	143	103	121
163	159	67	189	132	95
26	44	39	69	193	43
192	24	42	145	44	53
197	175	186	144	190	87
27	57	29	143	154	85
62	146	131	169	41	107
122	165	26	197	78	95
59	56	110	121	56	60
95	34	119	117	142	126
77	41	108	39	136	76
141	148	21	104	64	171
199	137	181	100	145	77
25	103	27	93	180	121
40	35	193	81	147	166
190	50	141	78	164	132
121	87	88	66	88	137
118	37	62	68	185	80
153	97	193	69	144	197
167	182	68	27	123	96
116	50	120	147	48	113
71	93	135	152	155	32
90	180	85	147	26	107
192	34	184	78	83	113
168	55	142	107	137	24
191	119	84	46	99	106
52	98	132	80	33	90
194	25	169	104	144	34
175	83	129	184	152	61
186	71	193	77	76	130
77	124	160	179	34	107
53	24	108	87	154	162
182	155	121	141	88	173
142	73	59	35	70	154
172	102	40	105	25	149
69	45	111	58	22	30
165	34	197	43	107	192
42	74	49	131	72	136
54	43	53	68	187	148
126	79	69	73	174	166
182	68	66	164	60	191
179	169	41	194	159	81
196	128	96	25	101	162
195	175	167	49	113	97
40	53	55	88	133	122
51	140	142	56	61	167
99	177	91	132	88	132
49	163	192	91	169	148
44	117	50	141	77	161
52	87	83	188	95	185
91	62	132	58	108	118
104	76	72	94	102	146
126	177	190	33	63	142
37	83	63	73	166	175
85	28	51	123	41	61
60	85	96	26	110	38
190	110	87	172	77	49
83	118	137	149	186	105
195	38	147	35	90	163
44	199	86	120	33	164
152	150	122	166	187	130
65	22	43	131	147	190
106	73	150	196	94	168
75	200	50	104	92	90
153	99	61	84	126	186
110	200	76	88	56	176
159	168	57	51	59	69
117	125	100	167	176	80
108	137	44	56	130	95
47	169	158	151	194	191
146	77	48	122	54	53
145	191	81	167	94	52
149	133	200	152	52	187
97	70	39	27	154	128
196	158	140	67	157	178
181	65	49	36	45	186
48	161	27	64	98	146
144	65	50	159	63	62
72	69	118	113	112	72
99	95	126	70	190	145
199	157	160	134	125	112
160	200	150	195	41	169
28	98	171	184	26	82
112	167	174	85	67	182
57	21	198	148	116	178
62	68	81	159	117	125
85	138	110	96	100	23
83	38	148	82	115	86
35	152	196	159	173	164
112	172	184	189	132	112
87	25	170	150	118	106
70	180	124	89	24	119
147	151	39	78	144	27
159	100	178	176	101	105
55	119	178	112	156	126
122	76	184	107	169	91
45	198	22	27	67	196
61	159	56	125	43	43
56	184	83	157	138	34
176	44	115	188	23	33
114	141	98	44	188	68
108	62	99	102	158	115
159	197	189	112	119	160
131	160	31	115	37	197
173	173	42	160	84	106
112	119	78	194	85	139
117	133	92	127	36	171
24	156	89	45	66	124
44	161	50	179	165	114
66	102	102	144	157	47
26	48	150	138	102	120
45	160	129	115	172	187
105	99	124	38	91	34
29	142	57	151	71	54
96	101	39	95	132	117
150	108	74	52	161	112
134	138	141	168	189	170
53	83	99	62	200	50
75	199	197	73	156	158
100	113	107	106	94	134
102	87	123	91	132	120
191	171	45	47	114	32
68	25	152	174	62	109
55	62	123	130	190	189
69	25	94	46	45	188
92	55	65	152	171	138
200	185	48	161	31	175
87	92	130	52	83	28
73	189	156	54	132	156
51	172	62	137	25	27
28	38	36	137	130	173
66	161	76	49	59	36
25	144	41	112	64	155
79	72	170	81	149	109
43	39	145	108	33	47
79	170	103	50	137	119
169	178	110	43	111	64
140	185	198	161	191	175
126	21	42	168	109	92
65	69	121	121	187	178
133	140	40	99	171	72
159	91	181	25	147	183
171	156	191	109	32	59
100	103	158	191	106	111
63	78	147	88	123	154
65	111	196	109	61	21
142	37	194	196	136	70
120	62	152	89	139	48
155	163	178	47	119	37
91	26	162	154	43	166
131	185	80	133	96	111
121	132	110	183	70	68
42	181	47	149	185	147
55	200	29	198	90	118
140	44	89	132	80	143
37	64	162	102	87	139
151	132	118	96	187	122
78	62	160	116	92	149
171	35	88	156	144	190
149	195	154	80	41	159
157	156	68	139	173	143
181	93	125	168	106	85
136	197	154	137	131	110
180	32	33	79	126	150
125	37	114	90	140	49
108	135	197	140	73	102
58	101	168	78	147	71
77	128	91	143	39	87
104	62	81	164	69	93
193	184	163	98	182	52
96	49	73	108	186	153
162	86	191	153	33	102
74	107	147	44	114	161
150	180	168	38	108	140
166	166	29	75	146	23
112	181	63	108	116	69
142	115	86	88	152	99
172	105	68	122	127	114
132	31	185	36	50	114
67	103	32	70	191	81
143	35	177	95	138	41
138	129	124	143	79	105
38	137	141	94	118	48
59	92	101	99	166	60
188	91	67	183	158	100
73	92	180	111	92	124
50	62	140	194	144	105
35	74	193	85	53	82
156	187	103	134	129	64
70	144	30	190	90	119
27	196	43	183	181	111
117	76	55	160	136	29
147	198	172	70	86	94
117	84	91	65	107	131
29	65	177	86	135	41
89	120	50	165	155	135
84	106	62	93	197	192
175	22	182	180	189	163
43	175	187	136	82	119
84	157	92	77	63	181
103	183	170	70	104	190
98	61	48	42	96	39
181	111	58	98	75	140
67	66	163	148	100	84
131	34	128	36	188	84
30	29	70	179	188	37
79	176	108	140	157	177
91	165	65	21	141	65
172	94	107	162	122	87
47	33	65	151	42	98
102	25	81	147	197	178
155	139	27	108	134	91
193	114	36	63	136	83
180	128	74	50	99	145
28	145	62	88	33	170
47	170	94	194	52	192
91	25	77	181	74	49
157	41	158	101	72	28
163	38	109	174	178	74
199	174	103	123	200	153
165	79	74	51	112	46
165	143	43	116	70	133
72	135	33	75	190	74
89	199	35	176	125	25
36	146	64	54	107	168
86	184	156	133	66	73
159	177	42	22	126	41
116	43	81	71	113	122
81	198	119	65	196	130
25	117	149	86	133	157
67	58	94	121	55	141
128	152	185	92	34	77
52	31	132	32	33	67
180	54	86	21	35	198
186	24	99	84	149	187
143	53	193	41	117	29
121	185	137	154	198	139
82	90	150	75	99	103
198	166	173	114	59	182
107	110	159	124	168	151
25	175	83	174	123	119
168	133	54	147	42	145
79	169	172	119	159	125
154	195	119	178	78	108
26	102	151	137	150	59
22	30	21	59	148	69
93	95	34	116	114	137
190	189	37	121	105	73
42	167	176	71	21	174
173	197	27	191	114	52
118	31	169	100	152	155
106	148	194	34	191	175
125	55	165	82	52	47
89	101	66	147	170	59
140	68	48	182	189	81
81	104	73	134	24	191
76	157	102	114	63	145
133	59	168	52	39	127
74	45	85	30	97	200
121	70	198	60	89	53
161	110	121	52	175	187
74	132	100	136	62	114
101	169	30	188	187	105
60	169	88	161	171	81
154	160	192	93	90	33
65	128	81	54	46	197
87	37	182	59	130	64
142	63	171	162	138	32
94	84	171	153	147	44
173	130	22	83	59	173
138	200	39	33	114	84
158	138	167	127	173	150
183	99	178	55	54	96
121	35	33	156	39	147
170	60	177	125	154	50
71	43	97	179	113	152
103	64	23	115	97	63
61	110	83	151	26	166
176	117	66	87	35	97
62	115	111	162	121	157
166	72	111	162	109	159
45	142	45	172	94	118
54	188	140	71	186	170
144	117	157	71	114	163
111	188	110	79	158	31
31	123	174	123	131	74
184	144	66	153	101	137
161	132	31	48	158	104
120	97	61	167	93	68
196	167	198	183	124	47
139	21	101	99	167	48
36	200	132	147	31	108
117	196	30	148	178	24
149	39	47	168	92	186
42	145	160	51	166	177
75	171	165	29	112	160
194	46	120	35	156	54
119	31	159	52	124	72
23	183	62	165	35	197
155	174	98	196	43	120
44	40	109	177	45	173
157	23	23	160	112	153
46	173	198	129	146	180
168	94	108	182	97	65
82	174	46	65	184	89
119	199	106	106	100	182
196	104	163	23	40	73
195	154	33	89	59	87
71	67	180	176	34	146
147	84	46	155	171	86
128	42	51	200	190	172
133	126	50	175	112	198
39	59	185	90	102	59
187	142	200	192	136	158
134	165	88	145	117	40
75	196	162	27	168	113
72	26	164	154	105	31
136	49	22	98	194	176
163	73	199	142	194	197
95	149	84	178	42	36
145	29	40	155	109	179
126	144	47	35	70	179
98	42	42	162	92	110
162	194	97	197	55	89
92	186	55	118	97	58
76	132	147	124	91	119
44	150	39	142	48	137
77	147	67	163	121	55
156	182	54	110	28	64
97	50	120	32	109	91
24	188	24	161	124	126
32	35	78	27	171	125
24	49	142	65	111	139
131	26	85	75	164	69
168	196	159	135	153	170
86	81	107	30	184	30
170	92	43	135	33	198
181	41	192	133	105	23
44	140	157	146	136	38
171	63	160	47	95	29
49	72	86	180	39	134
117	168	106	183	163	127
117	175	112	105	191	81
91	25	197	163	34	58
178	58	64	182	160	64
198	69	62	134	112	133
174	90	88	139	155	187
185	61	157	97	147	197
151	60	169	90	170	180
155	62	125	133	88	188
97	159	142	97	55	36
37	187	147	57	65	59
175	126	155	64	163	199
95	194	85	141	110	119
43	165	33	62	44	151
96	88	46	180	98	78
74	82	157	48	29	51
197	171	188	168	172	160
28	90	47	157	190	84
133	138	32	38	33	181
167	91	97	161	140	67
175	148	190	162	134	87
89	58	135	34	158	88
167	83	173	52	35	131
102	64	83	37	110	74
24	178	168	115	160	76
104	99	35	190	149	106
197	185	186	133	139	132
159	143	187	195	135	41
168	166	200	82	106	150
81	124	174	136	148	49
61	24	188	89	148	130
110	48	185	148	185	56
48	70	34	40	170	148
113	179	45	105	54	36
170	27	23	108	104	143
77	143	59	41	87	86
195	54	94	30	166	109
178	94	86	130	162	144
99	75	117	89	167	147
21	191	186	102	159	128
131	105	91	120	76	139
69	197	29	58	158	89
200	180	164	29	98	163
188	143	85	87	109	103
199	154	138	129	120	197
34	171	69	139	34	58
42	143	48	182	34	86
23	27	129	121	62	156
191	137	172	89	107	51
94	126	181	197	193	86
177	80	82	124	132	24
46	103	146	175	39	49
157	122	27	173	166	124
90	46	166	76	122	190
85	25	139	164	92	146
193	45	93	185	45	114
46	97	125	135	50	175
158	197	184	34	25	44
122	72	121	117	84	198
165	104	125	106	93	177
74	114	94	120	36	70
43	177	90	150	111	88
162	110	149	173	21	107
37	166	86	25	153	96
71	104	75	137	150	191
155	37	48	199	24	55
27	98	94	82	33	148
118	135	151	144	35	138
170	157	36	54	76	58
170	152	151	170	62	166
95	127	37	101	137	176
149	73	133	90	40	137
36	53	63	119	99	139
88	200	109	163	63	169
71	177	124	200	183	171
61	38	66	120	86	96
71	52	44	113	108	65
151	51	186	124	44	81
78	160	94	94	128	186
53	190	42	76	102	89
127	195	144	48	56	120
47	154	61	118	54	167
195	115	38	60	119	29
171	157	119	151	55	30
23	135	121	57	83	185
47	31	66	151	152	110
108	90	181	122	23	93
107	106	98	29	47	138
131	116	153	106	32	141
128	184	60	159	166	65
41	54	65	36	52	188
188	130	25	113	137	151
199	32	65	85	135	97
73	69	179	105	80	185
91	125	89	143	80	194
118	109	57	187	183	191
189	134	83	145	164	90
188	193	65	60	122	104
55	153	191	194	163	97
197	113	182	96	137	169
92	182	123	131	47	79
60	144	158	122	110	173
66	176	87	189	23	149
166	61	65	104	55	29
104	119	166	119	79	42
176	167	168	144	141	71
181	58	159	94	191	176
194	194	190	123	151	140
154	190	179	133	37	182
145	68	148	91	104	200
109	81	113	151	171	105
61	93	43	125	121	81
177	115	39	138	158	96
37	79	90	42	82	141
135	167	55	139	43	112
188	81	23	79	111	85
102	170	22	147	121	70
170	119	196	43	104	57
66	108	99	108	52	187
67	53	32	198	28	156
190	40	198	163	139	54
127	125	62	27	45	28
28	171	61	199	83	41
35	192	54	25	138	192
73	177	87	44	21	150
156	27	45	152	120	32
162	52	32	94	159	99
29	171	136	194	185	168
198	191	31	75	53	75
160	27	28	94	187	38
149	23	56	132	142	98
31	194	40	56	179	108
104	23	169	114	187	85
91	83	148	92	159	82
166	132	125	127	173	36
189	29	164	101	96	54
184	144	189	198	63	42
110	53	94	199	51	51
174	69	163	162	132	184
31	39	115	23	72	68
100	41	28	120	103	152
176	64	69	175	24	167
60	181	143	33	124	196
55	26	121	175	200	181
74	153	172	121	173	27
69	69	141	75	129	143
134	108	41	139	117	160
76	176	143	180	174	163
51	28	32	121	132	177
47	80	200	33	193	48
64	112	44	185	115	181
162	94	108	87	78	152
35	57	179	65	82	176
61	33	182	121	99	135
120	93	103	187	77	76
166	35	114	115	155	108
121	156	63	113	50	178
22	91	166	167	109	51
179	170	111	132	70	151
108	174	114	79	141	94
29	47	182	105	25	150
154	34	156	32	177	61
181	138	170	175	21	35
51	110	114	75	87	200
132	81	186	24	97	61
171	87	74	55	31	168
116	106	105	128	25	32
118	188	163	43	132	166
166	189	169	177	164	37
113	97	68	174	43	115
47	132	60	51	50	164
34	135	52	128	38	87
50	146	103	66	116	167
139	165	153	93	129	85
112	107	139	76	145	117
136	31	57	47	117	48
104	175	154	123	179	102
160	26	40	44	98	186
76	190	196	72	42	34
149	61	60	165	33	46
164	69	79	113	134	156
192	25	147	36	78	49
193	21	121	30	123	40
137	174	187	70	131	181
102	42	197	108	91	99
191	95	89	157	57	183
35	156	88	101	159	35
21	64	116	50	118	150
180	163	79	33	112	44
41	132	181	187	159	108
127	150	194	21	95	121
96	45	85	183	129	59
90	25	56	106	170	187
100	113	112	40	51	71
90	109	200	60	32	64
177	45	78	78	27	27
103	60	174	72	120	65
193	188	143	156	199	149
74	124	43	22	34	95
168	86	192	194	24	33
160	126	60	188	173	122
152	51	83	32	42	111
57	157	73	173	37	164
145	30	96	148	97	91
157	145	104	57	173	60
194	185	157	145	42	162
90	45	27	67	117	55
55	131	125	172	75	195
41	95	128	81	157	181
174	176	97	93	96	75
154	180	122	138	72	116
60	153	26	136	99	172
121	116	47	32	79	110
191	94	137	199	57	82
143	199	113	35	121	118
158	144	106	50	149	46
46	30	90	189	88	192
133	56	188	157	89	186
131	170	76	43	49	79
119	123	118	185	138	121
64	27	193	77	77	82
157	119	169	175	44	113
81	119	107	102	135	35
68	95	97	24	55	199
124	125	124	112	100	42
142	101	38	144	108	181
97	134	115	92	158	173
129	177	184	200	155	55
177	63	30	23	27	98
177	69	63	101	51	62
98	49	57	200	37	187
120	128	50	104	91	132
112	140	150	107	136	126
90	150	94	146	188	194
181	97	41	133	31	59
56	45	160	137	24	83
133	48	126	100	195	137
28	28	140	104	127	30
65	55	162	49	175	146
138	143	189	88	123	115
127	160	174	126	102	199
122	79	101	111	42	94
37	119	80	134	181	152
28	143	95	119	132	147
106	95	93	182	184	39
131	46	159	134	128	94
182	160	56	61	44	51
61	93	195	117	166	160
36	57	38	185	116	156
98	61	62	118	174	66
149	98	96	170	35	127
174	173	135	66	177	134
33	80	172	166	23	164
158	99	57	143	110	197
89	91	114	115	196	121
137	162	119	127	142	78
61	44	83	182	162	71
114	39	142	166	150	96
190	25	68	112	188	109
77	102	124	163	188	158
73	67	96	135	180	135
141	100	64	42	99	110
66	101	33	75	154	119
183	179	86	28	56	98
146	68	23	181	132	192
69	27	91	96	31	100
63	93	119	197	158	147
146	127	105	126	86	37
67	151	141	77	168	90
76	126	196	145	146	36
186	42	168	129	80	112
80	105	179	67	195	97
97	150	155	23	105	60
108	148	120	87	153	31
42	109	50	132	198	96
26	101	146	130	34	79
46	146	85	117	118	31
102	120	45	59	173	56
133	41	109	35	196	116
114	33	154	172	110	189
86	64	168	155	24	99
177	76	67	189	155	75
72	32	126	197	30	140
189	127	179	103	21	185
132	188	131	173	58	186
139	61	158	134	166	193
163	134	79	57	101	122
165	113	145	45	139	69
179	192	130	184	63	107
66	36	159	165	128	76
25	90	87	86	66	31
101	89	156	149	67	98
165	186	75	189	175	128
159	33	109	141	147	144
29	170	117	172	174	91
23	97	28	82	64	45
136	48	56	137	32	154
92	105	66	89	199	48
191	74	73	83	77	146
108	26	176	120	101	182
76	152	186	124	40	85
106	131	194	139	34	145
141	167	74	119	32	153
70	55	49	140	29	198
199	160	176	97	119	73
96	190	173	157	65	88
174	72	117	128	126	104
181	151	140	22	190	103
31	157	39	78	94	195
31	186	151	32	179	200
129	159	37	58	193	79
89	188	182	188	154	180
125	60	67	31	106	143
191	86	148	165	158	199
118	100	134	169	200	71
150	24	78	117	165	171
45	68	23	183	91	83
104	136	100	31	159	103
76	106	195	82	40	103
87	63	92	99	136	125
145	23	98	117	77	141
95	200	91	67	155	107
112	167	21	150	48	49
40	51	176	93	86	191
117	196	124	100	67	159
174	141	50	189	115	79
148	68	25	79	116	151
64	170	49	190	119	60
126	83	94	173	95	184
200	88	132	121	55	121
62	122	41	200	101	168
132	50	140	32	124	139
106	119	143	147	197	156
178	182	34	109	61	34
65	121	132	111	114	103
39	47	165	154	47	78
116	142	167	31	51	164
159	104	133	68	128	189
180	123	163	120	172	179
159	194	110	198	106	188
69	198	160	31	173	115
65	42	196	168	23	154
34	106	138	135	31	95
44	103	198	172	178	126
46	30	112	44	34	133
137	83	74	186	139	105
185	174	133	52	108	115
82	117	165	64	138	165
168	50	97	173	158	181
166	87	192	26	198	113
23	130	22	196	190	185
142	87	79	81	114	43
33	140	200	146	147	156
99	135	86	172	192	119
157	200	112	68	139	101
38	194	162	102	171	140
121	60	129	37	198	67
107	77	44	156	40	125
23	49	122	23	128	184
144	87	92	83	53	188
113	184	92	59	136	25
122	98	124	185	102	140
155	43	113	120	87	115
131	184	178	28	188	97
63	130	31	161	50	40
149	97	58	130	67	175
174	108	136	171	71	65
160	33	61	146	35	21
119	125	145	88	141	141
179	147	70	53	100	125
193	79	198	38	195	63
177	126	28	170	116	178
185	70	196	55	67	175
69	162	87	70	111	141
192	130	181	183	85	97
159	39	43	77	154	42
99	173	124	161	151	159
166	120	177	102	188	149
87	156	80	159	71	44
200	150	199	77	71	136
77	93	43	74	79	117
47	169	49	44	41	48
75	60	119	39	195	100
25	87	67	171	93	196
98	199	34	97	82	23
81	174	121	37	152	110
81	160	54	133	199	161
100	58	132	67	122	81
50	158	97	126	152	33
56	151	34	39	132	113
82	80	161	90	59	157
115	105	73	131	72	143
24	113	38	173	144	171
88	96	171	149	103	49
30	155	167	152	163	129
58	65	40	106	29	98
99	102	156	97	74	127
135	95	40	125	54	199
40	145	34	70	21	127
68	32	148	161	62	97
64	193	44	196	132	55
24	30	52	141	185	44
179	59	146	150	105	84
132	140	94	113	28	150
97	154	54	160	54	156
66	65	185	190	179	87
94	191	106	95	89	63
176	184	147	171	68	99
157	159	166	43	23	190
131	35	153	180	166	149
27	100	30	50	169	128
167	172	94	83	48	74
192	124	73	91	124	37
123	126	162	155	128	56
126	131	155	119	170	88
134	192	154	34	147	103
57	160	50	84	176	178
108	160	79	118	119	189
171	118	114	69	61	46
149	150	148	151	188	55
43	65	26	84	156	152
158	59	135	142	163	177
161	58	33	71	145	128
163	156	96	120	119	147
143	64	190	111	87	176
81	29	161	195	195	143
44	133	150	75	46	71
25	60	135	146	118	125
166	192	197	143	88	125
150	63	95	89	26	122
143	159	149	189	139	87
94	117	29	36	131	41
121	153	174	166	170	200
65	83	149	178	188	132
137	104	100	179	180	27
27	43	53	68	177	146
115	125	147	170	193	119
138	41	182	137	47	171
178	72	176	145	79	89
145	55	102	104	177	200
109	36	118	170	135	53
108	111	95	110	48	170
52	121	163	155	111	53
65	125	51	148	83	54
184	43	102	123	144	120
84	135	134	22	158	180
143	165	85	115	48	95
141	33	193	160	98	60
123	62	23	82	141	65
123	185	159	44	146	72
118	78	111	22	191	181
29	178	180	78	114	50
72	179	62	85	138	182
101	148	135	75	92	76
132	162	62	43	74	162
140	170	111	39	143	107
179	160	154	123	24	95
130	28	168	110	133	55
169	96	35	120	184	110
64	39	197	170	119	81
104	109	37	57	39	130
29	50	128	107	145	147
68	163	27	108	121	61
131	145	150	57	180	125
169	117	185	180	192	28
69	96	104	59	89	130
101	183	120	71	97	169
84	114	112	165	169	177
31	35	38	55	171	106
37	97	156	145	110	31
123	67	109	147	162	72
57	27	107	141	184	31
148	59	112	64	85	91
33	91	66	61	150	51
95	161	69	196	60	81
93	25	50	180	135	70
106	140	183	132	91	133
50	128	78	37	156	151
116	124	91	132	100	87
31	57	179	170	63	184
148	169	62	117	150	63
123	196	125	134	66	188
193	75	98	79	103	76
49	186	143	140	80	185
126	110	55	89	34	132
142	91	41	132	84	135
25	181	134	129	136	143
41	127	182	59	76	51
27	178	170	79	163	85
85	85	94	116	35	162
181	174	119	88	179	120
158	40	129	92	113	192
142	161	113	186	61	156
128	171	35	52	29	180
89	110	164	185	143	165
77	60	155	145	162	120
89	181	35	182	137	185
38	44	32	120	120	113
110	139	41	91	191	96
141	160	172	86	198	198
121	156	112	77	116	170
59	95	32	131	93	176
131	88	80	161	105	135
70	145	114	129	35	161
58	82	174	129	189	100
182	86	200	144	111	39
140	121	172	45	68	119
52	131	135	133	193	143
44	136	92	186	46	38
158	47	144	80	32	89
194	106	35	181	112	160
82	128	187	109	165	167
174	71	131	129	84	111
115	41	52	108	159	27
43	37	99	62	160	137
95	163	74	73	171	146
98	189	23	130	29	22
155	181	42	187	74	86
124	47	152	111	38	43
34	127	42	133	106	56
171	93	110	134	65	64
166	151	170	123	115	75
59	118	162	71	73	171
168	90	171	90	137	48
190	37	167	38	180	114
42	152	155	30	119	47
114	187	191	181	119	22
56	143	132	163	35	24
170	89	169	175	189	90
31	86	134	69	198	48
106	98	184	193	112	33
122	132	53	58	178	71
117	178	53	31	87	31
35	160	165	114	115	97
108	161	104	114	74	89
104	145	113	125	70	86
144	76	92	33	29	37
113	151	85	158	140	117
84	117	23	105	114	187
72	162	72	41	187	115
82	77	112	36	73	137
168	170	194	113	79	130
155	195	41	81	59	46
106	35	174	191	96	168
165	99	197	132	176	41
107	32	54	90	35	93
167	23	79	150	79	129
159	40	37	142	59	117
110	104	161	104	57	141
157	165	77	177	26	187
44	37	127	113	121	66
194	83	105	160	114	165
83	101	111	140	159	96
166	43	44	101	29	120
39	91	46	120	27	85
40	72	113	63	43	162
69	27	144	113	43	65
92	183	64	154	53	150
22	140	93	160	45	23
70	56	161	105	45	176
130	112	167	100	187	155
51	161	198	143	36	175
130	129	112	70	189	53
194	129	139	59	147	45
133	64	197	162	62	29
137	124	164	110	164	105
154	67	197	64	87	59
101	101	126	130	108	152
170	170	84	166	77	174
152	179	126	142	198	109
70	45	103	86	36	144
180	147	159	130	191	135
116	134	91	24	187	105
62	44	22	42	75	161
100	180	104	122	26	26
59	111	35	183	41	87
42	92	74	147	138	70
149	33	106	132	81	132
157	188	178	153	92	177
76	119	51	117	73	126
182	163	191	72	179	21
161	62	96	94	184	180
44	198	42	154	166	128
59	178	54	184	192	68
44	161	122	25	68	42
152	190	123	143	95	157
137	168	168	194	171	127
145	167	118	31	39	72
96	183	161	43	160	106
166	105	56	94	198	123
50	132	181	53	121	168
98	157	30	74	151	192
160	166	159	125	149	183
197	83	79	41	131	34
114	138	170	98	56	174
168	105	143	157	183	49
107	92	90	42	85	73
68	99	168	180	76	89
180	124	28	161	174	90
197	163	92	82	88	104
195	144	181	51	134	45
159	35	193	67	42	118
64	146	56	51	167	163
198	161	175	99	195	39
23	145	68	28	140	190
56	182	101	113	124	111
33	185	199	155	145	88
145	43	197	140	166	76
43	156	78	112	139	46
116	75	128	182	74	71
145	143	114	59	95	165
61	46	103	92	32	197
196	190	33	120	161	185
144	120	27	176	90	92
100	62	131	48	175	150
88	49	173	156	120	195
23	26	41	129	118	161
23	123	188	57	69	56
113	33	151	117	173	191
44	68	33	83	23	112
114	155	112	198	126	58
142	147	193	102	162	162
154	192	137	192	70	132
95	24	48	76	167	93
103	190	55	86	154	166
25	86	21	75	176	154
145	96	142	53	67	30
21	83	198	115	123	198
189	189	90	115	87	195
25	75	29	82	161	171
94	61	191	149	195	58
93	44	178	74	90	149
30	65	135	33	174	165
155	26	175	79	109	187
27	185	33	186	196	146
91	177	159	82	35	59
73	114	24	87	182	117
32	148	165	146	27	149
158	174	116	57	125	125
122	37	198	137	87	148
25	187	103	73	169	156
117	50	109	190	36	34
116	32	57	145	169	25
95	142	63	187	169	188
29	110	185	155	44	129
124	181	59	91	91	189
81	61	116	171	127	101
60	178	80	140	79	34
82	88	164	86	69	77
22	110	122	159	45	138
69	139	42	39	141	155
118	29	127	44	47	108
190	33	194	155	184	94
193	23	72	36	91	136
117	84	103	181	68	167
28	173	172	161	128	21
44	55	196	77	108	69
108	34	84	33	84	40
57	79	166	29	135	45
119	110	29	89	62	118
171	83	168	27	64	116
153	176	82	27	197	59
108	60	80	79	56	166
65	143	99	172	91	43
111	55	183	35	97	198
166	191	30	80	98	108
177	129	80	143	53	195
89	105	62	128	48	166
81	98	121	44	56	103
102	71	116	44	87	187
185	23	137	89	141	105
40	100	181	182	131	37
33	154	197	193	60	51
95	97	132	51	172	157
36	124	151	154	64	164
29	187	152	95	163	146
151	152	64	161	137	156
181	196	131	186	115	115
51	29	157	66	138	74
96	89	163	45	166	85
159	70	66	81	26	30
52	102	30	92	79	133
183	179	48	25	30	141
145	152	66	65	131	100
77	150	150	24	75	91
60	122	25	111	40	181
150	74	153	191	192	78
192	72	196	147	163	104
108	179	198	25	70	133
68	57	56	157	155	139
47	112	125	123	63	183
46	78	147	118	171	132
46	73	68	197	187	169
170	162	120	173	160	41
55	101	178	146	169	146
23	48	171	96	107	97
184	133	102	136	127	166
122	178	154	36	57	96
114	71	149	156	26	175
182	42	121	137	156	185
91	142	116	28	109	193
61	67	42	157	194	145
23	61	35	21	124	142
155	121	137	128	104	195
99	34	170	118	47	110
61	127	144	159	116	179
105	137	92	85	139	86
135	190	75	98	44	125
169	175	70	108	155	42
78	114	102	141	75	141
128	64	154	97	195	89
23	143	109	121	156	123
50	45	82	25	123	122
63	138	49	124	53	58
96	137	46	197	26	199
142	106	79	51	80	109
93	169	129	145	166	126
68	36	117	62	194	97
186	150	196	121	56	68
92	119	147	112	99	92
103	195	131	97	87	127
57	199	111	138	45	41
68	59	107	132	183	107
39	164	179	80	21	160
29	96	117	163	67	73
193	194	171	171	103	107
164	197	129	179	196	140
184	174	46	184	106	150
150	183	124	25	90	126
64	154	185	111	34	21
24	149	61	112	127	163
134	61	199	131	52	91
146	161	23	76	128	169
185	66	140	194	186	125
47	112	77	128	164	131
56	83	159	143	132	154
32	26	182	128	177	186
55	126	116	95	177	140
90	184	101	135	53	69
183	43	30	158	27	72
78	47	43	95	28	113
42	143	56	193	56	123
162	79	65	116	105	169
76	172	58	112	165	101
184	113	145	164	122	70
137	64	69	130	68	167
128	144	185	114	141	132
190	113	175	124	169	99
161	131	31	49	72	77
177	191	197	74	66	100
80	180	135	61	125	133
178	141	158	129	56	181
154	68	44	51	122	90
164	52	68	189	64	155
103	174	151	174	154	101
37	170	138	66	58	136
37	100	199	146	193	62
53	169	160	82	197	61
137	128	110	118	96	129
59	129	131	134	93	29
177	111	176	74	25	86
186	130	150	130	114	52
32	44	123	176	199	100
113	80	97	189	131	147
96	137	166	92	94	132
159	40	196	73	64	101
143	71	97	187	63	117
146	110	171	66	48	69
124	54	65	114	72	179
106	192	116	110	71	81
185	45	163	157	41	161
49	130	33	177	80	176
194	126	134	157	65	134
177	77	65	60	32	133
135	130	126	46	183	34
47	148	155	150	198	200
93	134	179	43	102	53
29	86	70	47	27	186
143	77	82	170	59	68
100	87	109	84	92	188
177	104	139	109	173	52
79	135	155	135	138	147
49	117	140	128	81	60
185	163	163	154	89	173
175	96	194	186	200	31
40	34	159	107	96	157
64	30	89	79	156	94
23	52	166	78	30	129
197	161	29	60	74	101
149	193	171	194	101	54
184	44	161	43	86	126
55	22	93	37	125	187
34	29	60	143	103	110
86	180	126	154	64	28
171	94	21	79	99	71
36	102	57	48	149	43
133	178	132	125	36	193
62	82	82	30	51	159
181	86	48	72	137	124
78	61	194	182	23	164
36	61	167	72	90	130
117	83	198	23	103	83
174	57	47	41	170	162
176	26	133	163	52	99
173	181	106	116	59	188
31	74	64	121	83	107
161	108	27	49	36	31
162	152	28	44	191	26
39	67	35	30	102	123
21	39	120	85	89	108
138	197	198	95	136	127
46	34	163	123	95	86
60	156	90	102	92	186
185	89	115	197	193	131
49	198	183	50	186	25
32	28	149	192	72	155
43	54	155	52	115	100
176	53	83	67	40	79
140	73	116	96	171	91
152	44	187	31	100	122
147	67	191	59	179	38
154	135	25	157	27	21
48	188	124	49	46	155
156	50	52	154	98	24
102	176	181	94	29	48
171	178	76	36	103	52
159	93	123	157	182	146
198	161	75	63	155	148
134	170	58	54	180	144
184	183	62	31	167	172
127	156	152	82	21	47
134	150	71	119	152	62
172	62	22	146	61	172
82	60	83	142	139	198
177	145	159	156	30	80
159	87	34	84	193	188
166	156	53	127	43	102
189	160	63	187	198	62
51	197	119	192	165	97
112	118	120	96	186	164
99	100	149	79	200	162
111	138	100	39	171	65
60	111	96	158	144	153
191	95	121	97	146	83
69	142	80	82	159	124
78	108	109	122	33	75
98	193	156	52	164	57
66	59	192	164	136	195
103	51	141	21	63	46
124	120	173	67	82	93
195	68	51	86	166	27
157	115	63	24	144	36
160	96	130	45	49	116
26	122	35	147	128	35
117	107	171	27	156	67
112	195	80	24	90	117
67	171	162	183	145	119
39	85	59	163	162	64
40	100	109	160	174	129
113	164	196	78	23	87
91	47	74	64	176	25
189	72	66	144	24	96
162	43	137	55	99	138
40	191	139	57	76	36
147	126	189	77	70	168
187	56	162	115	150	195
193	159	60	33	199	191
126	166	195	65	21	74
36	35	102	189	158	181
162	130	99	82	62	145
85	71	111	187	43	181
157	160	129	127	83	195
125	143	47	109	187	185
199	80	117	79	103	177
155	41	79	48	32	135
113	55	65	56	200	145
73	98	137	28	180	172
46	163	156	134	75	68
128	59	71	153	163	141
154	176	46	132	75	35
117	170	85	136	73	94
85	64	124	84	183	143
128	52	109	29	103	146
189	163	65	57	126	103
79	100	182	120	58	125
113	25	54	27	105	145
154	59	124	157	48	157
72	21	31	65	59	49
58	174	43	140	114	89
45	122	118	133	69	110
29	171	140	115	89	151
46	101	189	128	154	95
41	151	105	142	65	153
54	169	158	132	146	141
120	140	75	143	144	70
61	58	71	109	63	44
145	50	157	108	108	88
112	107	107	82	163	143
145	94	61	86	25	116
150	86	98	158	109	69
82	191	101	188	80	167
193	62	33	33	157	24
130	84	186	175	103	62
137	155	24	48	47	194
63	110	168	184	155	163
99	159	151	57	185	66
132	102	178	59	38	68
69	132	54	23	119	195
119	200	88	197	156	123
41	90	67	173	190	93
161	178	74	182	200	109
92	53	110	63	152	161
73	78	58	177	151	85
41	131	167	24	129	197
54	54	162	70	187	107
30	169	129	100	141	65
71	84	118	146	117	84
173	180	38	159	33	184
129	50	169	168	139	192
200	138	189	97	25	140
186	100	25	164	73	194
76	122	166	133	173	91
61	118	70	55	52	69
87	155	76	114	100	49
21	169	118	93	42	122
95	98	125	44	101	79
75	169	95	128	94	159
74	99	81	177	142	46
51	33	122	161	91	93
124	29	80	189	25	24
144	38	83	53	188	71
162	168	153	94	149	174
31	118	191	50	79	145
166	86	63	197	133	72
102	198	164	37	97	153
90	48	198	47	185	45
112	80	89	165	47	194
46	174	149	120	128	128
167	87	55	69	31	106
192	60	157	74	185	71
178	98	177	143	77	116
140	44	71	60	156	137
38	92	126	174	184	158
117	154	42	97	149	32
187	157	183	194	150	51
30	97	189	177	42	49
31	35	148	182	34	56
147	183	125	55	111	183
41	130	85	36	85	121
62	176	193	172	58	132
105	172	198	143	64	37
162	113	127	115	51	136
135	60	44	188	118	188
125	130	31	123	142	199
83	165	58	68	105	34
174	188	170	34	63	56
38	195	101	107	144	160
186	70	139	172	68	43
183	96	29	177	48	93
56	43	100	92	162	124
108	51	119	92	197	49
112	30	111	54	94	154
43	150	196	173	174	185
78	22	69	139	43	148
126	133	109	165	62	63
86	144	177	59	147	154
175	58	131	120	139	170
142	142	66	150	190	83
93	138	61	105	109	195
93	134	103	129	150	158
116	60	190	196	46	67
52	54	81	26	53	187
87	58	91	120	128	181
34	121	122	188	24	68
118	154	44	62	64	83
93	127	178	197	147	90
31	39	47	193	53	53
159	160	46	143	48	169
141	54	150	95	167	125
115	54	154	75	78	28
151	153	21	173	118	82
90	37	91	117	130	184
137	188	55	195	195	171
35	126	186	158	112	96
145	180	67	103	59	72
39	107	66	187	161	138
69	115	188	58	36	185
62	177	199	128	117	177
73	33	146	97	167	41
88	129	154	112	72	180
129	90	62	180	48	195
85	55	52	52	30	55
108	151	180	22	93	69
27	41	140	86	139	47
162	122	65	77	68	140
70	173	38	104	163	108
102	194	142	28	176	122
126	44	200	101	176	95
131	52	125	188	43	91
143	145	95	86	135	177
94	82	111	50	122	178
181	138	139	22	98	155
147	100	109	112	123	98
68	199	62	187	129	69
37	171	116	75	63	86
131	148	134	145	98	159
102	153	165	148	185	194
188	64	144	41	92	111
193	56	102	59	34	32
78	118	101	98	196	135
74	21	149	130	139	55
180	40	129	29	25	146
70	71	50	179	89	54
169	73	135	59	108	129
33	108	98	145	67	97
115	36	30	116	116	30
125	153	64	176	124	176
144	73	32	45	80	89
60	140	136	80	151	60
45	82	182	144	85	161
43	98	34	193	164	44
21	60	179	165	96	159
84	62	151	22	160	71
83	131	190	53	84	186
107	137	78	97	133	115
137	183	154	182	145	128
127	73	141	36	192	177
24	35	36	84	78	159
98	69	80	68	90	30
138	132	72	160	148	56
180	96	159	56	160	197
150	112	151	74	63	92
61	61	64	37	50	135
55	91	39	21	48	101
160	109	75	55	184	131
96	127	61	187	184	129
160	169	178	121	169	106
181	22	191	106	168	151
71	167	86	126	149	142
193	193	81	129	26	34
30	118	93	132	67	104
30	80	53	168	137	88
57	172	96	33	94	101
153	87	147	92	95	85
70	130	36	67	92	136
54	105	24	48	153	75
120	89	45	191	183	46
174	65	93	91	196	154
184	152	37	35	104	58
53	140	154	70	63	182
22	169	109	42	92	90
169	182	119	198	102	159
174	49	189	78	52	62
29	157	44	133	36	106
161	165	132	116	86	69
31	139	108	73	85	196
135	192	112	111	22	188
85	67	182	115	161	164
149	116	133	112	196	140
195	176	153	176	190	25
52	92	161	99	97	99
78	90	56	26	146	60
97	182	164	96	25	121
111	46	171	23	64	90
155	128	74	98	181	194
102	142	84	112	46	194
131	131	43	140	198	140
152	24	40	186	134	86
169	183	120	74	75	31
59	118	67	162	108	86
190	169	72	77	82	181
92	167	161	119	116	127
117	62	167	63	125	33
178	170	99	164	107	92
152	171	68	131	186	87
75	127	22	160	138	175
166	89	153	175	108	61
50	171	158	59	135	125
175	119	164	168	95	151
99	118	104	74	48	123
186	48	66	181	175	109
63	99	199	117	164	60
80	87	44	190	147	22
47	146	75	108	123	24
66	139	27	103	76	78
195	74	66	121	111	93
94	185	80	129	114	182
131	200	189	79	22	190
157	28	163	101	28	76
110	122	27	194	138	170
119	153	75	147	173	103
131	190	40	86	134	197
186	136	186	31	102	40
170	106	113	126	138	68
198	45	143	124	93	187
67	99	181	166	192	132
82	39	114	142	109	31
35	170	107	104	189	136
126	64	117	23	89	39
87	140	176	23	29	50
71	166	147	87	187	177
167	61	25	56	46	40
152	45	84	131	77	128
163	146	129	21	116	35
100	101	171	57	110	113
41	131	29	103	118	42
124	24	40	188	160	109
68	160	159	33	176	146
190	108	111	94	157	137
199	90	194	44	70	86
165	40	80	142	142	194
22	190	91	156	134	43
59	48	23	198	44	133
103	147	185	70	45	200
171	181	52	161	151	87
126	75	33	157	130	102
199	124	26	68	76	156
186	81	134	146	29	42
47	193	135	151	28	134
75	24	189	200	89	91
150	47	31	37	200	65
178	42	39	137	154	157
184	134	59	165	86	64
70	120	199	105	176	145
167	192	112	109	145	189
21	113	55	194	118	112
58	66	66	39	110	193
189	129	155	169	96	64
95	25	65	189	65	44
72	78	26	28	162	129
50	101	31	177	137	73
183	162	89	75	135	50
93	74	111	132	165	132
88	82	114	56	173	105
197	153	198	51	159	101
188	97	133	86	101	149
41	24	160	95	170	172
195	180	150	154	105	192
46	56	190	84	188	69
66	22	97	188	168	87
28	150	159	106	56	64
189	41	60	170	84	97
197	73	82	34	66	200
171	198	168	52	31	141
115	137	188	113	196	193
109	198	131	162	171	191
99	163	161	32	160	93
108	42	64	191	180	23
55	98	164	71	110	53
61	80	165	153	86	24
57	88	121	76	42	63
164	189	21	87	141	107
50	153	136	111	40	57
189	31	173	64	35	121
137	85	88	104	164	155
67	145	152	83	143	183
131	135	26	82	145	39
67	100	50	143	95	156
49	34	125	79	165	27
115	184	115	152	148	158
33	74	56	85	169	119
175	141	168	130	55	197
59	80	38	114	86	157
67	74	165	75	59	56
198	52	91	168	151	196
195	41	102	152	86	81
130	85	158	177	24	93
136	84	55	50	97	154
86	185	59	58	178	136
179	94	67	198	34	32
180	43	149	173	55	75
21	93	117	86	55	186
48	118	106	40	79	68
155	196	21	182	175	178
122	88	23	77	193	94
33	157	43	188	196	166
44	93	108	101	186	181
117	39	102	43	48	200
113	32	97	93	160	145
127	196	57	88	90	116
21	136	89	67	36	24
145	158	88	124	54	163
129	124	78	121	193	105
192	23	196	172	167	60
65	134	142	40	75	60
48	147	135	172	103	135
54	76	75	120	86	97
56	94	192	186	131	119
188	78	182	197	143	195
161	60	31	89	106	179
199	155	35	141	52	29
165	117	79	32	75	179
70	101	114	151	179	121
92	27	167	193	24	160
49	118	171	79	81	87
135	185	176	168	154	187
185	157	142	90	42	133
162	41	143	168	179	111
150	125	155	188	141	108
184	71	172	147	79	182
65	153	26	62	126	24
163	88	42	109	129	30
31	138	81	166	160	120
113	49	23	53	182	115
101	70	190	169	164	61
147	106	53	139	172	187
60	93	193	109	135	138
197	57	142	78	176	44
50	126	125	115	106	168
172	34	115	134	200	165
93	72	103	52	123	166
177	32	126	150	175	112
52	153	73	155	85	103
60	133	26	58	147	174
57	164	63	41	100	117
43	101	44	159	62	54
43	116	85	99	26	189
33	79	120	57	46	90
22	43	158	114	137	172
148	130	171	177	189	63
68	94	85	52	190	151
161	109	158	131	32	76
145	115	25	170	172	96
110	131	181	123	102	48
130	64	191	196	172	120
55	179	124	101	134	162
186	72	129	77	121	103
90	119	24	124	22	94
157	89	122	22	106	120
81	170	46	157	57	165
165	173	176	142	57	168
105	92	158	79	139	59
30	191	74	163	181	131
108	200	174	193	22	173
55	79	199	32	144	142
141	72	98	68	54	169
144	174	94	81	29	71
91	200	114	161	55	43
198	186	193	81	54	44
183	175	54	30	67	52
94	81	23	63	42	200
47	194	26	178	71	128
32	134	21	174	126	53
190	168	72	49	139	97
52	81	99	55	74	81
32	78	59	192	173	21
30	167	87	166	41	168
138	135	102	153	49	117
164	178	187	61	192	94
96	123	154	35	158	170
111	38	142	79	194	51
111	68	30	178	149	196
114	32	55	179	136	42
89	44	172	88	124	43
172	38	31	142	41	123
137	118	132	188	129	195
34	187	102	117	132	73
72	141	118	148	89	100
175	57	122	149	47	148
99	109	160	87	57	175
54	136	141	28	143	67
53	83	123	96	94	28
172	51	44	140	97	179
120	156	55	122	101	55
21	105	72	52	82	168
21	146	135	178	174	99
70	62	188	74	171	132
120	95	97	126	109	63
138	128	182	45	154	199
104	163	164	61	45	41
186	126	38	128	157	152
159	183	63	29	152	196
185	153	67	183	177	26
39	163	136	119	178	160
131	193	77	35	155	107
110	183	45	60	87	157
78	199	131	66	106	165
107	47	110	77	42	137
183	93	137	102	168	146
70	98	106	60	178	97
29	172	163	99	34	52
104	67	112	171	155	178
157	186	160	186	44	193
142	28	98	126	130	76
61	182	45	143	76	184
171	32	165	30	100	27
176	42	109	139	174	84
157	148	79	123	43	151
131	60	116	165	39	30
51	74	57	112	122	22
130	137	117	146	61	121
62	126	31	146	134	145
78	28	112	59	43	32
138	166	60	98	150	129
164	174	194	138	47	135
187	82	83	178	92	135
69	153	111	63	121	121
49	138	113	61	138	40
37	23	190	146	25	152
74	151	35	134	187	115
140	64	75	116	159	150
112	115	40	66	189	168
141	105	68	54	111	128
72	53	113	157	102	171
103	153	71	119	200	107
101	32	136	92	80	73
136	129	160	24	105	198
170	93	197	36	173	48
92	114	27	22	129	94
147	192	165	158	117	149
88	29	48	157	108	177
195	176	156	85	135	81
132	159	155	137	86	127
29	147	101	27	103	41
158	181	36	24	174	50
186	82	33	69	71	88
80	27	67	102	178	134
198	135	66	21	103	108
171	195	153	141	65	39
192	153	79	194	85	182
54	154	166	82	126	46
119	184	163	64	28	118
173	186	123	132	101	31
26	107	142	39	23	51
24	173	138	49	71	164
99	127	47	76	147	79
116	139	142	110	47	78
105	168	42	41	142	106
68	80	94	193	87	154
22	197	21	39	62	164
121	122	118	139	120	97
30	57	195	85	198	102
39	49	162	195	106	74
42	184	123	49	27	121
23	51	187	100	187	188
79	120	85	84	99	185
87	163	195	30	170	33
48	149	94	136	34	143
66	121	128	53	133	135
72	100	108	61	60	86
42	141	124	195	171	84
150	147	173	193	106	48
33	31	22	167	29	125
31	130	40	80	38	115
94	61	153	101	136	158
187	74	163	93	137	96
84	148	120	144	38	70
155	21	53	115	175	189
141	147	167	166	95	148
38	40	186	190	83	169
51	144	96	58	196	58
191	167	30	176	59	95
149	34	36	117	99	92
51	89	32	182	179	47
105	26	130	157	129	172
181	160	147	101	137	80
183	183	149	46	77	31
59	181	131	119	85	38
102	195	183	111	78	171
170	62	37	86	23	167
170	153	119	186	160	122
89	136	155	179	152	31
65	190	28	112	61	44
89	102	172	175	99	174
200	63	42	72	152	117
94	77	156	192	68	134
64	70	136	98	31	150
155	46	137	74	136	126
129	56	75	121	73	164
36	24	36	34	60	53
190	156	30	135	131	49
123	57	134	168	170	69
50	140	200	65	170	52
110	140	149	21	55	42
81	133	200	49	195	95
51	65	195	117	73	117
153	144	79	165	84	128
39	101	184	41	175	107
175	161	147	89	145	135
130	76	87	97	180	82
34	34	187	137	35	185
188	182	66	68	190	130
123	166	123	58	80	42
136	39	114	168	39	45
139	83	151	76	140	139
132	54	80	22	184	41
179	130	108	121	45	97
143	62	36	77	176	23
30	22	115	24	54	82
108	181	149	199	96	80
44	188	159	199	159	143
21	187	143	176	81	29
31	75	120	187	100	84
190	130	91	177	93	168
50	150	181	141	93	36
58	98	159	121	72	88
107	65	57	155	192	80
200	124	68	151	108	73
76	183	193	85	64	156
174	98	141	47	93	82
53	156	52	68	45	155
172	123	65	61	37	185
131	29	67	199	59	92
64	27	168	195	68	112
139	85	191	143	75	165
175	32	151	140	46	105
73	59	45	128	74	169
155	137	192	80	39	192
193	141	44	94	47	71
152	54	71	94	68	175
51	173	137	152	32	163
28	143	57	63	140	62
177	130	196	196	191	118
169	100	54	121	171	181
81	23	163	59	148	199
67	144	116	75	54	42
64	79	106	106	164	22
21	168	118	139	87	196
100	153	24	109	96	117
182	115	125	150	59	129
59	138	24	45	28	157
185	179	72	26	190	200
104	110	102	152	27	90
107	163	63	170	57	62
67	47	46	90	42	120
21	51	61	29	163	36
50	26	195	70	164	193
52	62	33	76	175	188
117	108	110	105	137	95
132	49	120	51	112	178
152	161	99	128	25	39
35	88	138	162	45	186
45	150	52	185	84	39
181	78	112	32	93	44
57	37	91	46	181	126
95	138	161	102	24	170
164	52	186	101	135	80
46	188	96	98	59	113
135	137	60	65	171	162
130	98	137	40	29	164
37	126	174	86	45	76
141	128	27	68	168	171
74	188	133	186	98	198
22	141	89	30	127	26
113	197	101	61	178	49
119	58	133	26	111	34
132	159	62	74	99	91
98	158	161	182	58	118
178	98	197	75	31	170
152	127	59	42	59	122
65	83	68	30	126	145
77	61	100	114	161	136
163	128	83	49	75	138
121	139	193	28	108	143
74	165	125	118	112	155
37	25	86	156	38	95
75	98	72	160	185	34
57	95	191	77	170	100
40	95	104	160	168	97
95	36	171	197	42	161
183	93	116	81	160	71
112	163	178	178	36	124
80	169	94	172	166	39
106	109	127	105	43	43
36	149	130	169	193	55
139	112	117	105	61	74
165	194	168	46	53	128
152	74	22	91	112	109
189	37	105	184	165	51
116	125	83	174	88	95
196	186	145	74	56	26
102	167	140	160	61	84
119	37	71	70	192	200
74	23	60	70	64	22
22	101	158	37	55	110
77	158	168	22	61	76
184	190	48	39	126	133
81	135	181	74	116	148
173	32	126	200	130	191
143	139	44	194	170	28
22	154	175	72	184	69
52	143	94	106	102	164
123	69	76	104	168	125
170	125	100	87	37	196
60	62	84	129	126	181
80	162	106	67	143	49
45	151	45	85	122	170
91	113	107	78	92	187
52	116	110	99	117	106
57	72	92	86	138	24
87	158	139	155	178	181
134	50	28	85	55	132
153	164	117	55	118	40
32	161	49	66	47	193
32	152	95	120	71	102
25	117	88	128	99	164
47	40	120	59	55	80
122	21	60	89	113	126
195	165	24	121	148	67
102	145	53	39	28	88
156	61	116	94	114	67
200	110	42	174	93	127
161	170	200	158	69	184
81	200	136	88	91	169
139	156	25	99	90	195
82	36	145	21	55	100
177	129	62	34	42	65
76	32	99	89	145	175
71	36	90	111	109	113
37	33	168	100	127	160
149	113	84	101	197	43
72	55	62	98	76	31
124	184	63	131	126	34
112	134	33	194	98	160
81	96	88	179	28	114
172	64	157	32	70	92
111	143	60	89	85	23
99	110	30	52	74	138
137	104	108	82	159	157
117	146	96	81	144	164
124	25	90	110	172	58
100	51	148	122	46	37
38	177	76	69	122	46
157	124	135	189	152	171
94	59	65	29	91	179
36	119	105	110	195	135
170	44	171	183	36	44
103	56	179	167	55	146
154	141	102	89	92	193
121	121	81	112	130	111
81	153	73	96	156	162
88	192	74	67	83	150
95	67	151	37	40	93
171	27	25	158	169	151
129	88	192	82	72	46
192	137	186	170	76	21
107	45	79	98	141	132
49	117	54	70	94	182
157	194	65	159	113	84
111	86	27	85	194	142
120	168	133	136	167	89
24	186	187	122	164	131
93	167	144	122	200	111
131	141	33	66	124	145
91	180	121	176	61	26
111	144	54	36	31	184
80	139	146	44	95	121
66	74	139	120	189	134
163	54	124	45	102	189
82	55	196	161	168	129
32	58	31	133	151	118
157	36	57	82	36	158
168	61	75	115	161	107
192	49	72	189	159	89
166	141	66	126	64	26
169	192	127	199	62	94
41	190	60	101	187	180
79	80	108	113	73	125
120	137	164	178	157	71
73	178	82	118	131	188
62	66	141	172	190	62
199	33	93	145	69	115
182	41	140	29	118	125
142	134	55	147	59	71
143	40	172	53	140	194
41	167	104	49	169	175
149	40	130	153	184	149
71	60	108	91	55	69
146	107	149	46	33	142
163	143	164	49	131	23
195	36	44	119	40	92
97	170	121	111	21	172
97	181	35	112	94	96
200	132	67	36	186	90
118	194	104	194	97	142
118	158	78	160	100	61
114	27	56	71	190	77
182	117	196	76	73	74
173	166	31	142	40	74
75	103	172	196	60	88
100	41	95	132	179	116
161	138	104	132	103	92
93	51	113	189	87	28
63	167	177	192	115	64
83	90	44	69	197	184
110	37	160	171	159	145
195	25	191	139	130	134
32	181	178	83	154	185
103	27	46	146	87	135
194	89	145	91	91	57
113	122	132	146	121	127
149	25	141	179	127	196
38	69	75	173	119	139
57	191	65	31	97	78
92	155	103	136	73	72
145	161	173	61	48	68
109	142	126	151	62	44
101	129	70	187	54	103
144	115	168	21	159	113
127	146	52	189	136	145
187	101	112	91	161	137
162	124	41	48	100	76
125	90	133	78	159	80
141	97	75	148	94	130
150	29	138	58	118	141
185	55	197	126	200	136
89	176	144	155	126	85
186	52	136	56	76	188
90	50	65	83	159	173
140	93	24	192	45	125
67	72	157	54	62	155
95	130	34	68	115	78
72	120	92	74	168	113
105	123	77	131	72	73
55	80	92	200	63	66
194	141	95	84	186	173
36	86	119	122	35	59
69	31	29	79	91	159
198	117	180	184	123	67
170	74	52	178	47	49
124	125	49	162	138	81
174	142	148	55	119	77
181	48	110	133	72	138
68	199	185	50	77	175
81	70	96	103	142	165
175	131	182	50	135	138
111	150	132	25	160	149
30	76	54	125	30	102
94	23	82	128	55	42
99	55	168	99	157	32
83	180	61	174	158	121
182	54	112	190	116	70
155	126	94	111	26	147
127	183	89	91	179	52
97	138	197	60	175	68
90	59	151	46	114	81
142	175	72	46	97	48
73	39	91	198	146	117
132	77	58	194	130	117
21	148	138	101	74	49
59	97	41	141	111	154
197	176	192	74	99	33
30	173	35	71	96	111
144	180	21	189	43	166
105	195	52	92	27	114
131	24	41	174	51	53
73	38	27	137	117	106
169	194	98	162	26	118
182	140	32	170	129	183
129	106	160	36	173	155
62	29	86	177	111	165
72	79	110	129	94	196
119	187	71	37	126	60
160	85	145	199	55	86
38	111	187	58	60	67
106	156	73	162	136	115
177	200	110	95	199	123
135	64	166	39	80	90
198	36	169	150	97	163
47	105	122	71	76	188
95	140	152	147	80	128
151	66	103	58	21	127
33	85	157	61	57	157
22	189	58	196	122	188
63	138	54	75	185	104
179	41	91	136	118	111
164	150	34	71	76	59
111	63	139	59	182	66
164	94	72	34	97	171
169	141	137	171	46	27
100	67	138	25	114	153
158	106	63	103	175	177
53	25	120	192	84	96
120	198	187	164	193	196
139	26	45	81	159	162
65	79	91	42	96	72
54	177	72	58	99	120
162	108	110	66	159	103
97	194	86	129	151	192
133	72	50	141	53	157
190	81	124	136	157	184
110	53	45	97	100	143
68	174	97	102	96	51
171	175	136	40	63	197
194	102	106	92	102	57
137	68	26	168	101	180
74	175	191	150	51	190
186	131	50	128	90	165
68	138	114	96	137	66
175	92	123	43	168	33
35	124	52	132	55	63
177	50	44	61	27	36
61	90	133	181	197	27
122	108	87	178	182	72
59	82	64	187	133	106
114	50	80	162	76	188
192	199	89	197	63	103
90	42	27	138	91	145
94	107	103	169	176	106
174	123	191	155	186	102
108	177	36	145	106	69
169	177	37	141	36	141
23	72	93	142	130	198
25	181	200	186	69	181
174	62	168	111	49	76
162	79	164	98	77	50
38	65	49	176	155	173
198	153	114	183	85	165
74	72	133	61	194	149
113	148	35	126	63	92
107	105	72	147	46	125
22	142	48	67	28	144
106	174	59	85	122	27
78	30	79	141	190	29
87	152	185	35	72	60
53	111	128	60	164	110
73	154	116	135	166	64
150	131	61	106	31	143
119	66	38	152	124	100
33	84	36	134	141	174
183	165	119	162	55	85
100	94	23	99	199	101
158	66	34	195	101	137
90	143	25	186	66	28
163	136	199	174	130	69
162	125	100	134	110	92
70	77	131	28	132	200
51	27	173	133	38	95
59	143	101	112	129	164
43	47	185	155	161	113
189	111	29	132	91	166
140	53	99	40	92	149
115	126	28	50	156	128
158	189	41	45	137	134
180	86	23	79	184	195
41	160	103	188	103	76
25	156	174	81	128	198
26	148	109	87	106	138
170	24	133	104	144	62
120	141	42	129	32	21
157	52	127	56	138	173
122	84	24	176	66	167
181	43	184	54	22	198
47	119	35	177	184	103
156	81	83	140	21	133
172	112	200	143	180	157
170	39	113	102	22	91
118	137	80	181	174	178
69	45	119	41	22	197
122	172	21	124	122	45
162	66	188	120	170	78
30	114	32	83	53	149
191	32	160	33	92	133
95	74	106	53	29	62
35	107	83	173	55	174
102	123	54	83	68	21
138	152	157	31	133	126
97	70	94	132	184	128
103	168	139	200	125	134
111	129	160	194	195	150
70	83	185	91	141	119
159	86	152	126	153	107
157	109	63	132	92	136
153	79	36	70	56	157
129	62	181	69	153	175
162	187	131	43	110	106
37	154	33	44	193	175
47	57	194	150	135	24
138	166	73	24	175	96
119	57	50	68	93	198
39	169	119	29	129	133
91	60	123	110	150	127
173	129	147	67	120	147
137	83	37	88	119	139
155	151	153	29	56	70
27	23	26	94	120	182
39	183	112	139	115	197
186	103	67	178	51	137
175	168	42	191	142	155
197	77	152	127	133	187
147	191	21	105	36	147
55	78	102	165	148	46
55	114	169	94	69	75
94	182	116	31	161	176
180	158	200	57	30	170
36	37	153	47	64	179
42	176	27	195	143	160
192	200	65	199	171	114
98	138	79	162	96	184
66	189	130	133	81	67
170	99	118	142	52	88
138	131	116	151	194	23
22	161	85	178	66	26
75	71	131	113	183	159
57	182	56	189	28	31
36	162	97	132	33	94
126	59	134	137	80	167
38	186	155	135	81	177
101	132	126	182	189	86
99	139	187	34	179	50
53	123	138	135	188	25
100	68	159	184	184	89
83	183	84	179	102	169
119	182	101	61	80	105
156	55	118	196	45	179
107	160	134	136	189	132
77	114	23	174	143	152
194	135	47	168	119	133
50	174	147	44	34	93
38	92	154	187	105	28
138	116	28	147	127	59
87	130	106	135	187	98
57	82	33	173	24	149
159	109	75	151	157	29
110	52	168	198	87	50
136	77	29	107	76	129
159	183	118	130	88	104
56	38	27	175	37	58
116	195	107	79	114	98
51	49	103	75	160	168
147	70	181	165	175	144
69	160	196	76	88	64
59	165	190	40	92	120
185	127	82	134	144	167
47	187	108	106	91	100
63	80	175	156	154	27
189	56	130	144	76	162
186	199	33	109	155	177
192	198	74	113	128	47
95	163	136	83	148	74
87	113	153	27	119	40
59	200	163	129	111	93
181	26	113	155	155	199
78	120	34	123	42	167
153	179	65	162	70	104
90	139	56	162	121	35
121	100	78	26	200	93
84	146	117	154	112	97
132	49	187	32	107	34
181	179	45	114	172	177
149	157	130	185	73	165
69	30	194	156	177	119
48	135	91	23	175	187
157	188	46	123	182	170
40	142	105	191	60	122
186	182	149	64	46	99
89	165	149	82	87	35
104	38	141	117	27	79
187	105	67	195	183	42
36	101	186	27	184	141
181	132	36	184	158	87
139	199	133	45	30	96
143	52	78	153	94	78
93	150	167	169	50	58
154	129	189	58	105	179
114	192	152	44	21	152
52	78	60	80	74	180
27	84	55	22	154	34
163	188	83	177	188	33
77	155	23	82	131	53
48	112	154	84	170	95
133	172	58	111	197	169
127	150	71	86	103	58
89	21	190	179	178	103
71	28	99	86	94	78
121	141	50	192	153	91
135	156	137	170	111	84
181	121	66	179	53	35
182	51	181	120	134	67
183	47	143	108	172	61
152	60	39	162	166	136
27	66	101	125	148	119
196	194	83	68	160	150
62	186	96	188	161	127
115	157	184	117	118	126
57	50	33	129	135	33
159	146	83	105	39	70
25	30	84	137	138	173
132	175	28	110	111	190
85	38	116	132	179	89
31	106	200	83	89	82
181	54	150	195	102	112
185	93	163	134	80	94
102	109	104	192	159	44
118	94	167	159	74	30
160	56	133	97	41	146
171	42	162	41	111	87
191	177	40	174	127	166
145	66	198	160	71	141
133	193	179	108	144	73
81	115	82	187	22	44
66	79	57	181	160	92
170	161	38	184	193	152
143	131	133	50	188	162
172	162	121	129	35	191
82	52	35	30	53	147
40	97	34	94	200	133
149	77	151	130	186	167
41	91	70	164	147	197
132	127	95	177	74	146
105	172	189	133	96	50
185	131	178	150	48	168
122	128	159	141	163	151
142	48	141	103	63	128
129	168	85	72	189	135
59	32	57	173	148	124
50	168	45	146	166	200
94	76	103	101	169	62
123	186	50	80	73	64
61	174	169	124	34	113
173	76	100	35	35	150
91	189	116	155	41	99
127	124	71	188	82	92
45	105	117	40	147	90
50	198	171	124	154	131
175	173	77	189	125	154
21	46	116	183	29	145
31	28	159	66	62	101
24	91	89	94	124	104
54	126	78	86	103	63
150	46	107	88	137	123
172	36	120	48	27	96
135	35	73	57	157	192
187	94	189	193	26	181
152	69	101	29	176	21
27	145	96	166	196	191
158	191	41	44	195	194
70	52	69	135	185	111
199	85	44	140	180	186
189	126	61	42	39	62
107	39	130	113	29	160
32	34	187	51	30	136
73	37	126	110	83	67
130	87	169	139	72	53
175	161	107	68	109	190
101	117	175	92	145	129
171	39	42	145	69	121
131	50	108	200	34	142
191	161	162	34	198	97
54	190	67	165	117	122
167	92	25	174	26	73
110	177	165	171	111	24
108	197	157	115	63	131
106	162	68	92	174	157
138	131	100	172	90	92
92	42	98	178	92	104
111	145	153	159	157	125
27	54	119	155	193	150
103	56	100	48	78	155
72	49	55	144	185	82
21	98	148	193	105	171
189	100	151	130	176	87
89	78	84	186	195	200
68	153	98	28	122	78
124	102	120	131	86	38
29	88	40	53	121	66
113	130	36	179	154	159
130	191	101	56	188	126
117	52	57	61	195	145
86	41	85	41	32	172
133	148	81	165	193	34
83	32	68	40	168	85
74	52	97	170	174	127
45	133	142	59	187	78
21	72	49	157	23	112
111	129	71	145	26	166
65	56	56	78	36	45
131	108	27	183	168	141
47	40	195	91	89	200
71	200	77	80	176	105
24	140	78	135	62	191
177	116	107	153	87	41
174	66	82	154	165	52
98	125	126	170	142	170
95	36	71	123	54	142
196	105	97	96	172	162
56	59	139	198	42	55
93	70	118	196	164	65
153	22	154	194	47	78
164	137	82	157	132	156
159	120	167	115	50	56
95	166	32	46	90	93
122	181	157	165	115	60
36	127	84	158	71	114
90	187	57	120	136	40
177	33	153	57	84	105
169	149	61	190	148	115
22	155	97	177	67	120
164	144	199	102	133	128
138	63	192	66	199	176
34	119	91	45	141	129
80	165	40	116	46	160
39	150	79	147	108	140
165	170	193	65	199	26
166	164	96	116	149	76
101	45	24	97	106	179
149	65	92	108	72	52
89	180	181	188	86	111
175	156	131	140	185	110
169	62	143	90	49	37
181	147	156	101	151	49
183	198	128	79	53	164
61	54	91	119	112	41
50	194	104	151	193	91
87	198	91	123	171	21
145	178	34	24	87	183
43	119	21	130	103	183
55	119	133	47	34	62
96	83	22	195	129	126
85	193	167	146	83	175
196	141	103	81	171	168
144	124	112	54	95	83
69	80	183	57	126	140
85	191	163	83	145	49
166	168	31	92	163	67
140	149	87	189	94	138
32	46	177	187	192	101
47	126	149	197	32	132
39	130	90	74	22	39
186	135	163	174	28	186
116	152	64	166	92	56
32	188	128	48	187	58
61	23	139	22	46	46
112	186	144	52	123	131
74	89	122	181	98	149
56	137	160	199	124	115
89	116	181	154	155	124
102	60	194	27	46	38
190	65	123	160	160	67
119	88	66	85	100	51
125	122	74	23	169	101
53	77	105	107	41	99
181	174	152	23	110	65
35	161	113	179	126	54
123	175	190	50	136	153
86	146	81	60	192	199
42	75	125	124	156	124
49	169	63	122	58	44
102	57	109	127	168	119
78	87	30	116	60	140
189	42	87	129	172	182
168	167	176	42	79	164
134	148	110	189	44	110
197	56	105	58	182	168
144	200	184	111	112	97
59	115	110	116	111	73
90	60	51	177	66	38
44	46	86	99	150	39
69	83	136	140	84	126
158	190	21	91	136	93
198	81	117	167	94	185
40	150	135	121	46	171
39	45	88	181	115	193
120	118	91	114	167	174
105	25	141	166	59	128
97	135	28	103	172	143
126	26	129	79	104	60
198	25	184	105	197	35
196	148	29	30	186	150
189	63	110	35	48	64
58	117	145	116	192	52
75	169	83	90	36	108
156	180	61	75	135	90
188	111	63	82	21	52
27	152	98	194	167	156
119	116	112	68	134	111
182	93	100	185	162	72
149	182	166	77	158	45
80	50	142	102	126	44
41	143	187	170	131	80
97	155	78	195	45	176
151	39	23	184	145	107
195	33	158	49	85	119
24	128	33	105	22	41
147	86	190	65	92	198
27	112	155	124	168	132
114	48	156	83	123	85
84	75	174	107	78	150
31	79	102	71	58	59
195	172	84	137	106	158
135	57	51	149	70	194
111	89	159	165	89	150
56	25	73	36	55	163
81	150	196	147	51	70
118	157	74	47	105	76
86	78	191	75	98	136
123	80	108	64	103	156
59	147	121	171	124	105
73	98	105	30	88	93
166	149	95	24	118	102
50	57	39	38	108	82
178	63	51	44	38	76
87	78	100	76	189	169
36	191	76	124	83	181
108	43	76	185	53	91
51	132	191	51	27	82
162	141	56	141	25	181
109	33	153	162	166	114
122	155	172	121	95	95
52	143	104	59	153	57
136	45	147	24	100	139
57	72	70	193	177	24
187	49	175	81	154	97
78	188	186	46	53	185
66	21	162	65	50	97
140	91	99	31	147	108
87	91	140	104	158	23
167	145	123	125	111	147
147	89	60	138	25	148
69	91	181	96	186	155
156	22	200	165	167	56
122	132	133	123	126	137
148	195	21	146	109	177
127	143	55	111	86	122
172	179	142	111	184	32
179	155	138	118	103	33
185	55	141	92	110	160
165	27	130	63	24	157
78	83	149	151	186	55
27	82	159	52	143	184
108	99	75	88	149	185
166	23	57	150	151	169
81	64	185	130	119	135
57	146	169	35	111	137
181	116	124	23	193	167
109	143	75	113	23	27
114	118	79	113	40	81
117	88	189	25	102	170
60	49	97	88	192	153
128	79	25	36	28	115
71	103	188	195	199	144
55	108	173	183	93	56
44	129	179	176	133	81
169	78	63	187	28	132
97	92	118	177	139	119
92	48	83	39	109	83
193	184	85	90	123	112
199	75	151	51	79	125
69	54	153	90	164	187
47	111	97	64	144	65
112	178	99	113	136	109
200	183	157	190	189	120
178	21	52	44	120	113
173	141	89	200	80	105
98	54	198	120	51	37
57	56	145	121	35	147
100	156	140	33	107	21
148	54	154	99	140	142
95	55	153	35	107	31
74	67	185	38	143	145
109	118	164	84	197	90
93	195	178	146	74	102
128	94	119	76	182	124
62	114	153	96	145	123
92	127	135	69	161	129
59	114	76	31	123	144
23	64	191	139	117	145
173	40	179	115	30	115
198	103	162	21	48	182
199	111	86	163	38	77
150	135	75	188	153	98
139	81	42	52	193	63
63	159	70	136	22	97
129	90	166	128	142	93
184	71	70	54	153	70
179	177	160	91	67	188
143	99	166	37	196	51
199	150	127	192	195	122
148	125	114	79	48	182
29	156	113	127	80	188
179	122	158	45	38	149
157	94	100	33	60	149
184	32	129	158	173	130
118	187	125	181	37	82
191	44	146	194	168	189
147	74	192	45	192	75
186	124	184	117	111	98
95	82	78	195	150	79
111	44	81	81	34	69
34	159	177	186	175	61
47	127	22	145	76	87
131	83	59	52	176	76
66	101	114	92	182	45
165	113	149	200	166	161
167	77	147	26	73	155
153	140	138	149	189	200
60	124	118	77	53	79
126	60	118	30	114	43
92	142	158	128	134	174
170	26	66	133	192	79
96	165	23	24	78	169
52	193	53	114	145	172
29	166	155	105	89	40
191	124	146	190	21	64
164	71	149	63	131	65
196	164	151	182	189	29
188	55	65	141	129	126
149	67	94	72	184	77
93	50	192	137	150	73
157	111	199	183	83	172
66	188	79	148	139	83
92	90	141	132	171	102
113	99	45	117	173	89
110	194	84	195	63	173
33	53	106	154	117	27
66	182	186	189	39	75
162	46	152	168	90	170
116	67	22	96	184	128
179	23	170	141	69	52
143	157	143	198	68	180
193	24	88	80	39	193
175	80	161	34	193	46
115	166	133	98	159	76
97	94	101	150	141	58
64	44	21	188	34	170
187	53	160	186	109	133
143	100	49	112	26	30
57	101	30	200	109	48
113	69	88	26	69	200
26	37	26	33	167	47
172	96	139	197	169	188
151	58	70	122	98	138
103	191	161	128	103	171
136	59	73	190	126	134
169	150	157	192	79	161
129	63	52	54	78	80
180	188	110	118	192	179
70	101	107	97	37	80
65	69	85	21	136	98
42	127	63	168	145	127
117	192	103	108	114	170
82	83	73	183	178	27
34	161	98	163	122	168
164	156	28	83	40	54
87	90	87	196	191	101
42	82	175	97	156	155
54	130	137	115	130	58
191	102	53	175	94	36
166	47	109	118	26	68
43	85	179	155	55	62
30	125	122	115	147	81
53	140	156	136	125	190
172	36	44	37	168	97
43	62	100	84	107	151
126	178	64	110	117	180
165	186	152	166	145	142
24	36	190	38	197	148
160	174	75	196	65	53
169	63	141	200	55	60
69	168	191	190	113	194
151	127	43	40	118	119
182	125	101	32	141	101
70	29	181	168	37	30
181	66	83	150	66	177
45	180	51	55	70	59
75	26	97	128	77	23
88	36	151	61	64	160
39	133	123	186	103	152
82	198	150	115	58	130
167	23	128	188	103	24
181	199	52	46	101	33
110	94	24	195	86	42
77	68	137	39	119	52
96	62	72	130	65	166
187	123	63	189	187	183
112	113	69	62	123	125
21	44	181	97	41	59
105	136	69	89	122	45
191	133	113	52	147	114
139	55	178	124	102	165
153	66	123	61	131	109
24	76	133	147	133	129
103	164	188	176	61	37
75	140	57	173	101	90
138	196	110	181	23	88
132	170	77	143	143	190
106	155	143	65	132	119
95	110	64	124	173	172
99	177	119	181	173	152
121	198	100	112	154	101
127	178	165	40	37	101
146	116	158	56	104	37
23	82	126	191	48	139
94	118	38	177	33	41
164	152	54	105	99	151
90	57	158	138	199	113
191	181	70	26	65	143
111	23	83	41	169	156
116	165	173	45	137	61
81	200	123	73	145	58
74	109	105	191	194	99
92	129	97	159	39	93
117	112	163	54	33	154
101	52	22	191	49	145
158	137	199	85	84	47
22	174	183	101	55	94
93	114	157	23	145	91
31	173	125	22	60	169
185	94	128	109	110	47
86	57	118	86	37	108
178	111	166	190	70	26
85	41	88	189	130	110
111	131	32	197	191	66
28	71	44	69	148	103
156	118	125	24	139	33
164	53	55	111	82	173
156	151	132	23	94	62
192	136	120	162	178	77
182	160	100	59	164	125
30	87	59	91	148	148
146	44	71	58	83	29
191	160	149	88	200	156
99	23	59	161	96	172
140	31	179	29	109	54
96	185	79	125	154	84
200	130	79	124	141	29
123	200	90	83	52	127
59	174	26	180	190	92
161	46	184	135	191	71
58	102	89	135	58	128
160	37	56	32	121	40
124	187	123	89	83	150
134	182	112	185	113	192
179	106	134	96	86	104
21	168	64	194	166	153
102	190	55	99	43	37
171	156	31	178	95	76
172	92	59	133	101	64
59	64	199	162	49	173
86	163	124	111	141	176
182	182	42	86	79	149
54	74	126	169	166	96
55	103	51	137	109	142
158	98	89	107	188	176
64	71	161	76	195	64
86	165	120	37	196	111
132	103	88	135	127	103
86	174	132	83	190	195
46	127	164	119	71	82
34	164	64	114	53	76
154	99	68	135	191	31
68	176	98	187	183	152
165	154	128	35	195	87
132	184	32	120	74	134
56	191	100	84	190	188
104	160	54	92	120	105
187	124	189	78	78	120
150	52	34	154	46	72
93	193	194	192	151	120
75	73	47	170	91	102
73	153	60	23	26	171
138	78	47	138	195	162
146	68	90	131	108	78
83	124	175	172	45	161
82	153	65	145	152	115
107	154	72	73	163	121
173	122	88	139	62	92
42	54	134	179	50	47
22	134	49	35	181	39
149	157	79	194	108	65
27	22	154	62	149	21
80	197	162	31	130	88
127	69	135	137	199	71
152	151	61	169	65	177
37	156	29	108	174	36
53	186	132	161	37	100
194	61	196	82	78	121
116	23	191	104	177	160
44	73	195	146	104	42
116	173	133	186	170	121
93	51	172	54	21	158
37	148	125	167	59	192
176	72	38	50	163	48
102	115	51	72	117	177
102	124	144	95	173	63
97	134	85	50	85	58
24	174	174	176	172	126
168	166	141	144	153	164
56	91	92	173	167	173
112	106	195	145	67	22
128	88	64	28	107	88
79	119	86	53	180	152
75	100	24	170	74	145
48	52	187	47	115	147
169	58	167	57	170	166
115	188	98	62	69	183
164	34	186	87	41	146
157	28	186	113	53	194
147	22	132	76	58	160
59	78	187	159	35	40
81	28	158	66	70	154
72	80	170	117	177	67
53	64	183	31	134	81
95	177	137	92	76	97
142	110	126	97	83	152
114	190	155	35	76	38
192	161	103	33	158	132
153	139	65	29	110	123
160	193	26	149	62	131
163	74	138	137	27	93
105	56	131	149	70	80
117	73	176	76	144	23
110	118	29	71	170	197
117	131	177	136	76	132
127	155	173	110	46	132
116	104	106	41	105	109
88	83	157	85	89	162
63	32	135	25	182	37
65	34	34	149	43	57
50	61	45	36	174	88
73	55	133	189	121	109
173	197	142	63	67	163
156	43	200	128	102	103
82	118	65	190	44	149
163	188	46	66	198	159
198	90	107	82	160	50
78	177	28	141	149	117
180	26	168	182	181	172
136	29	199	90	151	173
45	156	96	185	147	156
87	24	52	48	77	44
61	28	69	128	110	105
110	92	142	22	113	146
44	198	159	151	123	75
158	64	191	188	70	113
191	172	140	23	80	180
107	158	123	51	23	127
178	82	100	138	32	47
112	53	25	128	79	71
122	184	151	24	61	152
173	157	162	104	32	192
60	87	176	186	72	85
97	64	114	197	182	154
85	77	193	21	62	45
107	22	182	144	63	115
181	162	49	134	161	83
33	48	141	64	28	50
42	29	180	31	41	171
47	71	50	34	132	150
55	120	102	63	48	76
167	81	62	31	178	103
191	159	28	171	167	30
69	86	197	124	111	66
77	105	106	56	172	181
113	21	91	25	35	105
101	78	73	52	103	25
58	146	94	185	64	39
53	128	43	181	71	84
121	187	187	122	94	98
144	111	131	193	76	163
132	95	173	198	168	99
182	47	142	154	31	162
180	63	91	186	63	197
166	171	192	24	80	73
35	161	54	35	169	141
31	30	140	59	185	107
139	171	24	32	78	40
102	167	148	161	106	35
174	55	21	169	46	140
144	39	190	79	152	185
100	171	60	114	113	107
156	110	53	167	167	74
186	38	183	107	113	100
144	51	200	45	97	104
28	186	92	192	113	22
89	157	155	91	119	105
24	166	53	200	118	193
154	109	121	37	78	61
190	88	145	84	200	138
33	26	75	180	75	29
190	22	76	145	177	115
80	124	82	140	156	93
129	170	142	143	124	191
97	164	58	141	154	38
24	196	75	129	124	161
93	148	180	84	77	74
117	81	25	124	37	121
184	92	83	180	117	78
165	69	60	122	37	186
153	164	102	142	40	96
164	91	77	55	31	126
170	93	96	152	56	179
170	129	62	123	73	85
187	156	64	72	35	55
127	187	32	137	121	35
126	148	80	153	142	30
120	137	161	94	189	133
113	87	163	136	38	118
122	186	58	111	126	49
90	22	169	57	94	83
33	62	53	79	78	122
119	53	136	86	163	44
192	121	186	118	94	186
145	86	179	51	70	156
167	195	98	97	92	81
92	128	131	53	78	23
181	197	147	198	26	56
161	170	65	80	61	110
42	155	193	193	178	42
168	103	82	72	92	116
64	191	42	58	29	174
72	125	156	40	103	193
154	106	122	33	67	80
86	124	188	109	200	25
92	193	198	131	149	162
57	185	112	66	152	102
31	112	166	194	195	84
195	184	88	84	139	60
186	156	97	137	194	170
59	148	109	127	191	152
32	150	158	40	52	160
66	56	124	52	104	120
84	67	155	124	147	106
44	89	164	144	79	131
24	33	124	172	195	71
77	130	37	91	159	122
109	116	159	184	160	26
57	171	143	167	171	116
149	77	98	163	182	86
188	30	194	99	134	193
151	188	97	82	74	198
59	138	74	35	99	143
147	125	128	64	174	137
130	96	180	123	170	83
63	180	157	102	35	188
40	156	77	124	107	156
135	154	69	128	146	147
157	74	117	194	45	159
69	63	54	145	162	187
52	166	136	92	126	62
176	174	159	86	27	158
174	73	173	89	55	92
168	50	110	187	121	133
61	41	51	43	139	69
174	50	25	133	61	152
26	190	125	120	30	104
140	71	122	197	107	115
63	125	32	174	28	179
94	124	34	183	56	138
109	28	132	163	118	72
170	81	120	35	166	158
195	138	174	105	116	115
24	55	140	104	58	77
50	153	79	95	123	104
40	197	42	79	43	154
152	58	73	91	136	95
89	116	152	153	74	113
47	188	179	117	68	174
66	46	79	154	97	139
132	160	147	79	188	27
126	184	63	197	109	140
96	142	115	52	122	147
180	65	53	107	103	118
67	33	131	23	36	62
133	102	22	159	172	23
137	59	120	33	116	49
151	23	35	95	75	155
111	32	151	71	90	154
151	164	70	199	196	25
133	166	168	28	131	82
22	108	31	153	160	124
103	130	155	130	165	139
191	117	182	103	84	71
98	114	155	133	62	99
103	192	130	122	167	149
191	124	78	176	129	112
82	55	101	137	129	96
115	141	88	128	146	69
57	164	23	189	188	179
183	40	175	105	121	151
31	29	114	170	196	40
118	195	114	41	94	109
87	60	188	47	57	24
105	180	69	155	77	173
146	190	122	125	135	66
199	91	136	163	127	77
184	171	103	103	123	187
135	176	104	158	151	126
186	177	33	79	87	46
176	109	184	190	44	42
97	151	184	156	145	33
33	89	39	90	191	97
159	170	62	121	94	40
86	125	29	39	71	181
101	84	199	160	134	71
76	45	90	190	148	185
157	62	33	127	84	140
90	98	138	138	134	74
185	113	151	167	22	67
36	129	160	98	109	120
56	92	169	138	185	185
146	24	148	152	162	108
21	159	128	168	90	37
122	51	28	181	44	192
172	28	190	151	21	75
38	76	64	174	47	58
107	77	154	169	31	40
199	130	100	192	107	178
28	165	143	88	58	28
156	86	112	184	186	69
146	105	182	29	51	38
44	110	126	112	81	133
135	37	129	167	137	95
199	71	123	42	197	143
101	22	107	111	35	97
174	97	102	40	29	121
57	38	51	84	75	21
97	192	192	83	146	177
199	39	108	154	45	135
53	134	177	46	59	43
50	109	134	53	105	131
122	124	93	171	194	102
50	64	173	79	154	200
184	196	26	46	103	200
160	180	176	175	196	79
179	60	195	55	189	181
107	176	79	155	53	71
199	26	97	126	97	114
36	119	35	41	196	149
29	178	184	67	94	187
176	193	58	115	88	117
21	108	98	152	131	105
144	107	119	77	110	74
126	119	129	179	96	37
95	149	44	28	167	156
200	106	145	129	131	97
192	150	124	80	42	164
136	55	162	161	181	142
24	127	183	142	154	61
27	35	152	173	68	95
167	58	120	166	46	184
123	132	192	85	176	193
190	156	176	121	143	100
27	53	43	38	172	181
64	42	138	128	146	118
161	64	128	180	55	169
122	163	58	38	96	136
81	167	144	101	33	121
113	116	23	112	21	185
33	53	101	162	125	159
164	108	192	178	194	167
124	128	190	45	27	64
117	127	87	141	130	143
130	179	139	103	125	53
119	62	22	68	128	101
128	138	170	137	28	136
41	182	134	141	94	183
179	106	75	194	101	182
33	148	179	67	142	115
62	180	49	119	187	93
181	197	148	168	148	137
122	79	155	30	186	21
27	75	139	64	62	98
23	156	119	55	102	167
112	119	88	51	144	99
113	162	51	164	41	196
150	120	70	196	71	140
172	81	111	166	92	39
74	104	95	124	52	43
194	159	69	126	131	106
173	68	153	72	138	196
50	161	200	82	147	192
169	145	141	121	117	103
184	67	74	135	98	38
73	185	186	116	199	25
93	173	168	176	25	76
101	55	135	81	161	47
22	58	29	76	192	52
115	86	197	41	58	47
199	46	125	43	58	114
132	165	162	143	130	67
98	60	65	50	26	184
149	34	170	190	117	88
198	45	29	180	139	189
165	129	181	132	21	148
175	196	137	37	115	84
151	89	182	52	140	146
158	120	126	82	28	85
97	117	147	159	37	102
183	85	120	74	54	155
33	85	154	136	151	88
144	57	44	126	40	179
134	38	22	91	55	116
109	102	151	71	184	116
165	144	185	166	124	167
54	53	91	34	89	76
102	49	103	124	166	135
169	182	190	149	190	193
66	54	120	95	52	63
102	166	70	145	77	149
45	178	74	21	193	158
131	57	114	164	86	83
34	22	91	166	172	80
136	112	125	190	59	99
92	46	172	58	99	96
143	72	125	189	100	177
131	118	168	113	163	107
147	38	38	157	103	179
137	161	103	190	59	73
135	92	194	42	106	23
41	175	41	85	181	117
63	35	86	96	196	47
146	194	71	35	162	107
44	36	44	89	112	96
29	170	36	176	149	72
138	23	194	73	133	123
139	52	55	143	192	43
165	152	135	86	127	188
35	83	80	25	166	186
157	24	187	93	147	73
141	115	192	42	153	192
30	132	122	82	42	196
170	85	166	122	50	107
67	155	161	35	69	110
38	173	141	43	175	130
73	177	63	180	97	110
182	104	107	127	169	58
43	90	82	28	126	191
72	96	122	136	46	123
124	112	128	58	200	181
168	102	89	136	85	153
78	164	142	136	25	152
149	155	149	60	189	59
169	99	128	164	151	122
71	186	25	105	38	103
80	64	120	122	104	119
90	133	165	81	188	131
103	130	176	189	113	67
142	166	174	133	109	175
176	123	168	156	89	24
21	73	195	98	197	133
79	68	144	46	121	39
41	55	59	106	150	30
105	199	92	30	156	46
200	45	28	48	44	75
69	106	184	53	113	44
180	102	112	124	146	165
129	133	166	159	127	27
42	46	168	30	107	168
191	107	129	198	22	108
88	34	95	84	42	51
113	162	154	85	156	112
50	24	199	142	61	165
182	46	81	71	24	167
141	22	83	152	32	187
183	101	134	190	39	195
153	32	162	58	164	170
138	97	90	190	109	138
74	139	70	133	176	149
126	99	185	71	34	91
157	103	199	163	153	150
146	64	147	126	154	135
79	53	23	131	174	186
42	188	98	196	30	179
141	50	188	146	172	186
47	192	146	109	189	116
72	72	132	60	73	95
28	25	138	73	194	189
181	157	75	168	170	132
101	162	165	52	67	66
39	74	85	179	168	199
22	172	190	160	197	22
60	137	125	118	167	48
85	168	91	134	120	159
62	56	48	189	130	73
55	163	98	63	126	73
163	196	186	77	51	28
111	25	36	162	173	85
52	159	181	98	196	22
186	41	189	175	90	106
123	174	79	35	37	33
40	69	49	188	123	195
27	130	37	158	65	176
69	33	37	54	200	57
196	95	123	122	122	78
121	118	55	87	110	197
158	102	188	48	47	190
36	106	140	157	55	60
23	27	25	100	162	163
22	153	179	82	99	43
72	182	179	127	41	168
92	47	21	81	54	163
24	100	119	132	175	118
50	133	141	132	60	148
85	146	185	176	100	27
71	67	135	60	61	172
49	63	59	29	147	178
145	114	133	62	121	153
154	170	173	39	143	50
123	40	65	148	65	27
155	171	34	61	129	159
147	98	191	127	164	93
35	106	42	193	46	188
197	138	70	182	22	41
99	134	171	188	143	197
186	26	83	170	42	177
23	62	152	150	147	167
174	188	65	44	24	115
68	156	126	150	46	121
191	134	66	183	167	167
128	129	33	76	118	84
82	132	82	137	150	116
49	131	175	38	48	101
178	183	123	24	180	63
118	29	112	185	54	64
196	78	79	148	112	33
56	31	58	157	175	96
127	177	86	57	186	79
89	135	140	37	111	195
57	114	169	29	102	38
178	192	52	75	198	145
151	58	154	136	57	166
163	26	200	177	91	23
105	67	155	176	137	164
55	114	196	25	106	164
64	59	21	138	77	75
112	62	148	21	168	60
25	78	108	189	31	132
132	22	83	104	160	158
78	188	152	88	29	48
170	57	137	194	70	117
30	92	91	62	200	176
77	171	93	56	192	40
46	87	108	132	186	148
119	66	153	34	104	115
147	197	177	26	177	45
173	182	144	67	148	136
27	108	165	34	135	97
42	164	172	162	154	141
88	83	190	194	188	121
23	55	92	40	27	115
60	77	95	79	47	32
44	49	121	127	109	190
118	83	25	131	55	197
29	191	130	93	21	175
134	146	106	119	166	38
55	196	186	117	62	82
91	21	77	124	182	122
179	176	45	97	183	69
120	114	45	176	64	186
124	145	85	69	31	113
128	141	119	119	166	81
54	64	109	144	74	34
90	122	102	65	150	50
193	55	125	107	99	144
121	168	52	123	154	31
153	175	98	96	46	113
116	28	107	97	200	192
189	105	190	136	39	85
120	62	183	200	80	174
84	91	91	80	161	40
170	101	104	141	99	109
175	106	63	64	192	111
156	105	43	151	178	141
43	187	84	122	77	137
47	56	117	30	33	195
140	154	188	87	29	193
65	116	147	87	144	151
181	70	22	173	38	154
171	181	52	73	181	86
134	126	126	195	84	87
68	78	65	155	177	22
96	146	117	44	80	130
96	132	57	67	155	32
27	47	55	73	93	84
127	134	96	171	79	200
112	75	185	79	193	151
144	36	22	67	149	141
188	142	181	103	41	141
97	123	180	99	160	34
59	160	28	154	146	126
49	90	44	194	74	73
177	148	188	28	36	166
195	131	23	124	36	22
167	184	180	146	142	188
195	108	107	41	104	81
80	24	123	199	39	170
148	159	50	192	45	56
162	118	117	151	159	178
184	161	147	125	67	178
143	72	169	99	150	98
30	128	187	184	128	103
195	195	174	154	190	22
198	94	33	34	168	183
58	179	183	174	67	154
111	142	29	183	169	171
73	192	63	52	59	107
51	162	128	171	21	38
172	140	108	21	78	86
28	92	184	44	59	90
131	177	37	57	99	187
127	177	174	180	143	41
73	27	154	57	82	150
167	56	199	150	33	152
118	133	146	36	74	147
131	48	134	125	188	76
155	109	125	48	83	74
77	28	126	34	26	35
58	151	62	161	158	80
28	137	142	86	179	197
46	93	101	46	173	28
185	169	100	105	184	52
54	192	92	118	47	71
200	73	183	152	170	147
80	49	88	79	168	155
58	29	172	105	183	127
83	117	120	160	112	61
57	51	162	173	48	90
147	68	92	127	41	153
150	96	32	69	54	51
99	32	38	69	32	96
96	76	170	94	154	117
41	169	131	178	26	43
86	22	54	43	45	92
123	27	34	187	150	99
25	110	66	153	174	184
33	151	125	183	49	191
55	102	108	53	137	190
124	118	197	22	32	74
32	154	198	137	136	52
29	102	156	184	82	141
68	137	45	129	25	149
102	156	41	60	144	21
66	162	54	124	151	92
123	86	188	32	133	116
41	88	30	180	104	125
67	29	183	123	53	49
49	118	32	133	151	72
26	133	116	184	133	197
42	58	130	47	63	87
69	162	21	136	42	159
155	25	95	186	160	40
115	61	160	161	184	64
114	121	197	118	160	61
127	121	64	197	198	56
119	41	38	175	180	50
179	123	161	152	27	80
54	33	96	175	177	38
92	126	87	162	121	120
44	180	173	54	191	56
28	34	25	38	46	154
160	102	183	53	39	173
199	45	190	163	166	99
38	196	135	163	153	191
31	100	159	44	49	191
198	90	38	106	107	59
181	117	59	168	174	108
89	62	44	135	37	31
196	156	21	125	105	93
33	188	183	147	123	131
124	108	185	181	77	136
27	148	125	83	194	116
132	40	174	43	76	93
154	120	34	165	119	72
189	47	109	189	87	197
139	179	172	33	186	84
94	165	192	109	190	168
70	116	179	143	33	40
35	80	191	138	106	75
130	155	30	94	44	147
140	100	59	162	163	39
173	45	141	95	96	169
68	117	110	182	28	184
56	164	28	192	76	54
78	148	131	187	58	116
160	183	115	97	63	149
159	115	164	175	185	116
88	198	22	26	186	185
59	142	181	123	179	174
130	25	171	94	66	72
180	34	135	136	54	23
106	65	29	120	82	127
78	187	30	88	86	109
88	102	156	165	102	173
33	93	179	93	153	135
151	176	135	134	140	134
166	117	59	116	64	189
200	21	103	79	143	105
133	50	151	130	109	100
112	68	180	98	181	64
174	52	31	140	115	181
116	27	95	23	186	138
94	50	146	187	191	172
152	28	47	192	133	82
153	158	187	178	46	68
158	41	36	86	46	171
85	140	168	169	141	78
24	92	119	49	35	144
81	147	103	79	56	52
177	170	50	67	114	151
134	76	105	118	33	151
60	191	72	125	86	114
135	79	188	58	142	171
54	35	180	80	74	53
33	23	68	107	142	111
33	185	195	175	156	125
156	86	99	79	126	82
128	88	115	116	81	147
41	101	175	121	48	64
45	158	128	174	61	77
165	37	91	21	147	161
157	28	156	47	156	44
182	81	149	197	80	161
113	200	190	103	194	137
117	114	109	136	34	146
105	193	116	164	84	47
198	168	120	151	120	133
47	81	108	58	130	169
165	190	183	136	66	127
33	42	32	143	24	23
149	198	124	127	150	93
24	39	165	76	90	198
52	188	102	100	185	72
63	71	179	166	120	46
143	29	187	148	185	127
53	109	74	166	145	67
84	126	162	132	186	103
54	180	123	174	75	159
114	84	75	38	151	107
62	51	167	113	92	156
129	186	95	98	91	112
58	75	126	61	109	99
24	123	68	173	101	89
133	122	108	37	164	94
128	74	195	26	46	39
98	147	159	53	25	96
181	196	62	36	110	52
123	101	114	171	141	191
96	102	114	198	40	134
149	74	150	82	55	89
161	115	139	75	163	134
158	179	50	60	119	104
56	62	51	193	111	156
157	200	113	128	188	38
106	67	90	27	171	130
109	169	169	28	188	87
143	124	157	180	145	31
53	133	82	140	200	164
50	118	125	159	101	183
118	161	83	176	92	154
61	97	38	130	41	53
141	96	28	114	179	183
35	38	127	30	105	62
191	155	115	129	32	124
134	159	184	128	42	173
115	158	142	109	63	65
131	143	142	162	174	148
169	82	108	188	38	133
182	195	125	125	153	153
131	82	38	77	143	169
159	138	69	190	117	46
190	27	173	122	124	36
51	58	163	181	185	33
196	177	49	49	167	181
118	51	24	61	144	193
139	199	193	191	41	138
31	168	193	120	136	150
148	165	164	48	151	48
36	115	41	187	140	68
69	139	30	104	164	116
178	90	139	24	139	74
190	194	77	196	96	71
135	54	60	129	113	162
60	48	23	23	136	41
173	199	48	74	32	199
63	197	34	97	79	117
171	130	141	123	195	41
174	176	153	194	79	105
76	50	188	187	44	194
114	173	76	194	105	79
43	26	166	113	197	138
146	25	63	157	23	24
54	149	106	67	54	130
28	99	136	62	126	149
84	152	39	104	191	116
55	43	190	181	45	136
49	131	136	79	163	133
45	23	80	140	134	155
21	57	21	100	197	24
119	114	184	126	112	100
110	37	113	107	126	153
93	88	64	41	177	33
30	128	151	104	190	150
93	42	48	132	81	144
168	77	182	118	59	113
39	117	157	108	39	184
54	148	94	111	173	26
113	149	67	190	149	85
156	190	107	119	28	185
74	175	54	108	41	61
85	112	21	130	130	171
194	72	89	23	151	60
139	66	76	106	117	199
75	197	126	75	56	37
89	143	50	72	160	28
62	176	88	171	94	124
193	182	184	71	46	38
130	180	52	103	40	70
126	51	24	114	136	35
85	57	122	75	102	125
35	49	143	39	72	187
192	189	196	145	186	90
43	90	127	125	97	104
40	99	151	137	110	170
67	138	39	165	141	31
87	169	102	68	148	199
173	185	159	58	42	113
96	107	113	55	60	63
96	97	92	143	52	34
80	134	159	139	144	171
180	146	137	169	195	56
191	97	119	54	154	70
197	92	135	21	178	30
97	39	183	39	143	143
104	156	74	149	89	193
123	191	156	150	33	120
61	141	86	87	67	57
74	151	71	55	152	139
146	30	81	59	61	195
37	168	60	180	165	148
59	77	156	144	146	60
187	58	62	151	82	87
73	177	112	129	153	117
66	43	88	116	70	117
109	107	124	184	160	150
169	49	46	186	178	53
148	181	39	84	152	151
91	110	62	163	142	94
198	78	77	49	147	119
154	82	164	35	105	24
163	60	26	84	153	150
79	97	44	118	130	84
137	87	36	29	167	59
84	139	96	161	173	170
139	130	47	164	61	83
75	196	41	85	36	39
98	87	43	24	174	178
72	123	72	119	162	46
92	41	143	68	198	183
72	59	77	25	86	124
165	160	62	40	100	147
125	54	106	171	138	110
198	135	128	134	69	99
50	97	134	92	134	143
96	101	33	82	190	172
139	49	66	70	181	94
60	132	124	125	173	189
171	156	139	136	76	183
29	23	70	86	83	135
86	177	93	185	101	178
175	129	153	136	52	108
47	136	117	94	148	193
40	127	129	182	78	23
189	164	42	31	129	174
119	196	142	62	131	147
193	176	25	114	101	178
46	154	39	108	91	171
155	143	27	151	111	38
153	40	53	105	107	105
109	88	40	157	85	172
122	101	189	123	176	52
175	65	64	41	173	26
67	188	168	35	77	32
86	26	71	134	47	33
146	28	102	169	143	167
42	145	92	73	109	117
85	184	55	27	30	61
93	48	149	52	65	55
138	90	36	81	133	67
24	128	164	83	169	102
31	67	199	35	89	154
92	33	170	129	96	67
137	57	53	77	195	45
127	171	151	146	94	32
89	158	124	121	64	91
24	135	77	92	59	51
105	25	56	179	139	137
41	139	170	105	80	179
180	183	126	196	183	72
66	80	71	110	33	30
110	127	49	66	68	123
25	64	72	37	41	91
40	157	64	101	36	170
139	62	49	129	195	188
121	135	138	77	76	39
192	187	114	198	126	106
178	139	39	40	105	184
35	166	24	70	143	64
110	144	197	138	125	55
78	126	43	100	26	135
70	192	197	58	22	144
123	83	69	69	72	88
75	170	41	78	109	56
182	36	170	68	195	168
31	180	102	154	80	113
144	154	47	164	165	107
78	28	31	197	153	70
109	171	199	46	137	129
49	122	34	154	80	171
157	37	123	103	66	65
118	186	173	138	149	186
75	113	32	70	110	173
118	168	95	66	129	199
30	37	36	191	70	178
185	150	116	139	89	136
91	106	72	118	164	141
87	144	192	197	35	161
166	110	166	74	26	187
153	171	130	74	158	191
146	86	87	58	83	65
195	192	175	21	52	39
83	106	38	37	32	171
52	183	53	157	134	139
179	141	183	109	83	140
36	175	116	36	141	128
29	144	72	183	143	196
96	77	187	92	119	172
80	186	92	196	156	198
57	190	38	67	169	96
39	32	175	101	144	96
174	76	160	48	59	189
116	42	130	169	93	183
191	97	43	103	69	82
24	198	198	83	34	25
189	156	91	42	176	54
129	22	148	78	105	33
86	134	130	109	32	121
131	43	82	85	88	70
77	131	191	56	106	40
198	160	156	25	99	164
57	47	80	74	139	63
190	112	156	30	87	117
163	100	137	57	56	166
134	45	146	104	84	188
199	183	61	98	158	129
195	132	85	183	139	189
87	103	28	61	174	97
107	110	146	116	36	122
26	176	123	184	90	96
96	190	102	39	96	156
77	127	121	54	69	97
109	184	109	103	131	57
183	165	73	54	79	104
96	161	142	87	135	178
29	120	106	85	174	180
186	37	34	80	174	63
177	128	33	96	115	29
75	88	111	148	197	89
107	65	104	133	192	97
52	43	122	55	119	167
23	64	47	60	56	152
181	95	48	187	147	60
105	48	155	22	84	24
108	164	146	138	86	173
109	32	105	117	40	184
100	168	114	103	161	101
38	116	161	146	30	112
66	117	81	139	91	178
66	163	119	154	90	122
180	112	166	88	87	188
81	90	141	66	90	99
116	131	113	200	106	145
89	96	178	130	101	117
158	161	186	80	153	150
167	138	34	138	105	159
156	140	57	90	157	186
49	101	143	33	31	96
118	167	151	192	86	120
128	167	154	149	75	33
139	157	96	120	60	169
74	149	133	138	180	129
161	58	79	164	47	186
180	178	115	95	136	37
197	54	130	168	59	72
78	185	106	167	76	148
40	100	99	180	154	28
84	138	49	104	138	128
84	62	28	168	29	197
60	137	40	89	121	72
68	130	36	95	119	88
151	159	110	191	150	60
148	192	60	94	121	92
92	31	129	113	131	99
76	153	181	82	154	58
47	196	196	129	198	149
27	97	153	122	166	98
143	106	131	147	98	81
144	96	183	89	131	129
51	27	130	141	139	160
78	126	124	84	85	77
178	132	21	48	153	102
188	140	63	76	100	195
121	200	27	150	179	108
175	76	61	100	38	153
192	134	125	21	28	142
169	154	36	118	66	45
89	53	151	66	57	33
74	82	124	34	31	123
43	163	28	112	134	81
190	99	79	140	107	103
106	31	95	136	73	190
197	85	64	195	195	71
123	85	41	133	99	44
99	31	119	39	97	84
139	117	131	116	192	85
80	106	85	128	69	159
56	191	118	38	94	150
96	47	193	200	164	42
31	72	47	22	44	179
52	158	164	154	143	113
189	90	57	197	178	130
72	97	97	94	110	30
141	188	180	131	65	21
110	24	44	152	197	133
81	170	195	189	158	26
136	59	112	34	39	154
125	59	172	101	120	36
179	47	142	113	79	36
39	27	78	44	119	156
77	163	191	118	163	174
24	66	65	139	54	52
136	114	71	146	84	24
153	69	66	22	165	162
181	63	193	66	198	84
160	188	65	33	147	130
103	25	196	48	23	143
174	50	139	54	28	179
44	192	157	156	145	147
79	104	168	198	94	195
180	171	100	167	145	81
83	50	167	85	74	90
39	135	59	30	40	40
23	175	161	65	121	30
69	184	102	40	84	53
22	119	127	174	140	159
183	110	47	196	167	70
170	29	102	71	69	111
182	100	165	72	64	198
66	139	129	52	39	93
51	142	175	85	76	120
190	129	78	53	128	177
142	126	199	189	158	49
92	186	149	123	125	55
57	175	54	141	187	196
174	97	28	93	56	37
131	130	137	54	182	167
163	137	198	45	198	99
85	114	199	110	123	64
99	114	128	80	55	78
98	25	113	115	41	122
109	69	75	148	37	138
156	38	82	187	110	86
139	84	184	130	107	26
99	165	43	136	116	106
34	35	39	157	124	99
111	191	149	69	71	112
150	138	63	94	93	23
93	63	66	61	37	25
75	154	43	38	138	154
126	149	81	117	41	151
194	77	69	29	88	199
179	56	94	93	185	99
75	75	99	27	64	85
96	138	77	66	152	160
65	79	104	92	185	139
128	29	136	173	68	53
94	30	48	88	83	124
141	118	133	198	140	196
62	108	78	149	174	128
59	88	53	156	142	94
178	181	117	96	122	164
45	150	146	113	23	21
38	141	170	56	43	186
122	197	50	65	140	26
97	92	54	120	78	58
103	23	189	25	124	139
97	55	148	139	165	158
79	42	193	127	52	63
24	174	120	182	96	64
42	101	157	127	75	124
24	164	45	51	65	150
120	45	99	126	193	62
186	104	40	129	80	151
42	162	53	155	166	170
169	117	124	146	114	51
138	37	131	39	111	171
55	79	96	170	59	29
60	52	60	52	177	107
122	191	153	77	28	121
195	24	51	54	178	68
105	114	134	79	171	160
189	52	154	131	176	169
63	139	98	106	185	101
42	131	195	47	102	191
153	28	96	72	102	30
119	129	146	102	41	194
178	146	138	68	191	111
112	115	61	188	147	56
172	65	177	140	49	196
110	56	50	60	92	151
75	155	25	79	131	85
159	193	194	149	67	178
154	112	95	141	148	90
84	165	110	164	104	40
129	60	91	198	52	136
80	83	175	26	128	197
46	195	132	159	41	110
159	190	98	150	72	64
99	96	29	144	59	57
113	151	144	179	175	151
44	141	154	167	193	175
161	30	167	156	191	23
95	107	40	172	30	44
52	165	79	56	44	113
138	34	197	42	38	31
109	158	192	83	178	83
54	180	114	50	63	35
94	129	49	161	30	187
172	53	28	38	71	197
82	154	145	174	187	168
185	72	52	85	74	108
101	49	112	87	47	198
108	182	46	133	25	147
108	96	39	32	157	119
45	77	165	66	83	67
93	58	108	111	155	58
113	197	176	64	183	102
44	49	60	115	187	183
120	152	200	165	109	134
135	140	158	47	191	64
116	168	68	126	105	131
39	172	142	86	36	140
54	106	47	35	95	179
120	132	179	135	103	79
90	184	169	199	159	136
49	80	178	136	51	156
118	172	77	69	168	43
190	174	95	94	129	152
116	152	184	117	170	136
116	86	42	170	95	119
87	175	146	139	163	198
41	66	132	75	95	162
110	165	125	191	83	25
51	24	96	131	188	149
96	198	188	54	44	64
124	46	41	173	30	87
152	177	148	34	124	116
67	61	72	130	21	54
110	22	104	128	143	98
131	198	100	152	74	28
22	163	118	176	53	160
133	135	31	78	110	117
160	62	92	57	35	112
107	53	101	52	45	108
177	106	171	31	131	99
30	73	130	86	190	110
148	112	143	129	42	131
132	60	186	70	119	131
171	89	70	48	38	115
83	157	200	121	26	151
32	174	41	144	161	163
153	89	50	172	26	43
138	109	45	51	162	178
174	38	172	57	169	25
188	42	56	54	102	192
42	178	104	33	91	67
149	175	90	195	184	48
85	73	85	161	129	54
86	191	110	159	116	63
28	24	114	28	162	159
142	63	92	115	171	90
40	62	28	98	144	165
176	197	94	177	104	97
158	34	165	167	81	71
28	154	137	197	86	66
124	76	50	66	88	59
121	191	67	146	158	36
82	68	68	37	23	92
151	121	54	81	61	111
133	163	65	24	150	57
29	34	48	89	73	194
170	87	146	200	117	80
137	96	171	132	134	50
24	46	182	149	148	95
43	38	119	114	85	83
110	148	189	87	44	54
165	152	91	39	42	42
135	110	177	46	43	77
135	44	169	150	116	102
147	103	97	141	74	124
143	144	137	108	79	102
116	162	25	55	149	177
166	23	54	196	128	131
38	93	153	55	117	108
174	71	127	130	36	73
141	139	41	105	170	196
51	82	65	136	93	192
55	144	96	21	195	90
44	146	97	198	84	75
157	117	158	192	129	97
108	142	31	45	39	48
25	83	46	36	77	31
163	146	130	159	88	193
150	134	99	107	48	66
42	53	57	56	159	36
108	113	103	97	86	87
74	26	26	118	164	158
98	95	177	186	150	163
116	32	115	181	84	106
120	178	110	77	41	175
105	109	28	68	143	129
57	104	159	122	157	138
61	117	138	58	141	168
23	192	162	41	174	90
31	52	25	158	184	73
131	186	136	67	194	109
35	124	56	98	142	62
164	199	28	69	63	47
175	65	38	94	197	86
178	81	69	44	55	148
112	58	99	141	62	42
118	21	52	34	68	157
149	168	77	102	72	110
21	74	88	166	59	139
31	196	47	124	89	152
139	169	61	142	132	109
178	144	195	25	29	54
102	142	169	117	182	34
77	78	116	61	200	117
109	54	141	73	63	80
130	195	152	124	106	78
174	194	40	28	171	81
148	197	21	76	110	200
74	199	184	34	167	125
46	95	183	154	163	100
132	122	146	69	133	159
34	98	121	126	151	117
66	33	71	51	125	62
199	155	64	48	141	128
84	98	66	158	164	94
109	150	182	25	152	196
46	147	102	191	189	159
92	166	52	134	96	155
146	77	28	177	87	77
105	198	166	179	35	164
136	49	103	84	143	89
175	53	72	51	89	50
170	25	172	180	200	42
87	134	194	176	91	191
98	175	133	70	124	175
188	37	141	181	169	150
48	53	46	112	71	86
118	95	66	191	174	26
74	142	33	125	30	191
108	108	35	154	174	57
108	122	96	113	46	127
181	148	199	118	147	90
36	147	46	74	115	63
179	41	62	35	65	167
82	154	141	75	174	21
100	171	96	104	179	77
189	39	166	118	68	176
73	27	82	156	101	92
38	190	40	161	156	24
198	130	199	128	178	21
139	159	54	62	193	91
47	78	100	182	176	30
53	25	176	127	48	77
125	71	45	147	108	146
198	156	171	193	197	90
71	112	164	28	92	153
183	50	29	184	102	140
99	126	77	159	82	92
23	177	96	54	140	61
60	145	158	59	109	121
103	105	28	43	49	49
60	35	179	61	61	112
61	193	59	105	154	129
118	156	51	185	94	167
79	26	30	157	133	136
185	132	118	106	81	136
128	99	137	62	31	38
75	62	200	143	67	83
85	156	42	29	79	153
182	41	175	64	199	111
115	85	148	46	26	149
124	89	55	169	56	101
132	133	54	139	57	128
198	190	181	148	74	84
94	167	54	154	85	173
116	135	61	59	166	150
190	45	117	69	105	59
190	199	194	133	52	155
162	158	62	134	165	152
55	26	182	194	90	187
57	56	73	87	139	114
130	190	80	46	125	151
100	161	94	148	147	174
163	177	182	138	37	192
132	122	38	200	90	53
99	75	171	169	145	94
100	147	81	94	180	146
193	99	159	79	150	57
146	99	88	24	194	118
132	65	101	103	169	36
179	32	177	84	199	181
48	155	156	50	182	103
144	197	157	73	92	198
162	96	71	68	39	48
163	67	126	71	23	149
34	69	55	74	145	112
88	69	64	102	75	102
56	93	194	111	41	142
25	131	72	96	189	55
150	166	38	162	93	93
73	191	136	122	60	188
123	125	39	184	45	44
194	174	107	179	98	113
106	168	98	152	123	107
107	129	46	54	40	86
39	141	62	177	30	24
158	134	101	33	102	91
55	103	188	120	80	98
132	172	44	129	82	109
148	74	51	138	49	23
79	23	46	145	163	184
68	156	67	97	195	184
48	23	58	165	126	189
120	90	53	28	88	157
22	108	119	197	159	69
117	185	44	29	194	117
166	51	39	56	47	86
165	44	135	138	56	83
54	90	38	66	196	159
102	123	112	133	103	151
101	135	66	109	129	29
56	149	67	177	135	66
36	59	122	183	79	48
168	25	34	115	190	164
87	139	85	116	195	70
24	165	107	121	28	126
51	148	25	45	62	21
32	117	46	113	40	117
112	76	81	184	93	96
110	132	136	173	43	38
71	145	70	159	36	42
32	126	44	57	192	151
114	138	83	153	190	30
63	131	195	179	144	122
55	182	168	144	198	39
28	146	100	156	64	131
46	120	176	91	135	45
131	30	44	54	183	80
102	184	81	143	107	28
107	171	114	60	89	148
144	55	178	147	166	155
134	189	77	24	65	77
148	46	125	48	187	127
196	33	44	73	73	43
198	140	167	37	192	74
104	31	169	132	191	55
103	35	35	188	86	117
177	125	38	117	177	75
179	38	51	46	146	29
127	104	24	106	45	180
160	156	53	160	168	156
124	113	152	50	165	184
54	51	100	133	97	66
32	21	50	166	116	168
77	78	200	141	84	104
90	31	188	123	91	80
73	55	58	107	198	175
54	126	46	110	175	149
89	159	200	98	95	38
158	124	123	186	150	39
124	166	165	188	28	83
188	78	55	22	160	135
142	125	143	66	68	110
195	185	182	95	173	133
118	171	104	75	63	117
192	174	125	127	175	193
64	57	81	182	65	108
129	151	74	181	31	60
27	170	184	127	167	91
193	74	118	167	102	148
98	30	64	40	184	71
26	93	25	98	200	186
46	22	105	189	59	183
59	152	154	145	147	187
110	151	60	187	140	148
180	125	70	163	175	90
77	117	126	102	151	99
90	103	119	25	152	127
63	79	178	114	162	66
116	64	88	135	75	115
175	105	173	165	69	69
120	193	61	151	148	64
49	140	81	48	112	49
86	134	47	161	42	80
77	143	74	151	126	151
180	188	80	41	149	81
73	191	160	105	197	129
120	175	68	56	143	87
198	37	68	56	145	183
158	135	145	159	127	136
64	154	200	29	126	138
31	158	96	155	151	136
98	186	156	123	188	194
114	194	71	164	49	145
59	191	187	134	51	68
180	164	152	30	44	198
155	140	81	111	145	114
80	21	133	38	123	96
48	122	183	200	54	175
56	26	134	148	77	60
134	104	28	173	173	157
74	111	136	156	38	69
51	175	80	185	87	91
121	89	120	172	113	87
105	175	44	86	82	129
174	62	143	170	27	46
165	171	140	90	154	69
184	184	22	196	77	131
139	133	115	92	64	52
110	109	171	89	90	172
90	93	103	91	136	36
101	109	102	37	42	114
104	83	91	120	110	173
33	45	104	149	154	139
196	118	135	70	63	194
42	119	122	22	33	64
74	27	47	131	172	169
182	168	40	76	193	56
113	183	90	194	125	84
48	79	63	112	92	145
199	35	80	112	136	80
119	87	161	149	66	33
133	51	79	175	130	107
26	83	61	145	25	79
105	100	138	36	38	118
174	156	27	27	133	59
123	173	139	192	32	52
183	57	170	189	174	187
191	168	119	108	102	93
82	169	93	21	179	135
81	90	156	129	50	125
56	33	184	128	138	191
72	114	181	126	138	79
132	47	97	188	191	73
22	172	166	101	186	179
189	32	200	154	111	113
58	62	65	132	66	116
142	194	123	29	195	107
187	157	189	140	27	24
161	141	92	129	52	172
44	76	31	29	158	152
173	27	23	121	196	79
177	149	121	86	57	149
188	196	165	25	171	128
137	74	105	166	125	200
164	30	75	124	152	144
141	36	114	22	167	36
80	27	142	46	196	50
157	58	155	183	178	136
27	75	78	127	111	152
58	157	178	28	161	172
122	42	68	165	170	24
153	119	22	185	128	71
122	68	61	54	132	40
188	43	159	143	55	182
200	32	84	65	76	173
165	120	67	36	188	76
193	41	183	159	188	112
58	67	127	150	22	99
104	22	80	49	173	38
35	59	32	159	22	149
164	103	127	189	69	32
193	35	158	31	45	83
153	73	106	140	47	89
168	200	198	200	192	109
43	154	168	83	67	62
145	33	161	154	183	124
158	38	58	163	124	92
90	159	130	83	149	80
153	106	113	56	193	170
34	73	86	198	143	100
95	33	71	74	75	155
139	144	86	105	68	25
97	76	115	158	24	181
102	38	161	198	190	186
39	192	133	172	68	119
186	179	41	160	72	68
61	58	138	31	86	52
110	25	135	136	60	80
98	62	75	113	199	172
84	142	105	120	174	116
199	157	50	92	168	49
193	174	141	179	175	42
65	122	110	30	127	175
39	196	28	142	162	165
129	84	158	191	182	121
32	48	134	52	105	62
67	76	57	31	96	72
131	43	73	160	144	31
165	118	97	165	153	169
62	80	134	145	114	126
178	106	104	80	183	183
134	107	120	113	56	165
108	48	162	37	199	32
120	172	124	28	170	156
179	112	120	171	175	143
116	93	91	171	79	56
43	71	144	153	70	73
91	23	78	142	125	26
21	136	161	199	117	113
73	152	127	192	141	34
151	145	166	163	45	71
55	67	70	166	25	25
88	180	118	62	193	87
77	38	161	99	22	139
73	182	192	70	97	61
150	52	168	155	92	191
105	135	160	176	89	49
90	67	192	171	200	129
135	138	155	31	67	38
128	31	153	183	59	159
74	93	161	180	60	119
141	76	95	165	33	79
125	76	123	93	22	175
112	164	33	175	190	115
158	62	69	179	72	164
185	178	57	42	95	66
120	51	147	91	72	165
93	188	36	22	145	103
187	174	158	121	36	66
135	70	122	152	46	122
136	128	189	65	148	163
105	86	150	164	84	31
57	99	29	119	55	21
159	200	67	82	60	160
39	95	79	67	91	147
75	64	87	120	175	27
36	121	193	156	136	34
73	110	176	118	80	33
53	32	93	109	32	50
29	191	43	72	112	32
170	184	175	134	169	112
177	37	181	119	42	130
52	133	75	93	195	109
79	112	30	41	93	111
49	132	142	107	107	55
74	135	68	184	132	185
140	115	84	157	113	31
50	183	124	98	198	54
75	161	24	97	47	148
54	102	72	87	184	59
97	71	35	76	102	32
122	163	184	133	175	51
160	162	196	36	81	197
102	132	53	150	142	164
153	166	22	158	76	187
37	71	66	22	187	61
46	182	185	74	106	142
136	88	78	143	137	194
53	68	46	123	22	112
192	191	163	25	113	185
146	168	170	196	89	135
29	120	132	99	70	107
100	134	175	128	166	84
101	141	64	155	112	131
114	78	73	58	93	34
23	180	147	163	44	52
159	52	197	191	171	139
117	138	79	74	77	37
94	28	100	117	97	124
123	78	84	119	48	197
89	106	49	54	189	89
84	145	90	122	67	74
116	161	181	113	76	147
95	97	66	139	65	144
44	66	45	179	166	195
167	108	167	125	109	159
111	181	162	85	129	154
75	181	94	50	117	28
90	78	118	45	124	190
87	33	149	170	62	193
53	154	143	122	70	160
138	47	106	138	116	160
159	127	141	168	123	59
67	139	163	188	101	123
25	123	72	142	47	100
85	177	34	134	21	146
72	160	24	141	27	148
138	128	198	64	196	197
54	45	50	190	135	159
84	187	176	45	143	57
141	25	71	36	162	77
64	57	54	50	110	180
195	136	43	103	99	111
160	45	135	200	67	72
65	64	187	87	72	194
141	134	164	105	126	34
162	48	112	32	161	32
37	174	46	163	167	69
71	187	28	123	33	199
107	166	185	166	165	110
143	74	90	137	182	67
89	49	152	182	40	144
60	133	44	135	33	141
48	100	97	117	114	104
58	90	147	171	115	115
169	116	69	74	89	120
139	39	91	103	29	42
143	52	30	23	191	65
92	152	124	46	79	179
35	155	151	22	33	103
163	146	184	82	79	66
186	125	144	87	194	103
35	75	160	91	83	111
26	146	193	26	83	100
192	189	70	111	70	114
34	173	75	67	39	107
39	35	83	195	42	92
103	89	105	58	190	68
71	113	80	177	92	73
26	148	52	193	138	190
69	53	112	74	170	24
25	138	35	187	73	181
87	167	81	42	115	196
43	73	173	85	195	52
140	98	22	165	196	41
30	35	125	67	117	111
22	167	60	127	102	111
184	47	118	157	68	194
128	160	147	61	131	27
186	83	21	156	101	143
66	60	22	124	139	196
135	200	105	137	76	185
123	143	40	99	92	133
194	96	24	157	72	143
91	188	146	183	130	132
117	155	103	135	134	33
199	95	61	32	22	123
143	40	176	161	65	179
103	123	115	117	194	93
73	92	105	179	170	108
54	198	50	93	67	169
89	60	104	150	23	22
23	92	97	75	141	127
34	28	185	104	152	32
119	120	183	60	140	58
153	110	172	21	186	41
74	199	174	74	79	53
168	193	25	88	112	120
23	176	115	104	92	121
39	146	138	198	106	139
196	148	121	110	82	143
28	41	174	116	89	118
113	64	86	110	125	184
66	186	156	200	195	33
29	96	200	41	46	25
120	185	50	83	79	50
168	182	90	88	25	38
160	73	167	57	28	172
35	76	110	31	187	106
168	40	161	54	88	105
162	73	66	182	38	144
26	125	63	87	157	25
161	115	167	131	62	79
65	185	104	121	38	53
93	99	39	176	151	175
96	84	175	46	105	108
47	73	143	93	116	148
43	126	98	86	21	193
102	116	30	155	81	163
36	87	60	151	152	53
116	135	116	113	106	106
153	179	128	200	58	132
165	150	32	98	65	27
167	137	152	148	52	103
25	151	32	120	113	80
24	67	39	151	39	78
74	82	65	148	104	179
82	34	75	143	156	180
147	83	48	61	69	52
142	192	89	148	74	66
127	198	63	77	21	84
110	97	85	80	137	42
180	159	45	85	73	190
36	126	51	122	124	171
35	193	181	28	79	160
170	81	75	46	77	46
42	129	119	143	115	164
165	34	36	115	110	103
198	151	85	77	118	28
188	103	200	75	195	49
63	125	71	146	119	140
146	79	177	90	39	122
85	200	30	87	77	42
139	97	160	107	35	37
197	79	119	101	115	60
136	195	173	128	43	58
167	37	57	75	132	160
32	200	72	161	76	117
140	74	61	169	183	128
115	116	83	75	84	83
200	108	194	104	72	122
51	58	155	49	172	189
92	140	45	51	143	84
31	115	154	116	51	131
153	156	90	84	183	146
133	177	35	123	200	76
171	77	195	138	21	126
195	36	74	137	80	26
85	137	150	152	158	37
184	140	91	171	115	42
120	174	178	84	173	168
91	73	167	134	189	64
163	27	97	145	171	164
81	73	183	93	93	192
53	160	27	72	118	188
118	168	132	83	121	81
75	125	72	42	133	40
189	28	153	141	38	192
99	184	35	123	75	47
27	87	53	84	94	27
153	133	117	190	33	158
59	56	162	107	23	137
147	117	179	184	36	183
130	135	103	72	133	85
49	93	194	57	125	21
147	193	75	129	148	73
88	182	152	25	54	98
95	72	74	115	69	176
174	195	61	167	85	82
193	199	37	92	164	99
46	43	121	25	172	134
30	160	106	126	100	71
145	25	39	72	75	83
40	167	187	167	96	167
50	26	109	99	133	27
102	103	90	102	31	74
69	113	172	151	157	107
94	138	136	98	180	124
81	128	118	177	120	78
168	147	188	91	84	77
142	67	42	133	185	127
153	85	72	115	98	34
160	96	155	94	43	47
200	79	165	67	195	120
76	110	180	196	179	112
166	94	132	109	61	155
170	119	75	43	149	51
90	31	169	138	67	190
69	162	34	50	22	40
41	130	101	55	56	119
38	187	161	104	135	27
35	122	132	42	59	50
50	79	166	117	174	57
92	107	43	32	79	58
32	129	103	36	75	132
135	70	194	144	122	117
67	185	41	61	130	182
41	101	197	130	24	113
122	87	90	177	190	26
191	199	118	191	125	129
180	190	103	108	92	136
188	63	133	83	189	169
146	83	89	87	30	147
145	94	23	106	22	116
163	128	31	167	43	49
109	26	38	64	165	82
137	120	89	109	57	129
80	156	80	169	91	35
167	165	115	51	171	139
160	130	192	28	109	34
157	166	110	185	106	195
165	69	160	89	35	113
70	127	56	115	118	75
33	73	187	87	197	101
148	154	38	139	40	42
121	179	120	55	191	152
25	199	66	23	64	98
158	118	38	33	86	199
68	152	61	69	53	183
90	140	75	183	149	116
176	181	133	193	62	67
110	167	188	61	40	99
138	61	83	62	27	94
193	27	137	66	90	42
116	185	136	62	76	181
83	168	69	190	34	67
33	32	105	127	119	104
44	85	163	193	87	73
36	144	150	138	29	113
68	79	31	171	21	40
94	41	87	99	83	51
152	169	146	162	114	55
200	122	72	89	135	39
84	164	38	186	48	56
116	185	190	113	45	29
38	129	138	26	60	133
154	80	67	29	117	75
21	53	167	33	138	192
122	168	94	147	39	52
116	121	38	52	74	155
126	169	119	71	183	30
136	182	153	172	195	89
114	66	83	51	132	169
175	190	55	58	164	76
39	127	156	183	88	170
134	127	72	41	133	189
176	42	120	164	68	166
181	57	27	40	66	107
33	90	130	44	80	152
107	91	162	190	184	76
34	187	171	107	137	126
136	56	133	28	104	69
136	160	98	103	62	156
182	102	41	90	130	91
82	180	167	77	138	192
182	27	72	58	116	66
37	87	36	22	118	57
157	94	28	25	113	96
124	143	114	79	175	113
57	200	96	113	166	108
156	89	178	86	121	45
193	42	172	22	22	117
183	142	74	143	167	108
119	182	196	155	175	33
139	154	90	77	170	32
82	189	143	137	94	172
34	194	169	112	199	145
118	54	138	21	120	193
109	49	190	29	165	36
142	185	50	35	40	59
56	186	49	61	195	134
32	23	24	170	129	82
57	173	143	39	186	39
103	79	104	107	117	130
60	90	187	48	71	50
195	34	73	137	105	119
77	86	163	105	156	147
154	179	89	135	103	38
175	80	22	193	41	31
135	132	179	101	36	109
115	69	82	31	94	76
90	147	129	69	101	186
127	157	196	25	168	145
41	35	81	123	71	189
74	29	24	137	112	119
164	127	140	123	103	180
168	164	179	68	153	33
105	121	59	103	61	22
61	68	40	24	118	85
48	155	130	30	92	144
103	196	35	107	77	132
47	177	129	171	92	152
43	114	95	165	155	41
63	137	31	157	88	146
80	168	136	43	98	146
30	182	152	161	39	80
84	104	39	188	119	100
22	32	26	162	173	158
150	127	43	25	51	51
73	160	75	200	169	133
95	160	56	184	36	132
192	187	24	77	136	68
116	82	44	148	136	54
144	66	40	106	40	106
30	78	104	76	187	100
134	95	130	69	38	108
177	163	161	104	36	159
143	137	170	191	34	105
149	170	61	104	199	48
176	65	151	74	190	149
131	110	44	135	175	87
58	84	24	159	119	35
55	57	67	84	102	45
124	159	29	180	83	117
105	147	191	142	191	147
78	191	24	200	159	168
127	113	67	46	75	115
42	90	47	55	143	189
30	80	103	103	149	200
95	65	84	48	181	42
175	108	154	86	94	109
30	93	70	64	192	53
84	76	74	95	22	110
189	195	147	27	139	180
187	65	51	179	190	131
122	34	179	32	68	39
73	125	153	113	156	134
131	80	89	179	60	190
155	162	74	33	76	60
185	146	157	135	42	173
38	30	143	40	82	38
116	180	165	38	180	59
73	85	162	91	46	114
84	63	180	53	179	51
190	117	55	57	143	103
72	30	152	157	182	139
86	184	34	105	43	172
75	127	92	121	22	104
121	26	184	48	162	125
136	147	191	30	143	200
66	21	160	55	188	181
129	121	186	170	62	163
159	160	182	200	197	90
26	71	191	194	139	37
49	88	21	86	125	24
77	122	137	129	79	128
146	114	50	156	98	120
146	45	97	162	134	53
181	132	155	159	66	69
137	63	135	168	107	136
169	96	84	38	196	184
130	135	174	139	79	56
51	114	28	86	30	116
95	52	175	82	26	127
186	82	137	159	127	181
79	163	55	52	109	64
161	57	160	129	121	155
183	124	195	195	116	78
147	44	82	185	143	150
141	120	129	151	145	29
104	195	65	70	123	24
33	99	166	116	38	180
119	197	123	58	135	85
82	140	168	69	194	163
64	36	54	44	78	166
48	138	80	67	149	154
86	159	91	22	66	80
54	46	78	124	146	161
77	181	112	83	179	68
129	51	149	81	116	43
170	180	101	46	62	185
130	21	64	158	190	25
183	78	78	64	32	68
174	71	49	198	22	55
152	108	172	141	199	157
79	91	42	192	107	87
128	113	106	135	112	66
120	52	80	123	81	189
172	52	68	147	23	144
138	26	81	34	99	165
197	79	92	158	39	27
128	42	138	91	63	183
125	114	162	93	44	116
24	57	27	187	179	92
59	199	134	41	140	193
177	179	168	143	114	90
95	58	174	176	88	188
150	48	168	186	196	98
98	53	129	52	100	72
99	92	107	132	43	86
33	168	190	154	51	84
86	109	88	184	94	102
120	49	194	175	198	49
49	199	184	41	145	81
182	115	66	37	134	121
99	90	181	186	45	168
36	124	75	187	45	159
93	73	180	47	75	24
55	44	139	51	49	194
181	40	118	66	95	97
60	122	61	178	31	31
110	80	107	21	196	113
200	64	29	159	123	176
140	61	58	193	162	76
197	175	90	192	97	118
145	178	101	116	54	53
129	81	63	165	108	77
133	195	118	169	177	31
71	94	145	177	29	55
167	28	178	146	78	84
101	76	85	188	167	188
36	71	180	182	95	127
123	79	160	196	196	63
166	182	172	127	95	186
51	71	171	142	191	128
89	159	40	94	191	53
89	151	52	24	176	33
93	72	195	98	123	200
49	143	116	176	144	75
91	30	72	104	113	84
183	137	138	105	182	69
29	83	64	149	55	47
79	146	32	76	122	89
197	85	180	105	50	24
160	174	136	133	145	35
127	138	158	152	167	154
31	197	157	70	83	35
72	193	180	22	96	147
34	80	197	49	114	106
186	70	151	190	119	89
130	76	28	184	137	26
109	22	73	78	95	110
139	61	92	72	190	51
194	60	67	63	89	85
141	188	70	71	100	97
166	141	159	170	91	162
41	33	22	129	174	160
161	140	69	48	116	98
142	152	69	137	190	122
135	74	45	120	22	174
181	31	103	161	112	175
99	73	160	198	166	21
59	131	53	161	29	80
83	130	200	181	21	53
88	141	68	104	180	95
131	71	85	176	148	66
129	189	107	110	162	130
162	197	106	184	165	181
163	199	34	150	187	30
143	145	174	177	69	112
42	47	184	101	194	66
183	24	122	160	194	110
98	115	194	64	137	158
181	49	88	118	129	73
198	49	84	114	106	41
25	86	42	165	43	134
38	134	21	153	85	23
56	189	85	146	107	162
198	40	77	194	39	62
78	158	89	128	111	150
135	115	91	39	105	193
55	195	106	38	59	193
62	161	176	117	159	70
153	84	161	68	168	80
82	192	48	31	37	104
132	152	28	115	126	97
23	192	158	132	168	152
56	119	200	153	56	122
104	33	83	48	163	170
143	135	145	186	179	23
159	149	99	55	146	61
69	156	68	65	66	84
175	163	91	96	88	23
132	138	149	96	136	127
170	175	65	190	72	142
70	44	200	196	38	164
73	22	46	181	118	87
42	150	194	101	129	132
41	170	42	149	135	138
76	137	36	165	173	130
50	142	170	73	177	114
132	61	132	149	150	143
26	80	62	94	181	154
104	36	197	87	139	71
61	145	146	101	75	49
154	150	154	149	46	23
76	151	115	69	65	107
135	96	165	79	148	135
22	141	175	160	167	46
195	162	23	179	97	95
98	169	189	177	186	198
30	139	171	175	71	177
63	118	136	187	157	82
166	93	68	26	21	50
88	173	198	172	200	198
162	139	71	99	153	150
24	148	186	59	100	128
143	23	145	27	152	157
112	193	156	197	111	81
103	135	22	126	85	127
128	142	163	62	169	108
126	92	137	146	100	73
112	165	80	134	59	163
73	116	106	49	22	157
122	40	129	129	56	73
27	189	100	199	50	91
105	132	42	25	47	168
112	188	133	194	69	193
41	106	175	95	192	199
184	129	42	132	64	110
50	95	62	157	177	176
178	180	61	137	134	28
85	140	184	77	103	69
44	64	183	89	91	194
36	196	156	63	150	105
38	182	98	85	42	111
187	90	138	174	140	128
110	90	190	105	96	163
84	109	136	73	173	99
86	44	146	89	63	159
80	180	40	52	173	117
176	36	57	181	178	194
72	166	84	51	170	162
178	120	199	65	77	166
68	182	35	159	24	190
60	41	150	133	123	171
78	180	70	60	142	128
113	142	23	56	126	154
38	193	41	181	183	164
25	181	30	184	47	133
140	34	63	119	197	40
160	116	92	36	165	188
40	105	40	34	26	101
114	146	132	50	163	34
95	178	165	159	143	72
81	93	123	123	99	118
89	76	81	144	166	143
174	84	72	194	195	150
71	63	100	94	102	23
74	154	147	60	76	137
96	109	199	62	48	133
164	141	100	70	35	154
123	126	188	168	145	189
66	176	76	135	167	175
105	34	144	64	30	77
161	136	30	81	113	117
53	178	94	199	98	143
46	166	103	40	131	121
111	150	174	185	122	148
132	44	115	24	33	22
87	169	199	172	89	189
41	100	117	37	119	116
92	159	109	147	200	185
144	88	162	134	74	133
87	199	134	98	173	67
78	35	39	99	119	49
35	158	129	138	116	117
88	141	96	170	114	125
128	59	29	196	110	168
152	30	34	89	168	163
130	71	182	36	55	199
53	156	102	149	119	100
37	186	144	121	193	120
46	78	175	30	40	138
37	123	136	124	115	184
97	187	110	106	64	195
158	84	126	104	52	106
168	25	136	176	178	46
96	94	84	119	39	156
81	42	174	96	92	108
116	32	58	176	94	114
175	124	177	96	167	126
51	174	33	57	140	61
149	106	155	85	106	175
175	53	76	168	47	69
131	33	173	111	61	109
146	73	197	183	119	145
171	74	178	177	42	112
21	121	146	102	75	142
198	50	161	180	139	48
25	67	187	109	49	168
61	177	21	71	108	157
139	167	119	76	178	142
26	148	155	141	168	179
155	195	53	42	81	154
69	145	87	51	176	135
133	35	72	156	182	67
165	198	170	48	179	73
154	79	163	69	69	42
134	156	51	41	149	39
126	79	195	155	111	192
43	41	21	143	25	113
110	109	190	163	95	79
118	123	160	35	86	60
170	48	55	45	76	47
180	43	45	72	80	21
192	83	187	104	100	68
73	66	96	45	31	145
65	66	79	192	157	171
74	186	78	41	164	142
163	187	53	105	55	94
31	27	160	60	103	46
153	196	190	47	51	48
41	102	198	108	174	44
88	161	125	85	183	120
67	68	84	100	184	119
71	30	126	69	177	37
194	69	192	197	91	55
151	29	157	22	176	73
182	183	135	59	100	34
129	101	55	75	142	143
196	197	83	76	36	135
92	56	95	44	175	110
181	161	129	130	64	94
196	133	57	153	197	131
147	160	128	163	94	139
81	88	62	58	31	89
166	145	32	195	81	193
151	133	67	24	176	75
174	132	171	86	121	130
42	71	71	176	38	25
99	94	95	178	137	52
137	175	33	101	194	51
91	114	162	181	61	36
86	168	74	62	35	133
195	185	34	135	29	59
196	120	119	180	120	26
130	188	170	182	155	55
102	44	91	172	166	89
200	119	69	66	166	109
85	83	150	172	131	149
103	57	77	156	129	51
117	168	43	121	29	24
37	187	139	93	51	82
89	77	81	196	41	96
108	84	31	32	123	127
142	111	38	90	67	188
92	146	43	89	156	31
84	164	110	97	42	70
73	27	92	192	47	64
185	146	123	81	127	101
196	95	186	126	114	196
65	98	75	115	159	153
107	133	157	124	140	103
96	52	140	147	142	150
26	134	179	24	200	162
35	196	66	200	29	101
69	34	41	185	130	77
33	154	166	144	169	59
163	179	72	152	26	181
105	55	154	132	56	25
78	59	51	151	62	144
108	177	26	42	92	193
142	105	89	153	100	178
168	57	125	55	74	100
48	130	141	136	46	34
153	122	106	140	189	79
36	145	170	131	124	155
178	179	157	108	144	96
119	175	142	50	188	65
178	132	109	42	193	156
112	67	101	87	82	71
51	164	196	34	23	129
122	85	172	75	148	54
79	104	190	132	29	73
119	61	75	87	23	192
76	182	105	47	158	122
51	176	123	93	137	156
170	71	44	105	77	33
37	41	27	106	54	27
135	122	105	193	182	80
155	30	96	192	143	151
36	106	174	72	43	52
160	140	167	128	165	183
136	95	104	197	163	117
75	140	69	31	27	25
144	146	150	97	179	161
28	106	199	108	144	31
156	25	174	86	57	87
144	195	195	168	159	80
67	91	143	121	131	176
129	171	128	126	132	183
198	42	135	88	118	81
193	199	75	107	90	172
155	143	98	35	63	39
182	77	26	195	127	26
84	172	134	65	95	46
163	183	171	62	38	61
198	69	181	32	65	30
174	130	191	150	122	58
66	33	161	149	31	37
154	179	52	61	194	91
43	70	170	25	84	72
140	131	175	59	176	36
90	43	48	139	164	146
68	173	49	138	39	49
128	131	174	88	196	167
140	125	61	41	191	88
129	163	152	72	114	151
114	40	175	182	78	23
167	109	107	161	30	115
111	190	115	158	91	196
46	191	91	63	28	122
154	159	67	119	113	37
161	173	157	59	179	152
29	182	74	99	92	138
93	28	160	141	40	185
37	97	151	166	69	80
97	162	57	48	89	59
87	148	172	42	22	189
133	148	169	25	93	191
117	160	39	23	150	49
170	66	127	43	134	31
160	146	36	187	198	108
197	101	153	44	109	137
55	27	132	154	133	94
84	85	173	157	121	158
173	45	133	194	126	103
124	60	94	34	128	44
88	184	54	102	157	105
87	119	179	66	25	179
58	93	166	52	142	122
37	176	28	31	143	128
146	73	183	40	159	39
84	59	123	142	39	136
59	164	178	25	139	35
194	172	118	156	176	151
190	154	176	52	34	87
159	103	100	176	86	200
38	126	36	197	109	162
163	85	23	112	99	40
63	76	41	59	157	160
200	29	93	132	28	176
118	82	42	71	174	44
59	30	104	81	84	76
169	34	121	194	172	75
52	140	104	110	160	74
23	106	115	100	87	67
75	129	52	104	136	129
21	146	71	131	28	21
71	132	194	93	61	46
111	140	130	94	174	82
54	126	70	79	156	94
39	154	57	66	65	192
47	197	189	46	155	167
51	158	142	23	125	146
111	196	102	36	59	175
189	57	166	154	60	63
133	57	59	153	76	23
43	81	84	29	25	199
52	184	79	117	88	50
178	68	57	148	22	100
58	160	111	74	199	37
157	195	168	107	94	57
53	86	52	139	31	179
109	166	181	87	83	197
186	99	165	132	152	101
116	43	196	133	167	23
38	142	85	156	127	155
181	111	170	101	34	31
99	143	47	22	72	176
88	180	172	123	65	76
106	154	124	164	158	61
62	105	67	171	123	195
191	124	64	35	187	28
172	44	33	174	35	83
192	168	112	94	74	70
82	171	122	114	25	77
151	40	162	91	94	170
115	22	140	171	132	136
160	153	37	179	198	64
154	40	179	46	154	198
92	80	139	124	198	102
92	89	190	200	68	85
90	74	184	76	160	93
56	43	65	31	84	59
142	115	58	31	72	86
169	155	179	35	51	108
130	61	135	84	147	152
68	164	45	64	89	122
127	60	87	172	187	191
197	35	80	48	28	141
91	111	53	28	108	86
41	60	59	195	131	89
95	103	139	45	28	108
42	52	37	66	45	30
195	94	95	41	66	131
168	173	96	162	53	154
166	96	77	193	136	118
89	185	150	192	23	157
118	191	129	186	106	151
66	154	159	89	180	105
142	187	189	164	137	56
169	123	22	126	127	138
44	142	185	190	83	49
61	59	127	80	164	97
111	27	124	198	90	159
64	132	174	38	42	174
72	114	35	106	105	98
156	187	49	120	150	143
72	154	159	62	159	187
96	165	171	53	118	146
139	41	154	177	102	167
171	65	77	142	91	49
63	62	27	191	138	186
107	137	183	45	64	178
33	89	147	54	63	150
65	99	190	131	69	154
151	196	83	115	59	21
94	145	170	185	23	54
159	151	50	54	25	92
87	65	26	174	69	112
178	62	126	82	68	107
122	93	25	186	99	30
63	135	198	137	180	62
197	30	161	165	114	168
158	95	104	133	135	165
50	167	93	90	135	147
158	139	31	164	49	51
59	150	76	131	149	50
33	194	139	106	172	71
55	36	96	99	37	75
29	81	199	158	184	68
43	187	143	156	181	105
54	98	29	171	62	86
123	149	98	79	107	39
26	98	84	119	101	51
168	160	38	68	162	173
51	120	38	22	45	172
167	80	41	192	188	134
82	127	88	29	182	101
168	24	149	118	89	73
63	141	118	110	70	184
107	180	179	28	76	129
65	106	35	53	153	123
150	132	47	116	39	148
115	68	67	52	158	160
157	190	42	144	159	140
130	171	75	160	89	64
176	175	58	86	159	98
32	168	170	156	159	163
44	77	32	69	190	45
118	149	48	144	92	190
113	55	136	24	94	117
121	162	64	64	106	35
52	176	99	166	178	34
33	84	102	188	43	31
191	130	157	62	148	103
174	119	31	168	151	170
46	173	166	182	92	98
29	162	178	42	59	95
27	65	166	139	144	191
177	74	195	62	143	89
74	52	200	62	102	42
80	55	62	165	64	200
193	193	137	59	187	96
174	122	135	84	77	53
92	141	122	155	174	126
149	53	183	45	72	122
143	89	32	196	51	156
169	168	162	158	167	200
143	78	103	137	64	102
160	135	83	161	174	157
124	64	144	178	96	179
158	178	182	180	80	154
176	113	39	181	128	84
76	111	81	166	160	151
165	199	55	133	74	127
37	122	78	51	134	112
158	125	77	104	61	77
167	124	109	130	110	130
162	74	87	30	66	186
198	169	183	43	97	195
169	171	118	115	197	132
76	83	55	68	41	154
75	84	45	114	191	21
67	151	184	81	57	27
46	26	128	69	84	30
151	194	60	134	168	174
192	198	116	94	138	141
68	159	195	62	143	42
90	118	54	35	175	119
111	66	108	29	23	24
177	58	196	57	144	96
182	153	31	175	136	152
41	65	104	108	60	84
61	160	133	89	131	43
160	39	139	48	107	166
159	174	180	137	136	34
91	59	24	54	100	184
43	196	165	127	130	158
139	141	99	21	139	76
199	127	165	42	29	22
160	176	93	69	112	66
65	143	195	82	170	172
184	42	142	115	183	147
154	55	115	76	67	167
180	85	40	70	72	91
105	72	70	67	79	161
153	35	76	193	87	111
161	174	119	107	185	87
162	97	179	62	192	68
171	176	132	42	92	138
36	72	90	130	28	41
160	115	115	131	163	130
123	123	38	72	109	79
186	134	22	101	59	42
93	47	141	123	27	165
186	159	81	71	65	21
41	120	126	130	87	26
43	184	161	50	159	98
147	106	37	192	124	162
194	63	129	62	141	190
69	139	167	81	141	105
158	120	109	76	134	53
30	187	71	174	141	127
151	156	174	52	135	84
36	61	63	159	105	35
57	161	199	30	100	92
167	37	140	128	106	143
85	182	122	153	152	121
81	143	118	175	150	182
25	58	26	188	143	180
178	159	135	86	49	165
194	198	122	29	30	110
101	147	120	121	194	185
193	91	45	133	155	95
156	63	197	103	27	54
142	125	118	61	91	57
196	124	29	117	133	52
91	90	183	200	127	140
135	116	161	134	162	104
176	169	30	155	61	158
156	153	30	159	125	85
54	59	140	82	58	141
174	53	132	78	183	155
200	106	172	159	125	41
35	169	24	169	132	157
73	156	52	101	121	187
175	142	21	170	47	86
93	111	185	55	41	159
146	27	131	35	189	32
117	145	89	115	61	161
99	188	100	149	128	179
157	83	125	197	183	61
117	173	84	160	184	200
100	164	68	167	129	82
175	47	138	99	126	101
190	54	136	166	32	47
87	127	33	131	127	47
196	153	42	115	30	58
143	45	23	83	134	134
95	116	38	144	83	32
143	29	136	187	43	76
41	136	121	94	89	159
95	100	101	96	84	67
172	66	128	139	88	131
31	26	192	151	177	151
54	144	154	173	75	108
90	184	30	189	42	104
109	68	56	27	109	26
151	111	78	91	124	107
46	147	99	187	51	41
98	139	40	73	177	99
43	144	167	94	51	190
72	170	91	164	186	41
113	105	76	53	160	26
174	39	23	76	132	145
134	174	86	85	93	69
84	83	83	129	196	66
161	141	96	196	190	120
193	126	156	95	98	56
29	86	176	71	45	161
146	122	35	125	194	97
47	36	23	106	101	155
52	185	78	163	178	145
193	53	85	52	105	189
185	164	51	181	116	188
106	188	163	130	52	113
94	126	98	97	55	78
106	158	45	138	124	73
186	94	35	36	124	85
99	90	185	159	117	187
78	169	39	78	58	148
125	58	25	182	82	188
161	94	111	120	58	144
118	85	128	87	86	37
166	179	30	139	48	107
116	49	35	50	73	105
172	135	55	184	166	180
181	40	119	200	85	82
140	169	161	86	145	159
152	157	54	107	45	40
182	174	79	172	51	154
153	156	51	101	56	160
165	189	21	65	38	182
150	56	84	74	66	146
174	91	124	200	154	142
177	182	89	91	167	186
25	68	166	45	130	79
164	22	140	44	42	82
82	125	92	59	186	140
56	83	69	71	172	41
89	82	199	164	120	139
132	98	38	23	106	66
65	46	26	160	106	160
87	47	87	179	117	32
75	132	39	121	156	75
97	52	189	103	26	178
29	115	24	63	181	46
80	42	66	184	183	68
192	135	107	73	22	65
63	169	61	70	196	34
88	62	42	146	115	115
141	191	162	121	159	168
122	123	44	165	126	113
129	183	167	147	152	90
172	35	57	144	185	63
182	113	188	93	172	31
85	27	47	80	137	101
90	51	178	107	188	177
136	171	133	85	160	22
172	142	59	91	144	133
88	36	141	97	88	127
173	179	25	92	125	99
88	170	87	192	52	119
141	59	73	199	135	198
135	149	160	100	182	73
87	32	167	82	84	108
51	125	112	178	157	54
133	177	48	67	149	88
139	114	25	61	113	35
111	73	96	51	56	103
37	73	127	196	147	157
200	33	192	46	187	180
197	114	176	69	128	176
67	85	173	50	156	173
110	163	143	106	68	33
139	173	108	180	162	163
145	136	162	44	195	30
150	189	31	141	142	129
100	153	34	85	44	26
94	160	144	25	34	171
170	170	167	26	190	137
196	178	47	60	23	147
108	122	124	175	109	135
58	184	181	145	113	76
141	45	90	172	86	121
21	117	37	77	47	147
110	139	195	75	54	24
150	118	143	199	53	200
71	142	104	78	83	50
110	22	80	106	138	39
57	189	26	39	79	149
24	43	44	176	171	40
190	81	177	94	98	163
53	22	37	57	173	87
43	69	68	50	27	66
60	93	180	174	121	94
95	87	105	124	26	195
197	176	127	194	54	152
101	113	117	154	131	32
75	136	58	119	86	33
131	160	42	151	182	169
149	175	26	114	52	70
58	186	151	161	53	133
168	191	76	33	126	77
90	87	195	198	83	112
58	88	194	77	85	196
29	191	30	27	168	103
156	140	77	72	91	53
133	165	99	108	117	174
170	122	155	174	90	172
68	83	154	78	73	27
70	150	156	30	140	130
21	147	32	114	62	63
54	89	84	144	50	117
147	169	42	35	40	94
50	151	97	139	187	147
46	119	145	150	183	93
152	127	194	140	194	180
98	32	189	57	54	36
118	52	31	176	56	199
178	42	146	181	162	195
169	97	142	75	131	131
170	78	21	44	113	44
37	167	141	197	36	139
71	159	41	178	33	58
94	47	53	137	74	65
94	23	188	21	86	143
140	117	167	188	47	174
78	117	156	182	98	68
87	74	84	174	129	151
105	35	92	106	145	140
153	23	172	173	73	40
108	134	164	53	198	194
168	151	41	121	145	87
85	115	37	117	171	155
75	55	127	109	34	125
67	48	182	149	174	101
162	114	102	81	143	37
126	111	51	92	83	186
184	153	51	148	170	49
41	151	158	81	110	35
84	134	81	57	59	183
55	87	69	200	117	108
43	120	46	187	72	108
54	88	68	133	189	81
113	85	32	111	104	77
122	186	91	75	81	61
145	105	162	121	35	153
164	200	41	144	126	55
118	34	192	187	54	66
77	38	172	153	183	87
28	156	193	42	157	192
187	188	51	123	35	50
54	199	155	169	140	37
110	177	48	190	63	171
154	136	126	178	112	59
95	115	160	196	137	113
95	169	64	46	130	131
152	40	122	129	107	186
52	22	59	82	167	113
50	138	85	144	190	75
80	108	149	114	78	189
36	30	177	119	69	112
41	162	137	72	44	106
145	138	60	57	76	131
105	151	155	155	64	132
190	116	65	181	139	28
186	117	89	83	101	126
110	88	99	196	173	167
45	191	120	81	38	151
80	177	187	137	157	33
179	98	182	77	156	171
62	38	103	162	144	141
120	173	110	176	108	47
153	113	199	170	46	158
62	122	36	67	57	34
136	99	193	114	94	160
193	139	32	28	96	82
45	38	170	57	167	100
47	117	139	23	174	45
192	191	163	47	185	34
96	192	148	42	22	168
144	184	78	101	110	187
157	73	91	67	137	59
176	183	133	55	55	166
177	109	40	197	185	23
40	59	84	126	143	72
77	43	25	148	177	193
144	99	189	27	58	162
162	134	73	90	138	48
68	41	170	124	98	111
161	102	197	197	90	183
35	135	173	56	23	134
53	48	195	115	42	62
25	83	128	125	163	84
125	161	96	108	59	94
136	119	187	199	164	99
153	143	140	190	159	63
48	121	135	66	107	28
87	132	194	137	71	138
170	96	31	78	186	101
152	61	193	134	131	140
149	38	104	84	129	72
115	75	46	35	157	169
31	67	101	89	97	24
144	179	69	33	103	146
191	73	56	81	64	56
167	106	156	25	130	180
90	146	33	162	37	106
57	81	156	24	165	80
33	158	62	82	64	29
168	185	92	26	98	91
58	106	133	60	94	69
95	113	43	131	35	57
56	186	125	157	109	111
50	29	165	28	55	23
39	47	93	38	70	147
183	120	167	142	159	22
163	166	159	62	59	21
99	171	144	22	42	119
49	128	144	76	68	157
154	33	71	148	147	113
21	35	59	170	103	62
153	58	87	42	165	49
29	57	97	75	71	51
72	168	183	51	185	132
50	42	77	47	22	132
139	117	119	106	158	95
177	52	44	110	54	182
43	26	136	40	37	155
100	75	39	35	102	48
184	37	67	38	188	99
63	27	109	77	103	100
129	138	35	162	63	65
73	198	160	173	39	190
110	77	165	97	68	190
152	88	75	120	36	186
94	62	83	126	57	73
188	88	122	31	151	114
39	56	186	30	198	97
32	56	100	136	32	184
121	167	123	161	51	123
97	153	28	76	127	118
112	104	103	197	25	35
105	63	195	167	23	176
135	163	59	89	140	45
52	102	188	140	121	191
31	86	194	158	27	101
48	146	64	108	138	168
160	190	134	46	135	67
79	45	176	33	26	75
80	118	170	69	133	102
23	200	85	27	28	46
190	159	107	189	197	151
198	29	45	120	124	85
141	53	105	36	51	103
100	136	172	94	22	43
104	42	169	140	95	48
53	40	54	151	134	54
132	198	74	184	89	109
66	199	39	112	66	68
169	157	36	164	100	22
185	130	51	22	176	141
32	182	38	58	190	198
56	178	62	105	125	62
156	70	36	124	133	88
166	29	62	86	153	67
27	47	25	199	157	188
152	95	46	173	136	133
46	46	170	182	112	157
91	40	54	115	134	198
183	47	147	46	176	120
41	81	144	172	121	54
23	58	117	71	124	67
48	107	136	39	99	62
110	169	117	157	57	127
31	36	170	29	74	64
109	151	99	133	107	121
68	54	195	55	123	195
114	27	179	167	152	154
22	110	178	91	132	162
105	86	77	69	35	51
22	143	150	91	128	80
175	154	125	52	59	143
140	59	128	148	166	32
181	179	97	76	56	123
43	60	115	118	150	186
127	146	85	124	199	88
103	85	88	149	151	64
31	154	156	176	74	81
115	196	138	69	162	154
116	118	110	73	194	36
119	152	101	138	63	191
120	192	197	177	108	23
65	111	84	116	87	119
197	195	165	56	149	150
184	195	82	81	172	180
41	64	169	166	166	53
78	28	193	79	142	82
96	86	165	138	57	174
75	26	98	32	99	63
60	106	97	143	79	117
79	53	73	90	129	35
114	187	104	92	64	61
196	35	165	171	178	80
78	52	139	77	100	191
29	195	96	148	130	60
47	197	118	70	95	46
89	114	141	159	177	143
100	94	125	122	68	54
92	162	78	144	193	48
165	148	168	26	67	65
114	77	27	87	125	58
157	78	154	152	179	87
144	110	181	78	142	26
85	178	151	172	78	175
134	46	82	109	71	114
144	132	141	168	81	198
127	55	73	81	162	195
99	66	35	55	45	196
183	111	40	157	89	179
48	152	188	192	153	173
84	54	103	195	50	182
68	41	26	197	156	125
183	140	152	187	119	76
59	141	49	39	58	139
43	141	169	34	103	112
74	154	31	29	117	118
134	134	38	46	191	152
200	39	86	158	72	51
47	127	92	100	65	61
28	96	94	54	122	151
121	194	148	124	41	97
197	180	193	38	131	36
54	178	67	81	86	58
83	33	54	47	66	37
199	143	163	113	63	102
111	147	125	181	74	45
51	196	199	98	170	73
129	24	76	173	168	174
195	105	119	150	132	99
128	52	43	157	111	52
146	151	36	35	145	174
181	21	76	133	192	167
110	125	152	48	56	81
40	68	139	139	170	196
25	170	172	81	119	148
117	91	131	61	198	181
139	21	142	51	39	193
100	150	198	155	107	187
190	36	134	40	148	147
39	55	97	64	49	80
39	79	29	165	105	66
158	128	176	126	85	63
179	44	145	39	171	39
95	185	115	128	76	190
30	163	153	188	164	28
67	38	156	133	56	53
82	61	94	26	28	75
163	97	193	60	92	120
163	135	107	111	123	96
146	44	91	177	145	170
185	168	200	31	156	56
101	192	154	41	59	65
38	191	107	61	188	180
119	40	54	72	56	117
175	26	146	159	49	182
197	37	71	81	39	147
43	191	131	76	173	111
150	174	84	150	150	79
126	200	191	146	165	66
192	85	57	116	75	116
80	29	130	53	197	68
61	117	156	132	89	186
177	51	118	97	32	161
50	87	133	46	62	125
108	99	95	25	94	140
178	31	72	87	183	101
26	104	53	45	90	160
136	102	65	93	142	141
60	174	70	92	176	152
25	89	106	133	174	78
49	94	190	111	95	95
57	68	78	135	152	137
119	197	155	114	108	99
157	90	160	196	155	192
98	53	50	126	63	144
157	79	179	131	97	79
63	196	62	52	119	106
89	173	129	159	161	96
142	57	90	176	43	27
96	107	194	48	191	149
84	25	80	66	57	75
197	186	23	134	185	42
184	159	148	123	80	48
99	26	69	52	22	51
183	119	167	137	83	42
160	21	119	132	39	54
136	114	98	186	46	151
77	92	74	155	134	67
163	179	149	42	121	60
31	111	162	76	176	69
163	187	137	36	96	22
106	171	157	38	156	109
46	168	79	172	172	77
77	145	171	50	32	128
161	199	106	34	117	50
171	118	142	60	78	191
164	78	33	135	135	161
107	104	45	120	118	116
39	119	78	48	199	73
67	26	198	107	188	84
66	128	104	71	167	85
83	173	191	71	87	89
36	33	120	54	192	76
153	21	92	97	108	114
159	119	43	178	96	49
52	170	136	141	189	126
42	139	76	116	34	47
159	61	47	152	106	30
32	152	149	125	38	46
105	74	155	150	39	29
86	34	90	118	95	22
29	141	176	67	79	63
93	171	172	191	93	112
80	49	191	107	174	137
23	29	109	93	82	43
161	83	87	29	186	66
131	134	32	132	33	24
158	129	69	106	81	143
161	136	98	154	99	165
97	162	176	146	90	51
104	21	146	54	123	195
63	137	195	75	61	102
38	142	108	33	55	87
190	177	56	155	140	38
123	98	62	21	155	133
50	136	56	76	115	162
25	70	193	83	125	71
52	176	68	27	162	158
196	179	188	152	139	133
103	25	106	26	68	184
127	142	47	95	155	22
73	136	47	39	160	29
70	156	39	92	37	164
56	87	158	138	156	81
33	145	107	114	66	107
59	30	84	119	126	50
40	37	48	158	91	103
110	126	107	146	30	141
38	183	97	59	99	81
64	21	61	91	171	61
198	188	171	184	127	195
82	21	136	101	123	176
103	34	50	45	27	197
46	92	141	94	155	115
117	151	26	28	152	55
74	182	180	94	80	190
180	37	199	132	48	86
75	172	194	117	183	135
200	111	151	134	155	47
34	95	46	104	24	172
169	199	102	30	161	84
200	41	184	72	24	156
64	95	112	196	137	199
133	139	140	28	195	68
199	93	92	132	75	45
47	79	29	47	100	124
103	111	187	34	148	94
104	154	157	104	80	30
27	138	80	185	151	111
117	172	86	59	167	199
153	163	34	104	169	66
65	172	181	66	109	136
197	115	163	175	71	188
142	97	167	74	111	87
126	75	172	76	180	33
71	46	181	40	23	72
151	163	115	37	193	187
85	135	163	163	82	130
159	65	77	84	96	168
67	161	53	73	80	153
102	58	94	85	142	100
155	147	99	152	163	130
82	139	64	197	188	29
113	159	72	168	52	53
57	64	94	32	145	47
194	121	72	101	60	152
43	195	32	103	164	164
140	58	28	182	127	51
24	76	33	153	129	133
162	175	162	134	95	142
152	105	71	138	115	60
183	194	195	75	44	145
141	98	169	63	60	103
114	172	174	42	136	191
177	22	46	158	99	93
130	197	177	150	88	129
190	129	101	104	93	56
76	164	148	48	78	24
49	90	117	151	35	142
119	117	197	39	130	21
29	89	117	189	97	175
23	198	99	110	84	49
144	165	52	170	165	126
152	66	189	26	51	124
102	132	68	103	33	69
126	96	104	108	134	81
56	124	114	186	164	158
35	163	53	178	60	26
178	78	125	178	177	143
59	132	58	151	163	79
46	84	128	183	122	35
185	124	153	32	87	71
78	62	98	130	111	150
175	129	172	68	97	104
166	114	173	168	156	108
155	184	35	87	34	56
122	146	136	73	163	82
182	196	177	50	71	59
179	108	69	31	138	54
145	64	138	197	103	195
82	34	175	76	109	197
37	95	189	34	199	198
145	41	81	68	58	29
136	114	119	95	103	135
168	192	179	91	73	194
178	158	146	131	116	149
125	45	163	111	32	183
159	47	185	149	80	163
78	62	113	88	102	65
38	177	179	114	70	57
85	154	152	65	52	146
70	68	168	193	182	35
38	148	184	71	157	128
193	65	78	28	158	30
177	85	97	41	114	106
200	57	195	164	119	92
154	32	177	80	21	146
96	171	106	77	31	132
194	71	112	47	126	93
53	140	157	191	159	59
25	87	98	117	122	83
122	150	148	184	96	74
135	84	166	80	165	164
52	126	187	117	120	121
147	122	177	123	38	100
54	88	32	140	117	179
199	80	98	119	68	33
198	68	22	125	156	101
182	33	190	191	101	38
67	101	46	147	181	153
196	127	28	46	47	155
153	150	125	182	37	186
106	91	53	155	72	31
124	187	84	97	146	101
81	178	25	53	86	99
30	107	76	193	38	55
171	170	27	83	164	178
192	50	116	198	185	60
104	78	83	148	86	135
188	164	30	190	135	71
200	39	170	160	41	118
196	193	42	200	27	188
62	127	138	98	51	30
153	148	31	178	57	107
48	68	142	199	87	105
99	174	146	64	94	69
26	73	103	38	62	135
90	174	145	145	53	97
67	27	26	29	174	32
52	193	143	161	65	78
134	88	79	66	134	86
135	26	75	28	121	159
42	188	47	159	105	197
65	29	122	130	122	69
26	171	70	161	61	77
181	83	102	122	86	32
26	105	160	128	151	122
43	184	178	97	166	85
64	172	66	126	69	151
189	33	167	146	174	189
172	81	118	45	93	103
162	187	47	96	116	106
175	56	138	132	156	23
163	156	197	78	119	182
79	146	78	182	195	168
52	85	108	79	46	76
154	169	75	197	183	128
43	102	123	127	90	116
134	199	21	61	70	36
123	109	46	142	178	176
169	101	122	182	111	39
147	74	142	47	134	168
174	87	132	31	141	71
142	169	151	96	192	98
38	107	78	83	112	104
172	27	81	98	66	178
184	103	38	97	140	130
164	33	192	24	150	179
45	80	75	129	106	97
197	134	66	85	112	101
103	102	84	92	84	183
82	169	194	50	44	153
99	189	182	157	88	54
89	91	85	92	36	183
59	29	157	88	114	157
90	191	193	32	75	47
84	37	37	79	111	95
44	48	100	22	195	164
49	40	39	54	146	56
50	142	134	130	199	97
166	27	198	196	27	97
150	149	194	27	37	39
149	39	137	180	89	160
76	86	196	167	81	176
26	155	26	109	68	44
30	82	186	92	131	123
38	130	175	129	179	117
153	41	21	106	198	179
27	75	177	56	193	153
87	88	112	194	195	150
33	124	88	101	96	97
51	43	103	48	96	143
113	97	193	76	22	50
158	62	187	96	152	102
37	84	45	161	106	125
192	100	163	21	115	162
141	33	47	82	33	80
185	45	69	138	150	89
175	29	198	187	158	123
195	183	159	155	157	42
107	193	86	126	166	58
79	126	27	169	183	137
48	126	197	75	104	66
94	40	44	70	189	198
69	150	152	142	122	47
72	89	25	78	94	193
47	174	52	125	32	110
78	137	38	45	122	41
158	122	145	98	128	190
42	79	87	159	29	115
78	86	80	109	138	85
170	69	168	46	34	98
24	74	102	151	46	127
179	169	77	89	141	68
93	167	111	76	113	55
64	100	156	31	186	72
171	81	138	194	138	61
121	67	111	60	116	114
126	179	102	38	66	110
84	162	25	58	62	158
25	107	58	113	181	128
147	154	105	91	96	108
153	147	148	75	58	178
143	28	70	149	145	141
54	35	192	187	121	174
52	54	164	132	167	68
70	73	62	145	116	45
73	104	125	144	149	27
95	179	46	73	158	44
64	56	107	117	180	95
177	168	173	101	107	167
166	100	144	25	96	94
47	24	71	68	98	81
195	126	124	126	61	64
31	118	195	127	152	94
53	171	47	185	121	124
77	159	70	177	81	142
141	28	197	150	162	83
22	87	129	163	152	158
154	39	24	156	152	121
96	57	195	78	95	143
40	25	185	63	55	124
40	153	188	170	125	124
46	174	83	71	95	109
134	180	150	67	92	170
45	155	157	21	54	152
97	175	41	166	170	48
156	95	159	135	23	47
178	47	43	179	185	149
162	38	51	193	100	29
173	59	66	97	93	183
170	131	92	160	51	169
92	136	117	131	196	93
108	91	84	86	162	61
152	92	167	122	103	163
138	180	117	67	103	35
173	134	45	185	77	135
99	75	44	146	178	165
27	55	182	170	158	192
64	98	70	161	147	128
200	141	125	33	176	31
186	175	176	62	66	125
117	23	75	62	32	194
139	153	179	151	95	182
196	180	101	113	100	136
133	99	22	67	196	121
138	151	37	34	129	200
112	153	127	113	71	45
156	123	193	76	83	78
182	150	28	57	77	64
82	128	57	130	72	147
71	123	200	42	159	77
169	94	35	154	143	133
167	124	180	151	70	32
142	123	54	124	131	161
56	43	198	163	156	89
109	159	165	189	199	191
40	53	67	127	57	30
58	21	136	110	161	80
61	132	70	183	82	45
146	149	156	140	64	33
114	47	189	73	180	156
137	159	70	66	186	81
24	146	77	58	108	157
188	94	27	105	175	178
39	60	33	28	72	181
104	113	151	149	122	51
69	142	40	47	196	88
155	113	179	95	166	115
60	147	195	100	127	59
164	132	68	200	57	186
158	164	118	117	27	138
184	56	33	132	166	169
26	164	51	130	85	45
86	75	95	44	117	122
84	159	56	63	100	67
115	26	192	57	54	151
139	98	138	43	186	63
52	136	196	43	155	85
28	21	172	104	196	51
165	22	90	149	137	184
107	81	49	93	60	124
71	33	171	192	148	23
190	38	141	37	77	36
136	117	156	101	181	168
23	33	72	108	110	62
48	122	137	178	197	183
124	177	180	191	150	49
169	89	76	152	116	115
163	109	195	74	148	129
47	139	196	194	71	157
139	141	157	167	28	69
125	153	121	127	174	107
147	142	34	89	59	75
59	119	67	32	140	163
39	59	42	189	168	191
78	177	98	181	186	86
181	127	187	160	139	79
126	103	194	170	88	71
199	33	92	161	186	68
107	141	124	159	99	135
193	142	159	98	91	46
93	58	125	115	49	105
27	57	86	82	132	70
41	102	121	176	160	57
137	188	168	47	125	165
63	99	38	66	182	65
182	158	131	62	100	66
69	94	153	192	197	94
152	100	102	189	105	94
114	120	99	163	124	113
69	85	40	173	137	59
143	71	165	78	160	123
170	23	101	86	72	96
130	42	144	171	195	160
85	123	104	137	112	189
183	32	183	116	46	95
165	38	156	73	38	44
170	21	118	166	120	68
22	195	80	103	168	67
24	157	50	194	43	61
185	104	61	71	144	93
46	79	189	92	97	60
153	41	81	173	69	129
62	169	40	138	197	35
66	144	24	186	89	136
175	156	188	139	76	109
171	126	24	46	136	125
86	60	157	178	23	82
123	113	51	122	60	185
125	126	142	185	198	92
180	46	41	153	35	162
37	189	60	170	182	189
82	26	52	70	123	129
39	175	138	144	31	188
187	87	140	184	151	168
111	22	118	200	157	197
75	51	133	82	44	34
95	85	92	64	199	49
166	53	103	40	134	181
183	152	27	146	152	123
68	80	115	185	196	148
115	33	28	72	164	65
160	139	99	134	47	105
200	37	159	149	176	156
195	51	42	52	181	127
80	56	198	72	176	184
60	131	181	182	58	27
148	23	54	28	82	118
41	153	189	102	64	52
184	174	94	161	87	49
137	103	77	123	25	101
113	197	155	183	103	73
109	88	92	79	64	82
60	46	190	169	190	88
147	163	27	41	33	130
82	133	178	101	156	21
157	66	32	163	37	84
43	31	73	29	142	131
148	145	187	177	123	86
29	149	97	21	152	186
71	177	135	118	47	169
93	93	177	45	192	50
73	164	185	52	69	125
59	50	73	145	27	172
160	62	58	100	28	111
120	46	130	75	166	160
45	179	68	71	22	150
174	195	155	57	44	42
159	178	183	167	53	125
35	66	41	120	199	129
80	26	67	34	164	110
174	39	35	169	125	26
59	91	87	181	25	47
158	97	176	93	108	108
178	96	55	158	171	158
193	64	69	198	76	184
40	49	178	49	161	63
119	197	63	117	188	154
69	168	174	111	60	177
167	199	86	144	86	154
132	199	93	143	178	72
183	159	32	74	176	115
173	197	192	118	106	43
180	109	24	101	38	82
24	70	151	93	49	140
148	122	98	154	36	75
192	21	159	72	117	76
119	30	176	49	156	142
39	59	123	64	191	108
121	85	83	115	90	114
136	115	38	111	77	115
159	172	131	75	46	132
176	87	141	97	187	172
25	80	132	29	62	34
85	24	157	122	178	124
54	180	76	73	118	84
78	166	89	68	189	73
37	181	97	142	75	98
136	194	114	33	66	61
45	28	179	21	174	104
45	34	189	74	149	180
193	144	113	79	86	42
29	192	25	122	120	187
187	145	77	52	126	56
102	178	128	56	159	117
52	88	41	166	84	115
54	198	152	77	152	88
79	147	96	196	77	37
126	103	111	146	182	79
85	107	192	174	117	70
79	140	77	101	100	69
86	25	27	39	163	84
51	120	113	159	132	32
175	145	67	167	180	130
176	172	85	28	48	28
98	121	78	144	47	59
133	135	39	114	102	83
103	173	166	200	39	167
26	114	52	78	23	75
117	104	87	176	26	103
197	65	105	184	23	107
176	54	119	185	180	149
182	147	134	73	28	144
161	185	56	75	138	29
100	65	96	31	24	68
69	24	115	64	163	76
92	26	42	61	155	49
191	46	183	144	45	128
87	104	85	151	86	103
31	28	138	156	27	37
133	166	87	86	146	93
48	54	178	98	164	76
184	103	78	166	112	126
128	160	32	128	173	136
65	70	27	138	175	81
92	142	48	164	70	153
115	126	131	42	102	27
191	128	151	110	163	111
182	93	199	44	127	167
172	160	165	53	129	176
182	52	87	30	138	57
117	194	191	197	132	183
79	89	102	184	72	72
84	200	175	133	60	180
67	175	148	140	46	133
52	56	166	85	148	103
166	114	61	55	87	64
49	140	144	137	93	106
165	27	76	126	138	90
51	53	33	61	145	200
99	44	28	37	166	53
151	190	78	79	156	198
85	52	37	54	166	86
186	30	169	52	47	37
23	63	200	135	200	75
167	103	44	48	144	26
103	92	75	49	71	72
117	58	49	157	149	134
22	73	171	99	193	72
33	154	64	26	199	44
134	176	59	128	23	169
194	21	181	179	113	108
116	73	42	50	193	187
143	103	60	192	73	71
69	39	179	59	70	21
68	60	139	173	150	85
67	176	172	178	194	32
70	96	67	68	192	64
159	147	99	100	94	157
161	31	74	47	78	157
190	24	159	187	120	91
144	129	101	43	120	147
131	117	167	153	170	102
129	164	154	176	53	37
135	164	37	145	104	106
155	74	86	89	196	38
187	120	151	160	65	196
72	22	95	178	164	143
67	108	115	141	192	57
194	182	133	128	175	61
56	29	154	182	104	136
146	140	91	115	190	111
106	40	123	160	153	26
188	120	27	148	113	50
66	167	53	141	155	78
68	74	50	174	33	115
57	101	22	107	66	137
109	45	136	164	185	51
151	38	110	155	91	138
47	122	81	31	167	138
146	137	28	65	145	84
164	37	133	184	165	49
34	163	144	126	29	115
35	65	67	70	92	119
45	149	58	33	129	50
169	91	91	90	105	65
25	44	197	99	60	154
154	53	119	140	127	36
58	155	167	197	30	117
150	117	58	67	65	47
133	64	81	183	192	148
165	23	128	118	88	42
23	131	114	119	131	34
114	41	141	131	158	155
82	132	184	190	85	108
131	171	163	88	45	47
112	111	83	65	91	121
140	132	31	92	22	170
109	154	109	194	185	157
34	48	57	167	164	118
157	152	177	170	197	72
65	101	86	38	166	23
31	139	68	118	55	199
196	38	128	150	66	114
170	180	52	62	47	112
43	134	190	87	196	194
162	34	141	67	182	177
52	108	144	154	123	134
105	125	178	100	77	36
157	140	133	171	86	174
145	83	177	54	66	50
152	21	113	109	155	67
32	161	50	139	163	113
42	98	108	181	190	51
96	97	51	186	51	184
47	180	125	71	66	28
34	31	174	27	38	179
132	171	174	42	167	189
194	30	97	25	48	144
145	71	124	124	154	118
195	133	196	185	142	111
44	22	40	164	132	100
176	141	105	94	179	111
86	116	88	175	141	51
124	84	181	152	32	91
39	91	173	83	161	57
52	29	104	76	90	173
27	82	198	45	110	131
39	65	159	195	50	111
125	39	122	59	150	182
185	55	135	95	149	200
62	72	94	136	169	118
23	122	156	47	173	151
189	197	29	176	177	31
23	62	101	174	77	181
154	168	186	194	80	82
38	193	73	25	111	192
164	72	76	29	30	134
32	81	25	45	123	166
64	70	44	144	149	75
34	121	148	165	173	90
39	47	182	22	101	62
21	127	89	116	119	154
184	152	156	113	69	148
44	185	128	200	101	176
128	106	158	171	136	147
51	47	151	179	103	144
27	84	24	108	110	136
158	88	128	88	149	133
45	41	171	21	77	69
122	143	46	134	47	186
192	137	104	173	168	152
136	55	196	93	165	103
35	117	124	75	135	192
162	165	60	182	54	27
26	117	59	66	81	160
59	33	138	155	22	117
126	155	109	178	108	69
111	150	62	67	27	68
97	190	110	132	136	154
125	131	46	29	22	131
74	101	30	121	82	121
166	129	25	172	58	114
35	42	22	28	148	47
35	161	133	147	180	78
189	175	49	162	77	77
130	50	103	70	133	35
25	80	143	21	109	73
186	53	172	189	42	77
130	67	25	87	107	176
165	194	113	191	188	59
95	98	48	151	70	130
172	80	27	26	148	79
36	59	26	194	99	183
111	99	171	147	176	118
138	108	52	48	97	169
165	110	170	135	111	82
26	177	128	82	23	190
69	191	139	106	70	68
136	91	71	194	161	88
90	22	67	43	156	120
123	133	71	118	29	92
28	36	99	185	143	128
77	136	57	77	167	77
57	94	63	192	176	137
167	87	109	163	112	194
74	189	45	23	83	107
148	56	25	27	162	116
24	109	151	39	62	68
74	100	66	56	194	76
176	100	179	196	56	189
152	161	176	65	119	66
181	64	165	92	40	118
193	65	56	84	41	195
155	141	119	118	195	131
62	28	39	149	41	158
101	111	151	57	35	118
91	33	102	35	66	76
100	51	49	71	31	120
131	30	178	156	60	134
86	116	82	137	101	156
182	36	196	51	150	94
183	183	51	170	115	139
176	155	25	51	160	106
64	167	30	198	86	56
72	161	132	107	38	75
26	47	171	46	118	125
189	195	169	79	179	28
74	61	139	151	89	23
160	146	90	95	155	134
109	131	76	112	193	98
26	136	161	192	182	25
108	111	196	42	66	141
80	185	159	69	152	70
146	36	92	44	30	49
72	141	69	63	145	115
181	23	25	176	21	140
81	168	185	38	61	120
139	129	158	121	154	51
128	78	157	84	176	26
52	92	159	194	139	131
112	147	105	23	132	143
25	133	108	119	94	103
66	199	44	114	142	111
125	194	68	79	163	134
52	28	184	172	22	85
154	119	54	57	107	110
198	111	22	130	75	81
153	117	171	118	157	118
115	56	61	178	198	93
122	138	88	73	85	174
44	127	136	136	196	178
113	72	149	89	62	55
155	120	132	168	68	186
183	135	66	156	128	82
188	43	176	34	115	108
53	30	56	181	97	97
70	56	134	108	70	82
92	108	133	190	146	79
41	103	131	193	120	114
132	36	87	58	88	139
26	40	169	116	86	152
107	45	150	86	22	129
109	31	85	179	94	181
80	40	188	148	83	51
79	166	171	48	40	31
29	57	33	62	176	80
56	181	188	166	151	161
110	85	31	105	54	44
134	28	170	47	178	150
184	102	31	162	167	37
175	155	35	57	164	116
114	85	75	30	129	119
55	192	57	184	113	130
175	126	125	31	171	42
124	108	144	34	96	72
50	80	188	115	21	153
119	165	106	133	25	51
173	132	155	100	124	165
48	69	129	49	144	113
26	116	58	100	126	129
80	194	84	185	99	24
141	59	94	81	104	43
25	63	152	81	39	93
170	111	176	198	55	117
53	197	157	31	126	91
185	53	188	77	44	99
198	79	81	100	47	163
98	90	106	166	158	172
153	75	100	98	30	192
51	59	150	36	147	25
96	200	47	147	37	94
122	185	44	131	139	175
138	144	56	64	57	72
196	171	146	124	187	56
142	115	186	141	71	93
107	32	173	98	161	149
74	85	200	112	147	52
132	162	126	177	41	108
66	62	121	191	165	157
94	33	34	85	195	73
73	116	29	79	39	109
136	76	84	28	109	22
192	36	171	178	100	89
142	42	124	122	120	107
47	169	86	166	33	149
92	127	131	118	195	151
63	45	105	184	137	117
81	175	56	174	98	146
70	155	114	80	22	145
150	116	36	96	29	79
181	34	67	86	76	180
47	161	78	133	123	186
187	186	178	145	71	125
172	100	131	123	104	80
196	38	196	58	48	167
167	37	33	77	45	104
143	159	33	160	90	151
86	104	50	62	33	28
93	151	104	60	139	63
59	27	108	146	131	175
192	162	191	200	63	151
161	157	73	116	166	76
98	97	25	41	44	117
172	163	49	154	42	156
142	30	140	44	175	105
152	117	48	162	33	168
160	136	137	28	113	115
179	46	174	122	93	84
50	56	188	168	195	116
163	156	199	44	197	59
125	112	81	59	58	131
21	192	27	101	97	147
197	140	161	103	140	181
122	56	61	120	148	196
68	24	47	22	164	120
58	95	30	174	121	135
141	193	121	58	130	197
184	151	113	134	178	179
174	111	159	152	146	21
25	21	153	47	135	155
92	152	99	44	79	111
74	145	30	141	64	168
43	157	52	155	79	124
124	169	60	138	93	35
183	132	64	132	30	148
198	70	41	88	155	152
151	40	174	149	65	166
178	58	90	180	119	200
176	194	178	52	170	40
59	101	57	103	27	84
52	161	157	176	156	98
162	189	99	118	84	197
125	159	83	135	157	120
85	36	159	172	46	113
144	46	97	153	185	32
44	30	188	121	44	27
80	166	25	58	71	199
159	116	174	64	82	200
132	153	138	98	77	30
85	105	160	106	157	162
157	110	129	58	141	99
24	198	35	120	87	96
188	101	127	186	200	87
127	133	151	80	163	86
174	163	21	177	122	139
21	48	93	22	109	133
105	42	75	196	179	193
40	27	53	66	164	196
69	134	85	142	52	129
123	178	148	53	77	141
116	70	91	174	132	167
130	67	185	149	72	194
123	183	58	187	112	158
126	27	48	126	124	68
119	176	119	32	66	129
121	103	68	197	94	63
130	83	152	60	107	76
199	185	117	65	26	72
21	172	163	185	194	25
179	100	186	135	178	158
110	75	27	29	43	111
103	200	170	112	87	134
189	108	141	119	148	156
173	199	165	179	123	51
146	187	80	74	154	128
94	161	182	136	101	110
177	177	148	195	158	59
67	23	33	122	84	66
84	186	49	79	65	23
82	108	162	32	130	166
53	110	133	75	181	172
121	105	127	60	73	45
46	26	41	173	30	64
95	54	143	183	166	138
71	58	117	152	46	120
84	184	140	188	84	162
186	70	190	69	97	53
169	34	148	149	23	128
39	149	156	67	111	189
64	121	58	61	170	100
51	130	89	111	199	63
72	39	192	163	97	125
107	22	98	157	66	196
175	64	194	37	21	53
171	21	146	168	121	186
63	139	49	88	79	112
41	72	59	53	22	140
114	156	112	86	161	118
171	45	74	148	90	99
61	96	147	168	161	34
187	93	102	174	34	115
164	182	154	106	191	62
151	38	105	141	60	86
134	162	140	21	183	171
48	141	200	136	160	23
132	27	110	29	148	199
99	153	89	137	33	164
29	70	176	29	61	171
32	128	34	136	105	112
98	47	164	31	74	85
68	194	100	104	62	150
33	31	71	146	181	51
125	168	48	132	110	155
62	129	188	182	108	193
91	171	168	65	89	86
181	95	189	135	102	78
104	135	36	137	148	122
55	33	148	169	37	171
148	34	131	152	183	152
54	31	132	94	132	142
198	116	142	132	112	40
41	172	49	76	190	118
123	112	99	22	169	109
29	196	142	86	50	24
41	67	31	101	38	134
124	182	43	102	162	152
186	56	97	178	73	94
150	60	84	22	172	47
65	64	54	140	46	72
63	62	138	187	175	123
184	133	182	21	126	35
108	104	187	71	70	125
155	172	143	130	119	111
181	194	159	68	114	137
148	26	41	102	147	97
65	66	92	54	146	73
168	161	114	196	21	191
41	186	129	52	75	57
140	174	75	102	105	184
167	187	40	41	78	178
63	38	79	40	124	119
166	100	64	95	48	163
124	46	102	76	40	190
164	173	32	148	85	130
200	32	55	122	160	49
159	112	57	65	29	40
73	155	128	180	32	64
181	126	49	143	195	167
112	147	66	158	141	46
27	115	73	182	197	158
53	200	155	194	199	187
144	93	48	195	84	38
107	23	190	73	51	160
82	69	192	63	84	22
43	184	23	184	22	167
158	95	172	107	35	97
105	53	167	163	115	176
106	153	187	48	66	167
117	67	141	95	192	157
104	72	116	128	98	119
117	110	156	112	96	100
194	167	70	49	198	90
131	50	130	196	46	134
185	173	164	80	74	124
43	192	133	118	82	32
70	72	140	46	186	136
169	108	53	37	158	139
89	29	101	180	34	200
62	22	171	21	91	148
145	139	78	165	26	64
124	191	76	74	60	92
115	85	52	106	111	115
71	38	138	146	142	147
38	62	138	167	118	110
175	168	122	26	188	181
93	167	104	59	147	105
141	192	23	23	62	163
181	164	94	151	51	84
110	71	98	105	35	174
200	198	32	124	144	115
117	79	28	184	197	31
103	119	26	39	178	196
54	178	52	38	191	131
92	77	180	48	40	36
98	29	153	179	158	39
136	74	49	113	83	69
192	23	104	158	168	39
124	128	153	55	146	182
189	56	108	120	41	163
83	127	153	87	59	45
66	21	149	146	52	114
126	124	193	126	174	68
49	95	174	124	179	130
72	151	47	199	48	183
46	175	87	96	168	140
49	33	191	183	35	164
45	41	92	67	124	49
46	44	71	54	59	110
36	160	76	108	37	169
115	24	167	83	53	120
64	144	126	200	200	129
34	45	181	66	96	165
44	152	164	184	89	21
61	87	153	149	93	110
140	118	153	185	152	63
71	86	90	164	152	67
69	199	130	155	171	97
74	188	99	28	144	181
115	173	200	176	24	93
91	197	199	187	31	35
77	63	166	86	108	98
124	97	93	111	64	180
185	101	143	183	51	165
179	149	176	182	61	21
173	139	75	34	187	26
33	192	167	176	100	72
94	24	49	109	80	107
42	157	73	102	63	90
139	44	161	103	142	34
128	47	59	200	46	176
126	178	148	96	125	48
25	120	90	91	82	45
52	48	128	65	159	160
151	192	69	121	93	45
58	199	43	80	170	23
191	135	129	28	162	162
143	127	151	200	32	119
115	169	126	21	108	21
141	188	28	37	124	170
63	127	54	50	131	180
56	74	147	32	189	47
114	172	153	36	57	56
78	188	40	132	93	51
195	102	31	193	102	152
54	57	188	78	173	21
25	170	87	60	133	44
107	126	199	197	115	22
171	115	59	101	87	95
95	113	79	181	73	127
77	150	41	113	82	97
139	114	88	115	137	67
128	170	131	108	195	35
162	172	144	52	47	116
138	29	149	116	134	111
102	139	22	76	181	134
118	187	22	71	133	140
94	77	184	175	105	64
99	156	57	36	74	136
98	171	59	195	64	153
116	109	113	65	87	83
26	154	79	149	106	189
75	131	197	196	56	154
197	180	150	194	136	161
185	35	195	91	115	99
44	138	195	138	154	120
72	106	179	178	104	98
155	133	22	97	77	108
44	44	150	53	65	71
30	35	171	135	156	152
21	178	26	82	167	157
105	39	39	153	72	105
100	78	74	101	157	36
190	151	108	166	134	98
74	86	174	124	146	41
174	134	22	153	161	62
26	88	114	112	189	71
25	80	98	45	159	165
60	61	55	53	194	149
74	141	49	120	43	135
92	181	57	27	146	196
126	124	190	112	103	151
84	149	164	72	149	31
24	52	101	175	192	162
101	144	136	26	39	139
122	62	37	154	39	32
151	139	169	45	184	96
54	24	148	84	70	26
81	28	145	131	102	145
163	66	179	143	152	65
122	167	154	50	69	133
195	185	37	59	117	28
30	124	79	192	175	24
125	188	128	22	62	68
86	22	151	34	62	113
23	107	84	81	120	147
116	25	90	159	150	140
74	60	64	167	179	115
171	72	35	149	84	175
100	24	36	115	51	67
114	191	78	160	171	98
76	60	63	168	23	155
33	98	69	22	189	96
146	109	131	66	75	110
145	105	34	143	112	47
89	176	53	53	26	127
115	26	167	135	87	195
26	174	80	119	78	121
150	96	192	194	77	141
141	186	65	69	111	111
132	35	155	89	42	79
158	135	86	179	34	125
175	110	152	75	42	31
56	144	36	168	70	134
164	152	112	190	138	137
36	184	82	70	164	133
137	95	42	61	109	172
48	30	129	105	182	57
89	92	120	64	154	30
76	110	175	96	53	85
44	143	78	189	180	38
156	127	157	186	33	190
175	93	52	169	52	181
34	64	95	45	142	124
121	70	196	193	140	115
164	101	94	111	111	28
146	64	54	63	97	155
37	21	128	128	30	80
59	160	120	87	119	136
158	169	82	155	23	137
166	112	112	168	67	154
169	76	181	82	176	125
172	62	109	122	62	142
84	152	75	138	167	148
129	68	57	171	36	79
65	91	136	82	104	70
158	197	106	100	84	138
138	186	194	173	146	180
129	163	106	77	147	22
98	150	33	162	71	120
88	30	111	131	95	44
26	158	162	65	40	181
189	165	35	73	90	88
68	128	106	53	184	171
184	156	88	127	48	186
46	155	172	60	122	160
111	142	124	156	116	175
124	168	44	143	188	68
149	74	51	88	38	148
182	154	159	32	50	37
113	97	34	23	91	81
72	186	130	187	144	197
90	136	139	179	187	137
84	134	175	36	144	93
30	83	152	81	53	69
173	100	200	85	194	38
50	165	115	93	63	94
38	185	113	87	89	127
29	85	182	46	114	94
58	76	50	69	130	47
90	72	83	48	68	41
108	36	34	122	51	108
76	126	81	188	94	105
127	124	125	108	147	158
94	68	143	176	114	96
89	199	132	53	84	64
172	112	48	103	104	134
54	191	188	63	51	98
148	50	199	89	175	108
43	82	119	35	172	129
181	146	105	51	98	173
42	110	154	137	45	185
169	82	128	89	50	171
150	109	24	169	139	163
194	136	144	178	187	53
102	108	153	156	55	70
98	56	147	57	33	98
142	140	194	107	106	197
187	177	188	125	41	25
81	56	165	135	28	146
188	127	96	69	169	23
63	23	87	50	65	121
179	74	102	71	182	65
175	119	123	149	42	78
130	35	30	72	34	180
83	94	55	109	126	134
187	158	167	31	34	52
104	92	127	87	122	120
175	130	56	180	178	87
82	195	70	48	106	64
76	164	147	184	152	24
145	76	76	83	199	66
80	124	147	164	198	77
138	61	110	88	194	120
62	110	61	180	193	123
154	90	103	51	30	169
65	127	142	166	102	82
38	165	94	134	109	61
128	193	134	151	35	143
49	89	162	74	141	60
136	71	21	175	136	174
171	178	115	171	28	123
111	136	187	159	88	48
95	79	173	80	64	146
157	53	139	120	151	67
80	116	106	42	159	94
34	95	55	197	151	181
37	161	52	107	184	116
71	130	180	79	53	143
74	134	179	146	151	186
50	114	145	41	38	117
169	110	54	36	163	141
33	186	126	62	169	174
55	150	113	21	194	104
79	30	179	175	171	129
28	64	169	56	61	113
115	83	61	33	51	183
172	83	160	62	113	179
106	69	22	88	41	127
53	57	96	130	87	152
79	132	64	170	111	169
64	60	162	167	25	87
82	56	67	178	57	122
185	192	57	124	53	184
179	31	180	120	200	30
157	99	113	32	178	126
75	93	55	27	111	55
98	195	142	150	85	69
49	126	137	161	141	110
142	42	31	25	69	140
172	145	79	80	87	61
188	93	200	148	31	72
29	183	60	145	180	189
59	82	65	185	117	37
184	128	129	24	164	67
126	51	133	29	174	113
39	62	59	34	114	132
82	107	125	141	168	153
78	140	105	107	137	158
56	99	27	66	191	82
56	45	196	135	193	103
199	24	93	190	120	145
166	32	112	78	54	76
91	40	89	193	28	197
33	23	104	108	92	134
101	141	121	44	72	128
84	129	87	98	156	177
56	197	49	159	72	165
28	184	77	99	41	94
160	138	199	197	125	128
61	108	80	74	82	66
151	198	152	88	92	167
97	190	170	69	68	199
136	67	199	102	148	130
22	21	45	115	32	43
53	95	110	131	58	95
74	130	91	127	116	99
118	150	196	151	176	138
92	86	24	151	48	89
99	102	83	175	65	44
188	60	124	92	50	31
119	66	138	67	134	59
129	195	50	132	23	62
132	76	174	155	84	135
21	60	90	177	198	170
24	192	60	164	186	48
163	169	44	42	197	141
54	97	83	31	187	23
99	145	145	72	193	114
175	116	164	142	142	57
94	136	132	97	47	188
105	175	59	178	79	36
174	31	164	42	60	86
137	85	118	181	161	46
178	141	42	67	51	172
108	186	149	146	32	22
193	34	56	145	67	88
108	200	86	88	137	164
147	35	131	80	179	29
53	163	142	181	165	60
183	125	60	186	131	63
155	41	187	41	199	59
171	143	133	82	200	53
23	91	129	24	83	182
33	178	189	90	146	46
112	177	195	52	187	194
164	55	131	156	33	171
99	96	117	136	197	51
187	64	132	161	136	106
158	85	180	39	168	144
177	116	159	51	171	51
84	133	152	195	148	26
69	179	59	168	84	123
195	127	189	181	175	161
50	69	152	89	141	86
133	188	37	131	48	72
78	45	152	31	189	130
47	163	174	190	27	107
48	36	112	163	179	33
181	82	37	148	131	200
167	183	74	34	74	64
142	86	103	57	173	42
121	151	153	173	28	76
134	76	56	48	60	113
78	116	109	31	166	157
99	87	116	196	180	158
66	52	126	184	138	133
65	166	185	99	189	163
66	90	113	68	51	185
70	64	49	67	147	113
120	81	54	44	23	93
47	116	180	62	119	137
66	144	181	150	79	151
135	183	157	171	45	105
49	53	189	21	65	156
164	55	45	64	84	33
187	32	146	182	145	132
43	169	156	91	183	183
120	161	67	29	125	174
196	159	80	136	133	196
160	28	45	183	103	118
41	72	189	25	113	92
71	86	79	145	44	109
183	162	195	36	68	81
51	77	32	173	138	32
44	152	141	85	45	128
142	191	147	93	130	129
138	142	173	47	185	33
61	185	113	152	40	144
150	54	106	82	177	140
86	106	133	144	117	69
140	64	44	25	112	100
122	177	158	185	192	186
86	197	30	105	132	120
79	77	65	26	69	161
35	120	114	77	77	144
53	87	105	188	30	127
94	22	82	182	65	72
44	160	62	123	88	60
45	138	40	80	177	119
40	114	128	24	153	140
138	45	157	161	163	21
88	197	122	130	187	78
169	200	188	28	152	182
52	98	98	77	86	159
108	88	50	44	114	29
68	44	193	127	146	188
75	48	174	157	157	99
177	173	148	142	196	42
53	130	60	123	52	169
174	125	178	97	60	62
76	88	111	38	55	104
62	164	150	36	183	168
105	165	154	50	151	51
48	134	154	175	171	145
39	63	181	41	192	158
196	142	58	67	184	111
64	138	166	118	103	175
200	104	134	36	75	26
88	120	124	100	127	120
174	137	166	106	138	45
98	65	89	41	147	104
103	143	90	148	52	195
174	98	153	100	32	89
118	28	179	132	67	180
70	92	55	27	191	93
146	138	172	79	145	92
179	68	172	104	39	81
39	196	36	25	28	44
59	75	192	200	166	118
150	72	81	132	98	32
197	59	102	36	89	69
119	103	59	42	82	156
131	146	193	135	168	71
102	89	176	178	72	172
63	112	184	155	197	157
197	55	142	96	173	134
135	110	33	200	138	68
24	147	183	109	170	109
152	194	64	165	82	43
73	52	69	175	86	178
51	22	106	63	60	88
33	153	176	100	168	60
137	164	160	85	98	50
77	195	77	178	187	132
191	117	41	45	116	107
96	148	118	143	160	59
27	48	174	185	36	97
147	178	108	184	67	166
184	69	132	77	107	169
50	36	34	135	172	192
86	73	46	23	118	51
33	38	47	37	144	141
47	123	187	71	54	100
72	176	82	172	146	87
40	90	170	128	174	120
108	152	119	113	179	128
130	103	169	28	132	93
60	123	103	36	68	86
75	119	41	166	32	65
79	194	36	125	81	145
135	138	106	89	72	64
136	146	92	193	33	134
181	153	27	42	116	125
119	107	92	141	47	151
36	184	84	64	153	121
118	191	68	43	82	179
110	121	44	153	106	98
128	56	119	32	71	125
45	32	21	138	173	115
72	39	147	56	193	37
130	136	23	72	104	53
25	124	156	170	145	102
141	200	179	169	79	33
171	155	151	166	99	102
96	125	62	184	78	42
82	114	136	171	187	65
88	86	134	22	186	30
164	197	100	28	75	50
48	95	195	152	62	75
41	102	138	158	144	147
150	27	140	111	66	141
54	155	143	156	56	59
197	95	192	166	56	24
137	79	151	122	186	78
45	57	155	23	72	45
152	199	90	125	31	87
100	116	28	178	130	86
105	29	175	161	158	158
144	44	118	45	142	180
167	35	149	119	193	38
25	182	55	195	68	44
30	53	32	166	168	180
172	33	179	169	41	181
40	132	114	104	98	161
176	197	125	44	63	120
23	64	170	74	186	140
180	150	196	128	93	128
125	60	178	126	28	40
105	175	59	200	59	97
152	26	161	171	42	166
90	63	43	125	58	199
196	147	172	188	149	131
28	191	61	132	194	44
50	150	111	84	23	107
176	28	153	157	152	170
76	118	140	58	129	148
33	166	183	54	79	89
35	48	192	92	144	119
53	47	165	76	54	179
35	100	37	34	52	115
165	182	75	95	41	125
96	176	175	120	58	119
32	133	109	116	22	56
113	151	193	62	109	177
89	122	22	77	44	122
186	46	132	170	26	176
180	49	103	79	169	39
99	172	187	70	39	80
176	46	125	191	34	69
42	183	142	159	153	94
139	91	92	165	111	23
141	69	200	74	48	124
140	180	74	153	58	71
108	22	89	198	106	144
74	87	114	77	171	28
91	187	180	193	198	185
84	189	199	176	145	141
147	31	72	137	31	141
153	148	66	126	100	130
164	176	54	124	118	73
81	27	183	198	146	27
74	130	183	91	79	28
71	149	37	115	166	177
188	52	144	55	87	139
61	119	153	158	138	145
44	118	71	55	162	55
36	189	159	63	103	197
198	34	32	43	53	167
24	82	163	97	191	163
67	108	192	175	21	78
121	50	175	68	188	70
199	116	85	36	135	111
26	81	117	137	124	188
23	95	135	91	74	130
24	63	72	136	59	72
157	23	149	21	29	162
153	167	111	32	193	57
33	131	98	96	145	186
102	197	188	172	40	74
189	102	119	37	94	24
113	37	124	104	171	24
68	116	57	59	80	68
30	118	71	118	83	60
92	74	29	92	29	144
165	103	184	34	198	65
152	88	121	167	148	101
198	65	185	159	46	157
71	36	51	182	44	165
64	40	53	145	178	112
85	85	135	146	71	189
174	183	137	165	106	58
177	146	198	109	117	83
106	138	154	83	63	77
49	21	41	88	51	81
64	146	93	191	158	94
153	141	52	166	153	109
93	104	94	52	139	143
96	93	28	61	88	173
26	161	166	94	24	88
118	111	180	101	62	46
114	49	130	75	154	81
88	34	64	110	44	147
102	133	179	163	90	168
105	119	76	151	21	128
170	49	90	62	78	25
138	153	183	104	41	194
115	52	178	136	115	103
192	111	127	21	120	174
40	158	165	50	67	108
84	187	118	26	133	51
42	111	145	63	30	127
133	68	34	83	152	122
127	86	100	108	110	185
96	30	149	161	199	155
175	113	196	191	194	74
190	154	78	34	26	80
105	39	198	161	76	97
37	70	166	88	162	24
29	152	137	170	53	199
131	129	142	117	32	87
135	103	192	172	70	35
111	52	200	26	41	134
57	56	121	80	150	113
21	132	43	130	179	30
96	90	184	190	166	40
96	197	84	167	35	155
41	53	99	119	174	107
50	40	32	77	65	109
67	51	151	72	90	158
186	126	169	39	200	50
185	193	61	77	28	100
146	41	83	192	130	151
63	33	90	56	111	98
178	56	199	107	157	160
165	143	157	81	102	86
74	49	133	144	134	120
64	200	135	122	148	177
128	139	119	182	79	43
51	37	70	49	175	120
177	36	39	105	179	109
122	100	182	103	142	124
60	37	86	30	156	51
150	21	59	99	193	95
32	39	60	67	193	164
101	63	64	122	72	108
96	119	61	171	189	47
126	112	121	121	118	23
86	86	99	89	28	144
54	49	190	80	142	189
61	163	52	143	128	110
61	122	110	100	26	69
52	108	94	192	88	88
99	62	138	114	153	146
38	180	71	194	141	68
141	107	121	173	162	38
102	119	57	129	136	53
96	108	59	79	69	32
115	196	22	190	169	107
135	127	166	38	123	79
32	82	104	187	34	21
91	39	151	133	62	57
109	66	180	136	66	143
115	151	98	70	131	36
79	140	66	108	63	37
178	32	151	72	166	141
165	115	84	102	152	139
198	191	125	43	135	73
39	80	63	126	138	47
90	148	51	40	192	117
122	26	178	125	97	160
166	165	171	154	195	72
125	75	56	144	145	190
199	96	148	93	186	37
133	32	152	152	46	85
130	50	160	81	182	110
132	146	160	147	154	64
147	57	27	25	73	55
186	137	172	22	47	173
26	177	53	137	80	144
34	191	75	54	57	103
191	141	184	179	27	92
26	124	83	127	172	35
131	197	116	176	124	192
87	66	65	186	197	79
193	117	189	88	141	58
137	200	98	28	149	170
52	71	94	80	44	195
36	157	117	172	196	136
40	107	42	156	37	48
89	145	169	188	98	152
110	29	66	199	187	60
134	61	125	194	191	125
40	184	118	40	67	129
52	197	58	50	27	158
123	48	147	174	40	104
116	165	126	119	48	134
60	125	101	106	194	156
188	75	31	116	54	55
148	89	70	127	148	52
52	90	155	59	43	58
177	140	104	145	174	182
27	101	144	66	141	142
183	157	198	30	149	144
170	158	103	173	81	189
88	179	169	199	100	48
35	114	122	77	62	90
113	91	141	152	100	43
28	187	173	124	84	47
144	95	78	31	192	99
186	28	23	101	154	118
61	143	196	26	38	176
197	122	162	25	24	97
112	58	97	53	71	128
186	62	96	153	90	75
146	46	151	24	54	24
177	187	97	33	38	163
193	49	90	43	84	189
71	71	69	178	104	66
144	107	44	172	63	157
167	147	109	188	80	86
158	68	55	150	27	56
157	191	168	50	79	153
90	198	115	103	189	134
152	199	77	143	47	100
49	75	119	117	141	154
166	163	192	114	106	64
87	31	72	90	118	105
68	102	161	163	139	85
153	180	139	79	182	28
181	160	103	121	194	106
198	83	138	181	66	86
153	36	40	129	147	88
125	170	82	142	192	173
33	158	171	43	48	67
60	177	41	174	54	132
177	184	36	75	27	168
65	100	108	166	149	77
68	43	151	45	178	45
95	148	99	162	24	140
60	116	61	156	116	170
40	63	30	63	113	55
82	31	35	113	99	79
182	127	189	57	46	36
107	32	31	142	121	160
94	107	142	130	152	50
37	123	183	60	33	192
26	128	175	58	28	158
48	133	59	183	29	122
34	27	122	105	28	21
111	195	132	157	169	171
160	45	162	29	83	179
158	71	91	55	87	158
57	132	64	61	192	24
59	58	109	139	114	70
129	169	44	52	27	67
78	26	61	124	47	59
115	100	199	54	101	145
136	53	128	99	193	137
59	131	125	48	126	200
106	48	149	182	181	23
163	106	154	163	194	69
68	47	85	101	36	87
162	24	194	199	98	137
72	24	105	65	119	66
50	154	40	111	159	117
58	94	169	191	197	157
40	197	171	185	162	192
194	32	33	21	169	131
115	26	48	105	151	191
178	91	190	160	189	73
95	187	144	39	188	198
162	62	50	178	97	46
176	28	130	98	85	140
92	107	60	48	80	156
38	64	62	53	111	50
45	124	190	147	127	58
167	117	84	194	128	139
164	177	103	165	64	196
200	56	159	155	192	131
146	43	163	42	126	65
111	175	187	198	95	152
104	101	139	31	139	25
45	71	184	23	136	83
127	188	40	63	130	180
71	186	194	179	174	63
168	60	139	116	174	200
135	157	179	164	42	69
56	61	61	152	118	53
75	163	43	102	171	94
37	109	150	105	87	123
44	23	26	179	88	143
106	175	167	186	119	87
129	63	149	166	26	143
75	85	106	97	30	95
137	200	122	65	65	180
41	127	76	71	70	148
83	106	37	68	173	109
174	67	163	75	93	171
123	198	153	130	189	21
160	79	161	121	32	90
194	105	147	98	197	51
113	198	106	49	39	95
90	69	81	102	77	184
145	72	196	77	125	119
123	83	199	35	200	63
63	155	193	32	94	31
27	101	153	174	170	92
39	98	60	185	52	27
86	181	189	104	150	110
136	50	180	97	179	52
182	59	38	156	127	189
63	70	43	101	118	38
162	41	51	137	68	141
158	45	105	124	157	176
190	125	146	130	26	132
37	196	59	47	47	183
155	94	44	24	52	137
47	159	158	146	133	149
173	182	159	53	55	185
140	59	57	106	95	142
101	60	59	164	24	62
154	148	112	141	117	131
86	44	101	190	179	139
143	171	59	118	77	59
83	97	24	42	63	188
156	179	41	128	170	27
185	179	113	81	100	49
43	35	90	140	165	199
72	155	62	121	96	162
200	111	94	106	101	105
43	125	76	91	70	118
148	195	66	35	52	79
50	145	102	95	174	145
180	52	21	200	117	55
27	156	164	87	105	83
194	183	194	93	196	44
39	146	70	57	75	165
149	188	110	98	139	71
69	166	124	144	195	146
165	77	27	150	51	62
131	156	24	117	179	65
102	157	139	41	116	82
74	103	115	131	176	103
186	77	113	130	36	115
128	103	153	21	63	108
113	146	92	155	117	114
187	90	199	33	114	106
33	141	125	127	165	169
138	166	47	177	105	152
187	80	25	89	119	79
184	175	73	26	149	174
146	157	70	102	194	115
192	112	28	166	85	159
160	166	63	196	86	39
168	183	145	62	163	95
141	142	200	53	197	188
130	133	36	66	68	21
121	142	58	173	193	61
138	80	198	68	192	143
40	125	78	50	40	99
71	196	174	197	52	70
69	89	24	134	168	46
119	117	101	53	191	135
79	64	31	55	172	122
143	177	82	108	154	152
113	119	134	67	31	102
74	192	134	193	87	44
140	32	137	119	117	96
127	168	95	101	47	161
86	149	31	171	120	85
153	90	24	136	140	152
112	167	100	196	40	37
182	169	44	93	151	22
111	192	191	77	45	130
132	41	161	178	146	72
79	26	177	200	76	136
106	32	108	73	137	114
96	158	113	181	181	156
23	76	101	157	178	54
200	22	33	77	199	49
123	26	124	111	193	168
36	193	155	37	61	126
114	41	160	199	23	33
45	124	183	41	72	54
98	113	125	35	118	63
153	148	78	177	181	170
120	162	64	110	99	153
102	139	140	140	164	157
130	32	172	196	73	57
94	83	141	126	146	158
98	191	68	138	179	181
94	27	71	114	48	41
183	33	181	92	159	153
33	167	173	123	135	76
66	70	179	59	182	197
30	57	81	48	63	45
92	159	124	49	142	76
136	104	120	89	104	64
150	51	99	55	94	36
25	179	191	145	199	140
86	135	57	105	80	167
25	159	61	199	22	141
90	160	113	138	49	126
99	184	99	137	191	99
166	162	87	139	184	117
197	95	200	147	186	113
140	114	28	145	98	102
150	143	198	171	40	98
179	49	184	172	89	155
43	166	65	76	92	200
135	92	43	184	191	69
34	185	184	57	173	30
139	90	124	198	85	175
50	44	69	163	120	66
99	178	37	158	157	62
122	93	146	147	179	187
196	188	21	47	128	174
102	100	133	145	75	117
169	66	59	39	118	150
162	57	166	80	174	146
46	86	38	175	155	91
87	57	142	186	94	44
41	60	177	29	43	25
88	69	77	100	93	40
173	184	38	24	143	131
63	149	61	199	64	184
183	160	43	40	183	165
156	82	191	119	170	117
109	158	75	123	28	145
91	157	90	69	139	39
134	195	107	105	133	39
99	191	55	140	195	106
67	28	97	55	66	89
58	116	168	117	122	50
110	23	157	162	80	57
91	123	27	106	118	30
95	148	138	71	37	103
179	84	116	59	35	36
68	73	126	111	186	100
81	72	116	115	100	139
120	107	120	85	104	61
69	169	75	32	93	193
165	34	179	137	89	141
62	113	157	63	61	127
73	199	108	71	64	116
145	136	140	92	81	46
198	63	70	46	54	36
132	109	21	66	128	172
72	23	121	67	72	97
40	158	155	136	30	29
27	110	128	90	124	114
196	48	47	178	199	35
79	129	88	67	159	102
121	180	181	109	64	140
41	127	83	74	141	173
154	135	125	180	34	77
133	104	167	189	131	185
41	162	151	173	29	64
77	183	125	136	59	58
162	108	63	200	169	39
103	191	181	161	90	140
122	66	58	115	139	120
40	104	28	80	196	116
37	134	40	184	193	45
143	163	94	80	94	133
118	193	28	105	30	177
129	56	91	109	135	146
59	77	32	102	59	115
115	89	108	166	30	190
126	53	138	135	183	23
79	108	111	27	129	30
33	60	24	169	48	82
103	23	125	139	197	92
150	66	157	81	84	34
151	125	82	59	35	181
33	169	138	147	178	48
181	63	51	73	66	98
51	170	149	173	192	150
21	132	149	53	24	180
82	145	151	110	82	137
75	188	144	178	117	150
102	149	38	143	128	188
92	65	111	183	45	107
23	170	49	151	27	132
145	36	68	35	132	119
66	132	153	133	193	53
184	127	197	175	122	55
107	172	44	125	160	66
68	136	31	91	43	103
53	47	32	144	180	171
57	97	138	133	118	51
141	198	83	129	190	148
97	23	50	40	102	155
160	106	42	166	140	163
29	80	51	153	164	163
55	158	46	140	58	187
162	139	82	187	97	131
161	112	186	94	120	131
51	29	110	196	56	92
25	144	161	197	186	52
40	97	138	76	89	162
142	113	135	52	99	146
107	121	129	150	184	159
71	116	150	116	116	135
153	85	123	129	108	186
156	156	96	142	109	87
140	33	50	193	24	39
193	177	137	136	50	142
76	26	106	189	34	148
144	30	95	66	159	130
64	98	138	166	115	155
107	104	126	39	151	115
118	163	87	71	133	150
25	165	120	22	30	110
124	23	55	76	56	94
21	103	89	154	144	35
160	187	93	27	40	97
56	119	108	63	80	43
157	43	197	84	178	82
77	108	148	137	141	24
74	200	103	131	68	170
100	174	170	162	151	167
95	37	130	195	190	61
49	87	138	199	113	38
73	174	97	40	24	27
135	59	112	110	182	32
178	100	52	71	170	151
103	194	107	67	177	68
62	91	159	146	153	63
140	186	124	83	21	69
98	189	39	37	196	186
187	77	30	184	27	134
89	72	35	182	34	186
169	111	120	150	189	150
174	62	60	88	103	147
115	39	85	53	23	171
146	107	27	41	155	39
39	164	97	134	25	129
110	161	81	168	137	78
116	149	133	52	53	94
129	31	103	190	158	185
155	124	163	159	56	26
25	177	110	85	183	67
33	97	96	38	90	74
51	127	190	129	180	104
35	170	144	157	80	92
37	192	26	159	99	94
45	60	143	46	87	90
122	42	58	53	36	114
77	154	127	191	100	143
102	166	174	49	67	183
188	63	165	90	147	196
60	50	92	134	149	138
187	198	100	158	193	111
67	112	173	53	66	129
79	157	158	192	153	117
112	159	190	196	150	194
65	49	79	36	142	50
131	125	131	24	135	111
125	51	80	59	24	47
127	126	121	37	153	27
147	47	149	185	146	48
79	46	96	54	104	98
165	153	178	160	89	178
27	44	69	172	127	87
127	71	148	156	85	29
175	176	200	131	46	55
152	44	109	173	197	28
144	71	117	190	148	58
77	166	169	177	151	162
82	142	56	189	123	139
63	38	165	111	57	88
42	168	32	87	157	57
120	65	162	37	84	131
184	118	34	172	143	168
116	168	109	35	116	193
67	107	43	106	85	136
126	102	40	100	112	170
37	45	170	122	64	146
65	182	159	156	82	157
114	39	80	140	179	164
42	53	187	150	59	153
199	163	36	150	61	129
104	71	107	108	56	45
62	90	116	106	154	108
144	142	149	53	176	39
154	87	41	21	45	149
102	167	106	29	117	126
148	114	28	121	53	197
21	162	191	99	112	79
144	192	128	188	159	169
129	200	70	59	55	187
94	79	158	26	66	128
46	45	165	70	198	189
92	185	195	162	132	132
106	100	73	85	170	130
108	198	194	63	157	105
179	200	36	29	108	194
23	101	129	87	74	110
70	92	155	113	180	188
44	144	191	25	49	164
97	150	112	100	81	140
120	43	102	75	23	50
107	126	169	179	149	93
55	185	154	82	177	94
170	59	95	135	39	130
45	193	191	85	49	200
149	149	144	118	79	128
191	124	196	107	166	98
89	116	127	184	138	125
60	141	145	64	191	162
166	134	62	127	156	198
179	178	95	69	76	183
27	155	187	100	46	189
94	125	81	157	118	166
148	101	88	77	169	124
103	56	92	111	138	36
125	157	92	104	26	163
54	114	96	186	196	22
91	164	30	173	174	70
161	126	171	69	159	140
22	87	105	30	88	96
116	56	83	171	147	173
57	135	187	199	50	164
74	180	57	42	141	102
129	151	56	95	29	195
105	141	115	27	69	23
44	190	46	126	93	43
87	123	104	140	178	41
146	132	152	187	67	140
105	54	106	175	24	159
172	197	90	183	43	53
96	29	72	98	200	195
105	25	38	113	92	167
75	96	39	96	124	86
50	113	188	89	81	57
138	112	136	91	85	78
110	66	131	159	122	193
107	38	34	169	156	86
99	75	153	55	149	159
48	199	150	128	94	147
149	195	136	62	124	99
127	193	81	60	34	198
150	193	93	25	182	123
178	90	27	87	23	192
25	81	61	64	120	150
194	179	200	157	191	149
120	128	21	169	197	100
196	135	199	147	144	148
99	172	72	85	21	110
197	47	183	132	152	198
131	168	171	109	29	185
27	89	113	114	48	35
190	160	191	188	91	87
162	65	67	163	129	196
142	167	155	175	59	71
134	174	44	71	196	134
147	63	87	171	162	134
167	158	23	114	65	156
119	111	160	57	48	103
43	141	30	112	126	109
22	91	161	199	54	133
160	40	31	179	36	54
153	164	73	79	182	32
178	80	136	160	80	70
60	112	155	175	68	31
158	101	38	37	47	48
122	101	143	56	93	111
95	137	63	99	167	74
151	87	126	148	144	79
190	179	153	50	36	88
42	188	89	175	168	68
88	23	142	189	105	98
37	140	104	33	111	199
67	56	113	74	32	66
103	49	159	31	38	98
96	89	40	58	102	31
87	124	171	74	77	85
164	191	186	101	29	71
66	44	147	179	107	162
21	195	109	47	118	48
141	149	47	47	130	149
190	95	176	49	68	64
145	122	44	78	185	156
153	115	159	53	46	81
43	111	180	189	164	188
144	35	167	33	36	174
161	66	130	81	23	196
159	110	55	91	78	34
126	123	37	26	134	128
194	88	27	93	117	136
62	28	160	57	190	51
131	32	44	21	37	70
121	122	77	188	181	143
73	22	120	74	45	111
74	186	46	151	140	88
195	21	92	151	146	153
69	126	54	169	31	82
75	91	97	40	160	79
114	150	179	137	106	111
77	66	52	81	183	77
37	32	101	104	51	139
29	62	107	99	97	66
183	148	58	136	47	114
107	103	109	176	23	73
131	72	125	103	68	174
191	108	198	54	29	78
113	185	136	131	121	28
53	196	200	46	52	133
24	192	165	45	150	192
42	196	116	164	152	25
31	129	30	53	189	32
132	76	142	129	146	63
67	117	42	121	99	107
50	96	47	64	187	57
84	62	49	58	107	51
41	145	69	88	31	121
194	107	115	185	28	82
139	60	26	154	98	130
68	178	171	80	66	75
50	137	131	170	105	173
169	67	89	44	196	170
130	132	82	71	105	114
168	57	144	50	22	90
84	169	106	110	88	36
161	68	62	199	114	84
110	136	134	172	109	96
199	185	138	157	27	160
65	83	113	121	163	119
81	200	40	93	151	52
42	57	164	148	67	135
188	144	115	119	181	139
30	104	48	101	189	32
186	133	25	65	191	124
32	116	39	92	183	38
176	52	26	185	60	200
157	56	158	50	115	158
89	183	101	161	113	148
121	120	199	91	44	141
100	37	52	85	43	119
198	133	125	153	157	192
167	163	158	60	136	125
163	108	125	157	120	170
47	186	81	187	145	194
151	166	172	65	98	111
172	81	51	99	55	109
166	186	44	100	156	114
112	168	179	156	193	106
105	122	144	34	61	93
141	64	150	55	53	56
137	99	57	60	150	163
97	176	184	191	96	140
196	142	127	26	179	138
187	118	199	26	147	142
82	192	144	85	23	79
193	23	142	127	197	191
91	54	65	137	196	84
147	32	28	94	138	102
109	102	49	125	22	66
177	66	87	87	69	42
167	114	200	144	167	32
118	22	139	72	84	86
116	87	200	102	105	25
198	53	41	91	200	178
58	87	170	83	140	199
51	25	165	143	185	57
59	148	79	38	53	61
40	112	46	51	159	170
120	63	192	98	84	162
29	196	127	96	24	150
56	105	153	199	107	32
50	80	169	84	22	123
88	128	53	106	156	28
198	50	133	36	76	148
52	44	64	152	170	166
165	192	28	104	92	131
161	151	90	164	138	194
50	64	121	47	197	122
123	124	179	157	64	84
52	130	59	62	46	164
193	106	128	123	31	78
137	32	147	200	155	107
53	108	111	91	158	96
169	84	99	138	200	136
182	73	178	52	71	49
91	168	34	162	180	162
35	89	174	100	35	165
126	78	55	89	194	148
173	78	200	192	163	159
95	119	195	199	57	67
169	96	197	29	80	79
86	162	35	60	114	64
129	83	82	25	141	134
54	36	96	195	90	62
200	186	37	167	143	151
166	138	171	31	29	141
134	99	158	60	64	184
65	190	111	37	44	184
181	62	155	65	41	106
21	200	195	121	179	31
96	154	163	40	111	107
61	107	106	147	55	43
43	87	37	68	110	191
49	200	91	189	191	148
148	129	27	197	148	91
152	169	106	187	98	180
166	148	200	199	184	200
105	186	150	66	195	43
69	174	94	27	176	151
170	112	200	39	73	128
148	96	68	173	177	71
94	144	99	74	64	191
126	184	122	187	166	151
59	27	131	92	136	170
69	125	178	91	198	168
35	40	77	33	72	52
180	196	66	125	46	90
167	46	172	174	170	109
123	38	117	117	151	25
150	164	152	151	129	122
120	169	189	166	103	68
52	189	89	114	164	127
130	107	133	26	73	195
185	26	143	176	67	65
91	164	83	72	191	37
130	48	139	91	119	155
36	198	75	186	166	131
194	133	23	169	75	29
23	75	164	85	156	193
174	57	27	192	147	101
118	96	102	42	115	175
139	57	71	195	112	169
106	24	159	191	139	36
198	97	158	83	51	163
150	48	57	101	29	171
75	80	169	35	125	79
124	110	166	66	44	88
174	178	47	38	116	174
134	40	199	70	183	52
81	74	153	104	35	32
49	78	114	98	70	154
54	173	133	179	197	159
23	182	180	38	88	41
134	168	64	159	157	93
167	172	190	150	187	106
177	138	158	148	186	102
131	92	48	69	130	53
131	89	67	146	179	74
110	119	78	154	75	194
68	170	149	79	162	35
160	85	148	181	126	194
140	111	173	174	52	139
100	168	60	197	168	142
115	185	62	31	90	121
190	64	92	53	69	78
197	82	112	102	47	169
152	158	120	56	43	172
45	158	169	140	61	60
89	34	112	200	34	161
173	100	121	138	121	65
177	65	93	41	28	21
159	149	121	121	128	96
130	24	36	66	69	27
68	29	198	190	158	97
187	100	144	43	171	136
140	123	176	194	67	163
166	62	175	131	98	171
42	57	161	79	48	106
127	174	51	134	189	86
149	100	145	199	53	81
44	139	174	172	151	186
145	74	194	160	49	122
29	21	94	39	110	142
107	190	147	184	182	43
48	129	98	169	66	182
22	86	122	195	62	62
114	186	180	26	137	112
151	99	71	194	52	176
66	96	48	178	159	82
35	22	82	140	76	76
41	65	127	54	56	163
99	64	59	181	74	25
181	138	26	170	75	34
86	100	54	116	134	131
113	52	129	127	140	52
58	97	153	137	123	198
63	64	148	134	32	84
118	141	28	118	107	160
89	81	74	42	101	134
46	89	92	192	56	71
200	33	105	30	141	100
29	126	194	184	116	27
117	46	180	59	90	179
187	154	22	120	66	116
198	46	23	93	28	151
190	152	147	147	188	105
73	64	138	92	66	118
117	77	53	27	164	147
37	80	120	66	104	57
191	107	68	105	177	159
68	113	129	170	93	162
138	98	183	187	198	94
180	55	95	174	125	164
180	177	33	110	56	155
195	57	117	126	107	66
64	71	185	47	51	28
191	31	54	23	70	194
187	91	181	32	105	184
188	35	50	76	164	53
128	199	88	104	101	126
75	95	124	53	151	123
153	38	88	128	191	51
94	56	144	194	177	48
109	168	163	164	35	199
65	138	46	109	98	38
129	60	104	56	108	58
91	157	59	80	116	88
89	104	176	166	192	83
156	38	117	72	87	62
117	173	124	171	132	162
163	90	62	107	168	115
73	159	75	31	27	174
92	100	50	130	28	35
90	99	95	192	128	65
200	48	116	30	140	143
181	148	50	192	109	180
21	103	43	76	101	65
88	77	162	186	122	165
60	54	72	74	107	88
154	126	87	172	110	87
147	167	97	45	51	107
159	189	127	149	154	124
122	115	187	47	102	94
63	119	154	120	72	45
189	195	52	186	83	182
120	51	76	47	198	121
194	123	152	47	23	186
181	104	129	173	103	147
139	127	176	118	42	92
157	187	145	105	173	23
169	129	149	175	165	191
85	84	61	145	86	81
83	114	90	31	73	33
40	86	117	124	111	129
23	132	177	52	181	116
47	39	196	26	180	143
167	55	59	56	96	41
133	133	51	186	93	182
133	178	198	178	116	124
116	29	178	84	199	114
52	34	169	101	125	44
122	114	189	40	61	70
144	62	158	115	102	91
38	125	186	59	174	64
96	118	62	38	99	172
94	155	180	111	67	147
28	61	97	171	156	131
106	197	122	24	31	92
43	129	127	138	131	47
46	80	199	172	157	73
188	183	98	147	102	62
184	35	173	21	108	29
115	169	189	47	45	156
134	27	117	41	21	27
163	188	155	74	146	40
147	184	140	162	55	130
145	93	40	148	160	137
85	97	167	161	133	199
49	101	123	45	105	21
83	96	179	159	182	30
122	36	58	55	83	115
120	48	140	138	133	147
57	161	194	24	42	86
176	103	130	186	141	91
55	90	88	189	183	52
23	41	172	152	171	153
92	195	112	56	167	46
185	64	116	62	91	23
198	109	189	186	71	142
31	130	97	169	181	26
122	158	59	107	172	71
98	101	61	54	81	130
198	103	56	110	109	53
180	188	37	39	141	127
96	134	84	175	126	26
69	180	189	78	135	123
118	31	172	98	93	181
60	112	162	100	147	133
54	105	96	124	118	60
130	185	107	73	66	25
53	124	176	35	165	165
100	129	89	82	118	131
102	182	98	112	63	79
154	52	65	35	176	21
81	191	127	79	188	114
128	77	43	64	154	54
42	55	154	128	151	159
26	176	29	83	123	66
118	35	101	109	93	33
59	185	23	127	30	141
184	123	170	118	128	108
55	84	176	137	199	54
101	199	145	113	178	164
64	56	61	105	49	179
52	82	99	114	41	52
68	194	104	109	32	95
109	121	151	93	133	71
147	186	157	67	146	176
170	50	102	29	198	163
118	44	84	34	193	158
35	170	106	28	98	119
168	135	134	175	27	115
135	123	190	101	134	65
82	46	74	115	171	192
164	151	122	136	99	32
123	83	151	82	171	27
43	63	143	96	183	61
105	164	33	153	75	169
113	141	26	141	70	108
188	34	50	68	181	160
184	185	52	54	73	77
24	199	169	117	142	83
187	164	138	57	86	77
156	100	133	138	71	30
65	23	163	126	149	112
32	26	124	61	161	129
188	122	165	117	50	154
195	163	51	99	51	82
71	156	150	179	99	111
64	171	150	143	75	115
184	66	55	85	28	164
124	37	61	30	169	145
68	38	157	80	125	140
166	74	99	167	115	167
38	175	88	127	156	180
86	177	93	44	188	117
152	129	134	189	89	24
41	35	187	80	103	106
65	127	194	45	169	67
112	91	193	157	145	122
164	182	60	141	62	181
194	153	47	94	181	193
120	43	156	63	47	84
40	33	40	171	198	151
146	157	47	101	168	73
196	160	194	123	58	150
25	129	100	58	185	29
43	128	155	55	41	57
109	125	45	45	175	152
167	51	74	172	87	52
199	111	168	103	37	121
167	66	138	134	118	160
109	101	64	33	160	91
24	198	115	125	91	160
63	177	116	90	106	27
167	40	48	139	131	100
74	81	24	141	34	31
193	54	68	66	131	26
81	188	111	173	176	25
62	150	33	194	82	96
85	184	36	84	72	109
73	158	111	48	197	82
91	190	60	38	79	154
163	156	187	21	169	49
158	67	84	57	32	65
70	53	35	131	150	162
38	135	22	78	110	82
137	70	82	27	68	94
82	99	146	101	189	137
197	135	108	86	96	147
60	57	47	27	100	148
106	145	159	53	188	198
52	107	97	29	157	125
75	87	113	154	29	161
23	88	97	128	117	102
38	187	27	182	187	167
124	82	181	142	31	181
30	154	98	113	73	118
109	78	85	124	163	126
24	187	109	121	62	74
40	42	174	95	141	121
146	168	147	197	190	89
24	163	129	177	61	194
179	43	182	123	186	39
185	98	98	25	143	139
123	178	133	118	65	23
93	198	195	200	31	155
139	134	76	116	100	113
144	121	149	30	162	198
79	30	172	93	101	185
122	87	125	34	89	90
197	105	135	51	46	129
86	61	153	113	56	151
30	60	65	192	123	161
82	133	146	157	93	62
47	95	47	130	76	84
104	196	156	57	150	46
188	92	71	30	118	21
26	106	72	43	134	86
140	119	177	187	78	68
113	120	71	44	143	185
160	50	185	47	172	132
128	115	103	137	116	167
132	43	98	178	196	136
109	178	36	137	47	131
186	194	58	140	149	135
69	32	24	47	196	93
146	94	184	53	130	131
160	39	132	24	54	62
69	135	199	33	29	61
126	127	106	175	186	171
63	79	112	146	158	26
44	36	189	37	141	174
53	90	64	28	152	193
102	140	56	67	93	95
64	47	121	82	84	139
154	188	145	47	153	41
112	60	100	196	50	191
53	175	184	39	95	164
32	195	110	51	45	192
74	127	140	130	200	149
135	128	145	60	131	71
32	139	110	79	85	200
168	108	181	96	53	109
149	123	40	115	92	156
80	80	199	54	69	42
82	182	48	78	117	84
21	90	42	133	101	81
22	90	134	67	75	172
167	83	117	147	164	133
198	125	76	29	133	36
123	120	62	119	103	157
58	135	61	79	129	134
100	189	38	105	132	36
74	82	94	99	145	22
163	71	63	148	168	143
79	70	43	75	118	136
91	189	25	182	49	22
132	157	184	174	179	108
43	184	190	115	193	74
149	124	102	166	121	88
130	111	31	78	36	40
190	68	136	95	131	131
149	104	172	127	178	92
159	85	106	170	185	89
175	120	200	154	55	107
143	81	35	63	143	64
141	117	159	199	184	131
192	151	118	51	40	124
31	181	187	186	25	176
51	161	28	179	36	161
117	92	150	42	163	160
126	179	196	121	89	121
61	70	29	89	174	118
166	88	173	149	32	119
165	55	94	46	76	158
94	119	159	189	63	69
166	138	86	129	142	123
136	41	141	109	179	172
29	75	121	169	110	194
104	156	71	126	173	87
195	34	111	115	40	139
114	64	187	141	154	118
174	134	98	50	58	152
172	178	48	151	120	182
132	118	113	67	192	137
86	106	115	79	64	86
71	162	96	162	95	73
29	186	68	123	155	188
107	51	131	47	70	95
79	174	198	52	161	83
148	99	39	61	84	86
187	119	197	36	70	113
189	111	41	99	160	71
175	179	115	158	88	44
33	179	41	87	157	75
62	161	184	141	164	110
70	196	119	129	175	137
39	185	43	23	79	178
24	106	102	91	124	46
107	37	47	66	70	180
58	74	87	183	144	81
99	47	102	76	173	145
161	107	172	123	136	76
33	168	180	52	68	64
41	69	170	95	182	22
125	34	150	141	24	42
54	148	38	180	76	112
123	145	26	30	186	193
89	104	32	164	105	126
104	140	158	186	90	135
130	154	154	131	96	44
79	54	164	79	74	60
49	134	131	183	42	81
92	190	153	148	22	25
124	127	85	97	153	100
48	52	138	71	98	36
137	37	71	125	179	122
145	96	181	112	199	29
171	84	114	33	166	184
121	157	96	172	32	160
164	199	107	194	101	140
84	180	191	150	193	133
186	150	95	132	135	110
51	158	145	199	198	198
67	165	77	173	87	124
168	46	101	181	81	151
109	53	166	110	57	148
59	34	127	199	186	68
131	162	81	162	66	103
82	24	89	73	135	106
165	29	141	142	80	100
61	47	68	90	132	53
193	68	148	185	49	187
26	69	37	133	194	134
31	136	157	193	162	197
95	80	134	63	197	38
90	83	173	29	28	62
196	113	106	70	174	112
58	65	78	146	164	153
176	30	185	185	97	138
129	79	44	57	187	27
102	150	108	78	37	166
158	194	83	134	124	35
136	168	47	29	155	124
97	161	75	37	55	112
141	154	33	145	199	105
199	147	102	123	97	187
50	197	135	195	159	94
198	124	128	172	32	78
112	139	31	66	71	43
61	81	68	185	124	58
153	26	100	178	111	87
150	65	154	143	144	109
88	61	180	178	27	136
139	39	79	177	131	176
146	109	85	140	84	48
118	122	97	127	200	100
168	144	35	22	132	87
190	161	128	198	150	127
147	187	109	95	29	112
78	62	191	148	51	123
158	66	111	181	31	168
45	53	105	180	197	139
107	104	94	104	148	29
68	65	135	95	72	136
127	80	81	59	151	149
148	31	46	95	169	153
53	133	37	134	101	155
169	99	130	65	94	196
36	200	115	99	91	163
75	126	182	163	151	45
111	200	88	57	51	199
30	84	135	27	119	160
161	83	87	21	174	129
67	149	85	82	168	56
172	143	177	185	147	166
185	132	183	81	72	145
50	118	149	122	38	126
56	140	152	116	78	26
81	61	48	45	47	60
114	118	147	51	152	50
108	23	199	137	192	175
146	85	128	104	190	35
109	198	39	85	181	171
168	146	43	170	63	175
174	33	47	135	139	97
74	32	66	161	130	182
67	153	54	190	23	53
164	119	169	68	85	109
141	36	163	74	88	120
52	35	61	71	108	176
161	136	174	102	41	67
98	139	181	138	39	42
31	131	146	137	181	195
196	95	58	123	137	169
111	131	29	199	120	54
68	175	118	25	119	143
89	69	149	195	34	102
179	47	21	142	78	145
82	135	189	55	107	111
69	148	113	101	38	164
121	39	139	84	40	21
123	187	85	156	157	137
48	191	165	164	31	51
173	121	44	43	126	43
42	175	153	154	200	173
115	162	103	30	133	161
124	162	106	104	28	99
46	68	32	143	76	127
78	88	82	85	59	155
143	32	180	198	182	158
44	105	150	107	30	176
126	130	37	175	149	47
60	191	180	82	176	26
65	169	145	184	63	38
84	188	112	188	166	36
54	27	60	98	44	127
108	109	156	146	71	23
90	188	46	158	126	145
122	43	81	131	28	28
162	165	84	49	133	148
58	105	107	69	182	67
197	188	41	111	71	49
81	81	111	38	42	56
63	31	84	84	49	200
158	72	78	30	48	81
123	137	196	84	32	175
180	139	22	90	108	48
39	72	135	114	108	198
124	107	58	81	34	101
83	90	164	49	150	61
198	129	90	192	68	163
22	87	144	159	104	117
29	77	146	30	149	128
113	194	73	130	103	25
34	148	137	66	173	136
153	145	121	52	143	169
42	70	85	138	60	143
34	191	50	102	49	73
77	163	115	75	102	139
133	172	106	67	40	162
109	165	159	199	143	119
196	108	80	71	137	72
47	147	55	174	147	100
192	176	44	76	59	93
170	148	143	151	61	168
183	66	24	146	122	35
78	130	142	130	113	151
134	127	107	178	75	137
187	96	79	155	113	147
21	25	80	121	42	34
128	55	103	178	135	148
107	98	130	63	158	38
30	81	107	69	147	114
137	36	187	44	70	128
85	170	107	149	177	147
171	175	196	163	158	200
117	143	33	35	147	105
158	69	139	178	92	158
163	185	125	60	71	95
140	85	68	173	27	152
41	186	172	135	134	128
85	151	31	54	68	143
144	169	32	86	153	23
99	169	51	164	60	180
60	112	157	135	31	62
53	32	26	96	184	86
136	169	94	61	141	109
84	177	40	29	121	194
63	77	142	41	146	94
133	139	49	103	82	127
195	109	85	30	151	101
200	119	61	32	51	50
187	39	125	44	126	179
145	169	81	166	110	152
78	86	84	145	85	101
178	138	131	195	164	193
50	185	138	166	199	153
117	81	122	91	158	57
138	48	54	105	94	63
58	118	132	104	168	191
141	103	58	164	174	57
80	89	116	100	185	162
88	134	190	199	58	173
99	71	33	135	134	136
123	48	194	163	21	167
112	32	82	90	55	155
88	30	71	172	73	131
84	153	142	79	120	191
130	42	168	187	96	91
159	81	156	51	35	179
145	87	61	187	35	186
26	21	179	145	60	160
135	159	90	53	173	56
195	193	48	159	77	59
66	104	183	121	164	179
58	40	126	50	152	147
100	79	131	164	176	108
29	192	192	128	168	97
64	126	169	31	125	75
121	123	125	116	191	166
99	177	87	127	141	94
170	164	145	173	85	107
29	21	145	34	65	117
153	96	110	123	144	165
31	81	133	154	103	181
176	180	36	60	82	190
137	176	50	85	46	185
116	94	134	151	191	31
66	192	106	93	36	38
125	163	38	117	100	200
129	112	69	143	72	174
178	64	99	89	145	37
126	86	29	106	179	180
115	38	153	168	155	64
195	73	170	37	74	49
189	113	70	43	191	89
47	168	62	169	66	30
149	166	37	98	65	159
127	153	192	52	98	78
95	161	63	85	104	172
37	92	35	151	155	179
184	125	143	95	140	179
117	112	152	156	160	65
151	63	151	64	108	145
190	172	64	146	70	81
66	117	53	172	55	128
95	165	64	39	111	173
71	61	144	32	73	94
83	97	110	191	168	158
23	123	85	80	33	24
65	164	37	87	63	123
165	59	117	169	181	49
128	69	93	110	78	196
47	138	188	137	138	76
190	189	36	135	62	142
53	99	157	80	187	41
163	126	180	138	61	51
57	82	86	65	34	49
75	38	42	139	178	22
57	132	140	102	157	78
66	164	40	27	61	68
71	200	90	36	78	125
78	43	186	59	104	121
188	83	174	171	51	175
160	88	122	70	88	195
194	97	21	124	190	137
98	137	88	57	71	183
44	52	36	198	164	189
87	159	145	153	85	87
110	193	21	145	134	82
85	155	126	156	118	179
129	137	126	113	120	135
171	46	190	136	36	137
101	41	72	76	27	164
147	110	45	64	51	127
144	30	49	64	148	89
52	72	83	82	91	164
32	99	124	128	75	77
136	200	116	195	78	116
178	86	136	191	98	21
81	50	29	148	167	195
68	49	83	77	73	67
43	152	93	148	51	197
97	128	191	192	104	155
125	120	161	58	144	112
127	123	78	86	56	94
126	79	134	25	99	179
64	178	186	162	24	68
125	190	22	50	27	35
157	140	196	119	71	31
104	33	124	154	24	24
49	127	79	144	173	56
103	53	49	74	58	171
181	29	188	65	128	66
125	85	138	30	109	70
84	144	46	134	129	133
171	156	28	62	51	65
136	57	181	164	138	141
149	109	58	44	176	169
60	22	186	31	142	138
144	163	26	108	103	183
164	92	38	51	21	134
122	106	160	105	55	63
153	99	198	147	135	135
138	36	67	79	28	134
127	76	48	90	186	86
122	49	73	121	173	125
134	178	65	166	55	73
183	112	66	191	108	86
106	196	54	99	70	29
79	126	104	170	92	170
134	90	180	120	140	74
182	181	191	23	62	162
86	135	106	29	46	38
27	105	81	152	125	38
63	141	182	23	89	199
122	73	175	46	34	148
194	128	122	199	134	175
107	54	23	137	76	139
70	78	123	48	154	72
69	43	109	120	83	71
76	35	158	175	129	175
167	92	44	81	114	182
42	157	152	196	136	178
93	43	136	64	124	189
155	94	105	41	54	166
144	169	66	57	99	38
94	129	172	180	117	70
190	118	27	98	59	195
22	76	193	127	57	133
168	95	114	38	146	127
45	85	71	128	27	162
108	166	159	76	121	94
190	184	62	162	136	188
104	103	74	62	197	140
149	37	194	104	136	53
34	35	170	66	101	65
184	90	63	186	160	28
88	21	44	184	178	191
136	126	73	24	100	49
176	153	116	191	190	127
75	133	191	83	137	56
75	118	198	27	76	106
153	25	62	90	119	125
55	52	185	164	61	62
89	136	165	72	45	82
158	155	146	111	132	97
130	72	42	102	160	27
85	71	128	177	129	156
81	38	174	132	167	41
49	54	26	56	128	26
65	68	65	81	59	96
149	38	40	42	187	79
98	83	113	60	116	87
117	47	171	161	200	30
81	137	35	135	43	43
146	67	94	40	95	47
60	123	119	67	81	160
134	103	145	161	25	144
103	141	60	110	120	187
83	107	137	64	24	43
136	163	113	92	163	148
114	99	41	150	140	141
186	177	79	78	122	154
41	172	93	114	133	74
103	175	160	200	144	157
180	84	142	43	118	177
52	173	162	175	76	198
91	97	190	93	56	86
115	144	76	22	118	56
87	196	124	53	33	42
98	186	160	110	43	112
193	133	171	105	186	188
178	79	179	192	27	143
171	59	148	98	49	182
57	117	30	140	73	113
69	132	162	91	82	39
64	124	163	176	173	159
179	187	88	131	129	187
125	193	31	75	97	74
33	83	194	24	39	31
40	31	188	41	70	29
83	191	143	108	27	126
177	100	21	168	191	38
112	50	137	179	155	101
164	164	159	115	35	194
175	97	41	121	42	107
196	51	145	189	134	200
146	43	23	186	146	48
200	175	181	42	28	140
59	92	137	57	158	56
109	156	93	186	142	58
66	54	160	56	187	145
180	76	95	54	177	106
168	26	42	43	25	158
160	176	21	40	40	31
29	55	92	62	158	104
138	84	87	183	195	47
92	89	148	47	162	181
158	45	190	152	127	28
123	145	67	88	180	183
83	39	130	75	132	85
200	142	62	34	28	147
97	28	47	30	47	50
102	190	123	170	122	159
61	87	192	173	190	51
177	88	103	79	130	153
167	94	159	133	156	159
179	45	59	64	179	45
84	97	188	60	150	83
92	97	196	33	164	120
31	32	168	98	29	76
72	59	164	58	129	180
114	191	200	47	157	167
102	100	42	39	51	145
178	129	30	157	143	110
190	195	179	98	138	117
26	149	30	83	72	99
107	35	95	107	122	122
157	188	114	103	196	57
160	60	192	123	195	138
84	43	73	43	99	48
31	147	79	82	105	115
124	86	111	106	126	59
78	26	189	140	176	169
187	99	48	123	168	175
158	121	38	37	79	106
115	173	124	57	151	98
92	160	180	24	162	76
129	180	191	71	77	173
182	113	177	37	36	24
23	69	83	104	78	142
26	150	188	103	121	101
179	104	95	115	112	70
181	102	52	119	179	70
89	86	28	24	147	60
87	43	94	93	193	96
112	138	191	121	36	142
53	47	128	72	69	160
118	74	65	155	91	57
62	36	175	94	84	168
36	115	73	67	128	53
65	87	163	179	77	75
43	92	102	66	52	88
143	184	107	155	144	39
26	80	71	191	127	112
73	95	56	110	145	80
171	58	38	72	169	102
135	126	136	173	34	108
77	26	90	101	93	142
163	194	53	108	99	186
173	145	128	195	23	178
25	160	76	186	57	180
183	64	163	79	111	85
187	187	54	130	36	80
87	139	80	33	58	94
189	171	108	150	85	87
21	98	35	173	111	187
196	177	128	107	166	181
87	36	80	147	176	194
196	168	113	124	89	51
154	131	112	172	165	164
141	126	68	84	49	49
45	90	106	102	169	174
161	38	172	122	26	173
177	114	157	84	27	92
178	51	186	82	34	109
100	40	58	130	121	26
98	107	147	138	105	147
46	50	172	25	64	105
111	136	60	115	113	90
140	146	46	137	118	127
52	130	90	116	141	123
72	88	135	110	26	185
134	172	93	129	116	34
61	122	196	193	96	188
58	72	148	191	96	117
61	124	48	110	44	37
60	195	180	92	179	183
107	48	131	146	60	153
157	148	47	197	70	149
94	78	132	99	190	79
197	119	124	152	138	178
159	62	71	36	158	186
48	66	87	101	75	161
65	97	152	194	67	82
86	160	196	174	142	71
66	192	177	132	32	129
61	49	139	129	152	193
122	176	84	137	171	29
100	25	61	141	111	97
185	129	140	171	90	197
75	151	102	138	120	73
91	130	39	112	21	164
92	121	66	182	46	70
126	198	189	178	182	83
144	37	26	119	114	63
177	192	83	120	61	87
174	22	51	152	94	33
84	154	191	55	173	126
47	141	111	89	79	130
178	22	33	129	126	27
61	85	50	124	178	141
198	108	75	90	197	44
58	180	39	41	179	145
130	22	141	100	141	93
187	105	164	98	66	82
44	136	62	192	102	163
59	112	199	47	61	55
183	96	99	63	30	167
165	156	126	118	117	98
159	179	157	190	48	109
193	90	37	160	48	68
144	36	57	110	184	114
62	110	108	35	122	153
53	29	37	56	87	137
154	21	193	91	65	126
99	123	96	123	136	103
141	65	22	57	104	34
144	132	32	120	72	86
160	58	192	54	68	195
140	139	198	93	153	58
189	40	98	114	160	167
88	150	57	47	119	128
68	198	52	46	79	153
166	109	44	120	106	92
58	125	199	138	200	91
102	77	63	156	138	51
86	83	51	101	179	126
96	167	132	95	126	28
129	51	35	182	24	146
121	126	54	194	94	36
110	180	144	146	46	77
117	68	49	79	37	53
50	163	123	140	196	57
133	182	126	134	42	177
156	156	150	37	122	157
157	79	41	185	199	163
183	83	72	58	115	170
95	197	40	48	132	48
62	147	88	48	80	24
128	111	98	135	25	47
151	90	83	106	83	30
93	153	117	167	147	101
44	52	119	76	174	182
98	168	58	116	195	128
21	110	94	131	159	101
61	84	92	60	122	125
103	24	105	70	32	178
58	128	88	198	22	43
26	117	185	88	137	134
196	100	58	88	68	135
179	117	38	121	42	146
33	137	135	196	177	26
50	150	117	113	134	121
183	143	168	169	88	155
52	169	149	114	176	145
186	74	86	27	142	194
158	141	61	81	107	81
110	92	144	176	50	39
127	164	131	123	70	148
78	28	160	125	33	121
113	52	163	197	178	76
169	105	55	94	54	155
184	168	142	105	26	111
106	142	129	140	42	70
158	190	98	110	78	131
118	78	170	81	177	92
187	173	94	182	109	146
93	36	107	184	113	39
54	151	196	65	42	113
55	116	193	39	167	60
102	89	117	56	26	171
45	21	144	121	194	125
85	36	185	27	36	176
44	67	128	174	74	54
87	108	154	66	159	172
85	152	58	146	184	59
42	130	34	155	80	148
140	109	61	26	200	92
120	92	85	56	140	171
24	79	118	140	158	200
70	172	129	127	141	42
82	199	188	159	41	24
181	41	82	131	158	97
177	97	53	121	28	36
200	116	164	76	127	134
139	39	197	21	193	35
60	162	32	166	75	95
92	119	46	51	190	123
141	28	192	36	130	120
110	30	43	82	80	146
80	48	73	150	122	31
150	148	109	96	144	145
61	109	177	67	38	70
178	156	146	30	114	108
144	129	193	145	60	154
179	123	132	175	182	81
32	148	126	48	55	149
75	70	101	170	175	86
41	97	170	37	112	192
79	178	77	82	91	71
200	61	122	69	170	181
38	163	72	196	79	197
167	143	111	59	52	57
140	66	180	40	108	158
45	28	107	56	56	198
26	34	93	36	50	191
128	50	173	195	174	123
200	115	23	75	143	117
154	113	52	67	48	120
176	45	55	103	97	177
100	115	63	175	143	54
85	72	200	118	83	184
165	150	98	99	64	132
67	52	124	108	189	44
200	68	99	88	158	66
150	161	192	40	76	181
142	29	180	49	162	161
111	69	70	153	186	60
102	82	144	74	120	188
90	106	35	52	22	186
75	27	126	145	44	129
164	59	149	34	159	140
164	99	82	93	101	134
100	53	168	149	44	155
83	180	115	197	141	110
65	183	172	109	159	49
136	152	36	37	105	124
73	130	139	188	71	44
22	99	100	60	96	154
135	58	126	198	114	89
70	39	79	58	63	104
184	150	51	39	127	35
74	128	139	82	168	64
122	108	70	111	48	69
146	73	165	103	190	136
146	70	199	25	144	25
58	60	39	177	71	77
78	139	149	150	160	198
145	91	55	101	166	160
101	198	168	160	80	167
159	60	69	46	187	176
85	78	132	127	96	59
69	90	21	195	23	88
38	111	27	185	176	57
132	52	89	146	137	98
138	65	188	90	114	137
137	95	29	52	167	198
195	193	118	153	98	110
78	170	71	84	80	43
112	127	71	100	133	191
178	173	139	167	26	92
36	83	198	145	95	183
139	151	132	90	189	86
80	90	43	173	81	190
81	160	131	78	90	131
100	64	156	197	103	46
104	186	186	81	81	130
178	118	72	105	175	177
110	27	109	146	118	188
116	160	88	63	40	169
162	113	197	50	175	56
73	138	162	23	87	130
111	113	141	199	35	41
35	76	140	199	196	119
199	165	88	91	139	70
89	189	178	92	113	72
81	126	187	178	42	75
32	48	89	96	98	193
105	127	44	77	106	28
166	127	104	49	59	33
120	190	198	186	152	116
68	62	21	52	132	136
199	83	184	151	193	113
178	84	76	184	116	88
196	55	191	114	196	105
189	191	135	86	54	119
175	199	40	179	94	164
137	85	31	75	74	61
104	189	76	21	174	95
152	73	160	161	164	191
113	68	126	98	85	119
179	114	92	152	94	63
187	141	43	132	165	25
47	57	123	52	144	136
168	78	138	34	85	97
23	32	86	179	135	127
156	83	92	61	103	154
44	170	53	75	66	145
27	154	108	61	118	198
164	182	41	160	89	37
190	73	63	186	109	94
33	87	100	179	159	154
76	87	153	63	105	101
153	47	41	140	80	171
153	108	51	146	179	198
51	109	200	144	149	39
135	138	89	138	45	178
31	31	67	60	54	108
63	83	180	25	131	24
191	24	151	156	120	30
164	190	122	154	94	45
44	125	125	190	101	80
85	82	59	26	32	57
121	130	196	157	194	88
163	179	183	180	107	42
103	143	101	199	182	87
199	34	55	123	159	136
21	71	21	180	132	53
28	133	119	196	75	146
188	74	148	42	25	121
53	96	68	164	160	157
91	101	73	70	86	42
56	96	170	141	109	142
107	60	107	139	190	40
74	28	167	145	104	139
42	108	29	37	87	113
175	50	71	78	96	28
45	80	43	200	99	91
109	40	44	173	51	145
154	139	138	138	170	126
69	138	132	39	54	116
117	178	134	136	96	58
148	113	109	73	79	145
180	102	67	120	58	57
113	160	26	41	170	105
80	88	194	189	162	176
46	152	110	118	25	171
182	166	49	173	24	26
38	80	105	45	165	183
103	140	125	77	85	102
174	46	52	89	149	23
43	21	178	163	161	40
96	108	163	85	128	146
83	83	35	43	118	134
87	166	127	55	44	69
38	149	109	50	168	130
120	188	151	94	200	189
84	44	125	193	136	35
194	95	28	167	109	118
85	112	104	130	158	48
185	41	78	193	165	23
24	73	102	191	100	164
132	23	176	26	32	187
180	110	162	58	169	116
62	91	74	200	37	82
70	103	154	192	139	125
136	28	143	32	185	26
179	115	167	178	111	177
38	27	78	82	30	91
156	48	104	51	149	178
132	68	24	130	131	133
64	181	180	35	142	66
77	57	79	94	110	95
74	73	115	174	82	101
97	155	57	94	71	174
167	192	41	77	172	127
57	114	34	114	38	59
53	68	192	150	94	38
129	133	121	94	88	97
139	185	171	151	109	121
157	30	124	69	127	158
174	71	119	106	115	54
32	128	61	120	61	81
103	92	93	148	176	169
49	55	179	55	134	87
40	123	22	81	129	141
90	132	180	178	179	55
169	172	47	104	73	175
141	76	184	151	89	132
85	129	32	144	114	178
75	183	103	127	75	51
156	152	61	195	184	175
48	98	46	155	23	113
141	186	46	138	45	185
190	58	50	88	28	114
130	103	71	58	64	30
45	69	185	50	143	193
146	129	45	197	142	191
53	91	100	72	172	119
117	57	84	165	162	174
181	199	58	199	121	115
192	114	140	75	62	31
88	129	129	137	90	47
162	194	122	167	146	162
79	91	63	113	145	25
90	57	110	173	24	146
101	40	72	72	154	140
161	159	140	174	23	32
50	112	21	86	146	114
200	129	87	68	101	94
29	135	134	143	92	113
128	58	145	115	67	158
119	26	70	100	101	54
22	86	177	42	197	197
109	37	110	190	106	79
167	191	196	132	56	97
32	128	58	109	60	73
62	46	161	88	96	136
112	121	144	101	53	188
166	172	139	141	115	103
59	191	122	195	146	93
92	159	140	81	165	45
168	34	26	94	155	45
123	179	39	166	40	158
152	179	102	92	198	192
186	75	102	114	140	125
30	97	180	91	86	39
140	183	166	26	27	75
63	119	150	120	175	77
90	96	100	193	145	35
122	189	51	118	110	83
135	45	47	119	87	104
169	90	163	51	145	34
91	93	190	60	50	127
60	35	144	35	149	136
27	157	68	180	193	175
35	33	69	157	162	155
176	163	45	108	129	160
37	96	140	44	77	143
82	113	169	178	41	79
129	63	71	160	95	165
40	147	53	115	72	162
107	145	58	138	152	98
158	175	68	36	41	138
111	63	73	124	191	136
180	128	157	182	173	126
59	170	160	83	164	65
124	193	55	120	159	67
52	146	76	43	111	199
53	101	45	101	156	199
81	118	124	106	146	33
87	200	168	87	197	128
183	147	99	34	150	189
192	111	155	99	45	155
158	38	179	150	46	111
186	159	80	72	163	59
189	120	149	100	46	61
53	162	47	188	176	75
95	188	103	183	74	169
96	103	105	35	37	135
43	80	169	23	28	135
51	72	153	195	66	141
140	40	145	81	21	149
129	127	34	74	177	116
96	51	112	130	131	132
148	44	62	186	172	91
179	79	30	24	67	53
157	52	153	82	49	118
195	48	197	125	115	123
91	175	99	38	136	37
25	173	140	91	51	122
182	192	147	65	151	22
102	191	176	128	122	87
30	175	104	156	101	36
35	83	157	26	196	133
135	115	197	134	61	129
52	39	71	84	21	88
151	25	65	156	80	177
189	106	131	200	149	163
86	88	118	66	64	168
117	115	56	135	144	196
124	179	161	52	131	145
163	148	153	124	81	160
75	179	170	180	122	175
200	171	122	188	172	53
108	106	63	44	186	81
137	111	52	117	165	100
49	70	101	162	99	84
83	61	101	68	24	77
92	108	178	67	69	154
161	21	141	83	177	104
137	87	98	102	193	178
98	32	188	184	112	195
159	142	80	176	88	106
129	42	158	126	183	89
104	63	110	115	31	172
61	164	50	66	42	171
151	175	139	62	127	62
64	169	117	120	169	175
115	59	186	78	159	146
99	89	163	57	77	151
177	166	118	109	30	23
128	114	188	32	108	61
172	33	59	128	139	46
174	114	167	65	153	49
177	115	187	183	50	166
26	158	199	139	22	115
90	30	33	31	37	142
53	27	138	45	58	141
120	190	113	180	96	200
21	158	162	81	54	108
131	157	46	105	131	159
133	191	200	193	144	30
31	35	73	95	160	34
84	178	127	123	66	38
82	109	100	90	124	192
198	162	121	139	77	171
108	181	24	33	28	36
60	137	72	88	176	31
100	132	120	165	149	79
175	161	121	197	60	76
129	104	85	117	95	112
198	106	38	149	122	98
45	63	52	85	42	173
79	34	141	129	71	26
175	74	86	173	147	24
156	54	87	75	162	59
130	58	40	175	69	103
86	170	115	119	176	197
192	150	52	193	114	88
31	25	156	43	40	88
37	106	182	134	22	39
33	156	47	81	84	178
198	73	137	158	127	134
179	80	188	187	167	161
112	85	38	90	145	59
35	152	177	177	184	61
195	23	144	116	173	62
146	169	100	86	143	78
166	99	59	167	146	155
151	49	65	85	24	106
195	68	90	29	112	168
117	119	141	123	181	181
117	41	76	195	89	37
145	168	194	170	103	99
97	186	30	57	47	180
170	129	89	23	60	101
62	48	196	176	125	185
157	100	73	37	185	114
181	197	140	32	170	193
170	92	60	75	46	189
148	38	67	45	96	23
95	167	73	106	195	109
198	171	81	175	60	184
57	82	135	185	166	122
172	187	195	190	47	45
174	192	101	192	113	96
99	178	33	113	184	61
148	133	31	182	172	32
93	36	135	180	173	198
189	191	140	153	146	83
132	71	80	141	88	141
130	185	106	44	157	150
130	151	70	104	110	116
99	22	78	61	145	116
111	47	146	128	96	107
197	83	68	157	166	152
182	135	190	75	55	142
160	57	101	140	199	138
179	53	26	175	140	61
158	89	23	165	53	180
188	53	34	122	28	85
86	188	126	129	179	182
151	63	103	158	113	37
199	25	73	40	197	142
163	55	24	98	75	44
191	177	137	66	166	80
143	25	57	164	54	40
64	45	163	80	115	72
153	86	122	155	47	94
124	30	69	105	180	179
66	73	149	97	162	118
47	166	163	95	35	111
198	152	114	46	165	143
126	133	187	199	171	130
71	61	50	117	46	194
136	25	131	103	150	99
101	83	73	116	96	189
188	141	49	154	186	29
164	100	60	127	36	127
68	119	62	167	136	129
182	153	150	26	35	124
78	150	142	21	146	154
81	65	153	41	88	97
32	71	127	25	38	179
169	53	79	82	33	172
156	63	72	100	145	159
105	67	56	65	185	50
182	166	35	198	130	199
26	71	27	183	187	129
192	59	180	52	122	96
157	85	74	130	128	35
129	190	82	172	54	160
27	180	114	53	137	33
120	93	129	31	93	114
182	132	185	165	58	51
174	179	179	31	169	172
30	77	93	198	61	22
34	85	137	100	163	151
88	22	103	30	183	188
128	31	65	161	126	187
113	76	139	137	171	59
200	133	111	53	159	186
142	134	172	141	163	118
131	120	89	158	40	152
50	148	150	184	60	78
38	60	190	182	133	48
191	144	198	157	75	80
37	139	129	116	155	32
57	148	145	108	24	66
195	36	184	79	184	200
27	98	162	113	33	120
166	96	130	133	31	62
100	96	166	175	144	170
62	86	95	177	101	96
78	136	29	90	191	167
90	123	22	128	50	152
71	87	137	159	68	168
133	85	142	145	86	122
75	159	31	118	128	143
155	76	65	119	29	24
146	153	27	66	22	120
130	53	199	73	178	164
28	156	175	62	92	73
124	67	153	40	90	122
86	178	149	141	126	83
193	160	57	197	45	116
173	85	129	23	168	143
143	65	48	109	160	164
117	110	81	134	190	137
166	28	133	145	123	90
147	177	180	167	46	49
34	187	110	86	73	116
136	143	94	25	132	125
24	191	188	122	41	62
111	176	166	104	40	42
179	126	105	69	43	123
87	107	136	101	163	87
132	161	125	181	134	163
129	180	38	128	35	56
30	171	122	61	177	52
94	102	116	180	200	64
98	122	47	114	55	23
62	86	174	49	176	200
171	107	81	186	132	184
47	61	183	149	164	121
50	43	177	193	131	47
123	81	118	76	72	148
65	191	40	69	171	41
152	175	24	138	43	63
108	169	22	147	38	29
70	88	161	75	184	84
177	74	149	186	66	45
97	185	125	118	173	191
177	148	97	95	125	32
143	167	88	127	152	85
35	24	134	49	78	192
62	53	58	54	182	94
108	146	50	65	86	138
124	97	120	101	172	197
108	83	155	147	63	111
90	181	33	162	104	142
142	174	115	148	146	167
103	68	21	61	28	126
55	144	186	55	101	180
114	44	117	97	55	50
90	44	59	142	55	141
158	59	30	61	79	32
197	126	79	68	44	50
98	23	66	100	56	116
25	52	84	56	125	39
199	95	22	64	147	131
135	23	22	61	86	41
155	49	169	198	96	150
78	135	76	164	28	154
162	173	30	76	166	66
132	190	151	109	96	32
98	157	89	122	139	78
21	191	36	40	99	183
72	78	84	151	135	95
112	181	153	99	193	70
181	117	113	41	187	157
77	159	187	83	115	64
105	105	69	45	162	85
38	80	162	143	104	38
27	46	38	105	118	187
89	161	140	186	71	107
171	95	164	135	181	32
151	125	40	64	170	89
52	137	75	23	72	143
146	116	153	71	94	65
57	89	62	73	98	77
123	128	118	185	46	36
127	115	49	185	73	115
175	101	45	163	100	102
147	67	194	34	121	142
120	144	31	143	65	35
60	150	55	58	67	55
140	177	51	57	52	65
119	24	43	146	79	33
22	137	91	147	101	63
21	74	142	43	59	199
151	46	60	76	94	60
120	118	143	37	144	172
55	185	54	182	135	91
75	62	185	154	27	49
185	198	170	115	23	105
126	60	102	115	160	80
27	131	111	57	115	108
66	76	130	139	72	160
120	91	80	25	140	66
144	30	158	133	74	179
70	50	192	98	200	173
149	119	23	151	84	72
53	164	68	126	104	35
33	92	77	60	101	113
104	128	38	21	187	96
133	100	137	166	103	41
152	196	108	96	78	75
122	146	161	115	32	161
146	127	60	81	38	168
68	107	85	97	112	180
29	167	97	104	39	79
178	36	60	163	47	90
151	195	148	40	80	45
182	143	108	116	110	141
44	41	121	92	72	166
183	35	121	145	52	149
75	91	183	117	181	58
87	160	148	75	179	30
165	90	96	170	87	26
194	152	37	36	37	27
97	153	178	88	71	55
57	196	70	146	147	158
54	75	172	101	47	189
91	186	37	147	133	69
41	156	148	112	61	59
153	42	111	129	158	94
83	131	38	71	107	95
127	91	110	72	62	76
48	186	60	162	155	126
175	105	143	29	127	184
46	52	59	131	111	48
57	71	44	31	160	128
135	113	95	141	140	33
122	198	36	137	114	163
160	113	175	93	195	114
41	115	141	165	186	139
99	168	170	193	90	114
109	58	149	166	96	71
106	154	191	38	149	156
44	126	104	186	98	185
192	69	170	178	48	165
192	63	75	139	149	41
26	130	138	148	138	68
87	50	130	45	162	66
109	144	66	78	70	122
82	26	142	22	155	31
93	84	168	193	52	42
102	124	148	83	118	117
21	86	188	39	89	92
108	57	108	130	112	39
141	152	82	55	62	38
134	176	153	174	22	120
71	64	63	116	37	69
169	196	33	109	34	161
169	139	37	111	115	174
75	176	63	143	56	191
50	131	101	111	21	50
71	111	32	171	74	59
179	164	74	123	143	174
156	130	132	100	190	110
172	22	56	138	106	126
81	68	127	47	94	111
116	30	67	165	198	108
168	162	95	169	121	187
148	133	80	117	124	60
30	22	124	133	79	38
154	72	92	27	70	39
79	200	200	138	60	165
90	65	74	135	40	111
128	177	54	57	99	51
106	164	149	101	120	49
29	32	165	128	64	113
115	27	157	157	157	163
41	113	59	154	43	200
26	77	165	52	31	138
65	85	163	149	189	129
193	82	44	35	71	24
117	39	153	31	196	142
173	193	109	175	109	108
46	127	137	59	110	102
105	127	187	58	77	142
134	144	131	87	141	41
52	37	86	180	173	119
55	89	30	99	66	154
116	173	175	111	61	67
136	62	105	179	86	103
131	77	33	44	107	39
166	144	135	57	22	142
181	98	44	60	177	33
99	166	162	119	197	124
29	54	51	109	197	43
134	187	161	147	97	99
128	114	92	64	22	32
156	144	98	195	54	35
189	125	123	29	148	178
145	154	141	199	124	25
117	54	93	196	48	94
101	59	187	112	156	194
159	46	36	153	22	146
117	156	120	59	23	117
28	97	166	98	60	87
81	105	199	144	133	96
105	183	150	142	42	133
165	138	114	187	170	23
174	142	97	88	156	103
59	56	23	199	76	138
158	130	90	127	99	40
52	100	191	46	103	70
75	85	73	51	35	143
127	51	51	158	171	44
24	199	61	35	86	191
140	50	152	49	27	182
162	90	28	159	151	153
141	43	145	126	122	146
46	75	126	189	60	127
70	75	31	80	25	34
200	28	70	117	92	87
168	179	157	94	48	46
125	116	148	175	48	22
131	88	75	118	27	65
35	146	146	175	44	62
89	135	114	58	31	195
177	155	56	88	22	86
41	126	141	70	24	176
95	145	26	175	185	115
173	46	183	138	124	182
158	64	23	129	195	97
51	39	75	167	40	41
39	118	48	196	192	99
161	142	176	171	114	141
143	197	53	61	36	136
98	99	86	91	123	112
180	171	186	21	128	138
114	162	180	48	144	182
111	104	93	88	132	28
155	139	36	57	130	161
29	124	67	117	71	97
62	105	191	146	166	92
45	120	46	161	21	74
105	92	33	177	58	21
54	40	197	199	119	22
130	122	58	37	83	39
64	104	167	30	175	146
147	159	194	197	117	49
30	28	87	136	130	44
138	102	171	86	151	74
120	167	118	181	27	184
144	88	126	156	152	124
127	171	124	177	197	91
179	135	131	133	138	78
157	79	172	174	103	129
77	151	163	192	174	153
113	22	34	132	35	67
114	36	160	96	169	71
161	157	44	145	172	139
61	190	86	100	171	171
121	109	78	91	96	138
155	149	100	195	25	76
34	110	190	199	73	188
115	122	129	182	153	177
114	54	150	194	21	43
58	130	53	108	26	87
98	183	97	154	149	103
62	172	64	105	21	190
25	108	31	125	197	41
197	200	198	71	127	145
118	131	140	78	176	91
141	90	178	58	178	169
114	184	145	170	104	116
50	47	85	147	114	200
129	38	113	39	168	65
29	118	47	198	24	80
164	153	189	45	22	42
139	198	181	72	107	129
92	74	41	72	70	38
47	116	156	35	130	88
64	62	193	106	33	39
59	36	39	95	179	155
183	127	161	123	98	74
172	150	69	30	28	198
83	90	186	197	114	180
105	185	191	98	183	82
107	69	36	81	65	97
61	143	57	170	75	33
139	47	60	27	24	194
142	141	91	59	183	62
81	200	34	147	145	194
127	105	80	22	173	124
39	44	166	178	129	71
109	76	197	71	99	144
30	144	98	114	39	122
152	187	153	84	98	198
64	127	136	111	191	196
93	66	87	27	148	95
82	152	200	197	58	169
146	151	105	157	135	153
79	129	170	147	133	112
118	77	160	199	35	184
171	53	33	157	131	87
101	42	101	144	198	52
171	46	96	175	37	48
46	79	82	22	141	155
95	123	94	31	47	113
56	195	105	197	74	79
47	55	45	196	34	60
37	178	51	90	158	141
57	168	189	106	200	86
194	199	22	22	132	114
139	162	81	82	21	178
26	137	115	89	192	95
74	174	133	33	194	106
180	173	23	116	164	108
86	69	200	192	88	134
35	188	151	60	196	46
199	57	164	124	198	79
62	148	29	154	145	169
138	150	25	146	171	47
30	86	187	164	72	120
153	155	96	25	119	106
105	196	200	176	67	28
176	37	142	51	104	132
37	118	78	103	181	199
131	193	85	71	177	98
197	90	70	112	56	125
141	178	21	179	127	184
103	47	86	60	139	36
53	151	98	123	109	186
172	75	176	159	151	89
93	24	113	94	63	170
70	97	154	158	25	90
32	184	112	117	54	104
88	157	92	79	22	158
44	195	75	72	152	66
149	93	74	25	132	64
159	142	77	141	41	188
44	169	144	189	108	49
119	46	25	163	94	92
194	171	32	146	77	22
158	39	79	184	21	42
46	68	45	106	133	149
176	110	171	171	35	127
139	168	200	47	88	98
166	126	70	41	68	93
161	43	157	88	195	102
131	183	49	156	135	61
26	160	130	174	57	129
45	87	54	125	113	150
63	43	31	57	87	107
175	199	105	178	175	75
200	38	23	136	69	129
116	132	187	65	180	148
172	172	60	66	40	53
167	152	77	113	26	184
78	200	124	179	107	125
38	114	43	72	161	38
61	178	59	127	77	61
119	60	171	189	178	190
88	108	159	186	32	177
77	137	114	185	62	181
89	170	56	180	131	176
120	131	181	74	159	148
82	158	27	193	121	145
76	166	136	61	162	75
161	156	51	64	152	186
41	161	110	160	163	32
48	32	97	107	156	186
50	148	148	125	127	86
172	110	54	86	97	74
139	123	163	86	59	48
75	186	94	101	108	31
79	55	121	69	144	187
111	121	112	162	102	154
103	38	193	97	98	88
166	145	26	41	172	175
135	131	121	175	77	32
161	109	56	87	94	35
55	103	54	21	161	39
52	32	198	164	88	88
185	169	24	49	174	63
159	84	27	77	93	131
40	107	101	90	169	82
71	38	135	137	22	66
160	104	48	22	161	74
154	197	172	161	147	74
21	185	111	22	52	38
117	39	169	30	142	60
195	164	76	126	64	29
164	59	77	48	48	42
26	111	140	40	22	143
34	190	58	36	137	34
144	198	40	104	22	187
124	101	109	175	107	57
58	92	104	140	184	143
63	37	185	142	56	106
184	193	114	148	27	113
70	120	31	87	44	126
112	136	105	155	26	178
76	181	28	189	129	134
181	51	32	129	111	94
141	154	30	37	109	96
95	156	23	86	157	103
127	172	41	63	159	85
162	136	84	190	36	164
67	145	58	141	184	47
173	122	110	60	47	112
103	48	43	170	29	140
70	29	102	127	109	48
176	187	142	61	148	50
158	102	73	30	32	154
31	159	60	79	117	124
144	191	150	174	144	143
158	96	160	173	198	87
61	43	79	59	182	36
95	47	123	140	139	111
93	25	149	159	144	157
165	173	146	104	39	143
115	99	49	183	23	23
95	121	114	161	146	171
87	91	180	191	109	24
95	130	141	147	169	153
112	132	71	87	154	183
195	197	153	62	22	135
177	199	154	191	190	106
145	73	35	74	184	142
98	66	88	40	109	149
75	47	179	47	53	113
21	147	142	82	106	30
53	174	178	68	93	123
36	109	24	76	101	186
144	40	47	174	49	195
194	161	102	187	70	171
29	31	164	169	164	29
174	109	104	145	48	175
154	36	192	161	112	60
23	134	185	135	150	82
96	40	144	199	171	114
158	60	94	151	135	55
110	37	75	111	62	27
136	94	126	46	54	102
21	84	186	156	170	61
95	82	36	180	33	71
80	183	30	116	173	104
178	83	76	98	122	49
97	191	78	63	84	96
182	75	104	45	28	79
63	95	37	194	173	23
116	183	179	65	130	31
22	196	109	155	194	147
53	86	141	84	56	40
164	44	29	140	139	194
179	174	93	97	160	142
191	30	141	107	105	190
37	148	178	149	78	181
152	175	62	93	129	95
157	142	121	104	186	64
191	83	172	176	133	46
61	67	163	71	186	123
102	84	155	52	113	175
130	197	64	42	37	62
68	199	23	104	130	35
61	195	37	142	185	187
127	136	150	36	180	21
157	188	146	38	189	198
99	123	195	73	31	39
70	157	158	145	52	140
62	174	199	112	88	186
197	192	190	59	58	135
158	91	199	197	41	109
161	160	50	129	43	169
195	122	108	131	71	165
80	61	154	189	55	114
43	147	58	90	64	27
170	78	93	83	67	106
152	57	192	188	75	47
93	56	90	106	141	61
194	148	131	124	22	40
90	46	196	32	40	45
177	92	120	118	166	185
129	155	135	169	197	74
56	61	157	88	188	159
127	108	154	193	102	119
101	144	73	139	129	35
103	59	104	77	56	145
142	170	60	45	93	128
88	185	87	88	100	32
104	126	46	175	53	22
144	131	174	40	102	195
68	63	48	98	161	75
64	191	41	85	148	90
147	45	179	149	75	46
107	27	52	35	105	34
68	83	149	63	188	29
178	66	66	170	184	150
121	34	27	107	65	191
72	178	127	25	39	98
133	183	109	188	94	146
145	104	125	63	146	196
49	131	46	106	172	169
187	190	58	69	103	102
156	89	52	55	103	130
76	55	155	132	137	144
191	177	170	192	97	41
53	42	70	81	75	73
78	110	58	141	107	70
63	119	97	128	26	83
195	142	129	169	171	76
59	177	196	190	188	56
125	171	105	74	86	115
121	200	152	57	192	33
165	43	167	115	64	130
22	94	127	68	91	176
25	116	54	133	76	139
85	164	177	127	97	141
129	194	131	188	89	140
121	69	98	83	64	96
35	173	24	185	149	28
84	172	74	80	61	151
190	161	104	103	145	184
77	123	44	161	114	27
95	152	186	66	104	141
120	150	21	92	68	152
200	60	127	26	50	67
176	85	166	176	27	124
192	169	137	95	84	25
197	141	162	187	190	163
163	64	198	122	138	161
37	29	178	130	126	195
138	167	61	159	95	190
108	80	82	106	34	57
24	29	87	175	129	102
42	53	165	184	107	152
110	61	38	58	141	127
83	174	132	162	189	102
45	52	113	116	78	196
145	99	33	188	141	71
116	46	45	183	164	22
123	51	197	142	109	183
71	32	57	172	144	200
56	182	77	68	111	95
192	141	109	50	64	193
148	38	29	79	123	69
149	183	44	144	57	109
133	70	164	46	165	29
184	64	52	59	63	157
176	114	179	67	189	77
139	75	152	130	153	45
186	97	59	151	198	129
143	86	128	192	100	111
124	126	161	35	47	26
110	40	86	32	115	166
125	53	173	173	178	40
143	189	114	173	128	114
60	91	181	115	111	118
64	39	34	112	58	39
167	104	101	73	172	119
49	108	161	51	195	143
28	140	65	52	136	191
154	91	91	153	140	126
148	30	82	25	84	70
53	50	186	77	158	133
87	25	178	159	51	73
74	55	117	175	36	108
147	79	106	91	143	53
151	138	105	40	88	39
39	182	85	196	195	68
192	72	89	61	77	104
42	165	50	160	174	71
172	60	130	93	44	144
105	191	101	119	62	152
68	95	158	87	186	109
59	165	53	28	115	42
148	42	158	165	58	126
186	147	195	41	91	81
197	58	79	111	32	75
48	170	44	26	63	123
136	94	121	93	106	118
53	61	91	119	97	103
169	62	170	194	133	178
77	86	123	79	73	147
165	87	194	22	36	132
40	64	198	128	82	55
79	111	193	71	22	131
104	42	122	89	44	104
120	27	101	153	34	188
146	186	59	150	45	22
130	67	23	194	111	102
68	90	62	123	172	76
196	79	36	26	71	195
162	79	181	94	151	144
22	71	130	96	174	49
165	55	100	41	136	173
86	92	192	72	123	194
89	74	125	142	55	86
38	138	91	26	106	63
52	135	103	123	98	183
26	165	105	116	70	98
96	54	174	173	35	54
180	126	137	176	200	170
44	132	51	131	106	83
79	186	130	118	124	148
26	27	26	169	31	39
96	101	51	200	126	94
144	75	192	39	186	112
157	21	32	132	170	182
152	166	58	117	31	69
107	66	40	78	64	162
23	82	36	172	191	91
99	74	40	186	62	31
157	27	70	27	138	39
159	128	175	115	108	95
142	70	32	56	22	160
194	86	96	184	98	142
169	46	61	90	189	131
198	165	90	80	140	119
176	172	179	33	99	37
59	97	94	107	67	110
68	138	125	67	45	181
120	190	110	81	123	142
160	150	126	111	148	91
78	113	99	128	98	198
194	87	199	153	28	30
80	182	186	96	171	104
152	135	107	29	110	110
184	187	153	90	190	167
160	170	71	151	21	74
88	149	32	168	182	138
135	52	41	127	110	59
175	104	123	157	179	156
32	95	100	87	166	115
136	186	122	51	49	186
129	184	33	53	136	88
148	100	194	46	129	40
74	56	122	110	82	28
56	70	165	68	62	112
188	183	96	160	80	33
127	184	57	71	74	131
109	100	105	32	166	28
199	181	93	84	48	197
93	183	75	68	78	25
22	130	86	102	166	52
141	185	146	77	37	124
110	90	93	47	52	56
164	193	175	196	59	74
108	150	69	184	167	182
163	33	74	128	145	71
31	68	193	122	134	146
65	114	146	92	110	104
95	194	157	81	93	198
154	89	184	137	174	126
65	69	56	194	91	180
84	52	64	67	169	37
41	106	62	131	166	33
104	169	155	71	160	187
63	133	192	118	33	178
185	126	121	70	195	102
75	32	196	158	131	172
52	43	116	142	119	172
89	36	157	60	180	122
118	60	55	158	83	130
198	180	178	149	51	158
75	197	101	114	135	144
38	197	23	171	37	58
72	79	114	42	41	113
44	27	187	87	110	164
163	114	52	48	35	40
81	119	191	110	26	87
130	148	154	75	193	82
143	158	132	46	175	107
99	21	198	189	185	31
156	60	109	173	148	127
182	161	60	172	71	112
140	102	169	83	90	36
154	116	148	185	30	56
168	129	144	132	102	47
160	41	91	56	43	61
94	164	105	148	127	43
117	96	101	31	188	91
161	52	131	196	147	66
90	156	172	53	185	128
119	199	167	171	54	91
55	67	156	169	184	71
174	135	111	56	196	180
81	107	159	180	145	29
76	138	181	37	122	161
106	104	160	46	56	175
166	70	187	192	29	53
44	115	129	54	40	97
115	187	65	78	141	134
116	160	77	149	25	129
160	65	32	64	79	199
173	126	146	137	72	177
124	45	173	134	53	111
102	128	118	156	91	96
37	38	190	159	61	34
69	22	149	96	147	191
73	164	39	52	88	127
48	159	190	88	193	55
191	183	168	157	105	46
73	34	56	59	117	105
57	34	71	105	33	27
75	128	189	43	165	48
112	69	40	104	68	87
108	105	193	30	121	26
134	54	175	39	57	61
178	194	136	160	103	44
128	173	86	117	129	179
46	32	56	109	103	121
133	199	21	50	28	30
29	188	76	130	47	115
56	33	181	99	63	61
58	111	125	105	96	35
149	56	157	35	162	184
51	170	57	84	101	187
142	51	181	193	165	167
83	122	142	187	145	29
149	67	171	97	52	133
163	174	105	145	151	91
164	107	73	92	128	31
31	125	96	145	136	71
174	196	98	56	39	149
157	90	61	51	121	193
68	114	199	36	199	170
161	151	111	56	45	86
26	150	123	48	192	114
95	116	143	186	138	196
163	81	57	166	169	176
99	102	47	73	49	31
57	104	165	111	93	160
149	24	88	104	100	149
161	54	56	37	44	156
139	107	170	83	160	148
46	50	166	104	141	90
176	145	180	165	123	111
155	182	183	157	190	121
110	132	64	105	81	57
187	63	195	59	111	96
47	152	135	81	65	59
185	198	193	56	139	88
166	156	71	30	21	35
110	59	111	148	93	125
52	134	126	66	106	21
69	74	159	193	56	51
150	43	116	197	147	200
55	168	27	71	177	53
24	187	60	56	150	148
125	117	84	75	58	148
105	182	79	132	167	58
135	65	21	103	147	190
101	46	167	25	180	111
170	193	78	142	135	156
133	58	153	111	58	155
108	85	21	84	147	129
93	182	117	62	175	183
41	142	133	69	102	145
63	91	88	169	135	114
164	91	165	104	197	132
129	168	95	148	60	146
194	76	32	180	58	87
190	172	92	178	81	97
26	200	85	168	138	187
194	24	171	154	70	28
99	87	118	94	158	197
103	122	140	177	187	188
114	198	141	152	177	99
161	172	38	119	139	51
179	30	153	114	173	128
26	69	159	91	30	165
159	166	39	110	45	30
51	75	178	44	146	36
23	58	199	93	57	125
97	159	85	136	38	156
38	121	178	32	177	44
125	59	114	196	64	156
81	181	52	184	177	111
113	156	47	78	121	80
102	88	38	197	195	31
179	90	122	30	27	161
191	100	70	87	92	64
37	179	63	83	54	34
98	112	111	185	54	48
28	160	180	73	109	124
116	84	81	49	30	186
68	46	141	71	130	74
200	183	97	117	142	76
39	64	160	113	50	69
102	190	150	70	94	64
70	33	129	88	22	32
53	144	122	143	171	189
76	55	47	30	153	140
104	129	70	92	131	56
117	111	162	62	113	119
193	51	36	40	33	169
26	161	71	72	60	152
92	183	179	89	30	132
28	188	174	27	161	32
58	121	83	46	62	183
81	83	152	66	188	78
186	172	189	137	154	188
62	157	95	197	134	166
108	68	76	104	192	59
138	54	140	95	108	115
88	41	62	23	80	162
39	37	99	81	78	49
22	77	103	112	60	84
108	77	198	158	127	95
149	198	167	50	30	101
92	137	172	164	45	166
174	114	55	109	109	100
116	182	50	139	32	127
141	167	163	103	91	153
29	77	94	134	178	114
54	138	36	115	85	136
124	71	184	165	197	123
70	157	127	144	143	124
103	179	111	31	24	162
190	95	119	71	149	193
116	159	138	138	32	165
119	195	184	86	196	140
136	104	74	52	148	152
47	94	96	101	55	59
136	138	66	125	191	198
109	137	39	190	121	128
154	172	65	75	155	181
147	179	59	62	82	128
123	57	37	158	40	138
32	135	46	23	159	33
163	193	183	75	131	53
77	117	41	102	98	37
177	61	137	66	48	54
73	165	158	78	88	101
162	95	113	165	85	33
94	189	159	77	99	76
36	47	39	169	155	34
26	137	178	40	100	66
143	179	73	56	103	115
131	33	191	181	132	120
198	50	78	146	127	88
33	117	56	131	118	97
90	84	94	149	79	144
146	176	180	196	154	24
79	33	155	156	119	77
42	34	112	140	65	187
36	161	72	54	155	113
114	56	117	109	54	162
72	176	147	54	113	37
155	62	37	86	140	158
149	64	95	106	154	104
100	106	24	100	28	93
30	113	77	25	38	108
45	173	148	190	86	156
49	121	57	138	148	71
98	87	42	166	102	68
186	87	118	43	200	39
49	36	83	196	84	103
79	147	30	94	91	117
194	175	160	83	73	82
101	42	109	140	73	35
199	150	52	64	42	99
40	49	103	153	28	128
168	88	99	93	123	40
95	84	52	101	123	144
27	111	177	33	164	160
161	195	27	191	65	192
70	71	35	199	29	159
199	79	162	31	195	178
41	47	113	140	171	31
190	138	75	98	35	140
61	43	124	93	120	195
113	107	42	152	185	110
122	195	144	85	136	72
186	143	183	25	21	50
198	171	194	70	151	121
132	187	126	91	70	66
180	146	80	200	95	170
198	119	132	179	124	171
170	83	114	69	86	45
189	171	193	101	117	67
194	70	144	178	186	90
29	21	185	90	96	138
80	42	188	111	80	27
104	145	118	70	144	128
198	144	55	82	128	187
122	169	194	164	136	23
48	173	83	125	47	88
161	185	170	172	162	61
55	29	193	59	76	67
141	30	84	106	107	23
148	53	196	123	66	163
91	51	40	141	165	192
59	58	194	31	52	21
158	55	39	82	149	87
49	57	52	175	103	108
110	130	194	138	194	44
195	81	179	191	159	66
193	35	178	38	70	110
67	40	169	176	76	96
150	64	165	184	113	182
47	145	126	198	195	136
128	32	197	93	94	26
111	67	138	107	68	89
141	192	156	63	147	143
139	174	181	168	95	153
51	116	95	190	38	25
32	91	177	185	51	152
112	55	99	138	148	163
73	130	115	188	126	45
37	174	143	198	126	132
53	178	168	78	39	165
166	187	23	36	146	199
148	36	110	116	82	85
165	168	45	84	21	171
70	189	23	151	142	177
80	109	141	148	131	103
107	118	147	182	161	63
134	95	30	136	152	51
26	129	178	49	52	186
189	59	132	122	79	102
45	136	174	147	71	67
190	86	142	155	123	24
191	59	159	136	89	190
65	119	105	199	83	31
167	120	68	43	138	40
180	30	129	129	195	36
33	30	191	31	81	163
133	109	43	183	109	166
112	111	50	62	147	103
90	166	147	102	72	130
50	154	80	130	35	48
93	153	124	168	142	102
93	173	196	167	63	55
119	55	173	167	151	152
129	194	77	96	57	121
88	53	90	85	172	122
59	26	73	56	152	61
125	82	164	178	168	83
113	46	151	193	95	77
149	37	122	117	45	78
127	22	180	45	92	32
115	159	148	33	79	123
129	105	86	80	23	36
169	139	182	139	173	66
52	63	52	168	165	84
71	106	165	170	40	183
127	184	140	191	160	158
154	55	122	79	67	123
175	116	77	152	31	187
156	67	101	96	62	193
176	167	175	97	112	141
55	115	180	100	130	104
49	174	169	156	168	134
22	194	71	63	148	173
87	156	105	111	75	192
130	53	149	131	21	175
126	172	171	161	63	169
178	194	86	168	165	77
116	118	107	44	152	196
175	68	150	95	97	197
98	39	154	101	120	195
41	112	174	125	94	197
92	35	135	200	27	44
148	106	131	157	23	151
105	105	171	66	92	103
27	107	51	185	68	130
81	139	92	176	98	80
178	25	176	67	178	187
73	93	45	130	193	129
95	135	64	177	67	153
157	161	153	44	22	41
165	109	86	122	98	116
138	125	197	136	39	162
63	189	170	158	81	145
26	66	82	36	152	124
88	118	131	107	144	99
69	31	23	117	144	103
163	137	95	137	166	31
111	170	179	63	104	124
193	102	102	134	28	48
45	151	102	28	53	73
170	157	121	114	120	24
176	85	73	174	153	49
148	153	155	47	182	146
46	59	120	183	50	28
114	34	89	21	103	178
57	111	101	172	131	177
52	24	45	142	98	97
59	103	125	118	193	58
49	50	78	106	53	44
125	33	119	104	194	78
75	121	35	108	86	106
68	60	139	130	124	30
105	147	23	36	180	182
41	86	136	197	156	133
88	147	126	165	80	189
129	179	116	35	164	52
148	121	108	112	71	153
83	98	73	104	144	175
122	157	28	50	88	64
145	111	153	160	99	36
132	141	110	62	118	65
32	105	179	199	109	21
145	168	120	150	199	189
32	67	101	47	125	130
173	173	24	106	64	94
30	122	63	129	82	172
200	161	66	44	153	178
154	150	57	83	45	121
88	125	151	146	98	181
174	145	78	37	46	158
182	30	144	149	147	142
99	151	149	65	74	139
163	94	178	25	150	84
140	34	153	48	41	170
180	113	95	74	32	63
52	151	105	37	21	190
24	32	157	93	94	111
152	59	111	52	120	100
190	36	49	181	132	50
150	147	25	34	99	43
194	50	176	142	177	70
94	188	185	124	74	99
93	29	176	132	173	104
61	181	139	76	88	98
62	73	135	82	94	46
103	48	58	96	155	176
173	173	162	58	95	117
37	197	80	129	116	100
108	181	81	183	77	175
69	131	108	108	129	102
35	92	48	158	53	35
146	52	51	108	86	60
24	169	61	69	129	108
21	134	82	53	111	167
27	72	91	189	67	132
139	63	69	120	153	111
142	185	155	60	72	79
41	65	36	144	187	66
125	165	151	29	62	122
97	190	89	121	199	137
67	21	71	36	171	21
177	130	162	158	190	119
141	59	190	31	167	125
130	37	151	185	55	166
132	49	56	107	73	68
87	139	188	167	144	59
162	97	114	110	40	187
127	131	76	67	79	119
27	89	190	24	155	109
69	27	96	180	139	45
53	132	38	165	154	126
79	155	58	25	197	147
195	175	182	51	68	40
109	165	75	36	136	30
162	39	65	106	146	105
164	98	127	86	156	57
137	127	69	49	44	91
198	28	76	127	50	116
83	113	165	32	36	36
68	32	115	28	117	167
40	169	184	130	89	100
89	191	151	194	98	170
165	43	133	139	22	91
192	104	168	195	57	174
76	152	117	61	96	159
148	117	56	35	90	61
27	195	137	175	138	184
70	122	175	173	182	146
83	137	37	129	178	81
168	85	148	180	122	68
180	117	104	133	103	98
96	41	70	24	80	48
95	91	183	59	42	58
195	74	167	136	198	140
38	189	72	112	74	35
181	193	173	58	61	54
74	198	182	180	165	185
29	40	46	179	64	28
104	44	199	46	108	37
162	127	34	153	144	154
39	115	75	158	139	191
175	137	148	144	38	177
126	182	61	199	119	179
70	189	170	39	44	85
119	172	135	169	22	170
187	197	47	93	155	134
43	103	198	43	118	155
157	37	103	122	109	123
199	170	49	38	23	47
166	80	152	100	154	42
62	136	198	57	169	39
25	92	45	36	149	184
168	60	38	99	81	25
142	142	150	127	122	139
78	116	143	40	24	90
98	88	23	46	175	137
54	198	128	61	119	96
197	107	136	64	36	129
106	138	125	41	142	35
127	110	120	135	89	55
71	31	194	53	103	180
190	121	106	46	24	59
51	55	100	125	165	55
93	197	58	181	174	124
85	200	168	130	65	176
101	126	168	179	181	165
165	50	181	107	72	172
136	145	51	124	144	114
108	170	115	114	133	194
191	132	144	68	105	186
166	38	37	122	109	21
197	160	30	147	106	151
138	154	58	38	184	103
108	130	60	166	128	130
66	64	118	190	136	83
106	182	111	37	61	83
127	198	60	155	187	184
130	140	173	170	46	60
53	146	144	196	112	21
55	166	137	181	165	168
124	194	65	80	153	160
74	114	121	156	182	178
155	165	134	160	75	42
174	94	168	146	67	199
184	133	45	58	94	73
132	117	148	135	162	183
158	83	163	177	186	146
89	56	37	28	32	137
49	154	105	112	136	83
53	150	62	197	104	26
192	186	168	145	74	200
174	121	165	74	36	138
142	156	163	140	62	128
42	38	174	82	191	160
161	192	190	94	195	105
136	147	23	70	91	173
194	76	190	134	38	200
78	173	111	47	88	116
141	34	26	73	165	104
165	107	151	151	124	52
126	175	118	158	177	126
137	94	132	55	55	24
56	134	43	178	189	82
179	112	125	74	175	119
39	191	42	134	191	109
127	94	35	99	93	166
33	142	97	58	52	31
49	191	194	40	170	78
167	189	96	112	34	40
148	95	198	156	100	184
70	160	90	86	160	60
90	132	61	174	41	102
131	79	76	192	185	28
184	156	61	151	197	176
100	86	173	113	94	58
179	157	25	181	74	195
156	179	24	51	122	30
132	153	153	26	183	57
21	189	58	39	29	66
171	136	46	115	76	164
34	32	112	198	110	178
77	148	58	196	28	144
102	57	97	150	92	74
121	168	57	169	96	135
83	87	80	107	83	32
175	185	77	100	86	75
167	177	71	194	109	183
185	150	165	31	67	36
107	74	165	51	140	188
97	33	177	183	50	162
21	161	169	154	142	92
194	167	181	111	51	38
81	198	126	70	132	98
65	146	199	153	62	49
173	130	73	149	114	106
107	135	72	165	115	116
123	177	121	77	175	74
62	161	167	37	26	103
29	87	129	179	121	191
35	96	95	165	155	166
106	180	193	70	34	22
118	170	70	83	73	40
108	90	186	89	194	88
94	149	35	73	80	112
37	169	93	164	139	159
26	65	43	197	117	57
94	64	123	110	93	52
23	149	118	133	55	65
159	151	29	80	164	35
157	117	38	91	93	58
102	96	111	87	33	194
21	111	106	122	96	47
161	42	161	74	157	104
165	78	124	110	125	106
31	149	161	165	27	64
88	180	172	117	144	199
141	110	47	67	122	50
184	134	174	53	30	87
84	58	156	91	26	142
144	99	176	192	164	125
132	92	93	100	121	163
145	192	101	157	178	166
52	142	83	172	185	200
171	200	106	184	186	149
114	112	82	84	184	42
190	44	57	44	189	146
61	136	120	127	133	114
101	117	170	198	187	200
42	128	197	132	130	120
48	157	56	109	22	96
133	149	133	45	84	115
159	109	124	42	198	81
75	184	162	107	134	181
33	49	130	151	141	147
55	150	63	106	107	113
195	161	23	153	97	152
200	191	108	27	58	181
61	113	114	127	82	154
90	27	192	143	106	145
41	189	38	33	81	171
96	183	139	105	28	60
197	143	97	176	97	172
57	197	66	127	95	45
129	94	35	54	199	118
125	158	118	151	153	176
66	169	124	37	42	114
96	92	146	87	23	121
159	98	58	199	172	55
80	165	77	109	93	110
177	111	60	135	130	87
46	147	47	97	173	116
104	152	166	125	161	38
48	69	88	190	68	128
63	164	114	129	122	108
74	101	50	97	95	48
110	105	70	171	42	71
27	149	30	88	157	114
162	116	59	163	146	103
100	167	72	191	55	78
198	172	125	25	166	62
195	84	138	103	145	175
144	165	41	164	167	58
34	94	41	52	129	120
181	29	36	150	61	114
187	168	109	26	108	113
29	33	150	158	188	73
158	43	38	85	44	119
43	23	32	181	136	51
167	164	91	50	80	36
71	66	21	70	168	66
166	44	44	185	33	35
119	82	163	54	42	107
179	147	103	24	149	172
73	102	69	155	132	173
39	44	167	193	127	26
174	101	56	33	61	107
123	73	105	45	110	149
62	142	93	100	147	183
55	154	46	195	91	135
49	93	183	185	33	177
139	114	106	81	200	116
197	79	94	102	83	116
141	103	171	74	46	52
158	183	30	192	160	177
84	128	36	150	52	39
81	117	60	79	112	41
77	29	32	92	175	197
51	154	82	136	123	73
117	97	107	182	156	167
176	152	165	121	28	41
146	113	105	176	157	157
42	122	181	200	170	179
22	58	150	75	173	23
166	80	99	180	85	23
22	156	79	61	118	27
113	93	127	146	44	167
21	104	164	34	90	128
66	67	167	57	189	110
181	192	149	36	192	119
55	100	111	90	178	28
192	172	92	64	62	21
150	29	146	41	125	33
200	191	188	22	170	107
200	32	184	33	80	33
106	59	100	91	127	28
48	40	51	40	186	188
26	53	151	149	59	70
25	47	179	45	23	52
162	87	199	151	132	104
182	142	183	33	124	145
114	67	200	32	61	194
34	87	95	33	38	37
131	90	188	94	44	192
184	178	197	45	69	82
113	53	105	100	98	165
47	188	102	76	83	57
67	180	140	79	127	119
88	30	54	104	180	35
109	134	134	155	166	148
104	66	177	37	129	124
126	58	94	42	146	146
170	130	113	110	48	176
169	22	68	108	193	98
80	169	42	47	162	143
108	150	97	183	124	153
45	34	148	154	73	151
26	185	123	97	126	128
94	66	147	161	79	78
58	108	59	52	152	37
78	25	116	188	180	95
113	185	138	32	190	190
116	153	77	173	70	43
184	116	111	157	38	138
170	154	193	23	173	132
195	190	83	80	42	196
79	155	78	102	96	171
85	181	171	74	64	87
167	119	138	41	101	86
116	152	43	104	166	124
89	118	192	22	47	178
118	85	99	128	51	173
146	154	96	29	122	132
185	79	25	46	76	116
52	182	125	183	75	90
120	77	64	70	90	60
152	83	59	90	53	37
200	156	43	186	152	143
66	121	117	163	99	28
52	89	200	27	103	191
184	130	125	33	80	31
193	199	156	115	63	60
110	108	21	115	181	181
147	37	52	98	46	140
63	148	162	104	149	40
71	89	120	149	154	64
136	180	107	130	177	104
30	189	181	189	146	185
34	33	178	116	106	124
73	94	39	58	101	53
93	127	89	111	120	139
28	68	159	43	37	52
46	69	97	88	42	42
182	134	196	159	178	158
167	59	155	75	49	149
118	57	182	192	88	85
37	179	125	88	162	97
147	185	57	123	129	102
114	142	32	144	32	67
143	105	114	184	28	85
42	62	154	159	72	29
26	47	26	44	85	128
140	28	165	168	112	172
39	106	89	158	174	21
194	102	30	112	71	70
120	76	145	108	122	114
76	34	104	142	161	130
107	164	63	56	118	123
60	32	42	86	66	116
186	39	96	190	184	50
122	82	117	113	200	56
108	65	99	44	111	85
196	81	33	25	165	200
72	85	181	53	176	112
96	63	94	63	194	122
58	113	77	32	194	67
24	124	69	91	100	35
65	88	87	107	52	72
121	165	38	97	62	128
190	76	33	36	69	103
170	136	181	195	74	42
151	64	32	41	155	115
100	154	76	114	117	189
193	43	80	140	139	112
140	60	65	182	56	70
176	126	136	57	182	121
174	109	154	190	106	77
151	33	73	114	79	132
145	166	129	105	105	118
69	88	87	81	137	153
137	64	161	42	56	103
41	109	74	90	30	182
87	48	118	122	103	54
70	137	134	168	120	74
89	157	83	168	155	196
142	123	132	70	79	75
80	90	132	65	171	49
147	134	99	85	178	23
168	34	199	146	175	22
49	108	159	45	23	196
70	176	96	118	192	45
38	166	57	79	189	151
144	192	84	88	149	150
70	187	128	177	87	75
183	50	73	53	67	127
60	31	186	136	151	84
109	105	159	43	39	124
127	111	193	46	172	54
198	133	31	51	140	134
176	136	65	36	63	23
41	150	186	23	93	196
103	104	84	105	25	58
145	150	84	52	109	175
103	95	27	200	104	145
132	178	74	68	134	82
34	164	66	179	128	59
29	97	94	175	78	137
168	62	61	89	191	42
102	145	117	34	187	193
41	59	50	86	154	137
48	143	196	182	105	98
29	53	51	35	200	182
118	92	67	82	31	47
130	137	170	74	196	110
71	29	44	58	99	148
26	30	188	66	104	49
128	176	58	141	95	50
60	50	140	96	130	96
121	164	68	61	81	123
33	180	185	118	67	160
126	25	180	118	32	139
80	90	128	78	98	130
77	41	79	181	165	114
130	87	106	83	152	110
53	92	158	54	145	194
27	151	92	111	190	175
97	129	78	89	104	43
164	171	148	33	23	53
190	73	164	178	108	195
63	38	40	140	57	31
104	142	118	24	68	44
144	108	136	83	173	135
71	45	80	72	151	86
185	118	72	159	188	61
195	110	82	119	126	36
74	139	159	162	172	170
151	98	66	185	101	136
122	176	55	193	142	80
61	105	123	164	44	109
93	100	118	183	74	53
152	83	60	174	121	154
27	126	54	79	196	76
186	44	166	135	95	94
63	41	153	179	64	87
119	163	135	106	109	68
152	56	57	191	158	166
55	82	102	130	41	153
54	200	120	77	185	100
100	138	30	85	171	79
194	86	26	107	32	46
197	68	89	109	151	64
26	37	122	197	27	118
138	174	25	148	153	92
118	31	91	52	104	97
148	56	36	80	165	168
50	68	124	173	177	142
142	98	32	96	176	47
48	81	165	24	162	66
182	80	125	100	89	187
182	127	142	25	89	175
86	85	127	125	105	73
23	69	78	126	62	57
85	32	22	39	34	166
178	150	182	165	56	150
98	113	48	145	129	188
113	107	140	181	66	145
120	154	198	36	48	151
103	42	52	173	181	74
168	49	76	83	99	172
83	102	114	153	31	71
31	175	188	47	135	157
124	62	123	83	144	89
164	110	103	184	32	94
142	101	44	39	170	82
21	196	56	146	151	172
54	123	134	127	115	74
195	31	180	187	46	138
158	175	86	63	140	132
111	164	73	94	47	142
169	107	184	179	156	63
30	35	180	144	182	183
198	178	137	122	177	158
43	95	64	30	117	35
60	106	125	139	88	29
60	183	177	145	128	140
41	35	88	111	25	199
99	45	37	47	95	157
37	110	185	79	21	105
155	130	126	122	157	189
156	164	131	47	99	101
70	77	121	91	52	78
196	136	68	99	136	23
54	70	154	193	131	175
197	84	25	96	57	109
142	194	183	187	191	180
162	158	180	156	141	139
130	112	84	106	130	156
144	149	103	149	34	178
123	198	36	79	118	161
24	102	44	112	115	141
140	125	150	200	155	95
60	33	184	21	29	63
69	107	182	22	124	21
129	169	54	53	74	152
135	95	156	172	122	59
57	92	104	176	103	158
175	176	139	166	148	48
77	154	96	151	73	119
180	53	50	73	136	130
150	188	80	89	147	198
194	66	98	39	127	29
181	126	144	139	177	108
72	119	122	101	173	125
199	134	52	180	159	21
101	180	139	62	168	55
185	31	182	131	41	168
121	135	82	84	175	117
134	159	196	24	194	79
101	115	154	76	188	119
168	159	95	116	56	172
129	44	24	94	47	148
63	194	104	102	132	173
165	113	73	108	53	34
112	52	106	112	168	24
85	23	94	173	91	130
95	103	166	26	48	160
147	36	193	142	152	75
121	145	137	140	200	105
186	145	38	79	62	28
65	196	52	69	85	62
177	28	146	34	24	141
141	152	195	131	66	50
123	149	102	155	161	155
170	152	75	150	159	126
178	112	50	148	126	124
79	100	34	150	21	65
154	170	144	51	198	163
193	140	102	154	106	63
164	179	145	27	122	70
172	86	160	50	124	139
105	168	134	174	146	30
51	83	42	160	121	198
111	42	47	175	186	183
77	182	134	106	39	156
179	114	36	144	187	181
136	87	48	160	21	54
127	182	62	141	200	32
28	60	74	99	88	195
52	115	157	170	93	198
52	31	158	41	128	75
104	105	77	133	73	153
120	92	165	114	124	161
139	57	27	154	144	114
159	100	104	73	48	62
41	144	68	170	157	73
32	171	181	31	121	42
154	147	24	117	82	50
192	141	92	66	87	127
50	173	58	100	193	199
89	83	187	109	99	58
177	112	56	57	136	81
68	192	148	177	26	138
110	190	46	196	105	30
200	106	90	97	37	123
77	51	110	154	196	179
120	185	125	135	195	196
167	111	130	113	114	29
157	198	160	200	156	23
111	141	197	87	148	24
34	157	90	108	183	117
121	196	102	85	102	150
67	69	164	101	54	176
45	41	163	51	69	54
155	99	140	139	189	80
104	79	77	173	44	37
148	165	80	61	33	121
79	44	150	62	40	118
167	49	182	30	176	191
130	147	48	27	62	177
139	30	66	66	137	90
104	190	96	104	125	144
49	162	60	29	21	68
171	151	41	106	135	126
34	75	158	54	140	176
196	197	200	54	65	122
25	90	84	46	168	199
48	101	105	150	59	150
23	162	103	28	72	191
92	47	150	126	35	119
74	77	81	43	40	50
49	61	26	193	60	90
54	170	85	63	58	153
123	79	107	58	130	67
121	131	47	186	197	115
129	29	85	130	60	97
130	31	102	170	129	58
184	59	140	163	159	186
136	109	21	89	44	41
136	149	21	55	92	185
128	177	192	126	176	94
68	120	146	155	185	66
58	61	160	93	76	24
103	172	116	158	177	39
122	119	157	74	173	44
115	115	171	189	166	23
119	71	190	91	87	115
95	77	161	157	141	34
143	143	96	44	160	57
120	167	193	148	119	34
91	106	169	148	165	180
28	163	186	196	31	62
161	23	60	101	111	75
74	74	180	167	37	44
184	131	137	89	115	116
24	161	152	57	157	178
155	174	22	157	122	68
47	148	27	132	45	176
21	100	68	176	22	70
166	28	115	53	189	76
111	107	70	51	157	93
180	178	123	185	158	118
137	184	89	162	45	97
25	175	197	170	39	100
93	149	158	30	119	125
194	25	172	25	180	156
69	121	42	187	57	142
152	188	87	29	90	101
116	119	72	34	57	92
48	182	168	52	35	128
163	31	28	133	157	97
136	46	92	96	131	187
33	133	84	60	186	77
155	91	41	136	198	96
191	34	83	86	149	187
79	116	137	155	52	114
150	143	140	98	137	61
155	56	132	50	112	71
94	68	139	47	73	145
166	45	121	108	38	104
106	99	63	93	190	130
79	168	44	166	187	123
171	83	30	175	116	136
181	169	137	163	22	152
48	63	45	70	137	30
154	86	100	109	99	138
130	192	101	178	199	33
114	94	67	57	125	41
97	39	180	173	98	179
149	31	127	103	53	96
124	85	70	72	140	143
166	150	109	84	164	187
54	69	46	72	171	40
165	111	180	117	109	157
48	23	145	150	193	142
40	200	95	172	38	151
42	40	42	148	171	74
184	86	137	46	59	200
64	117	88	111	118	190
76	79	120	39	140	161
41	65	116	178	167	50
109	37	48	199	173	188
117	59	166	110	48	182
53	125	52	122	39	116
169	168	121	45	25	135
133	47	169	165	44	111
86	169	32	173	189	191
71	97	180	44	146	171
30	193	109	33	78	62
132	33	58	96	93	172
195	153	104	139	156	107
73	111	22	149	86	104
131	59	30	47	71	108
85	37	150	44	182	176
199	62	25	99	35	21
105	45	122	145	134	27
188	154	56	82	44	134
72	85	147	124	57	82
168	51	199	69	31	119
74	79	171	136	125	60
117	47	68	173	142	108
54	28	193	105	58	71
198	51	97	47	151	129
132	31	146	194	132	128
131	25	71	104	119	101
170	182	177	90	185	122
43	38	90	187	153	146
179	182	75	52	25	94
69	161	40	196	192	171
193	66	71	111	98	65
75	100	148	115	50	175
157	30	95	34	146	185
125	134	117	187	192	59
174	181	47	176	65	152
176	74	147	185	157	85
52	44	162	117	180	164
186	59	42	196	144	173
137	151	174	55	104	199
38	91	170	69	54	106
38	136	144	42	167	158
120	153	36	48	74	100
76	121	136	86	30	122
117	112	45	38	23	142
148	168	124	98	22	94
156	162	133	150	44	193
108	83	57	149	148	158
44	168	154	105	141	54
172	186	192	108	141	72
129	95	52	38	125	61
129	189	46	172	149	115
181	146	73	154	189	43
51	120	46	45	24	23
68	197	33	46	183	100
127	169	94	54	92	105
24	47	90	38	81	161
137	21	69	38	47	108
131	85	144	123	171	80
188	142	104	38	68	107
155	174	136	190	157	92
155	103	177	126	108	74
75	128	21	62	39	98
177	46	145	37	94	31
195	188	133	29	25	89
42	66	53	76	49	47
177	60	25	36	126	148
76	121	108	145	112	63
138	120	162	136	151	105
109	120	75	28	34	26
159	128	36	28	33	172
41	163	111	76	177	137
146	25	149	165	178	110
66	91	108	55	198	94
194	67	180	40	36	100
75	129	42	71	111	144
181	103	82	96	190	55
38	134	25	117	138	135
115	184	115	49	171	196
117	167	187	137	87	114
154	54	175	140	121	40
92	71	132	57	124	52
48	146	35	104	160	117
124	53	68	54	189	129
172	176	186	49	115	47
71	85	128	74	138	98
51	22	130	181	152	191
138	21	111	188	49	131
128	134	175	185	106	197
194	110	86	43	68	102
93	116	179	44	142	25
153	102	22	155	76	25
180	96	113	128	156	182
172	68	194	179	137	175
44	178	96	66	64	153
64	196	37	165	176	163
193	71	126	25	172	71
22	93	36	54	134	120
135	78	69	155	39	40
63	159	42	138	157	120
181	47	58	146	72	64
168	67	122	80	116	193
109	51	187	55	162	61
38	104	78	39	125	27
127	42	105	86	89	132
105	63	115	54	66	58
32	134	88	90	164	145
145	37	79	180	35	175
120	30	142	93	149	45
177	24	148	69	123	140
132	178	184	108	182	133
45	160	35	143	76	58
35	127	156	64	94	153
129	198	40	33	149	185
191	46	79	39	36	188
118	76	31	84	139	100
101	21	74	75	159	167
54	49	75	142	133	86
152	61	75	79	116	63
190	165	32	113	141	162
68	177	168	95	105	198
131	155	86	44	94	154
59	88	172	41	35	70
107	172	49	140	190	77
46	168	137	182	52	197
116	47	26	32	150	198
151	86	55	191	77	166
100	128	137	141	176	132
126	33	183	26	185	24
72	137	136	134	195	144
32	174	41	169	122	191
195	198	185	58	187	94
93	134	84	87	166	126
158	55	48	59	112	33
194	152	48	142	102	156
30	25	148	158	48	84
128	69	85	125	140	182
25	102	134	76	165	60
106	67	158	128	170	94
149	183	162	126	100	184
118	152	71	151	155	121
164	192	199	176	165	44
176	186	101	179	138	28
25	47	108	86	108	103
75	22	48	127	196	96
136	144	102	43	117	126
95	74	52	114	54	188
187	103	89	30	148	179
96	102	195	157	87	151
52	109	126	106	138	51
121	50	99	80	138	86
140	76	81	95	146	91
58	65	81	150	109	51
112	172	45	184	148	190
195	106	149	104	198	182
143	76	34	122	131	163
52	30	127	139	112	91
150	108	156	60	131	192
100	88	170	35	36	85
197	156	64	161	162	47
109	113	173	50	191	173
86	115	98	166	154	156
128	84	66	52	38	131
83	120	154	113	86	30
40	193	135	180	112	89
112	188	90	110	110	43
158	84	123	66	153	22
88	80	164	37	105	200
109	111	29	142	137	197
129	185	119	106	128	120
98	132	162	198	197	160
124	179	111	164	76	178
74	51	107	142	34	102
181	95	121	104	35	166
185	200	72	117	99	48
28	22	25	99	104	36
91	114	166	194	82	36
27	195	136	47	109	97
43	69	166	164	23	155
173	193	98	147	187	79
196	84	179	51	152	87
109	188	173	55	152	199
110	40	196	80	145	30
73	48	132	99	176	81
78	147	49	100	49	87
176	99	43	173	170	56
47	129	128	163	130	71
69	83	100	140	86	25
86	200	38	188	190	139
184	125	68	190	33	44
147	185	173	33	108	21
118	182	200	77	171	155
135	85	30	140	68	120
179	91	123	121	134	160
174	54	25	49	50	197
178	65	57	171	37	82
95	97	170	75	83	117
104	89	120	185	164	186
124	95	81	149	161	170
78	102	71	129	110	79
111	21	56	167	27	186
101	55	75	43	96	151
158	173	52	172	112	144
200	164	80	192	97	154
184	191	188	153	73	130
151	104	171	105	194	23
63	159	53	113	53	114
87	115	194	86	122	126
57	74	168	77	165	43
52	124	48	42	101	156
144	156	60	199	43	193
58	125	25	126	172	100
97	67	195	45	200	70
125	67	62	98	27	27
23	119	156	173	72	21
197	103	30	25	175	64
166	112	140	40	149	102
165	68	60	51	155	197
186	123	79	84	33	95
200	110	122	40	70	175
171	61	116	158	57	99
162	26	133	50	200	22
23	70	196	156	54	192
28	147	148	181	90	197
178	77	36	63	60	44
173	127	138	118	117	138
39	79	104	184	117	91
23	25	32	103	83	192
183	35	151	175	187	178
70	179	104	151	109	137
200	189	47	176	111	24
156	48	167	48	60	138
153	57	200	43	88	164
147	50	129	129	198	172
65	23	62	164	149	149
121	128	134	125	128	54
155	28	37	156	23	24
131	112	93	100	27	121
132	37	50	137	128	187
38	110	37	186	64	76
105	146	111	199	181	101
31	48	134	152	92	173
28	181	75	154	168	134
174	97	66	152	25	91
158	147	71	30	146	179
161	185	79	66	123	88
25	137	87	39	148	55
164	60	22	78	140	92
132	30	110	111	76	147
183	181	186	194	194	198
90	81	68	24	67	179
71	76	39	166	200	115
152	107	192	97	182	93
187	128	38	42	153	51
72	99	177	130	190	194
190	160	42	179	90	190
140	86	112	39	67	79
42	132	105	194	23	129
34	132	182	162	32	65
175	149	65	118	144	160
44	45	157	114	143	126
57	163	96	73	38	168
101	138	183	154	190	120
47	159	32	120	164	22
34	97	191	151	125	197
152	145	68	84	84	183
129	112	181	147	29	77
110	158	54	135	101	161
107	61	122	128	188	118
130	193	38	79	107	100
186	129	172	130	42	174
85	154	50	44	140	162
30	88	200	159	151	139
41	48	144	92	184	123
130	115	128	148	100	31
47	155	83	192	58	60
34	197	118	164	61	170
35	195	165	83	81	61
105	24	138	190	192	130
107	157	37	104	92	104
59	131	104	33	176	120
22	127	164	96	32	43
165	169	21	160	168	104
141	79	72	123	96	33
119	101	106	112	194	104
71	68	145	170	63	120
85	39	127	172	97	62
133	99	147	133	130	157
143	74	83	56	82	26
98	28	162	65	150	98
21	79	153	89	141	32
116	127	174	120	164	83
77	167	174	125	53	129
166	193	90	191	183	84
184	181	62	108	130	104
45	190	81	41	97	81
97	156	33	157	54	187
69	45	142	174	142	149
176	90	116	161	86	179
184	193	108	69	75	53
115	63	54	135	170	101
42	22	75	66	179	115
162	112	72	24	114	108
81	175	129	150	143	144
123	159	47	30	102	72
155	182	195	52	172	157
25	114	60	152	107	154
145	119	115	88	131	117
118	109	30	180	52	127
22	115	104	54	148	103
110	65	188	130	88	32
98	53	119	23	126	147
39	53	59	134	149	138
110	140	174	198	92	22
103	45	154	148	107	100
151	116	140	159	131	45
133	134	192	172	81	172
176	173	189	24	33	176
87	45	74	84	167	52
187	72	162	139	197	93
124	178	105	199	157	39
119	118	170	69	51	36
109	72	141	162	41	57
34	23	38	157	189	62
92	30	93	181	35	46
25	46	116	137	96	112
36	132	57	152	186	134
24	57	64	62	188	66
179	102	67	75	54	133
67	87	183	131	95	195
37	126	108	176	111	104
40	92	163	88	155	74
99	130	128	121	166	161
58	189	115	113	159	39
138	189	179	69	22	103
70	117	91	73	176	166
177	80	174	79	193	28
162	87	183	173	154	143
111	25	146	161	115	75
162	177	192	35	180	90
144	163	82	26	74	199
159	109	146	100	93	46
107	45	58	168	183	190
28	176	87	189	190	22
36	46	190	172	131	87
134	75	117	164	99	32
36	92	198	200	165	192
105	91	148	153	160	42
140	157	71	80	145	190
144	111	24	121	63	26
183	194	110	125	85	94
172	156	50	103	27	146
132	178	64	101	97	53
149	198	128	81	150	198
121	32	145	129	164	152
95	200	148	182	39	171
127	200	165	156	74	55
99	142	155	44	112	161
172	31	167	63	87	119
57	117	38	92	184	74
126	177	154	119	162	181
48	110	69	43	89	58
138	51	191	90	57	192
192	176	145	112	108	31
98	57	115	37	69	165
153	104	115	175	157	85
114	125	138	99	83	158
167	136	146	167	32	27
173	108	43	64	33	76
64	25	34	103	184	64
35	102	30	116	83	31
139	60	191	185	38	162
106	145	64	199	77	156
32	118	21	147	133	161
33	161	86	140	198	33
144	136	109	83	59	92
106	35	135	176	46	64
158	84	111	178	114	96
123	137	123	126	132	188
115	32	91	145	41	157
68	70	126	52	128	131
46	190	41	24	66	64
110	180	155	198	117	124
115	188	142	97	82	198
87	200	46	104	138	192
111	113	152	31	144	27
123	74	116	60	145	173
162	62	99	195	147	196
157	185	147	173	108	31
23	104	32	157	175	145
144	100	45	76	80	67
150	67	89	132	54	170
143	152	81	198	22	135
160	59	135	42	46	151
133	34	31	100	140	57
36	54	26	83	65	150
175	181	104	64	144	22
55	98	88	133	184	150
188	150	149	61	81	94
179	128	139	52	103	169
174	22	196	117	46	120
57	125	95	171	185	35
174	72	109	85	119	180
83	103	156	140	195	188
196	195	98	106	68	78
109	198	111	187	128	196
151	180	159	133	24	151
62	26	149	191	33	40
142	185	182	25	161	125
87	69	136	141	25	41
27	26	86	25	136	70
185	180	161	85	118	63
186	192	166	66	200	113
115	172	90	57	92	62
83	84	176	152	33	55
183	191	100	196	22	122
55	96	99	31	198	124
60	104	179	137	167	170
159	102	114	103	119	53
62	69	62	114	128	78
65	163	82	130	75	167
136	99	33	116	152	28
37	146	138	36	73	67
131	183	25	52	47	177
157	195	113	66	81	176
23	22	69	87	25	118
155	144	99	166	121	190
59	152	167	105	182	47
171	177	163	73	152	49
71	83	105	196	145	50
176	182	123	97	150	127
82	200	148	23	53	152
123	76	96	89	89	106
151	22	62	77	141	173
199	100	159	131	195	189
169	90	149	118	169	29
200	22	130	162	102	24
159	140	101	88	159	28
36	96	93	43	115	139
114	171	101	174	109	125
45	77	43	161	172	181
157	85	83	36	89	26
78	169	199	102	82	124
153	172	107	125	66	76
127	85	39	75	76	40
91	119	158	32	163	37
135	155	145	79	67	180
58	64	71	76	191	122
36	169	126	169	97	169
68	52	152	96	71	190
32	76	142	70	158	138
175	43	140	95	168	100
147	175	145	63	50	42
93	184	100	101	112	27
182	148	103	136	154	110
49	77	124	67	155	46
48	166	185	149	101	146
65	162	106	88	156	66
158	98	112	187	34	156
61	84	178	107	175	95
143	170	194	79	96	98
88	152	109	72	39	71
26	25	191	103	105	66
115	193	137	125	156	59
49	136	38	132	125	29
21	40	200	53	97	93
92	133	190	171	132	38
165	143	111	90	50	114
125	183	64	182	186	115
185	105	134	90	88	184
198	160	49	30	141	64
36	85	159	142	91	136
63	178	112	129	44	141
28	70	192	134	46	52
114	44	99	135	199	72
114	43	22	50	191	57
163	102	75	107	49	113
156	77	60	81	192	96
36	50	70	113	63	150
79	165	68	154	122	141
46	79	52	196	153	53
132	63	167	122	84	161
96	194	49	45	37	71
82	98	104	150	144	59
47	112	38	147	141	87
86	81	172	111	56	112
34	140	102	44	187	88
142	142	118	185	135	49
163	37	127	86	188	131
38	173	131	104	81	81
135	121	57	149	89	195
39	41	188	110	137	24
152	110	40	156	168	170
61	183	40	50	83	119
187	145	78	32	160	165
149	139	132	88	70	177
158	28	82	33	44	114
121	42	117	193	170	182
93	109	154	38	24	92
166	157	125	85	61	131
129	81	63	82	55	28
128	42	147	38	96	186
191	29	46	109	139	190
101	35	166	99	40	84
29	163	167	131	75	41
58	170	167	122	86	148
191	106	52	164	152	82
180	195	75	140	132	37
100	187	150	138	50	68
188	158	165	180	195	81
150	22	46	139	188	81
80	158	66	187	122	190
117	97	29	78	170	46
95	74	65	95	161	74
157	151	155	184	176	71
75	190	77	102	25	68
28	83	145	37	152	157
36	37	58	105	33	65
138	113	184	133	97	97
72	164	81	171	100	198
51	90	128	173	88	65
87	51	125	63	159	143
40	185	61	102	166	148
117	24	118	184	36	159
145	153	50	64	21	122
24	164	79	155	178	33
185	145	72	78	84	41
90	162	187	158	181	61
24	24	63	176	126	51
76	56	112	165	184	168
135	150	156	106	96	35
135	191	145	165	95	54
96	153	23	65	166	117
49	197	182	191	156	30
23	44	28	69	98	143
104	75	63	127	149	130
60	173	178	142	153	71
187	88	110	82	107	144
109	35	93	166	71	137
117	99	82	179	172	26
186	111	89	143	23	127
45	49	182	125	65	184
123	36	196	39	140	156
64	110	96	200	71	44
36	196	61	26	125	100
65	154	49	180	86	169
123	22	164	41	168	170
21	54	195	196	142	120
24	94	104	44	64	107
155	126	148	48	46	191
164	147	70	86	25	42
156	29	80	194	21	39
128	186	165	39	114	104
190	104	111	124	177	76
43	124	188	196	76	48
118	162	97	94	176	42
66	39	72	157	153	118
61	198	43	137	48	99
157	148	56	103	108	200
81	121	95	183	124	179
22	113	53	40	25	58
69	197	80	53	42	23
90	193	62	200	61	37
128	64	181	41	31	34
28	137	63	28	55	172
120	30	49	139	29	68
154	97	114	83	167	68
55	24	83	110	198	100
127	65	151	134	121	69
41	102	188	81	194	29
183	185	111	166	130	21
94	110	108	148	48	158
94	77	171	168	109	112
170	123	179	29	22	136
84	187	148	101	173	117
69	52	194	50	77	85
167	27	116	89	178	70
197	136	42	170	161	168
194	106	69	45	194	68
81	117	102	138	155	149
87	159	115	39	197	82
72	199	95	39	63	116
177	27	57	195	106	194
104	198	26	191	116	105
28	121	168	134	175	132
132	90	183	60	102	64
45	51	158	146	96	30
27	196	27	113	104	118
148	186	54	174	21	36
58	190	27	152	114	107
185	58	97	179	141	127
28	187	139	120	157	182
158	59	81	131	35	141
119	86	135	39	102	166
36	40	49	162	41	84
39	96	60	158	86	143
133	155	177	127	151	51
139	84	66	172	183	157
107	186	112	115	124	145
107	44	48	23	116	34
126	181	40	56	135	70
39	80	41	96	24	102
102	177	119	83	84	116
41	115	128	37	151	151
161	78	95	135	192	52
80	177	32	51	185	153
29	129	200	52	171	77
92	121	81	71	72	170
115	152	76	98	45	71
108	118	146	111	102	37
87	184	153	111	93	152
84	132	90	189	43	175
179	134	167	164	80	27
130	128	165	26	31	89
158	163	21	80	182	88
113	134	35	164	68	62
43	21	139	136	90	147
139	113	144	110	134	137
68	126	143	77	71	45
165	35	49	97	163	113
39	174	198	104	50	52
57	193	124	88	110	28
83	45	29	117	172	154
140	162	71	98	127	128
30	46	146	50	100	62
98	195	40	195	47	34
138	193	185	200	47	32
70	33	165	197	124	60
142	45	33	113	120	173
154	162	196	113	21	193
167	64	63	194	106	130
145	43	59	130	33	69
170	62	159	158	187	152
160	119	37	37	79	120
184	175	111	70	181	74
129	61	38	45	152	187
146	83	139	40	166	64
195	132	178	39	30	58
33	117	102	66	156	139
81	61	107	66	48	125
118	127	180	198	74	110
130	135	33	142	114	81
125	24	59	143	114	108
48	103	166	124	88	199
88	68	176	194	193	53
69	45	122	169	109	124
31	51	193	69	169	104
82	163	87	105	131	71
56	93	32	182	161	173
148	107	80	64	81	21
152	179	106	104	179	69
160	141	65	100	182	123
198	44	142	77	26	166
170	142	170	194	100	180
152	158	110	135	94	159
113	89	197	108	185	98
53	171	135	119	180	192
64	193	22	101	70	72
87	102	158	136	100	197
153	51	41	88	139	21
37	118	93	40	196	32
83	161	174	82	37	199
183	71	62	68	101	84
83	83	161	102	184	38
55	119	91	139	171	156
171	89	154	163	54	108
169	181	79	141	117	166
61	97	165	185	102	110
42	62	190	150	140	175
80	83	50	68	141	171
176	63	153	137	29	175
190	42	93	30	163	130
179	136	135	194	33	62
198	99	76	54	183	181
97	25	40	62	137	89
172	67	23	177	82	117
79	105	80	45	48	139
158	197	89	188	123	99
161	138	53	39	129	149
130	76	81	57	130	144
158	46	120	105	178	127
126	119	92	22	76	90
196	65	95	42	178	56
161	138	61	74	120	105
195	81	70	45	191	106
95	151	82	127	141	143
177	177	25	91	23	178
85	58	117	129	24	129
27	132	154	145	40	73
74	24	105	193	145	49
136	112	28	185	87	198
191	184	140	197	57	178
44	182	149	149	62	124
73	187	188	96	85	86
106	162	180	24	41	43
124	168	142	77	82	57
140	195	197	69	55	164
161	145	118	89	173	199
142	101	115	132	200	191
121	191	44	77	58	155
85	190	148	97	82	111
135	154	99	191	173	152
73	122	68	169	168	169
144	102	80	162	22	183
193	164	81	103	79	162
117	121	156	55	34	187
114	166	69	113	76	56
76	153	119	57	122	160
150	123	24	86	168	172
125	22	199	107	177	174
155	167	182	154	132	89
149	29	49	118	152	142
196	131	109	24	44	189
179	68	107	161	144	92
94	196	134	30	66	42
42	158	132	136	61	153
69	130	117	65	192	99
32	108	45	107	92	183
178	141	27	43	180	39
107	155	174	138	23	146
182	163	95	151	52	127
84	105	70	23	75	91
107	42	86	111	102	129
93	77	36	95	136	100
159	192	190	185	156	29
72	41	133	86	180	134
193	174	64	168	99	29
152	200	167	185	115	112
109	86	103	38	156	134
131	83	168	75	148	55
57	71	134	59	148	186
139	106	34	196	170	175
193	142	27	160	40	194
78	114	112	174	135	67
130	67	49	91	85	80
149	126	151	49	147	188
149	152	53	156	165	130
179	64	21	144	176	85
96	69	171	43	153	145
155	45	109	51	180	187
75	41	89	109	77	144
37	140	98	188	121	134
134	169	81	134	26	162
47	177	132	90	75	150
64	99	191	132	141	182
56	27	120	50	60	116
139	182	86	194	163	32
84	97	133	102	49	113
136	155	162	195	37	51
88	200	105	79	45	174
181	22	26	100	160	108
141	124	177	44	51	135
74	26	35	85	36	134
165	76	103	139	72	179
171	50	113	57	36	174
28	129	24	198	123	185
37	171	41	92	105	98
191	33	127	114	120	178
50	155	68	42	75	197
23	84	93	56	82	35
104	116	67	189	77	191
154	52	180	87	122	109
99	42	70	101	165	56
86	99	49	181	167	162
59	81	159	40	180	161
44	52	79	166	152	133
25	93	181	107	32	189
73	86	131	21	176	48
176	138	91	128	172	43
104	112	79	62	107	68
118	196	132	140	29	75
146	100	149	92	141	118
182	62	149	80	125	185
119	128	106	182	40	40
50	116	106	117	89	27
119	92	61	192	52	137
53	130	186	190	43	187
150	63	122	78	78	109
113	23	71	135	24	122
143	87	60	108	90	140
123	108	62	82	81	34
107	104	34	57	157	93
124	91	90	70	186	116
196	56	174	71	163	176
89	181	71	189	47	59
198	109	70	70	96	168
158	80	159	60	154	87
108	77	108	86	123	29
200	21	131	21	136	178
191	146	128	198	133	150
30	111	89	42	88	86
97	160	130	57	197	130
42	68	26	61	139	35
162	129	70	124	157	100
125	191	63	187	144	33
155	130	112	89	193	113
157	43	151	58	90	78
176	174	59	159	158	33
186	42	198	184	188	115
101	135	107	178	163	160
31	88	199	41	136	60
189	21	196	30	188	82
70	23	37	75	37	27
104	21	176	96	79	156
99	145	127	195	178	24
194	121	87	159	172	134
123	54	41	122	129	21
46	61	60	95	129	144
156	148	21	58	169	141
111	197	142	91	105	198
124	77	87	90	186	98
188	90	171	77	30	130
34	151	118	134	113	51
22	37	152	189	103	105
155	31	170	33	99	30
188	171	175	148	92	192
89	48	196	49	59	43
190	176	193	58	145	175
121	126	174	24	108	152
137	37	117	122	78	183
49	68	64	182	100	94
183	102	168	192	166	55
89	149	193	156	28	47
170	191	24	111	76	60
80	24	198	139	62	128
149	31	142	169	82	51
133	39	200	169	135	25
81	146	73	32	95	199
185	146	88	165	142	98
76	78	34	127	169	59
23	34	71	165	28	82
70	67	167	80	69	168
52	29	64	152	102	144
62	126	89	118	93	91
128	184	95	181	152	76
192	58	34	135	96	124
147	182	113	179	106	147
32	64	30	34	173	193
97	160	154	144	80	60
196	146	149	94	140	21
55	110	189	90	40	147
149	71	105	43	200	142
189	29	173	154	178	157
74	88	131	40	138	112
188	102	135	48	104	199
30	52	149	144	79	36
196	48	137	89	56	185
42	138	183	186	87	100
90	39	39	86	103	143
142	140	96	194	148	69
133	169	199	40	132	78
22	94	89	51	59	36
38	36	74	132	174	82
69	44	130	77	125	47
155	159	63	123	104	195
125	61	30	155	109	114
102	37	170	28	128	60
79	81	199	24	23	187
29	50	52	78	118	61
162	159	150	161	153	75
72	67	114	69	113	186
166	89	144	151	188	109
119	186	116	134	190	168
67	110	151	187	91	169
128	46	151	176	119	69
172	167	197	59	188	154
171	25	139	98	126	23
130	100	194	160	128	180
112	91	129	191	195	112
81	61	117	87	95	93
100	60	23	29	178	172
98	25	82	119	192	85
166	89	86	133	57	84
176	130	68	125	180	135
100	142	159	40	31	177
129	75	191	130	172	25
123	84	81	163	194	180
164	163	185	106	65	28
155	104	117	97	104	151
164	140	158	96	121	92
95	48	152	146	172	184
53	57	64	169	150	93
142	193	59	161	91	69
152	65	38	140	118	102
136	56	198	94	163	27
81	36	152	187	67	109
193	50	98	95	146	31
75	46	41	35	75	156
75	27	132	81	114	100
122	61	150	195	94	83
31	40	41	38	26	161
30	190	88	113	128	81
120	191	71	139	140	191
30	170	108	188	92	155
39	52	190	104	110	122
79	119	118	39	129	21
75	134	23	82	51	130
123	129	142	168	62	81
85	115	178	177	120	57
119	66	49	77	194	21
171	146	49	97	192	78
73	199	115	76	193	159
116	72	73	182	144	37
178	149	98	148	171	120
107	31	52	158	50	176
39	51	48	132	161	53
198	57	75	147	92	34
94	60	120	165	131	37
40	181	94	27	130	142
149	125	131	23	182	30
136	174	113	129	87	87
117	124	99	181	196	138
30	140	69	72	108	38
143	187	193	133	159	190
143	87	148	64	194	34
187	165	71	114	79	46
28	44	105	146	139	166
174	94	78	22	43	96
155	129	114	23	200	35
180	179	161	36	50	166
101	21	83	111	83	178
61	196	58	69	165	171
66	26	186	64	109	195
114	197	118	133	159	34
111	184	190	105	88	191
142	25	55	160	171	155
70	103	128	123	157	139
189	127	171	134	27	43
76	63	29	162	39	110
112	172	184	31	122	28
32	63	162	94	59	89
97	165	34	152	178	80
114	193	133	59	177	23
124	200	62	23	82	189
54	56	171	68	46	188
118	54	87	35	67	47
137	192	33	63	68	67
72	155	126	75	53	130
50	188	61	164	55	190
168	153	49	98	49	82
106	132	182	56	120	123
81	36	88	87	99	25
164	169	178	37	76	55
107	142	28	77	194	67
84	57	172	81	120	30
183	180	199	87	80	178
79	63	44	176	40	51
28	173	171	42	102	76
134	152	108	120	76	199
96	177	98	81	94	168
197	35	111	174	27	115
42	38	50	139	162	168
59	148	88	155	167	79
188	38	77	174	110	142
35	68	25	31	45	195
111	26	68	119	145	171
164	50	35	200	40	53
118	82	114	29	198	31
22	174	67	112	137	55
111	111	154	78	60	130
93	142	100	121	117	80
23	178	69	154	48	178
175	170	191	142	142	119
74	97	139	122	87	105
21	77	169	49	141	135
66	112	67	117	67	79
198	65	24	85	24	141
185	65	106	155	109	195
50	87	121	37	60	50
83	142	93	114	101	120
124	123	40	171	98	48
69	87	111	194	151	144
52	91	140	142	99	122
121	124	115	95	121	132
195	140	161	152	136	131
78	27	122	81	23	141
100	154	199	174	139	43
21	150	24	195	194	154
58	43	179	106	194	42
192	89	86	164	72	71
74	95	91	44	100	118
161	109	128	32	44	187
104	86	165	75	138	28
85	165	98	188	21	159
32	192	82	181	133	105
170	70	67	134	73	89
80	180	110	78	169	191
29	101	92	76	153	91
51	112	188	38	81	142
36	42	140	41	62	43
123	173	179	61	144	129
77	27	160	28	89	164
83	169	137	52	156	108
92	111	172	111	60	182
37	79	52	49	71	160
37	171	135	189	157	67
148	110	146	143	188	91
172	120	33	102	195	39
132	59	56	177	186	48
187	50	122	158	30	144
192	156	117	108	136	81
80	126	61	77	70	190
77	118	95	154	47	101
76	31	192	159	118	142
87	196	39	182	175	154
131	52	92	165	190	178
158	31	75	135	58	126
177	127	105	160	193	106
124	165	100	25	130	104
36	152	45	78	76	34
75	77	57	56	176	62
78	170	157	154	40	61
166	69	33	101	161	120
196	50	127	114	197	95
183	35	158	180	81	151
38	98	147	146	92	171
119	181	187	75	34	112
114	190	183	147	35	100
119	90	119	168	117	172
34	197	128	85	128	147
66	67	141	68	105	85
140	64	107	138	96	99
56	179	135	34	130	59
36	147	109	151	197	131
24	51	22	26	115	65
84	145	48	103	109	73
25	113	82	77	167	178
117	164	147	168	198	93
55	179	147	186	47	44
125	30	44	38	93	172
94	171	146	103	107	150
92	115	172	150	134	119
96	100	191	140	32	96
121	131	129	112	143	31
26	171	91	183	164	153
143	39	96	165	97	79
151	171	161	82	118	79
138	160	109	160	144	157
127	123	135	143	145	168
136	54	195	92	144	38
116	111	128	94	119	48
192	150	150	46	167	192
98	179	124	64	72	167
96	82	94	90	179	180
96	37	109	52	49	85
60	22	161	116	37	132
70	147	68	184	128	98
140	142	76	81	154	31
197	149	192	74	75	45
160	156	160	68	195	30
93	168	45	170	84	58
155	21	172	48	145	178
165	88	80	114	76	191
81	66	80	178	196	37
67	153	154	162	162	133
121	189	61	109	76	103
162	90	33	151	55	102
195	140	167	174	136	46
90	78	74	98	85	183
154	61	28	66	160	102
92	200	87	72	81	150
27	99	51	125	97	99
170	68	186	170	47	144
52	109	109	60	33	170
68	90	71	171	138	91
97	59	153	147	50	106
183	180	188	188	186	187
40	59	105	76	39	98
116	181	43	30	118	143
149	71	58	97	153	74
139	79	132	188	181	56
81	23	72	144	177	180
156	180	171	141	118	152
69	52	171	61	86	38
198	128	131	199	170	181
169	108	94	199	24	89
164	187	113	138	51	23
87	100	173	101	130	177
85	185	38	70	86	189
33	97	112	31	114	113
49	196	177	172	24	71
28	28	192	143	140	122
165	164	116	32	162	92
51	73	133	188	79	147
127	42	86	166	101	172
23	112	27	61	124	54
108	135	163	62	149	27
185	126	165	127	93	186
57	73	23	193	65	50
118	157	60	112	164	92
174	159	152	183	58	162
23	47	184	61	138	72
131	179	175	69	45	117
25	84	158	144	198	35
109	154	83	129	81	96
36	116	29	70	184	177
117	190	91	37	104	104
97	93	46	29	94	71
139	162	83	152	157	68
136	102	24	50	172	161
146	31	145	113	55	86
65	90	132	148	87	41
75	174	80	127	193	63
91	38	68	158	121	29
100	99	69	129	93	178
198	43	65	69	175	151
166	87	54	38	182	110
39	198	187	195	78	75
107	83	103	183	152	114
87	41	37	101	182	122
173	110	61	105	138	56
183	196	139	35	169	195
130	83	180	91	37	177
130	184	116	72	75	51
114	135	186	194	105	103
77	162	33	50	151	44
180	49	157	194	73	108
24	116	193	83	196	200
141	141	144	95	159	114
63	162	125	117	161	58
186	117	180	27	180	169
199	53	197	87	104	31
145	173	29	61	166	150
161	100	29	111	107	171
161	170	35	127	118	139
27	196	97	39	66	139
141	90	60	39	23	98
187	200	68	123	152	36
114	51	24	86	107	165
44	138	44	200	105	123
71	24	102	21	153	199
60	147	33	72	35	47
194	140	38	177	159	184
128	43	164	191	197	187
88	33	46	192	177	53
165	123	174	111	136	177
193	146	108	46	102	79
174	30	89	52	162	130
179	31	72	102	37	174
86	103	112	183	59	61
96	21	71	152	61	187
134	107	127	33	47	79
45	37	182	168	39	42
55	42	171	32	166	66
196	136	101	104	180	68
133	116	50	151	58	185
128	134	72	96	45	199
92	36	29	153	163	196
23	112	111	109	126	143
151	123	189	183	111	23
21	158	186	56	112	27
99	39	22	77	56	128
35	21	89	192	89	22
193	123	127	83	106	32
155	79	163	21	49	37
164	111	158	62	106	198
22	43	76	118	75	39
166	51	140	72	139	137
187	38	81	155	61	42
176	137	150	193	96	161
103	117	27	121	101	41
28	98	64	110	107	193
88	38	108	122	130	113
121	161	110	179	118	144
173	32	114	134	136	34
142	155	68	91	86	66
57	109	181	99	70	193
108	174	150	120	164	136
181	119	21	154	123	119
79	43	145	160	24	190
107	200	48	50	149	55
70	180	121	67	177	199
75	117	158	97	177	46
79	36	51	160	62	54
75	199	136	140	122	156
141	185	183	155	79	135
127	84	199	124	134	145
134	179	159	151	140	34
156	73	175	65	39	86
24	42	92	75	133	122
26	113	71	193	167	167
34	158	106	25	200	192
27	51	127	135	53	103
176	120	130	174	23	53
46	168	163	192	109	132
104	119	160	33	172	115
58	109	58	160	118	192
142	88	199	128	83	81
187	142	28	57	40	114
138	161	33	158	82	94
169	124	107	43	139	28
188	42	180	96	30	76
58	72	148	50	183	139
194	98	50	188	98	115
64	147	56	153	154	153
59	83	192	80	195	169
23	120	200	173	91	164
80	103	165	42	163	166
186	84	125	173	159	189
128	151	140	134	117	116
98	116	88	83	77	104
148	23	186	106	36	87
80	115	111	115	122	115
99	171	164	93	37	177
39	74	52	77	48	174
189	120	146	73	43	113
78	111	50	36	42	167
152	143	41	137	161	192
32	53	148	168	133	126
66	56	88	123	139	151
143	191	99	166	169	61
38	49	153	97	104	30
91	70	40	134	150	28
146	70	59	184	184	104
49	172	115	57	109	126
104	66	143	73	125	194
195	142	59	30	186	171
197	130	42	194	133	157
35	57	194	179	172	90
37	139	90	165	144	141
200	118	59	82	69	162
174	156	199	58	63	196
146	52	109	111	26	167
58	127	66	40	132	192
47	34	158	104	194	174
132	136	184	131	35	154
26	103	179	193	100	29
164	144	164	191	195	69
83	199	68	79	64	104
127	78	140	119	121	200
187	130	60	132	182	130
113	86	200	120	136	90
110	141	95	142	156	41
173	145	108	28	107	166
200	124	128	62	25	66
170	61	116	137	68	181
65	55	137	86	144	45
193	121	78	104	198	194
145	174	121	154	43	78
75	185	178	51	77	135
114	128	41	130	65	193
76	189	191	151	63	24
141	38	108	55	79	39
88	72	24	139	185	69
58	179	110	118	48	54
68	56	36	190	35	91
95	87	54	150	109	181
58	72	23	182	49	126
81	21	136	88	21	171
147	56	138	37	101	123
133	98	141	142	85	163
199	30	145	146	119	31
82	48	70	87	117	170
85	106	112	83	94	160
49	180	193	21	25	76
75	188	159	51	115	116
84	165	152	99	129	60
193	108	164	81	197	176
86	177	118	22	135	189
165	108	52	197	45	46
63	29	128	36	30	183
52	44	152	124	168	65
134	168	131	86	34	199
118	133	174	200	187	177
97	193	91	192	148	52
173	163	73	100	185	158
21	183	46	161	192	148
164	177	144	103	103	185
188	120	49	30	183	74
196	47	30	56	100	30
184	191	146	149	56	117
167	48	88	143	185	179
126	36	40	128	40	63
169	190	92	163	151	53
74	106	123	167	117	106
51	146	158	159	108	40
199	193	46	95	196	35
156	161	181	151	88	33
147	162	62	58	116	167
66	180	88	111	65	173
185	133	110	119	186	61
169	103	33	125	170	63
129	142	104	72	126	179
184	156	88	130	135	140
129	150	116	182	193	184
22	168	124	42	34	173
56	176	195	186	27	118
138	21	120	24	128	142
197	167	72	183	99	91
125	127	136	181	77	177
165	186	58	110	102	64
70	100	103	23	28	27
142	116	87	138	185	183
167	196	126	81	141	85
189	58	57	87	55	162
146	35	63	58	142	119
23	160	29	77	56	140
45	114	148	97	195	42
155	123	200	52	132	129
157	81	154	92	28	81
66	23	104	90	110	29
193	195	32	136	189	27
74	114	154	191	73	72
174	121	181	170	150	180
144	69	86	111	73	77
25	168	196	61	116	153
95	98	71	157	147	64
144	42	101	160	33	52
57	25	105	133	86	28
164	142	123	125	158	80
177	111	44	118	147	139
52	143	195	42	91	158
174	45	95	118	149	88
42	166	181	112	131	109
178	80	154	104	53	41
193	29	103	133	178	94
169	75	161	147	23	159
98	163	137	111	57	42
143	79	128	98	127	196
30	72	177	31	27	63
144	100	49	130	155	118
129	130	153	142	26	50
197	159	103	98	157	63
143	42	175	131	67	83
59	67	72	152	88	139
149	96	178	189	64	56
68	119	69	167	71	106
72	147	166	37	21	117
133	114	156	30	187	165
67	159	115	110	196	110
172	161	94	162	47	200
42	108	58	129	29	95
21	154	138	149	166	116
175	57	117	41	97	106
143	78	43	153	151	193
124	174	178	142	96	26
152	76	91	143	133	42
147	65	178	180	123	178
121	148	125	89	188	71
111	179	57	137	164	188
133	148	111	74	62	191
169	108	178	158	97	146
153	115	122	106	165	103
133	87	49	179	158	55
25	102	66	115	42	154
161	147	176	52	45	32
184	153	172	113	176	111
95	199	141	56	60	106
76	153	116	127	138	174
160	191	196	100	185	52
41	137	97	108	67	139
96	65	80	128	112	156
121	123	118	31	116	128
174	146	24	74	89	153
90	140	27	87	140	34
118	196	178	164	87	119
46	143	127	105	198	151
94	80	166	86	72	35
53	132	46	195	92	168
119	59	127	32	141	130
193	23	158	89	136	48
69	46	33	195	84	138
90	162	41	151	26	161
145	85	200	53	155	127
160	36	94	120	188	40
99	146	192	192	44	139
172	101	178	162	127	124
43	106	28	23	171	124
124	114	127	109	119	164
109	87	138	55	122	45
124	131	40	76	71	174
89	174	143	162	40	83
50	92	71	126	169	152
121	180	109	194	95	194
109	165	137	81	151	69
45	74	112	112	112	149
65	89	175	46	129	58
140	40	165	129	140	100
135	122	36	33	28	168
164	163	35	109	175	186
24	182	83	197	57	89
87	178	123	72	75	37
172	24	158	126	144	146
131	32	23	119	53	62
106	122	167	126	96	88
89	177	107	89	128	109
66	98	83	58	104	192
30	82	165	23	120	142
99	94	164	121	124	57
160	97	169	176	55	66
148	188	73	189	179	144
122	100	120	151	138	68
190	28	143	173	82	88
111	190	45	182	91	121
63	140	62	30	104	56
30	140	143	68	29	29
30	106	194	167	123	200
75	161	126	115	111	46
84	23	93	85	148	104
57	50	31	187	46	25
88	104	181	97	45	135
193	71	77	50	54	27
63	126	104	172	110	181
71	53	189	180	72	103
28	68	59	124	38	168
173	177	75	113	153	151
187	61	197	185	167	138
67	126	42	186	131	79
172	102	86	97	63	191
75	149	33	116	107	67
136	54	179	135	193	184
104	118	63	161	131	173
44	192	92	185	156	40
144	193	154	56	146	40
191	33	55	173	88	163
178	171	76	181	82	32
183	198	116	103	49	128
100	144	147	153	160	166
66	42	187	88	67	79
160	42	34	35	64	161
125	174	48	35	150	167
108	160	33	66	143	62
56	107	131	186	196	89
75	139	164	106	95	80
175	84	49	99	44	194
94	165	142	94	165	53
55	80	157	111	115	129
119	134	123	134	95	75
21	100	75	36	64	136
89	51	45	35	182	120
176	112	55	64	114	174
98	61	87	158	174	25
96	78	139	132	144	63
170	187	134	196	162	37
65	21	117	79	129	123
104	197	131	111	79	37
57	176	162	35	105	160
140	67	171	161	32	47
96	47	88	63	90	200
190	88	80	56	172	26
71	30	106	141	170	116
66	40	45	28	159	61
28	159	97	181	44	128
180	112	49	53	159	103
32	101	87	97	40	88
73	181	134	33	28	75
57	122	124	133	150	125
144	191	156	144	175	172
80	123	120	67	101	50
54	86	47	83	153	45
47	40	45	114	120	89
55	43	199	117	176	141
161	134	149	198	51	142
28	168	162	60	115	122
172	44	162	121	30	87
157	82	173	95	85	197
161	186	133	88	173	173
75	67	35	33	151	122
56	186	86	153	175	42
115	32	102	192	84	143
148	199	107	50	45	115
138	65	78	65	70	111
159	179	52	67	50	110
100	41	63	188	84	192
52	88	85	47	128	129
169	134	136	181	35	125
95	157	153	119	195	131
143	174	184	130	27	145
100	161	161	136	37	141
158	163	122	169	84	125
117	115	149	30	193	130
131	172	113	98	45	175
192	144	57	111	152	157
168	146	182	138	94	63
29	156	25	81	53	156
96	185	113	119	174	93
37	133	131	97	130	186
139	78	85	163	148	160
147	70	134	36	106	100
164	192	108	177	166	87
164	39	170	95	186	96
104	101	194	164	107	63
141	76	132	96	27	141
90	184	189	70	65	200
135	117	120	75	98	87
44	166	86	127	154	87
175	27	125	74	51	35
174	147	141	158	37	83
165	156	64	113	95	85
64	197	21	25	128	84
21	159	183	109	26	55
69	50	119	87	176	137
54	196	123	25	61	158
93	91	193	105	90	140
156	142	132	22	189	191
111	183	55	86	95	164
118	170	183	130	185	184
170	72	52	22	198	143
174	48	100	61	28	98
190	62	34	103	168	100
168	188	184	184	105	21
186	55	112	163	156	112
21	27	28	41	166	121
192	30	67	195	171	114
185	142	96	43	175	92
21	42	169	107	185	59
84	165	26	176	87	21
135	139	185	123	63	66
45	182	40	181	126	115
97	98	187	134	54	157
175	117	60	170	141	39
132	139	44	43	132	23
156	143	177	95	32	65
60	198	32	57	118	94
121	41	100	133	126	113
38	29	127	72	41	83
70	163	72	125	147	192
138	24	137	98	81	38
116	34	122	103	28	115
129	36	136	47	167	96
174	63	24	22	74	136
59	154	59	161	147	71
187	131	139	163	195	187
185	34	184	131	65	136
110	179	162	55	56	60
156	148	88	44	80	32
117	115	181	57	54	41
194	175	27	100	21	190
110	160	60	121	84	173
159	93	97	70	193	177
191	161	193	172	184	69
181	55	128	51	34	137
30	192	153	27	39	67
53	117	168	131	70	126
106	187	53	60	42	184
28	64	199	136	124	162
191	153	65	105	161	22
47	67	75	178	158	108
56	53	87	146	168	136
30	193	37	66	195	38
42	143	133	26	91	25
118	161	100	197	107	161
80	174	28	44	146	113
75	188	103	149	60	95
55	178	159	162	115	22
87	85	169	104	118	30
46	197	150	37	135	120
143	189	113	79	79	164
99	168	105	151	74	53
170	151	35	177	50	92
54	34	147	97	55	53
68	195	176	187	138	198
157	141	150	107	127	76
167	51	77	87	167	125
98	135	76	135	68	104
60	120	199	142	191	72
80	193	88	77	79	149
38	47	34	191	92	127
92	25	76	109	190	128
32	65	72	92	187	23
37	97	138	168	64	103
156	37	132	194	26	130
35	65	117	33	50	174
94	193	156	93	192	193
143	50	179	105	165	105
179	173	106	107	99	149
24	78	53	114	80	182
135	188	63	151	87	182
190	133	128	133	127	68
149	129	51	71	106	67
167	57	160	124	178	88
68	87	111	194	31	190
54	103	137	185	64	68
183	191	37	200	43	23
132	181	110	165	55	140
23	85	54	139	178	134
191	186	147	142	101	29
155	185	197	21	173	115
27	75	138	118	180	22
79	138	119	31	166	53
23	142	56	95	112	71
192	99	121	52	34	124
161	119	63	115	126	135
155	120	185	77	49	191
198	186	89	78	163	82
56	93	127	78	70	183
146	122	195	177	138	167
85	45	177	158	26	92
167	165	37	166	196	108
69	176	57	66	34	27
174	46	34	26	46	167
33	140	114	130	136	64
81	145	59	199	171	172
127	101	194	25	78	70
55	37	110	54	189	150
140	176	63	42	152	62
87	63	40	72	144	141
132	37	105	191	111	122
77	137	90	95	97	88
70	148	116	70	92	148
117	180	30	85	91	126
48	128	171	108	193	68
24	163	63	42	70	147
163	124	64	124	146	75
124	29	127	108	126	86
169	196	126	92	74	61
39	156	149	100	63	182
111	135	138	139	38	194
68	164	79	139	41	147
177	75	153	177	68	125
66	152	200	87	186	38
38	137	141	84	27	188
188	95	83	169	165	179
124	193	149	77	145	132
194	114	140	132	88	99
153	36	120	22	185	49
79	42	138	110	46	195
119	66	182	123	37	114
101	114	104	35	28	54
180	55	52	83	100	47
170	81	171	40	200	130
80	191	145	154	72	72
83	120	46	95	162	175
57	76	147	39	114	145
55	21	90	178	130	86
196	136	169	139	92	39
39	121	31	118	85	26
113	68	23	118	160	115
98	112	146	67	45	174
56	164	52	61	119	71
60	162	122	73	83	91
174	105	90	134	33	182
89	129	181	191	21	105
110	108	23	148	30	94
83	39	30	122	107	195
55	197	167	193	51	42
68	170	103	152	132	184
176	86	59	90	88	34
53	101	133	174	54	159
125	47	45	110	166	162
185	83	130	80	184	149
69	44	145	192	171	123
189	103	134	49	61	121
77	44	175	41	32	199
151	191	80	55	56	131
85	83	21	44	79	139
27	25	53	159	45	27
187	39	139	172	39	27
176	82	170	130	59	24
67	193	160	49	85	127
132	173	147	160	82	133
43	141	140	169	164	186
111	189	174	126	68	57
31	60	47	110	180	22
136	163	101	36	74	162
33	154	77	153	77	72
111	159	162	99	93	22
126	142	117	69	91	129
51	106	27	107	97	138
145	94	85	94	145	53
71	191	70	193	134	61
151	89	197	121	87	27
63	127	58	146	176	77
190	123	176	130	122	168
52	42	22	154	160	105
71	166	124	71	76	193
198	175	184	189	77	94
84	122	47	21	139	47
161	44	147	129	71	181
113	92	52	26	87	137
194	120	145	173	177	53
44	150	105	109	178	152
71	99	22	40	186	116
28	79	75	105	37	118
187	192	197	173	126	191
158	196	83	107	118	48
148	113	139	44	68	171
76	172	58	146	166	111
74	25	86	146	158	100
59	62	171	158	162	156
60	47	146	174	96	35
31	122	49	53	142	57
67	130	199	137	74	165
190	91	24	109	51	90
72	140	114	122	58	122
80	52	188	123	162	139
165	151	102	127	54	134
47	189	109	161	174	88
95	50	90	86	192	37
85	126	107	153	115	23
115	155	175	24	167	149
134	22	175	185	169	64
78	135	40	181	88	21
179	134	156	116	54	30
50	75	27	198	130	125
81	143	138	200	86	200
105	99	102	23	40	102
101	145	167	168	49	184
183	42	185	129	73	192
57	54	131	27	138	139
100	117	75	150	65	69
182	63	174	85	181	27
43	121	186	187	33	183
174	166	60	68	54	186
66	145	23	193	115	82
148	156	142	79	79	178
88	153	96	61	38	54
132	195	193	145	133	36
63	73	103	147	42	117
116	52	195	134	61	129
66	82	23	193	108	145
81	173	55	124	130	36
100	176	38	52	42	118
113	147	163	199	173	88
47	24	167	111	193	193
21	81	96	62	39	199
153	91	152	23	141	189
92	81	149	170	126	96
178	152	183	179	54	184
115	52	103	169	159	197
22	110	98	131	149	151
157	103	128	155	99	31
179	31	163	56	28	96
187	116	154	70	60	174
78	130	40	40	21	120
44	90	43	42	45	49
116	185	179	153	135	112
139	89	33	72	153	75
176	119	161	42	30	124
53	40	109	188	57	112
150	135	21	102	144	128
80	76	138	154	106	146
66	147	83	22	108	92
36	38	44	92	60	148
136	60	99	88	75	157
34	180	44	29	143	86
36	108	35	134	94	54
194	183	67	170	165	197
165	69	190	22	148	194
166	113	199	179	151	45
64	143	153	127	38	26
76	47	166	136	153	184
126	114	160	192	147	79
199	39	195	197	110	54
38	153	142	160	132	61
142	53	109	147	94	165
26	140	50	103	120	34
141	170	148	177	126	110
173	173	156	184	44	149
114	114	36	80	167	118
83	57	177	128	23	134
114	65	157	24	77	165
185	123	100	130	78	152
69	42	179	162	174	138
88	162	41	152	191	174
95	92	193	172	138	116
67	47	88	81	33	101
25	189	31	184	100	88
73	96	102	37	123	60
162	82	35	43	41	92
65	162	138	116	64	166
145	94	50	29	49	117
194	142	113	66	193	122
35	196	27	130	116	68
106	21	65	125	120	125
35	148	148	100	200	140
157	151	104	45	37	54
44	128	87	70	89	132
190	93	149	169	155	102
86	199	91	198	174	177
70	155	185	78	83	168
97	55	52	68	192	93
111	33	101	71	146	100
137	166	87	122	28	96
69	156	113	98	106	43
48	187	95	158	63	186
85	34	163	160	88	130
162	110	144	61	53	36
59	53	81	77	190	147
21	168	197	102	116	157
67	159	50	139	156	57
40	74	77	126	123	155
40	26	61	73	154	155
93	128	28	134	193	199
193	181	165	167	73	160
195	134	108	76	173	81
23	112	78	90	81	88
112	39	115	38	145	23
75	170	179	70	117	119
197	167	43	45	155	95
158	21	60	66	122	107
57	108	134	139	169	198
65	101	188	197	35	87
67	101	187	197	142	60
62	77	195	92	186	195
43	31	125	155	116	103
130	25	44	172	174	190
177	114	58	191	163	103
48	90	66	105	95	114
139	116	63	78	169	112
79	97	115	115	39	87
150	147	36	169	94	159
43	193	110	182	37	52
98	108	26	177	153	148
21	88	33	185	73	173
126	44	54	119	175	179
89	57	179	181	98	64
149	99	192	157	67	65
94	25	24	167	199	47
109	175	127	144	58	115
188	27	199	174	37	86
91	73	31	197	164	131
108	127	62	172	61	165
142	44	157	103	154	61
188	166	40	198	37	147
24	162	64	86	159	138
179	44	51	70	129	197
131	130	107	180	134	116
45	125	91	106	177	139
196	106	179	126	113	103
113	78	170	126	187	127
157	200	127	53	138	68
180	196	64	118	82	90
72	46	64	137	160	35
177	187	147	101	123	52
28	176	41	32	59	175
36	145	25	54	96	172
40	79	41	89	157	103
129	176	74	198	65	140
37	198	41	104	184	169
176	123	195	192	24	145
104	28	152	66	162	70
36	150	190	61	72	192
66	168	56	183	87	131
58	63	47	44	169	51
33	194	123	34	166	115
82	193	194	72	110	86
160	159	150	26	200	36
71	80	137	96	145	102
22	45	62	25	30	159
115	144	148	114	27	180
199	85	117	97	143	21
162	86	166	179	139	48
57	61	172	121	47	148
32	156	37	138	153	73
76	147	169	183	135	164
101	117	96	107	189	43
122	133	91	120	139	55
136	143	146	174	135	122
122	178	152	105	101	45
142	197	150	38	124	56
48	97	117	105	68	86
66	200	68	76	174	116
55	34	57	133	48	176
95	128	171	175	77	27
58	123	51	106	169	83
107	165	149	100	177	89
114	46	38	122	60	102
182	158	54	25	76	173
27	62	173	125	169	122
126	65	127	153	60	84
73	190	98	41	145	133
175	178	57	161	40	64
90	167	161	64	63	32
123	129	21	71	43	80
122	176	74	61	60	199
67	144	142	21	128	87
193	165	115	110	191	175
110	143	55	95	93	109
82	27	46	141	125	156
124	155	109	35	84	73
82	115	24	87	32	53
127	119	100	181	80	72
73	140	48	76	142	114
104	193	22	50	151	84
129	76	139	117	70	108
46	192	61	88	118	91
112	21	94	91	193	65
98	187	140	124	172	29
163	76	158	112	96	109
163	195	196	126	166	199
161	134	83	68	150	89
64	108	93	161	102	98
59	157	165	22	170	57
88	174	34	56	149	50
49	95	67	200	131	97
69	31	26	100	192	153
78	187	40	185	120	94
108	92	29	28	96	161
112	141	170	29	131	31
165	114	105	39	133	42
36	157	91	162	34	28
52	111	113	127	49	37
24	182	54	186	72	61
46	119	60	187	186	41
96	196	71	144	133	196
83	194	113	184	168	95
80	109	192	28	32	115
188	127	156	195	174	65
161	133	25	39	99	33
119	62	104	159	116	54
159	59	110	52	192	42
157	93	40	22	197	100
87	118	143	130	55	177
28	183	98	76	49	102
168	192	67	116	52	170
161	42	28	167	181	90
93	73	70	64	157	38
132	116	174	128	76	82
66	175	87	93	66	53
88	122	159	54	45	172
122	69	37	133	179	119
48	162	127	174	133	114
70	24	185	44	179	182
175	38	37	190	72	84
125	93	92	194	85	199
178	145	108	92	59	114
186	186	161	57	38	136
182	188	100	106	88	86
102	190	196	29	143	101
34	59	116	46	187	136
33	35	191	184	129	53
108	172	93	44	35	104
120	139	57	57	138	168
154	146	98	115	27	125
48	66	22	88	97	126
55	88	66	193	135	160
23	150	22	105	70	197
66	155	185	103	126	56
41	147	93	126	45	64
185	188	136	131	145	175
74	61	58	74	56	176
48	25	115	96	103	77
86	75	193	119	50	194
135	77	161	45	64	21
36	187	180	50	73	105
165	34	187	167	88	63
171	156	30	177	161	165
83	130	165	68	65	133
160	124	102	57	45	72
90	190	48	47	76	74
109	77	149	128	101	169
39	66	174	130	200	43
181	45	121	170	146	124
146	161	37	87	165	156
167	29	131	174	180	76
58	104	118	82	115	139
199	58	111	28	191	177
102	26	94	75	65	89
89	37	181	66	109	167
49	195	84	156	171	173
32	198	50	173	165	32
22	175	98	133	51	72
162	147	169	29	149	61
134	87	51	192	126	34
169	187	199	123	124	103
70	80	168	32	83	144
134	135	148	153	106	170
91	118	61	180	46	80
94	138	107	154	177	90
144	69	162	86	29	188
52	61	157	146	22	115
132	114	154	28	175	48
100	110	47	112	106	43
71	168	39	111	36	22
105	163	154	112	149	136
120	172	151	165	161	149
75	132	67	26	94	46
149	192	136	89	21	75
196	62	85	67	43	58
199	137	185	163	138	30
170	199	172	127	80	183
166	174	110	183	169	140
49	28	172	143	97	116
194	195	62	117	78	148
74	110	155	158	33	98
95	75	81	108	39	60
112	187	38	99	111	67
182	74	177	36	163	148
39	32	129	196	174	60
128	139	196	84	52	183
91	63	113	31	187	66
145	64	176	107	118	119
167	158	173	142	163	152
115	67	21	171	190	104
192	120	69	188	88	107
53	178	180	173	62	53
168	135	136	117	37	149
143	27	21	106	38	195
182	99	95	175	77	93
36	110	107	77	134	139
64	31	161	103	107	49
61	166	131	148	117	178
83	64	64	193	181	50
158	96	87	35	141	124
116	119	156	150	98	38
189	128	123	87	109	53
76	172	41	33	163	47
196	103	173	129	57	116
200	148	137	119	42	88
174	65	164	185	127	30
200	157	101	52	49	153
21	172	176	108	93	170
97	114	167	180	48	132
108	29	173	132	90	98
103	96	75	107	145	180
130	114	125	39	111	51
27	26	74	21	31	166
47	190	68	25	65	133
171	154	164	145	98	136
63	153	106	187	157	150
86	165	132	78	130	36
51	180	156	83	152	25
115	91	189	184	37	44
197	159	132	118	190	165
196	160	175	66	188	137
172	98	38	89	70	68
183	34	77	160	161	68
103	101	98	180	93	154
128	28	103	168	153	167
48	149	27	108	159	38
101	95	80	38	183	83
153	24	111	175	179	162
112	131	85	120	169	191
60	134	167	48	38	40
200	100	159	40	46	154
107	191	129	140	116	123
168	156	185	132	200	177
49	68	37	97	127	71
50	33	135	123	156	29
177	88	106	138	95	177
68	127	71	68	133	134
146	154	187	39	26	117
179	107	66	117	112	183
35	178	197	161	199	35
185	126	172	181	99	135
57	178	191	78	193	95
66	32	162	191	152	75
26	43	113	139	176	176
82	168	70	35	150	139
23	114	62	47	30	174
125	38	100	176	177	68
139	59	177	126	79	185
78	125	122	183	162	192
169	167	71	47	137	112
154	69	125	23	120	185
185	126	163	173	35	47
42	58	73	95	78	95
156	84	98	83	26	113
80	74	56	154	108	132
23	134	155	168	52	105
129	123	161	185	73	29
48	136	138	131	113	161
69	107	128	158	150	170
190	148	131	112	172	87
79	95	142	130	188	32
99	136	104	121	169	166
28	57	68	51	134	81
68	128	162	78	123	91
86	119	99	68	178	22
33	74	197	39	145	63
102	45	70	27	162	197
146	178	40	161	22	122
191	59	156	159	162	113
175	148	77	91	55	91
31	79	89	51	61	137
74	86	179	35	35	174
109	98	123	82	173	153
151	178	74	198	79	47
50	78	192	72	55	171
126	31	150	197	34	111
102	52	101	200	196	163
161	87	21	162	77	27
21	191	156	99	90	22
108	121	136	24	161	122
181	92	134	198	171	77
128	177	183	25	174	188
82	131	197	37	129	104
40	29	186	53	23	128
174	96	57	154	141	22
111	99	124	40	68	43
40	92	180	131	173	194
85	108	47	25	25	60
107	137	30	164	95	133
54	61	128	75	83	124
48	159	76	172	171	147
109	176	160	58	193	67
95	77	109	151	173	90
39	104	104	147	114	33
199	87	95	48	182	157
151	184	33	150	32	180
178	151	34	128	128	153
74	171	87	195	200	53
154	100	73	98	180	94
102	93	109	34	193	94
118	140	48	27	68	125
116	32	59	32	44	128
112	163	53	195	114	142
109	163	190	44	116	154
69	189	197	153	193	55
183	54	166	21	144	53
81	41	35	147	192	74
113	170	124	109	35	29
157	85	166	128	195	140
85	121	45	25	129	143
200	193	127	159	39	167
172	91	68	26	162	182
178	89	126	170	154	131
183	132	46	23	81	96
114	88	162	44	63	136
200	120	105	58	132	31
64	178	177	106	40	56
149	45	50	53	125	115
171	99	49	72	28	199
53	81	26	130	49	49
73	97	111	54	142	150
103	107	22	145	74	110
38	42	49	114	85	154
177	177	60	115	65	58
157	37	37	138	158	134
53	107	33	109	25	199
189	44	182	82	127	63
22	86	180	198	66	57
108	109	52	90	153	78
155	90	106	169	30	126
109	126	41	188	127	75
144	191	87	52	100	65
32	192	154	96	172	71
146	81	91	153	24	85
187	138	191	104	86	131
154	107	110	134	200	101
124	158	199	106	106	87
163	81	124	81	86	36
119	133	76	70	105	194
177	33	101	54	190	143
94	31	51	73	21	31
116	48	75	195	81	43
33	43	22	187	89	147
133	169	115	182	178	183
197	97	103	130	187	97
88	53	144	199	195	135
54	124	117	169	136	95
149	137	156	185	199	186
95	147	186	175	98	166
161	125	61	158	61	98
93	125	181	190	111	60
64	179	177	65	25	145
193	117	195	29	25	57
142	174	102	146	170	91
152	168	154	41	75	79
93	98	32	139	189	135
177	170	189	29	122	194
170	114	171	146	117	98
104	38	86	93	126	62
54	127	176	152	82	168
82	152	158	69	52	103
194	44	144	65	82	198
51	33	26	40	79	109
196	122	100	56	164	137
61	168	24	125	51	132
72	74	123	63	87	49
145	151	79	76	41	168
81	133	95	91	114	124
141	196	114	79	156	143
111	57	150	51	113	199
122	43	126	44	77	105
181	113	127	121	87	94
127	118	113	103	152	136
114	43	58	53	48	56
189	26	96	176	185	47
87	99	24	159	36	182
89	77	176	25	147	141
71	50	60	141	46	194
156	131	129	39	143	184
166	85	106	89	59	54
99	91	181	79	133	25
24	21	149	25	129	112
171	115	51	24	67	97
82	66	152	179	93	94
188	95	50	177	109	168
164	139	194	27	186	55
57	171	175	71	115	164
39	82	86	38	66	178
164	148	28	29	101	165
156	134	83	169	152	93
91	156	69	93	40	110
113	95	147	175	23	182
142	48	49	27	77	183
53	173	34	26	187	131
61	177	116	87	62	27
179	36	164	143	141	129
92	113	194	197	104	107
172	144	134	27	128	167
110	128	194	150	187	52
173	181	179	72	139	67
119	185	46	132	165	114
66	200	163	155	170	65
107	153	79	107	154	71
121	34	163	127	50	62
77	138	74	81	133	140
22	151	79	67	63	61
131	38	21	127	87	86
94	193	68	167	43	89
92	163	136	96	124	186
132	147	163	142	23	128
178	159	48	144	148	122
32	186	139	61	24	38
25	33	101	42	146	41
90	154	179	157	44	197
188	128	65	74	162	125
112	110	178	110	166	155
187	172	83	126	134	93
174	73	157	25	185	107
188	90	172	75	33	167
169	144	195	134	175	57
51	155	96	92	56	197
26	45	151	51	130	190
119	76	162	43	142	127
41	180	91	200	124	47
103	63	96	180	196	71
68	182	69	38	148	100
97	182	182	104	191	57
153	174	76	190	40	198
146	87	129	183	199	183
87	88	97	48	185	106
165	174	137	73	184	98
38	97	98	30	49	75
63	43	168	109	143	109
30	103	190	85	121	55
133	83	145	71	91	92
80	37	45	129	112	69
91	160	38	189	27	178
56	60	50	76	35	35
101	36	81	189	167	191
89	129	187	27	122	177
175	109	60	124	101	73
65	79	73	37	152	46
121	168	28	163	176	189
57	76	152	162	197	70
87	142	140	164	88	194
89	184	159	78	150	29
88	175	182	58	68	43
23	129	162	60	117	110
25	23	60	110	185	101
52	159	92	169	137	50
98	193	191	167	107	70
44	28	111	160	86	156
159	149	68	188	68	111
200	126	83	40	69	62
68	156	177	35	111	157
87	83	199	197	152	112
145	181	117	23	134	93
99	152	119	45	148	99
72	139	54	174	33	78
164	72	24	129	171	35
99	168	37	190	197	40
36	22	37	75	30	62
115	144	37	45	72	43
26	113	95	64	77	58
72	183	24	72	79	53
178	80	96	34	106	55
131	106	26	91	128	93
100	73	97	160	30	131
98	157	141	117	191	122
62	43	196	93	140	151
162	140	177	21	111	187
94	59	176	178	68	28
70	116	33	149	193	22
62	180	45	174	61	24
171	192	29	171	39	173
174	72	117	55	145	72
86	34	172	194	109	94
101	122	150	143	123	155
55	189	56	32	54	56
58	128	127	152	148	188
113	102	167	30	173	53
68	163	105	132	121	196
195	61	114	180	134	42
80	195	50	115	37	57
111	178	109	157	151	36
93	78	147	26	69	91
163	160	111	135	154	43
55	169	189	114	119	52
102	193	88	32	84	171
64	33	145	43	199	114
117	113	167	39	168	59
140	170	28	51	152	72
98	118	90	40	33	145
93	180	160	161	132	80
197	139	45	41	86	85
113	146	157	62	84	31
125	50	98	170	160	111
124	193	164	25	172	81
199	188	36	101	37	190
200	151	156	141	193	167
136	32	125	141	84	45
144	120	98	158	128	159
178	34	64	117	178	84
199	43	175	128	60	81
96	113	112	200	105	105
112	26	184	34	100	174
114	109	66	24	58	57
164	24	98	146	44	140
138	168	77	24	65	48
41	170	168	92	172	149
37	134	40	53	111	113
181	160	192	159	179	114
144	49	196	164	60	141
119	175	101	128	57	161
145	149	184	104	50	136
188	30	21	64	94	144
75	165	139	100	50	73
66	134	100	116	149	167
90	127	184	171	109	99
68	142	69	34	68	199
193	157	53	169	58	37
74	63	28	140	73	178
187	199	22	81	111	53
56	65	117	28	136	27
99	55	145	58	155	164
110	96	179	58	170	133
162	75	81	67	147	160
67	57	46	105	73	23
28	114	136	157	104	119
71	161	64	58	117	171
62	143	93	197	113	189
45	166	141	66	83	114
133	64	89	74	123	36
88	54	69	35	119	44
92	56	52	71	190	44
42	33	44	54	84	29
152	127	69	36	83	158
105	66	118	107	105	63
156	145	95	80	57	195
131	151	139	32	80	135
132	56	193	105	165	166
62	68	76	70	181	50
124	77	28	89	183	23
168	44	62	102	148	198
30	145	54	67	97	134
150	195	66	91	80	188
161	87	180	42	199	77
185	50	117	157	47	56
124	82	131	165	198	31
98	77	55	120	84	175
137	191	119	164	24	139
136	154	139	129	150	170
149	128	147	85	49	82
67	155	79	199	35	96
49	93	76	187	102	107
142	102	92	120	177	166
153	191	116	178	93	167
157	137	140	100	138	144
185	139	124	42	150	172
139	174	28	75	145	73
111	46	186	155	140	27
160	137	110	195	64	61
150	168	24	45	164	28
43	131	45	116	114	39
142	60	87	87	114	90
31	188	149	187	196	158
156	160	148	106	120	84
173	91	168	35	42	152
138	130	96	38	172	163
167	74	162	165	80	185
112	89	129	136	78	48
180	162	110	144	148	36
188	37	89	179	46	176
160	131	58	58	86	148
75	44	133	126	82	191
52	38	160	166	117	114
96	173	87	163	31	74
163	86	158	166	87	44
163	168	125	105	92	78
74	126	64	91	116	65
93	40	192	116	139	130
72	122	112	86	100	118
48	180	121	165	31	54
21	55	196	147	79	167
148	39	138	98	133	187
74	152	88	161	48	68
172	42	193	107	68	177
197	147	93	66	154	38
153	34	110	176	178	88
189	178	161	132	37	40
133	108	27	48	174	190
56	83	22	163	71	59
37	179	189	140	84	97
200	22	150	170	87	163
93	129	71	187	93	117
70	32	92	79	43	36
92	33	168	65	117	67
22	86	82	165	82	194
162	161	169	144	198	41
161	74	67	148	185	79
76	191	137	155	164	134
34	134	51	98	176	95
78	52	73	39	44	151
140	84	56	26	50	179
113	49	45	94	141	167
81	84	72	146	68	29
126	65	165	28	157	126
75	173	54	179	141	149
52	36	158	103	166	68
141	140	35	134	94	188
173	52	84	91	111	126
64	48	65	23	198	184
124	84	173	25	86	186
94	134	62	36	122	115
168	133	102	191	197	22
85	194	137	77	186	170
38	172	148	62	56	127
36	193	36	200	116	123
103	114	99	46	173	63
127	150	104	74	152	173
38	131	95	132	56	37
131	76	61	129	63	121
167	73	104	34	128	178
139	120	71	75	169	150
85	120	181	183	41	157
40	125	60	85	61	170
78	107	105	152	98	26
55	120	68	49	146	23
35	137	83	126	58	154
23	171	50	190	34	31
51	108	186	192	77	160
176	188	55	147	185	33
196	170	176	173	181	152
157	67	80	140	28	104
25	160	117	192	161	100
138	72	186	197	31	166
100	109	197	185	46	58
64	103	79	74	165	34
135	199	111	66	74	90
188	50	67	154	105	185
86	99	86	80	86	197
165	140	182	177	152	72
25	107	130	190	147	43
115	73	130	133	178	174
72	42	28	26	104	113
100	145	83	130	25	148
112	55	179	56	71	26
128	21	113	198	183	104
106	98	171	89	177	71
29	139	200	128	133	150
26	50	87	41	176	50
169	37	147	125	69	102
113	125	113	170	138	106
23	51	74	197	100	52
71	146	30	193	91	184
22	168	135	115	41	155
32	180	179	136	132	143
79	184	99	82	161	115
39	98	36	52	115	27
85	197	200	61	198	132
76	192	198	155	52	73
179	126	112	149	174	91
116	151	40	143	100	139
153	48	100	144	200	26
25	88	195	104	94	152
154	83	168	38	23	28
102	200	128	35	54	87
28	152	34	48	137	113
188	46	124	173	135	170
118	34	109	73	44	62
127	182	172	34	186	66
73	187	48	61	137	174
54	51	161	196	106	86
107	135	58	200	173	192
61	50	129	45	132	136
160	168	61	114	54	90
114	102	187	89	158	141
24	44	45	69	66	88
104	35	95	174	65	40
173	191	125	182	71	200
80	38	182	50	131	114
63	188	163	104	188	114
71	189	189	170	73	60
45	191	80	97	24	40
131	35	79	98	137	196
187	61	36	81	186	45
87	174	69	183	98	106
102	93	27	72	187	191
190	27	190	56	67	163
79	190	21	147	138	117
62	112	141	158	141	195
26	155	176	159	172	114
198	71	139	95	119	104
54	91	175	90	90	125
78	68	163	105	132	176
45	149	90	175	22	117
68	134	109	28	117	54
192	89	25	118	161	63
182	57	56	135	80	121
122	112	120	39	166	98
157	102	194	34	23	138
192	89	190	74	142	132
180	45	114	142	116	142
127	151	195	179	165	107
75	36	56	80	123	33
197	193	121	181	112	89
46	106	42	72	158	179
161	130	154	34	170	118
72	161	78	134	156	65
155	59	99	100	52	170
65	87	46	95	152	129
67	68	55	88	102	63
40	90	124	41	37	196
193	44	136	118	189	123
182	28	88	165	53	187
199	23	152	96	63	145
50	107	112	149	120	96
34	89	154	130	72	132
200	103	110	158	74	37
38	129	188	50	132	194
196	157	139	77	153	187
183	41	156	160	185	68
195	108	165	49	92	77
112	33	70	87	140	54
102	105	180	101	197	112
144	194	98	124	88	144
175	192	75	70	184	163
68	130	70	159	122	71
132	71	166	106	102	51
82	157	29	70	68	69
111	89	45	75	102	181
43	44	59	42	121	185
58	128	79	153	126	51
128	63	43	77	21	122
96	83	66	162	93	51
172	196	109	185	138	94
200	177	192	57	115	148
62	171	70	95	106	142
137	41	88	171	106	118
192	42	125	25	43	88
189	119	69	95	148	67
21	122	28	21	69	93
115	65	162	184	143	95
114	91	114	79	41	101
162	191	136	90	35	108
60	114	24	76	154	150
55	132	190	21	71	110
83	146	123	175	170	74
25	72	150	152	26	53
110	86	47	78	175	90
147	63	158	46	31	107
32	139	113	89	133	74
44	33	190	83	95	191
184	50	73	167	152	72
22	187	148	122	66	70
157	173	41	191	56	113
155	139	140	136	110	137
135	115	90	107	175	145
152	176	44	149	99	80
187	107	122	72	87	186
171	76	105	191	138	73
43	142	191	68	36	134
42	89	109	41	38	150
73	165	200	89	122	27
85	43	132	25	160	190
182	157	124	153	95	183
129	81	46	145	36	33
99	137	46	88	87	159
156	107	138	150	78	34
63	186	148	127	97	89
193	134	30	175	68	81
177	168	25	195	23	55
142	41	157	104	195	155
79	123	171	97	38	114
83	23	171	121	81	88
50	184	66	100	66	177
142	142	184	78	82	181
123	126	128	157	130	73
43	167	126	193	95	126
36	188	200	171	31	133
28	107	179	107	145	24
63	104	69	90	49	152
103	196	83	52	30	91
99	182	159	110	185	115
184	135	115	35	96	141
116	91	193	100	24	133
121	36	95	143	142	155
109	173	76	75	198	84
179	121	45	133	106	181
144	98	186	124	23	190
198	199	26	134	164	180
51	96	28	185	149	94
46	24	160	200	165	105
80	116	54	158	169	59
168	63	133	117	74	117
98	112	189	71	170	177
37	93	110	169	77	70
21	140	36	184	164	46
139	198	179	136	63	55
92	198	199	141	41	59
122	79	195	151	110	141
42	114	94	153	193	104
96	174	51	73	50	133
193	191	22	45	45	105
171	138	35	118	122	172
195	103	27	153	115	76
159	186	187	57	95	55
89	49	127	155	99	31
86	70	42	53	149	115
55	119	154	122	48	100
161	48	145	102	75	150
168	131	136	139	191	73
148	90	39	99	51	34
134	137	122	141	95	169
138	189	135	148	33	169
195	185	34	78	146	168
159	162	78	152	69	34
139	200	111	165	149	70
66	107	122	196	59	160
106	24	175	117	28	147
53	172	152	165	58	100
98	74	124	120	44	85
138	52	163	129	72	127
128	172	151	194	176	58
186	44	167	172	190	121
106	165	131	107	57	46
181	24	131	183	47	143
92	199	68	180	53	197
172	40	87	120	197	128
65	175	91	81	165	144
149	161	121	200	200	157
189	54	147	143	21	62
145	81	166	45	86	182
54	69	149	75	158	31
119	147	138	153	123	151
97	123	194	167	150	178
170	39	29	72	136	166
127	43	47	37	43	77
55	60	119	173	138	167
36	173	169	180	94	135
57	92	97	139	157	190
66	170	87	99	150	191
82	154	157	182	125	129
54	58	45	50	178	174
132	152	138	173	194	185
25	131	48	182	199	138
107	58	135	65	182	45
100	46	192	199	87	142
154	189	147	176	199	119
141	39	184	63	21	99
134	183	82	57	87	39
165	54	149	34	26	139
177	83	141	98	94	40
105	59	173	123	174	112
45	53	94	36	36	30
141	108	150	57	93	143
40	26	113	58	198	166
40	197	105	183	199	38
52	97	105	184	65	173
27	116	183	23	172	158
49	48	184	107	161	52
115	86	108	184	113	22
131	142	127	77	157	172
39	198	112	196	146	133
69	41	160	108	124	193
193	106	173	127	191	59
31	94	42	166	71	191
143	114	61	117	84	148
97	93	164	50	30	154
50	159	101	31	182	100
74	186	195	76	28	183
73	42	191	141	88	101
166	100	98	123	139	28
116	59	196	90	195	163
196	191	197	59	116	154
160	159	79	149	162	111
179	41	33	121	159	36
192	124	185	55	182	186
110	133	132	53	199	25
121	97	111	85	36	50
127	70	78	126	96	168
120	147	34	40	40	29
92	77	183	40	193	51
49	94	144	189	52	166
170	76	37	112	159	73
137	113	153	140	108	178
175	146	164	118	95	26
63	165	23	137	134	99
84	23	22	36	199	50
165	89	58	116	151	49
71	35	93	167	32	162
87	180	163	177	53	72
155	193	99	172	76	188
119	196	53	132	167	68
117	111	197	174	182	138
75	173	182	25	77	33
96	53	54	166	23	148
200	192	49	51	102	129
195	107	71	50	138	155
110	65	180	83	154	57
56	138	84	102	174	64
73	22	106	80	92	192
190	97	33	110	167	140
170	127	196	154	103	27
63	124	178	135	87	83
91	62	21	45	189	147
126	105	21	179	28	109
180	195	81	200	166	143
65	50	51	42	187	199
179	125	83	101	167	103
89	187	57	36	62	172
121	151	89	151	190	54
47	77	107	143	69	22
135	74	90	26	160	108
43	83	137	71	111	165
134	44	170	101	26	188
184	122	159	89	188	159
128	150	127	30	54	40
36	78	118	57	162	186
121	98	34	63	30	128
116	161	141	115	127	36
23	154	87	106	102	33
142	134	169	77	102	121
131	51	111	95	70	166
44	150	81	74	83	125
154	50	81	190	154	190
22	173	86	115	162	180
78	55	164	95	119	83
145	48	39	38	62	89
31	65	128	81	61	22
197	194	96	29	75	131
156	160	123	153	150	195
41	70	94	62	57	152
120	182	24	62	167	54
42	141	76	27	98	63
199	53	133	128	180	24
94	80	40	121	135	127
36	25	53	58	43	148
112	147	88	58	136	118
154	173	39	74	75	140
73	31	181	94	129	190
188	113	32	45	159	62
189	139	200	94	21	140
67	49	24	128	130	43
62	85	191	176	139	169
92	112	128	192	188	181
163	140	171	71	85	109
143	168	120	167	180	107
123	130	164	153	80	76
144	125	133	68	101	68
121	93	190	28	192	111
49	72	154	23	63	111
114	91	128	77	76	96
107	195	96	46	55	58
130	150	78	50	154	45
169	77	187	126	65	45
108	176	176	116	182	170
76	22	152	43	42	130
175	42	61	24	33	53
94	161	36	32	54	81
60	155	77	125	24	44
87	163	167	80	63	142
47	91	93	100	92	89
120	114	53	108	111	171
94	184	184	106	195	139
93	111	147	58	36	106
55	111	176	194	152	91
118	155	89	163	138	32
70	70	127	68	164	161
45	117	130	177	101	157
103	144	65	152	38	54
119	143	77	97	38	45
136	172	152	183	163	78
193	176	48	100	43	143
185	140	134	83	76	158
42	156	185	29	152	196
143	68	115	199	47	112
112	177	132	155	69	100
131	137	40	32	146	90
21	189	30	169	176	22
170	43	172	90	45	74
124	72	54	87	190	146
130	143	171	182	117	66
41	91	130	49	77	84
123	91	41	112	159	32
130	72	167	66	71	31
157	30	49	28	85	61
132	138	44	181	95	113
99	134	60	90	142	76
105	39	40	85	191	88
37	182	101	34	116	106
51	167	69	79	72	107
164	111	82	145	124	164
193	38	198	121	50	29
79	112	187	38	96	138
126	41	142	47	40	138
69	77	46	180	178	110
127	194	117	162	115	88
61	79	187	42	50	193
90	169	190	57	136	140
160	176	187	94	36	141
47	178	122	111	164	158
185	150	187	117	98	94
193	115	116	42	47	149
23	52	103	61	43	69
122	108	143	30	175	122
171	99	153	116	102	192
29	36	167	148	138	67
149	145	135	65	73	87
78	43	98	160	110	55
116	50	184	138	148	130
21	109	157	186	197	57
52	125	73	46	38	113
143	146	167	36	40	198
121	35	93	164	142	85
79	174	129	60	132	39
151	51	72	135	195	162
162	144	58	34	89	199
186	138	40	21	177	111
159	98	144	88	155	123
98	62	29	117	30	94
107	24	24	128	24	133
25	123	128	185	127	175
51	31	178	180	184	44
149	83	150	104	142	168
162	135	32	187	180	49
194	45	140	161	58	128
93	38	65	42	50	76
168	155	198	51	155	134
128	190	128	200	199	83
87	52	84	86	167	127
199	97	164	188	119	140
181	175	144	22	33	111
154	125	169	165	150	94
168	167	60	73	27	73
48	168	172	163	186	21
130	188	127	183	160	54
57	83	116	81	128	51
97	135	127	35	39	161
190	149	54	163	125	143
146	47	97	34	86	93
170	149	122	125	187	75
55	108	42	164	95	162
189	61	148	143	92	196
167	144	67	187	32	107
29	21	44	193	79	146
192	154	148	100	156	161
128	160	145	30	113	192
24	82	64	161	73	185
84	28	78	89	117	200
80	111	74	104	124	48
33	170	194	50	198	21
37	158	52	52	178	82
188	92	181	172	134	137
121	138	112	30	134	199
138	112	151	138	164	113
178	76	131	52	32	106
133	60	104	33	131	75
176	73	182	31	25	129
39	120	173	27	191	58
83	111	63	149	22	120
57	102	166	107	100	189
36	113	199	117	35	58
178	28	128	188	103	82
25	57	178	192	47	173
145	87	102	69	194	149
140	112	169	184	105	145
106	22	194	99	88	94
57	35	133	103	67	93
177	79	185	99	111	52
85	134	112	144	179	141
60	116	91	179	169	49
138	97	115	94	191	106
145	127	192	195	144	106
136	79	54	66	138	175
62	164	48	22	42	117
197	181	159	96	76	123
35	23	199	142	194	74
80	112	75	106	24	83
86	153	198	147	44	160
66	180	94	21	167	137
159	182	29	160	123	74
139	45	65	58	171	41
64	38	48	120	183	153
57	40	87	176	66	161
83	189	155	113	151	119
193	114	108	54	141	51
160	106	80	74	168	123
110	90	147	84	172	165
42	129	163	170	45	198
119	63	184	56	140	176
138	66	126	65	170	185
55	113	62	71	74	80
153	61	76	150	34	42
116	116	80	86	27	184
45	40	103	145	189	40
107	175	189	179	95	103
116	36	66	165	62	43
142	78	173	47	134	172
49	62	200	77	50	145
119	58	168	195	50	140
150	59	158	165	67	158
183	166	36	33	75	38
150	180	96	144	63	79
84	27	86	73	124	141
122	81	146	107	73	118
174	91	139	73	143	129
59	55	79	69	30	53
172	169	55	88	41	135
171	70	180	52	97	51
150	100	165	116	153	174
75	183	102	126	93	125
192	149	146	37	137	177
111	54	65	85	146	40
48	167	136	52	66	88
143	68	159	81	176	34
160	155	163	169	129	124
192	59	73	186	106	182
28	136	42	199	46	148
25	150	54	137	153	59
92	103	187	64	132	108
167	162	115	57	21	160
42	93	133	100	196	125
44	29	77	86	129	30
200	82	51	23	101	116
51	191	130	118	129	119
191	200	50	127	119	76
159	187	154	26	123	41
185	131	125	115	199	186
189	176	28	28	198	146
66	195	90	83	109	131
77	23	151	87	128	191
75	92	106	186	161	163
171	80	95	57	44	24
175	122	34	185	63	67
162	149	24	34	41	189
155	40	31	118	109	176
41	65	60	123	30	185
50	98	188	103	42	115
120	200	143	192	33	153
71	83	160	132	104	155
128	150	92	187	38	146
118	175	28	127	166	184
194	112	142	60	74	28
106	71	23	177	199	31
48	152	64	131	97	90
176	63	184	166	35	25
84	46	171	109	86	64
53	197	33	177	33	39
191	133	123	162	56	137
137	170	156	143	166	152
31	73	119	34	95	84
37	89	143	140	48	99
24	165	56	161	194	26
58	148	154	96	156	72
192	115	188	161	198	125
38	120	43	125	148	179
88	159	138	138	52	33
53	76	98	83	185	100
60	94	159	135	44	111
97	30	190	104	56	40
84	145	155	108	96	101
103	108	177	58	187	101
142	141	109	197	140	154
141	127	63	60	34	126
41	162	79	42	73	55
78	55	101	200	116	126
196	179	43	74	132	56
27	110	69	130	199	188
32	161	30	55	177	169
193	71	134	31	188	49
65	137	61	118	108	180
173	98	66	26	117	70
145	73	69	134	186	192
135	156	153	98	160	59
109	47	42	98	160	194
122	70	53	148	188	51
144	82	124	113	108	63
45	27	116	144	175	171
66	160	185	120	54	158
191	90	117	47	53	119
90	44	98	54	192	194
103	128	38	126	160	127
157	150	196	97	97	33
123	72	48	130	29	86
60	165	142	78	92	139
133	25	179	102	27	175
32	46	149	135	76	189
35	189	122	133	28	147
132	169	23	41	180	30
192	42	131	120	131	171
196	149	164	112	40	192
62	140	106	154	197	173
136	47	110	53	170	90
156	165	48	59	188	191
89	57	35	153	176	149
174	193	138	117	198	124
31	79	48	123	101	26
119	76	43	187	118	57
99	146	91	184	177	29
88	181	59	88	117	74
22	135	149	180	158	49
64	132	62	27	53	159
34	32	68	119	189	113
21	108	82	77	77	56
83	117	148	38	127	186
82	90	164	54	184	186
22	155	180	154	80	147
148	96	140	109	166	79
71	81	136	83	193	34
159	95	124	91	88	77
196	39	189	160	22	63
70	184	173	84	170	176
108	58	85	43	129	145
169	160	170	34	162	198
188	29	59	151	197	190
66	39	169	177	32	43
82	35	136	84	135	79
114	39	130	77	57	95
194	148	107	126	103	42
112	178	109	148	183	67
176	22	118	27	189	40
175	82	178	55	156	27
21	141	165	169	181	176
58	185	72	84	36	104
183	112	189	100	23	150
108	123	89	82	128	196
176	197	138	119	147	127
187	195	128	39	81	178
184	51	194	120	30	71
194	193	112	196	69	138
173	50	167	145	177	147
42	56	43	23	188	31
193	92	96	56	90	35
71	115	49	112	100	129
50	114	158	42	199	117
126	149	45	197	123	87
142	53	59	162	57	139
23	158	135	139	116	55
147	141	107	71	117	148
33	65	157	157	188	49
73	96	148	84	122	93
33	144	77	66	49	34
68	35	150	179	71	172
153	81	45	128	182	37
117	76	59	127	123	115
52	131	174	86	171	85
152	145	74	185	77	60
82	147	59	162	156	100
121	132	115	191	112	73
52	171	181	95	179	86
139	132	105	69	154	58
179	78	107	174	47	194
169	42	26	84	104	123
115	119	136	103	167	161
63	22	44	124	151	199
54	52	84	64	105	136
150	68	65	185	82	110
23	89	163	159	61	182
37	134	125	42	131	23
195	118	54	141	36	122
24	23	128	130	145	117
83	83	162	157	95	101
24	33	96	128	109	65
81	37	105	123	134	109
129	49	144	43	142	194
43	83	80	182	153	156
35	38	99	91	66	183
44	85	113	163	83	78
187	99	188	21	80	67
67	51	130	146	120	84
176	158	40	139	170	157
164	26	185	68	88	130
77	173	162	189	125	55
87	111	60	128	64	93
195	75	110	71	30	115
125	71	200	104	197	93
124	178	162	122	103	189
56	142	181	78	181	158
31	188	57	124	90	113
186	147	69	34	51	151
146	140	88	22	175	122
80	90	60	80	165	113
144	64	83	96	87	58
143	38	55	28	195	38
189	184	158	199	68	67
67	48	55	181	52	87
96	89	52	184	168	81
42	148	89	154	158	97
123	170	85	199	83	191
57	109	62	176	159	199
140	183	60	106	159	48
110	126	136	148	178	173
143	22	27	169	62	144
140	44	161	33	42	99
97	179	45	41	72	182
50	97	110	134	156	57
173	155	183	55	113	181
33	68	184	135	168	194
129	116	31	195	73	71
144	113	57	163	134	156
50	197	96	114	123	190
62	154	81	124	160	41
167	100	29	152	114	55
190	132	182	160	83	43
163	190	44	127	30	125
63	97	91	157	46	100
168	58	45	104	73	93
25	28	41	128	41	88
175	43	100	149	117	167
39	195	134	74	147	103
111	99	126	162	121	54
45	182	94	193	84	115
137	105	105	50	31	104
46	126	162	82	49	157
142	72	82	81	42	22
178	182	160	33	68	110
23	42	62	198	135	157
32	172	35	177	100	157
159	183	71	47	136	45
197	26	166	197	182	37
103	111	49	50	128	57
188	130	133	46	179	54
160	138	152	93	94	166
189	72	113	73	86	52
199	96	60	169	59	72
59	167	191	197	96	56
142	154	140	138	178	44
175	139	141	76	49	162
190	177	92	33	184	98
127	105	49	148	162	173
126	143	54	34	66	54
196	39	173	36	135	127
173	22	116	96	123	49
56	98	105	116	146	189
94	26	77	130	129	91
156	185	101	190	75	50
98	195	101	84	122	150
198	73	183	63	57	122
94	117	57	50	126	102
146	160	39	163	95	79
188	117	145	150	87	54
143	187	52	23	30	51
160	52	21	148	114	154
186	25	64	93	104	45
90	111	136	191	57	121
33	113	187	27	162	86
69	190	90	198	190	96
115	101	29	54	114	190
46	116	37	132	143	158
129	150	125	169	41	192
190	199	35	119	91	130
154	26	53	114	161	122
170	117	102	67	71	79
167	107	26	41	180	113
94	92	199	190	26	133
111	61	138	29	78	77
197	47	129	65	138	34
133	30	54	49	55	128
144	126	147	156	35	77
22	198	121	22	174	55
138	28	49	46	85	137
200	131	164	169	196	72
123	94	56	98	103	138
148	116	189	197	186	87
155	146	92	75	99	143
101	75	28	59	107	26
40	168	183	89	23	140
196	51	165	177	157	64
96	124	73	199	101	141
51	85	24	92	84	37
27	144	116	26	67	66
118	137	104	26	160	126
54	116	134	111	134	23
120	109	69	193	25	21
173	109	69	185	25	103
103	151	150	44	140	30
120	108	101	190	158	76
62	198	163	141	129	121
53	174	35	109	107	154
24	138	87	199	79	134
145	162	66	105	180	134
42	70	103	131	55	66
47	163	94	155	61	136
187	101	91	118	109	198
69	72	193	154	83	104
105	119	170	102	84	95
28	126	180	86	108	42
66	163	23	125	161	59
62	137	81	167	83	36
33	27	101	175	173	59
112	99	183	62	64	137
170	26	129	120	188	66
147	92	169	194	183	61
145	144	68	52	68	188
88	163	90	47	151	76
86	38	179	119	173	95
125	156	111	184	160	96
188	106	142	82	160	33
30	31	182	32	167	173
137	98	177	122	75	72
103	128	46	97	199	70
193	120	175	146	180	81
47	85	173	172	46	160
132	47	162	24	107	106
80	69	99	108	59	200
154	172	26	41	114	194
121	100	172	99	149	181
195	184	108	65	75	118
23	138	180	135	77	159
177	56	129	86	185	141
91	85	87	188	58	190
157	197	104	183	41	112
31	82	63	38	109	164
70	66	160	146	104	31
136	24	162	176	65	145
49	72	75	72	93	133
52	86	56	89	182	50
116	22	74	26	166	125
195	181	177	186	86	160
107	31	157	177	141	97
123	160	73	53	29	187
45	118	32	59	130	146
27	151	86	129	68	36
139	52	88	51	51	127
101	99	64	34	75	153
143	144	37	118	116	55
23	55	128	33	101	138
138	89	21	158	162	152
91	88	141	131	33	170
51	88	37	168	71	78
153	139	168	68	191	158
176	124	85	140	166	141
170	187	134	33	55	190
154	166	125	47	116	90
39	104	78	125	38	187
115	125	123	64	154	35
48	110	121	47	44	167
159	94	26	188	187	171
137	184	128	31	113	103
102	189	27	160	132	58
188	54	105	69	118	184
87	190	199	43	110	181
36	157	50	54	89	113
87	47	49	83	181	23
40	110	186	63	120	53
85	196	102	93	28	26
164	180	74	31	150	61
50	161	166	116	131	173
129	187	33	27	79	168
150	116	101	103	133	148
138	46	64	69	81	33
94	135	82	106	130	194
198	45	71	159	54	198
141	82	122	198	156	134
149	140	91	117	156	72
122	49	23	152	181	122
131	58	113	154	113	146
196	40	43	51	116	71
115	80	177	142	82	102
100	185	84	101	97	175
189	37	92	143	181	115
121	77	104	194	59	132
111	193	180	124	187	54
65	176	54	117	56	27
84	38	129	39	88	140
122	198	194	65	151	51
127	155	97	150	66	73
148	62	103	21	45	79
143	126	35	36	162	160
72	46	161	112	144	75
196	114	28	58	196	68
106	137	114	173	108	126
31	192	186	96	129	99
125	31	152	40	71	180
44	34	27	194	48	67
60	200	143	85	105	87
175	163	63	106	65	148
82	127	144	189	172	43
28	171	96	32	59	142
21	159	135	149	199	106
29	32	51	93	134	64
174	33	104	100	85	135
199	106	76	158	36	138
120	106	128	83	164	33
103	178	184	116	166	199
125	32	155	77	131	120
199	82	71	178	100	41
59	147	147	143	186	190
141	190	65	141	84	44
60	172	179	160	175	197
198	101	43	133	62	39
186	132	86	79	146	141
29	35	183	200	73	88
172	134	107	36	91	41
73	157	87	180	46	157
100	195	188	84	166	67
126	88	104	101	39	180
112	97	192	79	111	182
154	102	33	178	22	173
59	139	169	199	45	138
85	122	142	192	95	123
64	99	49	174	78	62
94	69	58	129	145	143
113	23	125	200	42	104
45	59	152	89	200	37
53	54	53	49	156	62
61	95	150	140	183	126
130	115	63	144	192	185
163	174	124	146	139	101
129	55	22	133	39	50
127	23	52	182	91	143
21	152	85	85	21	136
98	23	140	57	40	189
192	106	157	178	62	110
170	135	92	100	107	125
136	177	186	107	114	133
153	49	57	193	162	61
46	173	167	66	106	149
74	163	137	132	144	87
177	50	49	40	159	97
35	166	124	60	156	56
196	177	193	194	170	157
36	25	127	86	108	155
153	38	135	176	199	101
199	140	153	159	73	140
81	191	133	68	196	44
192	64	196	191	179	96
193	175	93	24	74	36
152	116	198	171	157	84
118	37	61	182	47	135
116	136	145	165	151	39
103	94	191	123	37	105
167	152	64	175	64	64
129	130	48	85	136	32
111	173	85	172	146	98
32	69	199	101	85	30
123	22	150	163	197	51
195	116	145	109	43	182
134	68	175	42	93	45
66	188	120	30	66	170
183	102	175	194	162	187
197	58	175	118	45	82
150	166	52	171	29	183
181	121	74	161	135	118
59	124	37	29	105	107
25	189	58	73	54	124
84	157	159	148	44	77
185	64	138	182	78	95
90	126	54	164	138	48
74	175	46	65	54	80
94	56	102	156	197	56
112	165	93	171	32	156
61	89	146	42	173	182
53	98	91	80	117	112
122	136	128	95	135	98
171	139	88	93	147	137
159	107	146	126	90	188
24	46	68	150	66	23
167	24	157	131	173	60
162	109	121	116	156	80
85	163	133	32	81	107
91	179	27	28	122	22
191	66	77	76	162	45
139	158	132	148	22	131
139	95	109	94	86	42
25	127	138	101	72	71
108	71	162	119	176	65
172	161	25	184	67	38
140	90	21	152	120	112
85	55	57	190	178	121
105	145	110	56	169	120
39	86	21	100	61	111
128	193	127	182	140	23
92	95	107	84	118	161
65	92	38	77	167	109
61	113	31	36	83	135
194	182	72	73	67	106
86	138	120	198	163	105
66	49	73	142	151	158
125	45	188	132	182	112
63	83	116	174	29	143
83	93	114	156	125	181
177	178	151	167	162	160
36	198	132	140	39	80
74	26	109	120	22	118
180	159	60	86	101	157
60	199	183	164	65	171
79	57	72	101	124	34
152	45	154	28	133	147
36	174	86	181	44	57
48	80	189	167	80	127
131	153	165	39	31	140
138	176	31	81	83	114
156	60	44	123	158	162
161	126	63	103	108	156
170	191	161	197	135	27
115	48	163	188	199	59
34	154	31	99	150	47
173	78	24	54	78	126
166	173	142	70	115	194
192	101	58	165	182	25
103	154	189	157	164	138
94	109	135	192	192	72
56	141	155	106	143	26
114	87	56	196	177	130
80	135	185	31	33	140
47	140	178	40	178	175
83	48	138	47	148	47
129	148	100	46	91	166
65	113	100	109	183	55
199	104	43	190	50	184
33	135	145	147	181	119
143	172	63	37	129	28
28	85	163	113	173	100
159	139	181	28	53	42
141	85	173	41	86	147
84	36	159	38	126	44
116	195	28	90	129	27
73	56	191	147	142	150
29	114	114	143	84	93
115	39	98	115	125	174
98	54	44	137	59	139
83	131	157	44	127	194
185	76	97	166	76	174
80	194	30	70	23	136
178	127	48	102	50	23
180	62	192	49	31	75
106	121	126	72	45	198
189	90	45	140	45	82
199	77	168	33	58	42
69	179	101	154	93	181
101	166	22	34	102	32
101	121	44	102	162	46
48	104	36	65	51	97
150	45	145	171	30	143
118	167	85	175	35	137
114	54	142	97	121	159
157	50	136	56	71	26
185	101	117	129	119	68
37	153	36	41	120	141
135	43	25	31	37	111
107	96	37	144	25	197
40	94	49	190	47	177
26	29	167	102	167	115
120	111	139	37	34	27
109	97	112	147	145	100
57	127	61	58	37	107
192	75	70	131	80	180
150	67	47	70	78	160
28	64	154	88	108	142
53	138	189	191	122	35
123	95	95	56	62	25
151	108	71	35	101	122
170	190	42	30	96	176
184	106	102	120	80	141
62	110	150	61	45	181
102	36	136	70	146	104
29	149	63	178	42	126
138	62	70	169	66	40
22	42	53	176	117	21
95	156	170	167	56	133
50	51	182	51	57	103
142	113	153	40	147	190
63	34	49	53	182	119
125	158	105	182	124	145
74	82	78	141	35	61
87	30	158	97	199	174
63	130	100	153	116	139
23	33	197	30	21	95
100	191	24	175	178	153
197	50	66	190	73	97
198	165	180	122	95	57
107	81	79	88	167	168
91	76	75	38	31	172
163	56	176	150	59	60
91	47	93	173	106	49
73	27	104	64	123	179
88	161	124	79	154	189
23	167	172	72	107	138
70	153	55	62	57	123
35	189	35	85	168	139
163	190	86	58	72	92
148	109	92	139	142	22
79	153	190	113	29	87
172	196	113	62	103	175
46	39	167	102	126	21
192	112	184	154	123	78
39	133	140	133	36	57
104	193	24	87	42	197
157	79	109	103	60	123
149	23	29	55	142	141
155	113	50	59	75	115
69	105	124	90	34	98
58	122	96	73	49	39
192	192	38	74	48	114
193	38	179	48	28	132
174	38	57	177	82	200
157	28	142	111	48	94
175	90	144	125	81	22
113	113	112	37	164	26
127	136	176	179	83	32
21	106	21	114	117	49
193	50	91	110	125	146
23	131	165	125	133	179
171	120	21	40	151	171
100	194	92	103	118	54
21	161	181	111	43	185
76	127	56	62	174	53
169	158	191	154	198	108
119	86	77	45	172	190
34	162	23	153	159	42
112	187	178	158	139	176
124	197	110	107	98	200
140	44	187	186	175	70
146	172	48	78	177	141
83	97	58	166	127	132
110	86	33	85	192	163
93	117	108	29	116	101
168	31	85	145	114	49
76	198	48	156	102	125
59	59	126	166	85	192
130	187	51	55	75	32
85	38	144	23	126	141
21	28	164	27	132	114
128	61	25	142	86	165
127	192	174	59	65	86
68	169	32	39	152	72
47	74	140	76	74	40
161	191	93	141	45	52
102	78	195	92	127	114
71	92	102	178	45	106
54	84	124	53	150	31
193	175	60	141	123	198
64	88	73	60	66	146
151	35	109	141	144	88
190	37	100	91	52	117
60	154	172	70	73	193
92	183	26	90	171	109
141	56	105	185	162	112
133	149	93	197	99	113
51	197	155	97	81	93
138	70	132	64	24	145
46	187	119	51	40	129
82	150	92	180	65	129
55	146	37	66	26	21
87	62	63	191	118	78
58	26	41	60	176	135
150	130	114	53	93	62
124	21	113	61	113	188
184	42	52	56	145	175
180	62	146	154	54	116
28	130	71	38	174	54
23	152	83	119	49	61
125	72	33	53	195	189
129	180	188	117	115	24
193	184	55	172	138	145
109	59	198	130	71	68
59	55	101	108	196	43
89	184	185	165	66	138
101	140	179	182	43	183
75	180	94	141	107	48
43	44	178	74	175	55
79	116	22	99	99	144
68	78	111	112	46	166
79	68	154	27	97	152
80	142	191	74	111	186
100	200	75	185	40	21
141	56	131	54	177	48
26	152	104	49	97	172
189	72	191	31	99	21
160	61	158	77	71	169
39	137	78	162	140	153
80	62	185	188	43	85
172	23	124	132	70	107
64	189	112	145	151	73
29	98	140	165	23	199
121	170	185	81	60	82
122	167	151	75	186	127
22	111	25	63	101	161
136	132	43	116	63	110
163	72	110	193	163	182
112	65	116	147	40	197
116	141	156	51	165	158
26	43	22	27	148	173
23	137	46	76	183	114
29	58	99	159	155	121
40	67	191	115	110	93
136	112	180	49	157	113
88	147	96	56	67	64
29	148	163	45	24	190
95	113	158	54	87	49
78	60	27	100	121	106
57	69	179	97	187	170
103	170	49	180	186	35
148	191	186	149	84	188
65	110	115	111	135	88
119	112	162	62	188	171
24	43	42	78	165	155
170	136	24	57	184	154
89	147	187	189	84	61
173	140	146	192	175	90
98	58	150	70	164	71
37	73	184	151	102	88
190	26	113	136	69	192
173	75	32	76	162	198
68	91	155	174	155	134
117	114	188	177	132	76
54	185	72	78	127	46
169	56	162	129	179	59
123	91	161	93	193	49
27	155	182	147	102	160
82	80	36	143	126	134
81	119	194	155	176	171
52	24	29	171	172	53
61	172	95	61	55	59
95	69	74	66	83	41
185	174	24	143	77	63
149	38	61	188	113	108
181	164	145	128	33	46
146	84	200	84	84	190
184	134	38	62	72	78
153	113	57	128	189	67
33	31	183	156	124	177
95	83	91	132	134	60
152	48	116	153	94	178
183	164	25	178	82	172
51	158	83	32	72	186
30	151	166	69	113	120
112	115	191	24	28	101
128	186	153	116	120	105
113	77	34	72	108	187
89	51	92	193	118	62
52	185	110	102	38	73
63	48	137	183	45	143
119	191	148	141	152	91
106	119	151	116	80	150
155	125	162	24	154	198
128	99	39	56	67	171
142	42	83	98	27	138
132	41	174	28	90	100
69	129	23	179	103	199
191	142	178	110	116	49
70	119	139	44	191	135
60	160	65	192	151	85
169	156	116	161	65	81
90	122	24	34	110	126
141	125	155	73	144	193
48	21	35	53	80	50
93	104	140	154	28	41
118	62	62	105	127	163
128	26	74	132	148	138
138	181	40	158	194	84
126	186	118	86	39	46
191	181	141	149	97	126
61	73	22	105	22	35
181	196	96	108	172	38
127	70	82	140	116	100
149	93	129	165	131	80
110	125	178	175	53	108
167	148	49	165	21	93
117	132	148	189	79	84
136	25	92	159	138	117
120	125	100	135	57	48
134	81	134	155	186	174
26	128	113	57	27	173
138	48	34	174	83	166
92	198	145	53	105	74
193	108	125	29	186	114
110	113	29	187	75	113
174	145	149	140	84	91
74	141	38	61	42	128
127	70	197	34	79	74
90	36	176	79	86	25
25	123	99	72	123	64
92	84	182	135	190	74
86	131	62	154	22	32
100	102	46	21	105	84
79	91	188	31	197	52
179	194	45	196	74	200
151	85	34	87	187	38
92	50	47	199	140	189
69	151	45	45	132	150
121	90	51	91	146	159
31	84	75	151	146	21
113	65	53	81	40	49
43	40	81	190	44	42
108	39	126	32	34	29
105	84	128	174	66	112
54	181	47	52	146	182
57	156	157	200	171	188
175	118	41	158	60	200
125	152	107	132	35	72
135	156	61	164	68	143
32	157	150	33	188	182
107	68	38	58	184	77
90	188	195	43	50	108
123	120	187	183	47	174
188	122	91	77	165	59
109	142	130	175	158	79
92	196	169	184	142	56
138	43	119	134	21	157
101	72	101	25	157	172
125	180	91	151	197	163
47	147	145	53	165	102
80	87	136	55	151	142
133	192	95	44	190	168
106	112	176	87	27	52
154	27	32	184	35	180
31	151	109	87	176	80
134	38	165	84	116	197
172	108	47	127	184	77
41	48	199	130	74	130
145	158	184	110	197	133
197	127	40	163	158	85
101	69	56	151	36	186
193	42	83	49	79	198
25	35	134	70	100	174
151	86	144	33	168	156
188	184	100	61	146	149
31	67	157	187	117	97
171	197	72	193	65	22
196	98	109	30	50	122
188	117	33	57	145	149
131	184	182	31	110	27
22	121	147	75	91	184
29	38	42	125	41	96
80	88	154	68	28	36
85	59	88	159	162	74
179	81	185	174	106	127
164	189	91	97	118	127
163	133	170	31	197	89
64	57	51	24	40	200
93	23	192	49	100	155
186	81	83	69	145	46
62	66	78	188	38	162
124	39	134	40	166	163
69	53	62	54	52	58
85	24	135	78	184	101
142	142	78	182	56	83
152	183	120	120	148	72
45	85	77	146	82	111
197	95	153	107	61	42
71	45	115	159	128	88
75	38	127	98	157	154
127	126	104	105	26	70
42	52	97	75	89	72
185	199	127	45	109	104
46	176	62	107	33	71
79	175	39	198	139	55
108	183	200	170	96	123
57	170	107	60	110	163
91	104	168	156	105	157
43	151	80	194	48	39
165	41	40	79	44	167
39	139	90	22	49	109
165	121	124	184	160	105
197	39	177	187	172	130
172	94	62	108	38	111
26	24	123	149	44	54
78	145	192	83	186	176
80	163	139	153	70	33
116	40	72	171	44	133
193	81	148	63	108	106
145	155	116	194	163	78
46	165	46	52	48	176
179	41	184	80	84	115
181	146	60	46	61	173
117	196	141	111	124	128
142	197	131	61	84	121
61	180	65	157	32	33
116	147	141	110	187	131
164	122	100	47	149	71
157	70	137	153	86	54
22	132	124	142	44	28
137	100	175	166	78	173
92	130	144	54	140	175
146	162	96	193	55	95
66	195	91	118	49	52
48	173	143	72	163	135
127	106	200	59	173	36
73	141	140	47	161	76
175	89	141	178	155	141
86	90	159	93	126	115
178	154	142	74	198	115
101	146	198	107	148	149
131	174	117	89	99	192
178	93	179	192	178	172
103	112	41	172	74	164
28	66	83	113	121	155
132	141	193	162	127	176
46	160	132	189	121	146
99	180	164	172	189	58
94	59	140	40	120	122
49	139	193	189	69	115
66	181	130	77	164	198
167	52	46	152	127	195
187	177	194	112	23	113
98	168	50	32	49	121
64	195	101	59	63	61
32	146	174	166	125	69
191	119	37	93	27	130
163	183	162	44	132	110
53	49	41	135	198	156
151	145	43	21	194	96
189	190	197	148	135	79
191	176	93	187	109	98
158	36	91	154	68	181
64	74	170	37	200	157
96	80	200	114	43	170
94	178	51	161	182	146
26	153	110	156	183	152
168	141	106	169	151	112
173	40	72	142	153	81
84	58	128	165	97	184
80	34	104	73	22	48
112	26	120	132	133	144
182	93	40	33	40	189
110	31	31	24	167	53
100	173	97	119	77	193
107	101	166	138	110	95
26	163	95	31	169	119
181	43	152	42	162	72
130	23	22	165	133	122
113	31	189	98	103	44
134	144	90	29	75	113
101	23	188	175	166	142
113	42	41	130	45	52
164	140	110	116	71	48
87	133	64	176	47	69
142	65	37	155	121	148
172	138	171	42	167	200
66	126	174	136	104	68
52	112	141	101	199	185
32	104	96	61	72	120
75	108	186	171	55	186
43	165	21	169	48	129
66	93	141	156	169	118
88	174	48	52	91	168
136	120	53	109	55	114
183	189	89	121	45	144
65	111	99	100	196	117
47	87	115	198	43	41
165	126	170	122	116	115
76	48	110	42	62	165
40	32	126	134	34	175
161	169	159	29	161	76
76	104	195	121	151	36
185	80	176	26	31	110
89	62	112	58	38	67
24	181	85	97	174	28
125	44	48	26	85	30
120	83	135	134	56	117
51	146	83	141	120	171
31	77	44	129	100	189
121	134	180	198	141	37
186	192	194	57	161	90
166	187	67	156	82	61
104	64	176	127	154	178
129	73	183	50	53	185
27	153	195	31	147	64
43	105	75	190	111	101
174	89	175	77	40	193
48	163	180	157	104	138
63	145	92	78	151	150
76	100	120	199	121	72
141	38	195	183	43	132
186	145	183	158	29	49
188	161	27	100	80	195
44	44	25	56	34	51
45	109	63	139	106	176
102	158	63	165	48	26
86	110	161	126	185	78
92	24	134	197	85	133
87	68	192	24	155	48
103	135	162	67	187	189
76	186	171	141	52	195
81	160	127	120	115	82
55	147	190	31	36	115
65	22	99	49	22	89
134	101	44	104	48	115
108	98	106	114	23	72
119	74	156	164	101	138
135	81	93	137	124	124
66	159	139	99	124	76
152	105	37	195	95	33
142	128	165	199	24	102
66	83	112	28	116	127
79	67	172	105	37	78
123	56	96	167	149	105
69	70	168	88	144	64
77	109	60	148	69	72
100	180	42	112	71	93
135	121	104	53	101	132
90	69	153	189	143	165
198	133	128	142	88	196
128	139	35	80	107	183
199	88	121	57	151	117
134	100	156	139	84	140
142	35	45	83	149	24
80	190	73	184	115	46
99	134	27	144	31	126
150	170	182	45	116	160
44	160	87	157	149	180
73	124	128	30	198	61
116	125	139	101	55	89
47	102	115	180	110	62
93	99	174	162	57	57
172	106	40	122	87	54
140	50	164	186	193	132
179	35	50	120	68	145
82	109	39	135	71	174
152	131	76	100	72	59
163	156	121	152	85	95
52	129	111	60	91	113
137	53	29	39	94	56
160	81	121	94	118	139
45	123	126	106	93	138
180	87	133	200	147	30
111	152	89	92	52	121
99	168	165	29	58	45
191	194	122	174	89	138
178	93	83	52	68	155
66	45	175	196	183	50
103	59	75	94	176	89
34	110	40	161	174	61
32	97	119	21	59	40
95	42	135	160	45	171
91	52	61	193	181	78
31	60	34	165	52	181
170	123	191	45	179	59
80	50	49	78	193	125
145	90	130	99	39	48
121	61	137	90	58	44
141	88	191	157	78	116
82	23	186	103	70	174
66	90	92	51	156	27
78	74	63	110	40	30
53	173	56	55	82	128
116	188	70	114	91	109
109	58	149	169	172	40
119	40	72	63	145	108
38	116	186	200	150	182
89	75	193	181	197	91
99	23	118	162	120	118
125	142	108	143	93	39
149	31	50	198	146	61
193	104	68	158	162	34
131	26	169	94	80	118
97	78	191	184	118	181
83	177	130	126	161	140
99	188	50	43	179	45
198	26	82	57	180	74
93	79	168	116	27	136
141	34	126	74	159	193
42	138	157	167	156	107
124	47	87	192	153	184
134	167	104	143	97	119
138	94	78	154	79	134
124	82	115	108	76	149
25	68	178	114	38	165
66	141	121	54	176	170
22	37	44	42	78	31
128	199	69	145	92	172
196	37	99	93	200	157
121	73	62	191	127	183
73	56	162	103	93	84
79	55	189	28	171	153
57	158	31	50	36	25
48	31	146	77	156	179
109	128	76	78	181	198
40	46	64	175	184	34
95	57	67	98	172	126
162	41	146	146	32	66
191	109	75	81	67	200
41	160	145	183	83	75
54	190	60	73	171	49
163	102	119	133	143	25
60	163	41	34	162	155
148	191	43	78	179	43
139	22	88	167	72	91
159	131	39	189	177	95
45	83	158	53	198	76
162	127	96	186	99	183
41	164	65	189	160	38
174	187	38	171	28	142
167	127	100	96	200	32
189	69	67	66	23	71
165	181	177	127	24	78
98	59	83	151	81	188
146	81	86	174	171	129
190	107	106	39	156	190
80	108	199	113	185	114
88	153	174	72	169	58
150	46	174	193	181	128
150	121	113	61	182	138
188	120	149	189	34	194
152	140	130	78	37	33
93	193	97	199	42	101
141	179	115	58	139	162
43	34	33	44	185	84
94	96	186	28	93	25
74	130	101	96	154	33
120	62	147	114	54	159
193	173	148	192	158	77
113	187	149	111	196	44
200	127	96	97	131	40
190	121	50	156	194	183
190	68	146	154	64	39
190	74	43	179	88	200
126	74	55	156	163	86
118	91	81	70	33	164
37	122	175	154	145	93
150	64	92	190	55	157
115	88	154	61	123	140
195	108	117	23	41	182
188	89	140	46	89	29
101	121	87	65	117	116
147	40	79	169	43	32
156	188	39	125	168	106
169	52	146	91	50	148
187	159	46	172	27	197
22	27	133	109	62	173
154	137	71	200	29	36
23	153	196	67	167	85
99	164	24	91	30	131
183	29	135	129	84	195
112	58	189	64	57	88
86	170	61	70	44	26
92	98	82	114	60	84
157	88	104	91	179	152
82	196	69	161	30	33
155	29	65	175	173	46
142	28	42	83	164	150
72	139	59	35	68	140
42	27	193	107	71	133
68	46	86	196	150	92
36	104	179	153	74	29
161	135	41	42	164	144
158	198	99	165	147	142
88	137	87	65	179	99
128	55	24	70	156	175
49	182	194	100	110	159
156	131	55	60	34	94
163	71	32	65	95	197
156	138	182	67	166	87
70	50	95	21	37	138
154	57	187	131	166	160
181	98	34	170	55	123
31	197	94	72	172	68
33	73	55	135	97	35
174	118	131	187	32	146
109	126	172	168	193	98
69	155	121	47	171	30
91	76	79	155	150	180
23	100	34	137	76	126
195	28	92	145	81	78
122	54	68	200	200	172
181	44	32	26	177	97
134	180	63	86	53	50
88	91	106	82	74	127
62	171	77	31	33	154
133	47	193	110	164	129
125	140	73	162	146	127
139	174	115	189	87	176
24	180	182	110	73	73
106	145	171	33	134	166
145	166	32	186	80	158
198	43	45	185	46	122
42	39	53	40	152	94
40	29	133	63	44	85
59	134	140	135	61	196
48	68	34	144	68	89
100	169	98	89	136	199
151	81	175	100	97	135
137	50	186	145	133	180
21	182	122	194	47	178
126	189	124	22	99	112
56	147	62	98	50	35
97	78	61	71	145	38
143	164	94	99	28	46
96	45	105	70	49	24
146	30	31	122	141	46
71	24	101	41	60	84
122	85	31	64	132	104
67	96	145	106	116	63
176	192	123	23	132	157
155	145	188	116	166	163
153	130	77	37	83	171
143	92	120	194	125	116
76	105	164	181	193	55
200	69	37	156	136	68
62	77	98	115	49	124
170	93	122	42	82	110
137	100	25	82	145	192
41	28	43	140	49	109
127	38	134	172	159	156
23	38	75	86	24	116
116	47	171	80	29	119
39	61	64	105	156	120
114	119	122	143	171	52
142	150	57	188	197	193
122	85	180	162	189	88
116	64	89	53	180	199
108	154	198	41	199	168
59	92	78	47	75	124
34	136	25	181	50	164
158	69	117	182	59	195
74	88	129	31	27	37
27	53	106	195	52	198
180	191	145	135	182	136
182	28	68	178	70	186
128	173	135	195	82	108
137	84	191	142	192	187
35	200	99	182	98	160
166	42	93	52	56	182
25	95	113	143	71	165
37	29	30	75	31	83
43	71	121	146	42	97
194	116	191	199	36	99
75	81	65	154	113	124
146	136	57	87	71	153
190	49	113	39	184	187
85	194	147	105	148	138
121	87	82	133	119	160
113	24	176	163	163	174
123	98	96	163	53	62
162	67	186	48	92	69
155	70	92	129	172	106
197	53	67	183	139	70
101	89	45	76	193	86
109	148	39	178	45	136
128	101	65	176	163	126
134	87	116	113	165	109
62	163	25	148	151	109
125	187	199	127	173	164
125	42	188	123	153	103
188	40	84	176	168	80
158	95	59	115	23	78
157	147	35	122	86	119
184	158	162	79	54	145
156	98	151	72	137	111
82	66	189	155	92	48
134	191	167	28	138	184
157	98	89	61	111	164
99	79	73	140	197	155
129	132	80	121	43	108
171	118	74	36	135	47
45	147	52	179	100	39
104	98	28	195	53	90
141	165	113	153	127	173
38	175	93	74	189	30
112	106	61	61	163	171
183	45	40	190	143	158
153	128	55	90	51	151
187	141	45	150	28	42
151	180	81	137	28	182
33	189	98	188	115	85
164	74	135	36	150	176
167	24	81	187	55	113
90	199	161	154	35	48
165	167	75	103	91	96
105	72	138	170	136	101
24	26	47	32	134	24
159	186	157	194	93	142
170	29	108	93	185	93
136	22	80	185	111	75
151	109	158	85	176	162
180	59	86	124	144	126
26	50	139	48	188	161
115	171	48	31	155	164
159	91	175	90	130	191
179	47	181	167	98	29
47	84	107	181	182	64
153	32	92	59	128	107
117	65	169	84	188	102
114	70	134	192	153	141
133	41	101	54	161	100
139	21	49	169	103	171
166	26	192	177	184	95
163	91	193	93	24	111
181	109	83	92	161	97
142	85	150	135	38	63
166	156	27	157	45	154
104	156	60	32	29	54
69	166	57	155	139	164
189	59	65	154	68	62
164	111	116	52	181	113
168	43	168	123	153	140
30	185	96	98	125	188
101	142	42	45	43	200
30	139	144	143	75	159
160	183	97	25	58	56
65	130	141	132	181	186
192	167	176	170	21	136
40	70	143	177	46	36
25	89	122	44	160	94
91	197	123	199	77	200
116	67	171	90	111	140
65	124	22	171	132	191
43	171	114	158	198	93
118	145	152	166	191	59
82	43	110	188	26	85
47	68	172	121	41	141
73	159	163	149	109	195
88	185	152	34	162	44
91	159	148	131	128	136
178	73	113	71	134	152
138	75	119	151	178	136
146	139	196	93	178	176
39	172	66	77	182	72
155	101	136	114	125	151
65	150	148	28	119	85
94	58	94	134	32	158
92	156	116	65	41	155
43	145	93	50	86	39
46	194	50	111	54	94
195	172	131	101	33	85
184	116	80	26	73	55
30	59	103	115	129	171
125	172	28	27	117	171
146	144	53	128	195	139
26	117	51	35	23	90
145	193	142	111	128	160
160	139	157	94	76	32
32	55	145	131	174	67
21	69	94	147	177	143
141	31	127	53	197	81
76	152	26	195	162	181
193	73	87	75	118	66
195	93	83	61	135	39
95	127	54	77	62	197
91	40	95	89	117	194
140	75	91	31	70	154
198	188	33	187	81	67
126	175	128	184	66	116
148	113	47	63	140	73
71	37	63	51	43	119
189	76	148	120	45	92
170	34	70	59	51	138
183	77	198	187	90	117
176	45	123	173	21	113
95	157	58	170	114	164
75	177	150	74	93	53
34	24	195	66	151	109
121	104	84	156	42	122
43	78	184	162	37	81
27	68	154	87	55	111
79	136	48	191	190	61
141	199	93	102	110	195
156	27	75	184	106	181
176	199	127	122	29	110
138	56	187	71	136	135
139	191	32	184	184	74
142	142	151	42	97	98
198	82	190	99	110	34
148	196	58	200	129	73
60	67	153	123	182	194
193	176	90	102	83	96
38	146	94	143	156	42
83	192	173	105	27	28
53	34	163	167	89	171
115	104	67	97	189	117
122	90	66	114	91	142
164	149	153	162	121	157
116	200	120	92	123	36
169	63	108	187	167	200
129	100	173	35	138	99
136	168	23	94	148	79
41	96	99	183	108	61
200	185	29	58	132	105
181	86	187	194	113	22
112	189	43	100	192	189
40	60	194	114	184	107
110	99	164	98	51	71
154	52	92	185	115	125
165	162	132	59	179	24
92	44	66	59	192	43
123	99	95	107	39	48
116	140	106	112	82	187
74	189	71	110	95	143
153	183	119	93	56	132
152	195	37	108	170	42
96	72	50	153	41	72
159	134	39	49	150	112
179	52	124	135	188	26
135	62	196	63	119	172
193	26	88	185	183	132
171	144	150	66	54	72
118	79	30	69	118	42
112	87	119	180	41	91
57	64	23	196	113	105
137	66	76	122	75	174
196	146	88	41	149	72
196	131	33	158	49	111
35	145	62	88	106	118
100	131	81	164	164	163
100	29	89	135	186	72
194	190	54	102	116	158
55	53	32	81	177	135
138	192	58	80	172	80
65	45	88	148	149	189
115	98	34	161	142	186
104	86	191	76	198	36
28	64	113	118	97	24
46	182	99	24	164	149
177	198	146	198	37	104
30	83	163	181	38	155
72	166	200	80	141	116
159	38	22	63	102	141
146	185	119	132	56	88
155	60	73	56	102	44
39	72	89	108	185	28
95	56	123	78	40	67
143	84	134	109	198	38
132	169	147	96	180	144
94	178	22	92	116	72
103	79	191	100	181	101
23	162	122	131	186	196
32	185	196	173	53	153
190	104	77	81	177	174
75	177	38	54	113	75
178	70	136	119	151	179
197	41	59	170	199	119
124	192	52	76	28	169
75	174	164	84	193	67
152	129	73	116	128	110
167	151	117	110	147	61
109	95	165	35	36	120
86	199	37	132	77	83
115	163	177	50	135	92
134	22	198	175	29	200
47	64	44	142	101	139
77	123	30	164	54	34
142	165	118	154	73	76
184	164	173	173	77	55
25	79	147	76	136	166
71	109	170	91	195	174
193	68	145	29	103	182
35	175	149	120	35	189
111	100	121	44	180	186
114	26	159	167	39	182
184	28	29	91	69	71
73	73	161	73	166	22
31	153	126	68	112	92
75	55	184	147	179	77
182	184	107	193	127	75
124	52	138	43	49	25
25	66	177	65	107	139
87	125	154	30	199	194
155	22	190	157	130	35
126	52	44	117	161	120
74	180	31	37	64	27
149	54	168	89	191	52
85	74	97	137	175	97
198	89	139	59	167	23
173	96	187	113	26	34
22	68	54	167	54	171
42	166	122	99	174	105
47	135	161	97	186	50
54	156	54	122	87	171
169	99	159	190	110	66
166	78	98	200	97	27
196	105	162	107	187	191
70	153	94	180	75	128
64	84	86	106	37	124
137	72	149	94	133	150
79	146	61	107	41	149
99	106	173	107	136	100
125	90	106	84	155	153
137	84	147	147	101	56
140	175	191	29	196	93
42	25	184	184	92	54
200	138	68	154	177	190
81	21	125	150	152	38
129	145	160	186	79	130
51	133	59	155	60	106
81	144	121	22	83	49
154	165	56	86	154	59
177	46	33	95	174	178
40	183	48	128	169	30
175	194	141	65	95	163
145	41	174	102	184	47
63	92	134	112	57	107
134	128	179	56	69	84
72	92	173	172	58	23
47	154	61	109	154	195
35	161	197	44	147	172
125	35	150	155	87	98
54	183	190	175	167	156
163	70	140	198	135	26
124	125	138	32	72	127
109	66	54	188	106	144
71	23	120	64	42	159
35	172	106	195	34	36
101	179	128	134	198	132
71	106	64	193	152	156
71	144	161	123	173	21
97	138	86	23	182	131
167	104	81	174	66	48
110	159	195	132	42	175
42	136	152	94	196	171
163	192	199	172	158	135
79	145	85	97	104	126
125	182	64	143	36	196
90	47	76	46	26	119
129	84	195	104	88	25
167	78	76	166	33	22
100	49	143	175	71	21
36	30	21	169	145	39
173	56	121	101	162	126
159	47	112	89	53	192
114	29	82	172	112	102
155	195	120	145	96	106
69	122	189	45	196	49
109	146	181	81	198	164
116	86	36	167	57	112
166	78	96	110	123	64
60	143	73	193	83	85
166	54	188	104	138	191
183	178	61	142	161	54
145	78	170	198	133	62
105	75	57	80	38	114
80	157	77	109	162	85
128	108	54	179	179	127
141	95	154	189	58	114
166	76	182	58	105	58
95	171	153	180	126	177
78	200	27	67	136	70
196	190	34	37	134	98
94	73	139	151	102	161
151	33	82	78	90	149
130	49	141	23	181	166
159	140	121	200	21	193
146	104	154	193	79	118
46	32	23	84	147	41
144	161	44	126	86	67
196	195	139	170	99	71
180	166	27	95	62	127
64	152	156	124	35	105
94	24	65	154	166	53
41	144	137	101	185	136
150	165	178	47	100	137
68	70	32	77	22	95
43	117	64	48	187	144
180	98	124	56	22	77
112	135	156	182	154	124
94	145	100	29	80	161
29	183	128	166	181	153
85	111	50	66	35	98
88	45	158	100	33	106
94	104	23	157	50	197
46	98	188	100	59	197
92	112	59	21	198	188
47	186	70	53	129	57
158	139	41	186	62	90
184	121	152	180	174	152
98	159	126	95	33	167
52	123	51	78	111	112
137	36	159	85	190	80
194	42	118	59	67	119
92	172	173	73	44	132
100	100	40	105	153	94
182	182	21	192	84	34
191	67	155	200	149	136
155	55	23	30	29	134
157	115	98	151	151	71
71	50	102	37	71	175
95	46	191	176	165	26
190	114	147	56	181	114
177	149	174	191	177	126
23	100	155	35	55	60
25	113	122	70	168	73
90	62	96	144	39	140
167	32	127	104	171	174
154	107	56	93	85	185
59	72	36	51	173	71
177	21	122	144	124	27
33	41	38	135	67	90
174	88	31	143	29	118
120	71	97	138	50	93
95	97	161	158	40	192
172	152	22	156	74	130
57	42	89	55	142	41
36	58	88	128	89	79
132	120	47	90	87	108
173	63	180	135	140	22
183	54	56	37	108	48
46	55	77	142	31	164
46	128	94	119	140	102
170	170	68	150	147	188
128	47	160	107	53	120
26	155	62	65	73	78
194	189	188	31	34	145
58	46	112	141	100	37
87	120	180	158	50	194
80	162	36	55	24	145
100	94	31	57	75	25
186	127	143	22	92	43
169	36	187	119	30	163
165	100	36	58	53	56
110	25	25	139	23	84
69	182	139	134	99	145
139	112	172	51	71	99
26	146	112	41	84	149
121	109	140	32	147	110
188	161	108	115	149	164
34	106	109	137	167	149
154	59	127	124	95	29
75	73	27	84	183	183
49	138	61	199	95	116
123	73	66	70	73	195
174	73	169	145	189	112
182	197	68	148	152	182
77	84	93	126	23	163
66	143	109	42	196	30
171	108	170	133	120	171
54	54	115	60	121	172
153	59	175	146	57	175
25	58	57	184	79	191
130	173	187	40	113	146
198	125	60	147	80	134
28	128	129	117	185	91
27	168	112	174	125	133
86	103	63	146	180	41
165	40	200	78	90	200
135	162	182	23	69	199
159	157	141	162	174	70
40	161	92	121	121	159
187	135	192	58	68	105
85	183	22	88	160	36
110	91	90	134	180	147
61	176	117	101	191	38
57	88	41	185	84	200
127	88	59	184	33	88
67	192	43	69	23	42
117	172	153	86	121	130
174	40	59	75	82	196
60	99	65	63	97	153
150	104	45	64	170	97
129	26	23	143	65	161
177	114	139	82	195	106
70	99	77	95	28	54
162	107	67	116	47	79
96	93	28	136	122	128
100	176	86	114	96	77
36	162	172	137	53	198
152	120	81	50	41	42
75	166	130	182	86	75
27	142	36	164	98	105
85	177	174	151	88	141
162	53	169	154	121	173
53	185	73	158	144	166
78	183	126	79	69	139
54	200	92	187	66	74
83	135	57	150	177	192
40	21	199	99	109	79
69	54	185	42	200	48
146	128	54	68	105	164
134	25	186	56	158	194
76	193	99	103	42	23
99	27	163	153	47	73
146	159	38	146	120	155
88	166	148	88	153	192
98	116	165	155	73	62
96	86	139	23	119	26
80	98	180	114	41	123
199	177	183	78	102	139
191	187	191	190	113	138
36	72	22	124	183	143
129	75	139	134	122	116
164	192	149	65	82	40
61	121	131	165	56	29
68	35	190	171	164	55
53	52	109	104	23	78
80	75	167	171	94	195
171	39	35	38	99	76
141	112	142	140	181	117
65	50	162	161	152	93
173	83	197	140	180	36
140	60	139	103	173	112
54	110	29	158	199	138
127	110	149	78	108	30
152	197	193	87	81	25
150	62	72	140	77	39
162	129	120	54	129	39
103	42	161	151	101	167
168	115	58	133	79	172
193	186	77	181	184	102
73	124	50	49	182	57
123	23	194	63	98	140
80	173	110	190	72	110
116	149	28	37	46	31
154	107	36	57	126	124
86	164	123	124	84	55
33	83	29	180	88	65
100	104	37	48	175	153
73	154	27	145	192	49
196	61	58	153	119	120
39	97	42	47	164	84
40	110	42	164	31	40
134	70	82	154	124	40
59	88	69	54	115	188
150	115	172	148	90	163
55	59	94	111	168	25
59	153	160	59	61	143
61	37	41	162	87	102
98	187	107	75	153	151
197	54	50	21	66	77
42	112	179	200	188	140
31	136	102	177	45	54
26	103	139	131	36	71
58	42	32	190	70	152
41	56	112	52	178	132
90	87	57	63	46	61
155	57	51	27	157	150
159	107	137	155	26	142
100	186	190	163	138	94
191	121	25	97	143	43
135	182	190	116	97	105
56	141	183	38	103	191
179	43	189	144	140	125
154	52	183	167	61	191
130	140	81	100	44	40
111	182	198	77	134	164
62	163	170	141	196	57
43	153	153	21	61	30
117	67	199	198	170	157
132	52	136	45	44	103
142	85	40	66	34	187
164	87	165	182	32	37
46	139	27	91	150	136
166	115	168	61	109	180
187	70	42	144	80	192
32	55	130	176	123	21
155	31	134	143	167	112
186	50	168	130	107	85
73	126	80	141	71	126
112	90	35	183	71	134
157	81	158	42	108	48
76	144	72	46	33	124
126	62	105	31	196	141
122	27	159	48	161	182
181	139	62	78	77	34
164	78	116	25	128	129
78	161	143	195	117	62
121	31	192	100	99	95
139	168	72	155	139	195
79	39	162	63	76	102
105	197	173	40	97	63
173	47	85	55	192	145
142	102	71	113	164	33
147	110	169	76	82	71
59	103	72	31	189	177
140	108	88	189	144	106
187	99	160	99	47	198
82	63	77	72	130	195
93	183	193	59	148	172
75	113	187	180	131	29
116	108	87	26	21	130
46	67	52	26	93	79
51	40	179	89	136	166
46	117	77	195	64	79
63	22	135	145	177	118
148	57	96	126	49	75
156	81	120	109	102	21
92	80	97	198	83	133
85	133	161	43	88	163
189	148	38	128	42	79
147	105	179	132	167	151
199	65	140	123	30	173
68	123	155	62	124	158
142	133	61	151	171	115
64	70	49	102	50	145
198	21	75	77	47	108
94	47	155	107	33	196
125	163	162	130	102	53
54	79	98	74	120	78
159	196	186	68	143	121
25	42	83	168	187	78
143	125	153	47	175	113
151	166	36	86	79	135
87	106	77	137	34	41
153	162	139	92	126	155
196	165	97	41	115	156
29	145	36	22	53	182
119	31	137	156	156	183
87	195	161	80	193	156
103	39	161	126	49	75
98	104	57	135	29	77
45	178	62	190	91	26
150	144	110	50	91	196
115	83	128	65	100	67
49	133	168	55	76	106
142	146	198	67	58	159
33	67	191	56	136	112
115	125	33	76	142	29
124	108	175	127	186	132
139	73	142	119	159	198
58	121	191	42	26	159
178	62	106	124	90	77
166	185	123	108	149	148
175	117	23	76	28	169
117	62	69	110	150	104
93	200	195	164	184	41
79	44	146	54	196	88
71	88	100	140	198	60
132	135	128	108	125	47
179	152	188	33	96	100
147	189	66	168	161	35
179	153	57	46	95	135
200	44	198	182	38	101
75	88	47	50	108	112
93	197	21	125	181	199
43	121	64	127	25	127
136	149	191	132	176	32
158	126	134	155	75	117
199	89	88	71	118	159
190	88	184	82	60	27
190	106	156	51	180	96
121	54	72	29	130	155
152	167	111	128	190	117
131	95	186	169	61	77
130	60	68	107	24	169
113	169	143	131	39	22
58	48	22	161	153	176
123	131	103	171	163	23
82	137	127	156	116	152
107	47	130	89	55	57
181	109	112	102	179	198
159	64	156	164	192	146
142	26	198	50	68	136
118	163	142	198	106	153
176	90	158	197	63	192
195	114	27	189	189	94
189	130	98	158	26	123
85	57	52	55	161	47
190	191	122	177	49	36
124	61	185	55	143	92
127	175	127	38	93	63
35	190	35	49	69	137
189	170	49	198	134	119
136	83	136	163	159	200
81	88	92	177	183	34
114	137	63	173	87	107
80	53	84	118	64	75
145	168	197	182	165	51
49	30	103	99	139	156
153	64	38	95	84	114
64	174	77	198	64	36
56	62	174	109	157	158
187	55	86	94	187	22
130	112	177	56	31	80
49	48	124	187	197	169
50	29	23	185	196	107
132	116	80	165	41	118
115	92	84	57	188	151
74	73	126	180	175	110
63	195	168	61	23	169
184	129	55	47	199	133
178	124	51	87	79	83
126	68	82	190	98	167
51	152	97	149	190	188
41	57	154	173	135	194
195	36	187	124	141	125
170	171	72	25	121	117
44	131	26	172	94	109
101	145	128	44	176	142
70	40	121	60	75	167
141	149	161	146	131	172
68	153	132	135	52	140
108	135	51	161	134	174
30	49	44	157	94	171
196	155	185	107	107	22
110	146	64	138	48	130
55	91	177	144	121	166
100	167	26	174	86	138
150	187	77	193	29	56
180	100	30	63	177	70
125	60	125	175	75	50
39	138	41	109	141	30
28	44	179	146	36	49
68	139	191	184	129	84
175	66	185	67	173	68
37	182	172	196	82	53
190	36	37	85	127	189
36	173	99	121	29	95
73	148	191	132	120	45
149	22	114	157	158	116
61	72	82	173	166	73
125	41	57	57	89	182
73	155	165	144	163	146
146	187	158	113	32	30
114	144	76	91	34	175
88	66	107	37	126	68
190	88	80	181	184	83
26	70	74	53	156	132
181	25	137	94	142	164
105	75	101	43	79	193
134	121	31	27	84	134
187	86	154	41	57	115
37	176	58	176	167	102
61	41	178	138	112	82
112	53	23	180	137	42
149	162	131	118	95	58
52	128	79	156	99	52
23	119	194	143	101	87
94	115	167	136	157	92
125	166	71	200	55	67
126	64	155	150	184	188
87	128	138	29	113	153
91	105	71	127	130	161
193	55	26	121	185	127
98	183	101	37	110	137
60	55	138	170	110	101
179	161	96	57	75	54
133	101	196	26	42	156
78	67	48	110	89	80
64	92	55	96	111	83
135	114	99	154	164	191
46	185	35	91	90	52
158	145	137	53	72	188
26	25	69	194	68	189
139	173	198	150	99	111
174	105	133	114	122	106
59	33	110	188	166	183
189	43	64	99	26	69
191	105	124	188	27	84
89	59	97	157	177	189
166	157	74	165	138	67
26	143	148	137	82	62
119	97	161	56	38	147
130	113	42	153	161	28
75	101	96	53	23	99
119	121	53	175	62	158
100	169	72	81	114	100
121	64	24	76	188	146
101	129	53	103	116	131
109	103	187	198	183	149
119	74	52	147	47	198
59	145	73	181	51	49
27	192	150	161	21	98
34	170	69	78	42	132
181	85	157	38	125	129
119	143	120	100	38	65
179	85	120	181	150	46
131	54	125	197	168	126
68	159	54	54	69	183
73	32	24	82	68	23
52	69	31	133	151	22
171	89	82	23	61	190
165	60	189	167	170	145
120	28	60	141	76	29
168	91	146	141	200	133
151	77	152	184	56	176
193	47	183	167	150	51
100	52	133	30	186	110
174	58	126	175	196	182
21	72	85	37	42	82
181	146	177	68	178	48
49	142	59	88	117	47
111	174	49	111	109	151
96	186	34	46	187	165
126	135	56	153	53	160
93	194	99	109	194	63
124	35	194	195	157	93
166	142	71	96	40	165
84	33	56	164	195	79
125	188	191	115	34	37
105	54	181	59	160	52
26	167	63	119	157	154
55	190	105	106	84	23
98	142	168	91	36	188
114	47	54	162	34	118
32	29	32	109	88	103
133	36	141	48	72	127
83	40	103	158	149	180
145	65	75	28	135	139
21	88	185	99	123	61
176	75	69	118	33	153
169	156	113	46	178	115
28	69	101	33	108	41
165	172	158	148	79	124
135	186	143	63	179	188
68	139	149	22	171	200
33	51	40	130	140	130
143	72	131	115	111	45
109	66	33	193	158	124
200	99	108	148	180	33
77	29	119	138	105	120
129	187	62	58	107	117
69	57	152	176	108	142
134	160	113	107	53	165
47	63	66	68	162	194
61	56	179	40	55	91
58	55	106	180	179	157
195	47	88	38	130	93
48	117	77	56	107	55
117	94	96	195	69	114
108	41	140	117	143	145
49	60	139	65	29	73
66	108	199	73	133	159
34	31	30	83	51	49
34	60	134	46	95	119
34	101	123	149	183	64
88	35	49	61	57	80
34	61	175	122	80	143
129	119	113	55	119	63
22	174	118	102	25	55
173	40	101	145	174	177
63	187	94	131	139	150
179	181	135	169	107	75
159	164	143	88	100	171
175	156	127	102	61	100
179	111	165	38	184	56
183	134	25	171	170	44
26	46	97	164	197	23
122	29	171	107	36	26
79	37	128	73	149	90
122	197	197	197	143	161
71	170	112	168	100	48
167	101	141	185	193	148
190	36	35	161	31	100
50	67	113	177	200	112
22	47	107	152	150	143
86	54	49	82	80	50
24	170	104	125	25	83
166	135	49	181	61	142
184	80	70	155	176	119
62	198	76	115	30	87
57	68	127	50	184	192
173	106	111	136	181	97
46	147	170	127	187	155
116	150	198	187	117	85
55	143	78	181	22	144
112	189	187	61	44	165
48	89	160	97	28	162
51	163	109	199	21	69
90	97	61	66	164	82
102	95	173	104	178	56
76	130	138	68	159	107
100	167	125	104	147	61
62	125	192	185	84	114
170	40	141	137	163	56
64	25	95	135	152	159
159	145	149	158	91	54
197	181	128	60	63	56
175	68	138	150	197	96
154	185	25	178	177	120
61	122	144	108	89	186
47	121	83	82	99	142
181	71	136	76	179	179
151	99	189	135	110	84
45	29	112	90	190	103
134	102	151	29	68	55
143	56	84	30	129	93
188	148	53	85	148	28
55	54	153	140	128	183
43	85	164	35	178	139
141	30	133	26	48	128
192	62	88	62	99	69
30	144	87	28	43	159
162	71	99	47	54	65
42	125	52	186	175	83
37	32	100	187	45	162
137	45	95	134	25	171
189	197	147	83	138	112
45	104	84	98	94	168
180	39	32	165	162	172
36	161	174	60	67	69
79	141	47	192	167	22
193	96	58	46	65	182
27	131	83	156	109	168
75	40	191	121	42	198
37	33	55	83	190	63
173	126	44	134	71	62
106	127	83	130	188	101
33	155	181	184	179	22
125	118	139	148	71	73
157	155	46	147	108	160
186	195	176	166	100	178
55	193	175	59	58	93
90	146	159	110	66	116
133	179	189	41	121	35
28	97	23	118	188	191
64	89	76	56	31	171
78	36	53	101	92	143
52	105	72	144	113	58
167	100	156	41	117	106
53	25	122	64	27	26
94	156	56	95	146	179
74	44	82	135	85	194
97	189	77	51	151	121
143	190	133	142	42	141
152	104	46	125	105	73
103	84	173	61	85	96
153	36	40	137	73	174
191	190	178	130	149	121
184	189	86	195	145	138
32	117	162	49	150	34
95	96	167	31	79	169
65	78	166	157	67	36
77	181	82	159	153	72
141	112	51	182	131	23
84	89	168	53	104	172
44	41	39	70	72	80
48	106	125	72	168	95
139	145	195	66	47	83
113	139	70	113	105	83
73	80	57	150	105	115
121	124	124	178	170	81
68	170	56	161	154	194
138	97	97	182	151	96
163	71	85	63	58	104
124	180	39	42	190	107
42	22	192	154	26	124
79	100	33	165	122	90
142	105	70	76	127	185
194	97	50	115	161	138
70	33	156	134	73	159
93	42	97	55	59	163
142	121	145	56	95	148
127	170	192	84	112	181
105	35	167	181	192	44
46	148	153	94	47	89
188	24	172	90	162	84
177	29	161	170	199	97
118	173	141	112	170	166
56	92	81	77	186	120
118	24	146	125	106	131
50	58	125	184	40	65
37	69	153	170	50	195
54	81	68	39	134	104
179	189	52	179	115	54
101	45	171	71	146	155
130	129	41	101	118	113
74	61	51	85	47	137
59	159	96	130	52	135
47	27	58	68	54	100
63	80	85	118	150	194
195	171	124	54	167	26
72	113	144	101	63	128
87	32	178	35	45	93
108	88	178	154	153	198
26	123	93	83	48	198
65	80	133	78	87	143
89	174	21	153	52	75
108	192	121	61	40	116
21	113	120	33	64	31
140	95	32	31	195	32
78	167	166	190	103	183
100	181	85	149	152	35
50	53	113	82	114	34
104	90	158	73	140	169
30	126	105	54	127	182
46	48	88	145	99	40
178	30	98	181	105	114
187	87	106	114	105	152
29	40	78	49	131	164
54	179	30	162	97	120
63	79	131	121	161	61
22	166	49	111	123	83
63	156	167	31	129	182
176	98	187	160	177	104
67	32	62	27	137	108
163	132	88	104	157	148
123	45	120	63	69	150
70	70	48	113	129	66
131	61	34	61	82	195
30	159	116	140	73	36
146	103	157	93	179	175
101	27	34	91	110	57
192	90	28	105	106	178
118	93	150	73	131	163
89	131	48	162	105	26
37	86	69	192	174	102
85	197	170	182	192	180
191	160	158	87	32	52
104	108	49	179	149	73
48	149	48	160	142	94
197	36	163	79	138	39
27	46	137	141	198	41
187	101	124	146	53	186
108	122	73	140	41	73
187	72	156	158	197	111
94	196	197	65	176	191
162	126	65	100	112	185
163	61	28	170	37	109
177	68	99	140	133	192
98	169	166	67	179	74
127	151	122	194	131	58
164	185	75	166	182	114
111	157	84	143	151	99
132	82	170	189	179	31
23	55	77	74	39	174
196	43	99	155	178	105
29	124	72	26	89	35
66	169	63	120	148	197
44	57	116	76	103	42
106	194	121	135	105	85
121	127	172	49	109	91
71	70	103	51	184	156
53	68	167	178	107	193
86	132	21	142	111	173
108	25	22	149	176	70
52	63	78	101	25	184
123	24	54	77	21	181
141	58	80	85	33	147
49	141	183	168	54	31
104	193	61	59	90	68
120	84	52	80	104	149
98	162	149	147	49	72
99	146	65	76	45	170
76	189	41	60	195	51
55	155	76	63	105	156
173	141	88	54	116	43
38	184	38	188	118	24
139	157	120	22	152	44
107	69	156	75	144	43
117	69	144	177	158	129
146	129	27	149	96	49
23	75	64	100	158	64
126	180	56	77	21	78
138	185	162	78	190	164
170	129	187	87	103	28
121	83	33	121	172	130
109	179	151	126	141	37
163	175	115	90	198	158
113	65	72	102	169	83
76	110	159	172	166	33
64	130	134	195	181	184
142	184	188	187	47	163
105	189	164	139	31	139
21	113	119	183	142	125
81	196	180	98	65	33
175	31	121	29	53	145
107	145	140	44	190	37
114	145	59	108	31	128
197	191	58	103	92	178
136	46	84	175	60	63
46	89	78	50	119	195
138	157	112	100	190	186
120	42	155	181	157	103
59	69	102	160	137	78
190	189	155	146	197	77
131	49	47	172	22	52
29	114	60	172	64	170
177	158	153	176	120	92
83	62	139	66	49	97
138	152	31	35	37	179
127	193	138	185	125	104
70	147	120	151	79	105
178	76	115	195	188	72
98	130	187	118	100	162
131	155	132	176	84	114
100	50	156	179	52	172
74	63	100	122	42	102
200	71	26	127	119	63
193	97	160	69	117	173
107	142	106	31	71	194
22	120	34	186	152	193
38	50	120	170	122	135
99	113	65	66	135	62
149	117	68	89	22	189
162	172	148	199	140	88
161	172	189	24	70	24
124	77	167	132	148	23
54	54	69	194	39	167
62	32	174	50	127	23
136	124	73	161	48	180
196	25	121	101	34	86
145	34	31	97	47	193
104	104	151	102	89	127
39	124	115	59	147	66
144	140	88	114	42	90
126	42	141	99	61	121
64	87	193	110	41	130
192	124	174	145	174	120
85	28	112	29	51	100
173	104	171	39	99	83
81	25	83	138	51	96
129	181	185	158	197	191
53	121	72	116	58	64
89	40	142	99	171	145
153	146	139	59	25	138
51	119	41	188	137	91
48	155	81	158	166	162
62	41	26	162	157	187
91	52	63	168	156	58
67	118	87	51	182	167
161	118	128	107	93	23
158	155	128	119	90	161
59	45	115	159	181	97
22	28	178	182	149	86
171	176	197	193	25	79
171	129	139	65	185	152
106	43	114	55	64	110
143	76	119	57	143	194
41	87	154	48	156	55
123	169	70	77	55	33
183	132	175	124	162	175
153	29	23	83	189	170
146	133	163	39	148	67
184	123	79	191	167	115
92	126	128	22	164	77
88	181	35	81	63	170
104	118	151	23	183	62
84	127	164	156	98	126
172	64	51	69	149	178
21	153	59	125	56	75
172	147	53	118	156	159
185	164	177	182	190	105
77	151	151	101	141	70
144	55	176	31	154	119
65	153	66	198	165	102
60	78	111	105	158	114
73	146	181	147	113	138
116	136	45	27	41	92
117	123	86	129	82	196
137	85	142	180	200	150
64	155	137	127	191	49
125	24	199	50	108	192
36	189	193	146	115	94
181	41	121	162	118	167
126	56	93	186	99	21
95	135	44	29	62	36
191	90	169	49	124	88
147	144	195	75	83	35
92	167	161	142	37	181
91	93	37	159	197	71
167	81	82	118	199	188
175	30	153	155	127	195
63	199	153	180	160	69
87	75	72	26	134	177
192	166	118	52	27	34
43	63	41	91	21	143
102	76	179	24	182	164
107	71	87	117	104	191
30	34	27	134	85	58
172	98	73	53	172	118
37	63	137	51	181	129
168	173	140	27	181	35
195	51	27	88	25	80
58	200	107	187	74	105
28	90	153	183	108	112
192	140	70	167	150	132
176	42	50	143	131	46
52	164	93	200	116	177
37	188	157	160	185	166
185	80	55	145	195	64
33	151	131	73	181	166
146	73	122	78	60	159
73	79	149	46	139	69
69	84	39	75	129	95
188	157	157	45	135	175
108	39	119	71	116	30
188	134	174	123	96	64
143	199	25	136	103	68
93	137	195	161	53	76
34	29	91	106	92	185
86	157	156	46	121	40
76	35	131	21	36	112
156	190	147	200	200	108
140	80	66	44	50	106
181	152	66	77	172	98
27	32	146	23	147	198
169	81	128	74	94	37
129	177	169	44	113	58
154	77	175	132	90	173
55	21	32	108	107	190
70	186	183	121	121	95
31	71	191	38	25	111
183	57	165	97	33	165
70	81	127	144	29	197
173	102	64	87	111	63
31	52	108	58	160	127
122	175	21	152	197	58
67	164	91	55	85	67
125	116	21	185	171	96
83	53	148	48	38	143
169	185	106	116	194	167
139	175	149	88	74	177
133	141	164	185	67	28
51	23	89	60	26	27
109	95	74	64	186	181
115	74	66	199	151	177
71	162	87	70	61	167
65	82	121	60	93	88
39	83	53	124	121	163
155	200	197	86	48	196
118	22	58	103	171	142
88	83	83	41	97	129
115	200	118	181	170	40
150	88	163	148	83	59
92	199	113	57	53	45
56	191	78	139	148	143
71	183	39	164	75	34
169	102	136	96	195	173
190	120	112	87	85	114
72	184	116	195	51	167
161	108	64	168	82	94
181	65	159	154	137	190
194	161	160	175	173	62
173	67	60	83	91	158
96	165	151	141	130	26
34	161	197	128	118	21
174	197	77	110	189	98
197	174	71	190	151	190
97	137	200	139	100	35
150	35	71	66	38	86
126	98	35	80	36	85
194	155	83	76	107	128
123	45	196	58	200	133
50	70	76	39	25	82
100	126	63	179	148	150
43	132	49	157	31	133
143	82	194	54	103	61
116	114	67	68	44	149
50	186	79	150	53	117
61	140	192	193	40	86
59	137	79	193	152	56
160	26	174	118	133	178
152	75	22	69	143	87
70	90	21	165	69	35
79	182	107	146	54	195
58	173	40	27	90	85
94	27	159	157	198	33
57	61	181	115	56	77
44	165	69	75	131	62
188	84	140	64	180	67
80	63	109	46	111	136
154	194	68	151	73	140
24	75	87	178	67	72
120	106	131	151	143	178
140	146	110	40	131	108
172	188	170	153	147	43
73	150	50	141	58	34
127	152	167	92	143	171
125	112	191	156	155	185
101	42	72	189	115	131
92	42	21	74	176	190
160	103	183	68	134	139
114	66	145	109	155	121
25	131	184	63	114	183
68	169	95	82	22	182
92	142	76	124	62	78
171	110	147	180	123	150
164	50	183	47	178	66
142	99	112	45	187	145
160	145	175	27	124	138
193	70	58	103	63	92
143	150	53	51	117	128
81	141	31	40	122	95
90	164	97	131	162	43
86	154	174	49	177	37
153	96	102	36	136	134
59	104	53	177	98	185
70	123	74	81	50	164
87	92	141	123	73	181
49	24	139	186	92	178
145	180	142	143	45	45
106	190	31	189	160	115
104	168	195	39	53	93
174	94	48	196	70	129
33	147	181	190	93	87
159	43	99	104	138	85
191	148	54	196	196	193
141	146	170	105	75	141
108	103	120	163	135	51
149	36	74	44	123	82
59	119	104	157	95	39
119	182	57	167	111	37
69	42	38	56	83	111
179	57	79	111	92	155
24	71	69	137	166	159
33	35	138	110	182	36
72	46	92	49	187	46
158	157	156	132	123	175
97	200	106	115	58	78
40	34	31	194	200	184
95	175	129	45	169	108
144	189	21	94	157	184
26	199	196	25	43	194
52	135	22	28	143	184
91	61	166	101	108	134
89	99	135	53	185	70
120	46	91	37	89	119
32	147	35	169	104	192
107	26	79	106	31	79
191	66	84	142	167	180
143	95	125	175	185	157
139	169	50	141	178	115
104	184	92	83	61	180
78	76	145	73	184	200
134	111	31	72	74	68
174	189	59	120	68	197
119	126	194	165	135	121
149	72	119	64	53	107
148	23	164	116	102	121
158	179	193	82	71	142
156	88	93	131	148	23
104	67	178	140	142	155
27	92	100	83	122	164
76	195	196	25	63	22
139	151	152	105	198	78
104	64	45	197	36	73
105	135	145	156	142	150
166	75	56	166	62	162
76	65	60	69	59	111
98	164	81	45	189	173
197	48	42	179	87	44
200	170	150	86	92	80
82	155	22	171	27	109
67	78	78	120	170	89
149	165	89	21	31	143
189	30	53	129	124	96
23	57	187	174	55	52
125	132	144	199	140	159
93	168	115	178	74	74
135	60	131	91	33	200
79	120	97	153	31	59
136	137	192	132	41	92
166	124	134	64	160	104
39	175	101	30	51	190
153	39	21	96	154	156
183	41	133	111	104	59
24	198	170	82	195	189
103	66	40	180	180	147
150	118	94	132	140	128
120	40	33	182	82	186
134	174	124	79	24	55
73	47	77	24	39	56
139	42	31	152	119	196
142	128	55	154	72	186
52	194	33	127	185	104
44	90	84	49	31	62
127	59	116	120	23	109
133	120	115	32	56	26
163	119	116	41	116	160
200	144	180	185	196	77
129	171	109	68	108	38
198	190	191	46	165	40
106	177	88	40	75	51
130	98	68	192	171	159
168	69	46	107	63	161
38	32	158	62	92	148
26	100	97	122	35	189
93	138	173	130	77	76
167	142	99	45	26	142
93	141	87	176	188	122
178	81	101	76	73	166
80	68	144	67	200	26
72	149	70	79	110	56
113	36	136	158	77	56
60	23	84	125	39	177
163	194	198	28	159	118
184	103	194	174	144	200
179	142	49	168	87	50
109	158	111	137	149	101
144	102	105	74	55	109
153	58	101	75	189	60
83	125	184	167	88	113
87	57	144	61	49	71
156	58	158	168	38	50
115	190	126	184	189	103
92	182	46	152	117	86
108	166	192	113	77	82
110	144	22	172	113	152
93	142	41	197	124	82
59	138	175	24	82	49
185	162	110	104	37	179
99	169	86	183	197	140
108	164	31	164	153	54
33	105	32	24	69	73
22	97	172	37	187	104
116	63	72	102	197	49
178	199	136	32	194	46
72	167	122	124	132	88
42	41	197	76	35	173
157	154	175	190	23	89
112	150	165	153	113	181
185	70	110	115	76	157
129	174	64	139	151	190
187	179	81	21	72	83
79	153	74	92	177	76
167	115	34	91	196	105
34	94	193	32	46	22
78	151	121	69	40	159
173	164	134	96	172	65
102	48	176	151	148	175
184	76	108	106	66	172
139	32	71	185	189	178
73	161	169	158	36	37
187	54	94	75	168	144
176	34	165	49	68	198
141	51	67	88	160	101
114	33	55	77	63	65
171	200	77	136	84	189
71	78	175	134	194	135
166	48	50	143	161	30
64	192	89	83	168	136
183	32	89	161	102	100
124	52	48	158	174	44
145	149	57	120	162	37
44	86	133	181	121	130
138	119	163	200	64	72
179	93	139	191	22	71
67	62	146	165	96	145
98	24	80	164	167	108
146	71	108	29	57	87
176	127	135	122	80	95
32	116	160	50	180	138
133	54	85	137	84	193
187	199	33	74	62	132
189	53	146	112	60	149
22	30	185	53	177	79
100	48	193	22	38	41
108	84	192	143	44	72
159	49	56	191	68	188
161	24	94	148	132	71
133	75	161	191	60	53
137	24	126	100	157	40
120	91	78	48	166	191
200	178	45	171	70	62
108	171	128	165	149	134
135	92	188	172	81	21
69	54	51	189	128	122
96	122	80	145	199	115
196	91	96	189	135	79
161	108	124	144	105	86
86	121	142	91	45	61
146	90	152	53	171	77
36	140	124	105	47	34
36	78	32	80	74	81
185	175	83	97	46	29
67	111	77	190	35	78
73	200	131	96	115	74
177	66	30	103	139	194
158	172	111	94	134	108
29	190	196	101	196	59
123	43	95	122	120	153
27	81	140	69	52	185
106	137	52	153	30	21
40	122	100	44	107	186
91	38	192	178	75	155
128	60	96	120	89	96
166	22	61	84	180	196
89	167	185	178	55	21
132	158	187	200	113	180
115	59	89	187	185	82
75	56	88	181	103	138
29	32	165	191	26	168
65	74	191	79	163	165
198	117	113	163	33	181
139	50	182	176	96	62
36	177	74	171	162	195
91	185	68	33	27	49
35	172	200	45	151	135
55	189	166	110	160	48
58	194	70	109	30	141
119	148	197	160	142	158
186	114	162	167	61	127
116	163	50	32	122	179
163	109	30	46	181	50
115	85	57	196	141	48
121	132	88	187	65	97
101	109	151	73	164	63
153	116	27	138	97	120
112	184	100	89	171	29
174	85	54	80	48	147
182	57	163	92	195	50
111	58	23	91	164	144
91	87	79	88	150	162
93	139	129	153	54	72
45	90	190	101	110	178
34	99	109	59	123	79
100	54	103	115	60	186
25	29	103	148	138	152
95	145	109	188	67	108
154	94	177	95	184	156
93	142	162	80	119	66
38	73	110	151	82	132
65	24	24	154	143	200
147	60	116	38	93	110
80	161	28	171	200	81
132	69	99	138	43	89
93	52	148	180	64	195
166	94	129	100	159	115
186	129	196	132	156	104
61	171	138	157	38	160
149	61	150	141	25	142
51	179	103	57	175	99
118	135	169	166	146	95
56	108	72	141	136	117
189	74	60	49	125	149
30	102	117	159	23	115
138	171	90	134	120	131
95	136	65	29	109	48
33	52	44	70	35	175
149	22	192	50	82	106
69	171	106	162	107	189
153	171	85	33	126	74
122	53	55	176	159	142
131	192	197	39	48	96
163	63	50	189	41	80
189	36	136	161	48	41
57	179	97	54	110	84
149	43	107	171	173	86
85	195	163	188	42	102
127	150	172	119	76	173
33	94	37	60	118	51
150	118	37	158	97	187
105	46	62	91	104	124
150	155	163	25	110	59
145	91	63	96	38	105
102	34	193	53	99	130
154	130	46	68	94	157
27	145	126	38	146	80
190	196	30	132	188	102
40	116	53	122	110	21
128	48	51	144	143	83
186	91	61	75	128	53
194	197	45	39	32	112
123	40	43	43	56	98
80	125	118	165	73	153
96	193	110	54	79	178
196	128	49	97	56	164
49	38	191	152	101	130
22	24	174	115	177	41
82	67	70	197	83	57
21	90	136	29	142	30
50	178	60	60	32	27
172	112	61	165	151	128
141	194	63	72	40	195
75	32	130	113	40	131
63	132	142	72	176	178
156	168	29	194	126	151
77	100	51	153	36	76
24	155	191	153	171	134
23	122	80	59	28	82
47	180	32	98	191	128
62	30	37	187	25	81
173	95	167	82	197	49
65	52	70	118	144	74
124	61	69	82	160	119
157	45	200	72	130	60
199	95	167	62	159	50
45	41	174	133	90	194
150	140	96	168	71	54
96	93	63	158	185	185
45	37	129	87	186	161
116	39	151	58	158	179
89	191	46	153	156	93
21	195	124	131	195	103
129	47	196	91	91	175
171	64	28	144	80	118
87	131	27	124	55	183
188	165	52	192	135	135
100	38	135	175	74	119
72	65	135	47	77	143
174	28	129	177	81	21
36	105	185	97	66	191
83	153	154	199	96	57
199	148	102	165	198	119
175	136	83	127	103	75
108	119	110	126	110	159
102	140	166	63	53	169
69	50	24	129	107	167
177	123	152	94	129	37
42	148	40	40	58	170
71	68	139	33	182	159
103	159	71	40	113	122
42	42	173	91	107	22
100	173	157	22	43	136
60	102	159	178	200	117
64	96	32	23	101	181
125	32	87	45	60	136
108	183	49	63	62	28
132	86	34	113	53	36
67	168	71	158	120	115
169	35	109	133	150	180
22	33	87	94	141	190
195	102	63	189	105	99
49	90	136	197	178	155
170	122	131	110	153	80
152	155	23	93	49	199
186	86	34	175	165	143
181	34	168	154	55	128
195	114	114	170	64	110
200	52	180	38	124	91
47	105	178	132	159	39
65	182	188	148	36	159
129	135	177	136	127	162
77	50	89	50	82	85
27	74	90	169	32	61
66	27	116	200	90	195
173	118	150	113	63	119
149	170	171	181	154	189
82	110	147	110	177	51
108	100	84	137	38	165
90	38	200	45	36	192
122	59	60	177	98	162
178	183	21	68	75	61
142	198	151	59	28	82
27	37	132	161	34	47
61	168	92	139	37	119
126	30	164	39	190	117
87	50	75	115	117	131
100	35	25	152	174	90
181	59	24	27	131	140
114	51	186	98	199	108
106	72	82	43	157	94
192	146	40	58	197	43
150	21	115	139	153	66
36	188	52	93	130	200
116	142	132	151	86	78
164	86	58	153	170	75
171	104	112	127	65	115
55	140	199	97	136	100
51	168	35	148	190	77
32	190	156	109	104	62
44	121	176	99	139	88
40	129	47	73	188	149
79	98	51	49	156	136
49	66	192	180	84	196
120	34	51	40	130	64
111	29	92	51	61	197
197	143	165	172	183	142
122	120	96	30	138	170
194	185	110	27	91	82
32	33	91	111	200	145
186	77	79	113	107	192
192	194	79	71	52	65
84	133	31	99	168	84
177	133	136	124	124	155
103	126	123	48	118	87
115	107	148	156	133	126
81	126	25	117	57	68
135	56	186	78	58	159
199	93	124	47	194	21
25	69	35	48	54	131
42	26	131	74	71	196
155	159	43	191	36	112
149	154	35	62	164	170
101	110	125	79	45	102
74	116	197	126	43	107
179	37	48	24	196	189
42	48	67	87	114	200
36	37	124	113	113	194
180	111	106	181	101	126
99	121	84	64	86	78
25	90	75	26	121	180
170	198	170	118	120	128
153	120	199	199	66	59
149	165	119	178	140	190
145	110	168	151	173	28
155	38	130	46	150	131
99	42	158	82	33	181
73	168	163	148	136	140
197	148	152	28	118	56
154	92	144	68	168	128
172	42	117	160	182	38
139	82	42	60	55	83
79	82	33	104	169	165
58	194	183	42	139	170
78	64	55	61	156	87
77	81	97	87	79	99
48	150	196	96	156	170
137	38	193	74	108	113
147	85	92	167	191	69
94	172	47	164	28	166
82	189	58	185	119	193
25	191	104	181	22	100
181	21	85	121	104	158
181	186	93	136	47	173
87	105	68	40	108	184
154	111	136	90	134	195
63	182	51	109	124	87
182	169	135	150	163	122
158	161	126	110	65	49
53	61	77	24	26	105
105	112	191	107	187	143
155	192	70	68	64	158
66	169	104	109	96	172
77	196	34	130	108	117
84	115	136	113	144	178
89	103	55	116	169	66
165	30	182	37	39	120
54	42	45	122	141	162
43	184	89	128	87	164
64	118	150	139	45	74
27	48	128	107	25	155
36	50	186	187	38	41
173	141	147	124	124	35
21	75	188	164	93	89
48	119	71	32	179	88
113	98	51	172	102	32
149	98	45	148	23	152
116	65	191	158	194	97
37	95	164	40	122	133
45	173	94	24	158	50
41	170	48	180	124	75
122	62	74	78	158	125
139	52	82	32	57	123
187	65	172	56	151	85
157	39	102	189	135	190
89	21	66	192	99	74
59	41	59	69	181	134
122	25	176	33	169	72
45	33	58	151	59	161
143	40	100	64	139	121
195	24	83	119	65	83
84	74	73	199	31	73
134	167	114	132	167	159
200	148	22	41	74	160
71	140	88	77	58	116
124	93	167	160	36	187
165	121	41	28	75	157
40	167	145	76	154	177
190	117	61	67	24	60
62	155	100	43	162	186
41	148	39	96	28	159
137	86	84	41	107	171
85	200	147	34	145	25
91	181	70	124	192	65
172	25	41	171	194	25
154	192	190	92	72	116
76	134	89	172	197	149
63	126	61	134	120	145
96	72	151	186	64	70
144	157	191	150	136	95
31	56	189	178	149	76
145	121	87	143	151	189
84	86	190	124	53	59
158	98	56	32	178	125
41	26	145	68	141	60
88	156	187	129	140	126
38	24	32	98	134	163
140	184	195	163	121	138
188	106	97	170	94	61
101	173	62	117	190	101
114	101	137	166	43	126
109	141	30	108	157	112
183	143	24	138	153	142
155	101	47	197	136	162
36	116	56	44	112	106
187	68	152	169	173	101
134	191	89	61	154	192
72	36	24	133	81	84
172	179	192	114	199	97
97	97	100	69	81	79
178	35	169	154	54	149
187	132	182	103	155	100
61	70	90	130	126	136
148	190	42	181	159	109
99	103	135	98	38	54
186	120	52	52	105	167
194	57	80	154	164	73
193	64	161	138	189	95
162	79	134	190	144	147
46	74	55	67	71	73
110	42	54	68	55	138
152	64	114	134	68	165
134	118	173	146	150	58
133	98	111	110	176	87
28	149	163	92	34	132
101	160	36	42	88	126
43	73	53	41	39	35
171	155	44	55	130	135
24	178	182	27	46	194
135	45	142	21	125	139
161	126	161	184	141	116
118	133	179	188	162	128
83	198	97	83	148	153
146	50	166	22	179	175
124	185	63	42	73	165
59	194	165	188	143	181
173	100	149	135	129	80
94	76	112	60	160	22
27	105	60	193	55	200
190	106	134	65	76	191
41	148	67	195	75	32
99	24	125	96	99	101
156	25	171	175	161	31
167	139	78	165	28	67
58	78	140	42	108	190
141	44	98	97	80	112
174	162	28	197	30	118
137	194	100	59	125	31
82	118	138	159	110	176
76	101	33	148	174	53
129	84	102	146	186	141
132	70	62	90	166	107
93	70	114	42	86	98
98	133	60	67	105	84
147	159	134	84	127	174
68	33	139	40	134	84
46	21	31	43	103	104
173	84	165	129	190	172
134	107	94	94	25	63
165	161	100	84	78	200
140	63	136	160	173	144
86	86	118	163	158	108
98	141	68	104	195	108
160	137	174	50	39	126
96	173	124	157	163	67
181	24	165	50	70	48
50	47	31	112	30	50
163	175	51	77	92	81
44	111	56	170	170	190
75	92	32	84	179	94
164	71	85	113	48	169
65	147	124	82	176	112
77	170	198	54	121	179
37	98	97	142	96	115
22	163	133	196	144	39
52	99	178	183	102	67
82	46	76	66	98	152
171	57	25	96	175	81
162	31	72	115	156	137
105	118	126	193	169	155
114	196	129	122	36	88
92	152	65	150	198	151
26	117	66	174	141	142
143	141	147	125	54	48
76	130	80	85	117	33
68	96	156	94	177	104
93	120	190	29	94	155
109	159	79	69	81	194
181	147	95	152	106	154
146	187	134	67	114	64
170	149	107	176	34	66
142	199	63	52	100	140
116	126	107	178	138	199
192	36	103	142	187	68
34	116	141	92	91	99
94	91	85	64	54	151
46	131	56	130	84	91
30	89	87	139	128	91
177	83	148	176	124	127
53	102	124	133	175	142
21	80	125	85	182	112
102	148	34	93	42	136
95	196	171	52	117	35
29	45	58	81	148	131
175	26	187	41	100	144
91	200	24	196	88	157
174	130	89	48	24	36
71	99	66	158	193	121
24	196	193	54	100	128
32	138	166	106	65	65
194	98	176	54	53	140
142	22	122	86	21	44
70	113	43	162	186	94
89	163	126	53	63	175
199	25	82	140	41	30
116	22	95	140	53	185
76	166	167	103	56	184
178	132	31	112	134	155
32	186	152	137	145	67
33	181	63	193	42	134
176	57	37	74	181	160
67	66	24	143	123	181
52	79	21	77	175	31
135	139	80	179	150	94
120	121	121	169	167	57
164	178	125	177	99	160
157	200	38	104	188	182
133	200	52	91	159	116
188	149	173	135	195	49
88	99	141	57	111	22
159	39	51	45	135	99
63	22	102	73	145	71
89	58	132	177	146	91
108	55	152	43	53	99
150	75	33	178	138	180
195	54	152	38	158	29
159	136	66	35	147	62
32	107	107	121	38	57
104	178	161	176	132	195
129	176	148	123	184	81
166	58	95	92	146	126
120	121	191	28	149	152
130	62	38	102	52	117
107	25	105	143	46	77
178	73	197	175	145	100
42	52	71	154	183	59
192	92	174	138	50	47
88	146	72	44	157	171
113	65	49	179	163	178
114	41	143	55	45	50
23	72	66	70	89	55
89	172	193	73	47	92
150	117	168	177	181	153
187	55	106	163	148	73
41	89	26	75	140	84
178	129	81	72	126	157
127	192	80	147	175	84
26	36	54	132	154	27
197	55	80	146	160	43
75	101	168	54	49	159
91	64	104	27	67	85
148	190	139	99	153	54
50	177	140	120	127	72
42	161	146	62	132	91
150	166	118	184	71	92
110	57	61	44	109	173
128	171	160	132	164	194
74	56	111	48	23	75
123	64	66	42	96	150
113	178	33	108	179	28
37	80	37	94	135	156
46	74	34	184	168	188
67	116	25	160	35	37
192	42	28	92	53	192
129	116	82	101	58	38
30	95	186	159	95	128
25	122	50	34	185	42
116	124	82	40	185	106
198	113	190	195	142	112
90	92	158	163	113	194
35	112	26	54	129	39
199	166	47	121	110	182
169	166	147	188	95	38
73	136	33	168	176	145
128	174	191	182	154	147
121	59	148	187	144	181
52	127	148	25	73	31
150	39	85	189	151	34
30	74	160	186	83	172
174	117	34	86	84	163
50	24	114	96	156	52
24	93	41	139	170	59
27	97	101	137	179	46
170	172	28	197	35	134
149	187	179	145	63	95
179	81	82	163	127	188
32	172	194	134	169	172
96	22	40	89	180	50
78	22	192	149	46	191
64	84	51	47	165	134
112	115	63	50	190	198
33	97	89	120	135	125
135	127	87	162	66	119
152	108	105	79	130	78
129	59	30	188	90	77
67	67	161	196	147	37
132	152	35	86	63	57
192	75	57	189	137	120
158	79	114	30	143	96
22	39	101	49	137	107
85	162	65	189	150	108
149	83	117	143	177	192
183	147	84	176	77	69
49	50	181	152	46	31
118	65	82	126	40	148
198	71	44	131	87	51
70	146	181	22	152	156
181	149	50	114	169	200
35	155	58	76	148	162
26	169	86	120	132	158
83	89	183	178	46	191
171	136	181	139	106	46
96	38	130	105	145	73
50	184	26	58	54	134
168	165	136	157	147	153
87	35	138	59	130	172
100	136	65	130	85	36
148	69	75	124	21	90
110	75	190	34	75	144
124	167	40	194	118	193
39	81	187	188	184	58
31	45	46	186	113	114
53	172	28	59	198	63
100	52	59	89	82	33
189	84	87	62	42	133
169	158	30	103	164	162
169	134	106	174	127	173
61	130	48	97	163	118
37	130	87	73	173	176
44	83	175	164	65	51
173	64	28	152	33	71
66	67	120	65	165	155
167	93	162	140	36	136
89	144	21	31	85	138
180	189	129	29	56	144
168	124	145	99	32	97
182	159	55	95	37	106
125	103	36	117	155	151
172	75	102	93	85	47
92	171	148	27	89	170
48	35	170	45	199	99
60	118	143	127	148	32
75	59	130	142	62	36
146	176	169	77	52	132
62	49	77	116	122	159
130	163	26	169	109	119
43	131	139	25	87	165
165	123	71	26	42	39
52	176	158	56	177	200
96	28	177	98	137	164
90	84	160	132	149	164
198	74	133	97	134	169
53	145	106	199	125	121
198	81	148	191	165	151
184	177	195	182	34	144
119	199	85	32	67	56
164	88	89	189	179	63
33	106	48	92	28	137
25	174	51	150	196	23
73	50	103	22	28	50
167	185	127	70	135	151
129	173	151	62	69	191
98	55	167	113	112	81
75	186	21	198	64	103
197	191	117	180	67	38
117	91	33	138	180	152
174	187	76	31	106	65
149	168	94	160	93	183
131	146	57	141	112	147
52	197	180	122	62	188
130	141	75	130	166	180
121	106	147	97	183	127
22	102	109	128	114	89
141	161	127	71	187	68
181	158	84	51	32	124
63	142	97	144	171	34
186	163	194	129	83	95
181	24	162	40	59	84
149	65	87	27	197	63
80	185	180	83	133	36
66	184	95	50	151	47
171	141	128	51	161	67
173	161	130	26	38	41
55	21	148	89	79	52
136	142	190	184	124	68
81	173	108	26	166	119
157	57	40	46	28	128
168	193	171	151	68	154
134	90	127	47	108	190
73	172	197	145	187	198
105	100	34	89	111	169
172	34	138	144	134	140
166	191	59	177	167	167
173	161	32	53	111	179
41	76	85	173	37	179
125	104	182	179	123	163
94	123	63	23	128	148
139	111	74	180	49	106
162	185	157	139	124	54
194	61	186	50	168	112
147	185	54	50	143	33
52	188	98	98	105	97
55	184	115	46	68	37
103	64	74	25	48	109
100	183	177	23	91	97
40	179	77	116	194	99
107	187	65	120	30	125
32	101	183	125	104	191
99	76	53	87	84	113
79	65	58	74	60	199
75	134	191	136	22	70
100	84	166	103	36	53
88	68	197	56	78	72
106	124	137	67	110	181
108	155	191	35	97	173
50	149	97	47	87	98
142	149	133	169	133	66
75	152	176	114	64	40
104	58	88	130	124	181
83	200	167	93	105	132
194	161	161	76	146	78
132	78	38	186	152	173
185	66	24	41	58	108
153	127	176	129	59	167
156	22	50	24	78	192
92	62	129	116	162	42
148	59	30	188	96	182
82	198	130	141	116	89
174	76	112	75	142	43
126	122	66	149	72	186
156	119	157	153	197	172
182	177	26	34	182	44
74	177	154	115	156	44
43	183	97	193	82	38
186	27	154	136	152	166
21	46	198	115	200	112
63	165	144	88	115	156
123	199	120	160	137	48
50	67	139	150	83	200
102	98	34	69	23	85
140	30	114	155	100	122
65	22	187	65	89	66
130	136	22	66	25	192
59	165	25	73	114	154
199	80	154	190	168	120
95	37	63	162	116	110
169	49	168	176	22	26
28	120	152	179	179	77
123	111	159	34	70	134
106	92	132	91	192	54
162	61	55	167	174	41
42	96	34	185	40	194
51	49	110	184	52	55
58	127	171	101	103	96
137	184	138	144	69	154
71	152	43	165	57	144
52	45	185	48	74	130
87	71	162	158	123	158
34	87	74	41	37	28
49	86	188	72	79	40
59	30	41	118	124	104
80	165	150	196	116	61
114	31	128	193	25	58
81	129	38	142	73	185
161	70	28	33	103	28
169	80	36	26	143	38
134	116	156	70	194	80
76	46	24	130	85	190
45	77	154	112	86	117
192	127	161	69	95	44
32	56	171	33	168	176
42	166	171	59	128	36
197	193	45	24	61	98
195	28	126	123	25	60
197	136	155	146	53	32
156	138	52	190	188	69
35	195	133	35	68	65
101	25	111	51	169	46
74	30	73	91	99	196
32	84	38	172	22	32
190	134	104	60	161	186
83	174	74	79	109	118
174	173	51	50	200	37
102	103	97	43	129	130
174	91	200	46	68	97
155	170	96	65	186	71
135	126	140	83	109	32
131	137	162	151	131	29
178	169	114	49	105	61
112	145	121	163	158	128
75	194	125	90	55	22
136	37	111	149	119	42
136	169	72	65	31	74
49	118	110	132	43	134
176	150	91	198	36	40
153	193	92	48	59	25
137	160	104	123	111	148
58	32	119	153	25	197
191	198	170	21	178	68
69	21	27	32	132	48
108	44	56	164	104	71
178	100	197	152	105	182
149	106	82	84	106	99
159	78	92	196	100	91
151	173	158	94	196	65
39	54	103	184	57	147
117	187	23	125	100	23
54	137	86	119	121	73
30	73	51	82	200	75
91	148	183	100	114	22
39	150	112	33	51	136
135	32	139	107	38	165
103	172	128	123	128	169
66	108	182	145	91	158
28	108	151	77	96	174
115	76	29	176	29	100
180	62	198	112	57	32
189	157	143	142	135	166
181	21	92	168	121	23
154	190	100	140	115	43
31	50	128	57	162	89
163	115	45	158	73	193
155	109	75	189	153	154
154	35	78	80	101	103
169	101	75	111	45	24
33	191	73	180	135	87
113	161	110	171	24	85
168	50	106	91	147	27
148	187	117	56	152	60
130	95	175	89	142	181
30	59	103	164	99	200
34	54	54	117	142	180
77	198	60	29	190	168
29	28	149	52	165	51
93	200	96	47	79	87
41	89	168	65	123	183
158	68	131	133	97	79
122	58	32	140	191	141
156	94	164	82	107	29
102	37	114	85	173	22
171	73	157	167	151	61
37	41	105	160	176	116
103	145	56	128	143	87
183	169	155	74	101	114
130	198	160	117	174	73
180	147	81	74	39	138
72	81	99	108	40	47
184	82	174	129	144	26
66	156	21	138	160	56
25	52	73	137	95	173
121	137	62	71	28	93
32	72	126	111	163	112
96	132	129	48	84	136
102	157	129	73	179	133
116	181	75	150	36	169
133	105	79	40	182	162
151	157	34	159	98	36
165	102	175	135	177	79
31	100	117	126	47	149
190	81	187	186	23	133
112	64	177	134	42	174
68	149	63	198	31	21
36	120	192	185	111	156
187	39	69	24	44	134
55	41	59	174	89	62
59	52	24	82	109	64
188	57	28	192	173	69
34	125	117	187	94	140
157	114	78	173	72	85
177	158	123	65	45	193
88	88	120	40	150	32
121	95	82	135	85	96
57	193	118	186	154	162
42	94	192	168	30	44
116	146	179	165	188	145
122	113	156	33	141	135
130	149	52	84	148	106
35	82	92	42	52	32
179	140	88	144	160	167
183	140	160	135	151	23
173	150	95	194	133	95
109	121	173	32	46	99
174	151	198	112	32	35
77	85	185	76	41	106
186	70	198	77	58	79
36	142	179	70	154	55
152	92	138	127	87	29
144	27	111	107	84	180
71	68	107	59	147	137
124	122	177	188	87	136
140	198	74	33	87	53
119	170	118	183	150	193
99	68	148	167	156	149
22	105	133	49	62	185
131	152	171	24	139	77
32	59	136	130	138	61
150	163	72	198	178	180
70	85	149	23	76	82
114	183	129	32	152	25
65	101	109	151	24	96
87	32	97	98	53	61
144	65	190	141	121	164
121	139	157	199	150	46
170	134	182	131	162	73
62	107	132	47	103	39
108	98	67	93	148	94
102	92	123	174	92	91
176	143	182	170	165	110
124	44	124	120	42	109
86	27	45	100	139	159
37	166	172	38	176	25
166	187	79	170	178	49
75	43	53	174	82	160
198	157	154	61	44	100
200	52	163	134	194	105
75	158	192	178	141	46
109	126	198	33	26	88
171	113	91	123	79	78
117	71	90	131	128	146
52	111	126	160	192	54
105	91	84	50	61	155
151	184	93	162	114	179
163	144	21	60	57	168
91	24	199	29	60	177
94	163	124	74	43	121
84	197	149	84	91	47
103	179	152	94	55	107
73	185	92	112	195	97
105	88	40	67	73	60
175	34	184	176	84	104
131	67	38	128	135	66
27	23	128	42	37	98
28	33	150	68	178	161
157	106	94	158	78	184
191	90	112	31	175	27
186	81	27	105	112	91
36	149	59	153	52	40
31	69	60	181	125	79
95	97	84	102	125	197
187	133	86	124	86	104
101	26	80	198	190	167
59	147	25	47	42	62
120	152	41	75	58	184
51	130	116	153	136	182
127	118	73	164	37	71
68	63	193	167	33	175
72	52	25	104	195	62
132	23	41	161	101	126
136	55	67	176	197	67
59	59	115	90	90	177
31	175	84	49	128	123
30	151	164	79	133	48
29	145	126	186	149	139
153	38	197	191	57	69
24	185	160	189	131	173
59	87	114	119	76	87
76	149	134	165	37	59
82	137	104	161	99	32
153	74	153	199	157	176
27	68	93	159	195	156
36	109	123	89	85	156
185	34	118	159	121	155
179	169	54	165	46	90
148	157	176	100	183	70
95	199	60	157	175	83
139	154	186	81	122	108
144	60	101	32	174	52
147	194	43	169	108	199
163	79	143	127	93	150
77	106	43	198	32	104
154	164	156	106	158	192
168	65	186	29	75	41
86	117	162	169	148	131
172	55	40	167	68	139
38	180	135	36	123	106
83	89	26	64	91	187
93	178	85	67	121	167
23	60	184	104	161	198
180	22	25	176	147	80
197	93	37	153	41	102
28	74	177	107	83	159
173	37	21	36	148	153
188	121	180	77	51	179
72	176	162	158	153	57
101	79	85	83	162	150
65	89	43	109	83	120
92	41	131	41	156	157
160	35	72	146	36	154
174	173	35	81	31	133
175	126	177	90	35	130
177	157	77	81	78	29
79	199	178	149	137	45
93	75	74	42	129	126
78	162	170	57	134	57
26	187	141	129	163	84
189	66	198	71	175	46
160	59	194	151	158	90
53	197	184	158	130	74
160	111	71	85	176	174
146	165	56	73	172	57
22	138	55	47	32	191
151	113	22	128	174	100
153	160	96	115	86	103
193	147	56	140	131	122
197	100	189	62	164	87
80	62	42	44	106	101
200	87	173	113	102	89
27	32	42	192	45	24
152	116	58	185	146	121
62	88	175	44	117	70
97	89	40	178	88	176
175	127	180	191	142	115
26	194	142	92	68	128
92	44	148	161	94	103
57	176	60	66	83	171
84	108	196	169	166	127
165	86	115	153	147	171
145	135	92	105	178	149
45	100	44	159	43	124
125	180	153	97	154	195
156	172	126	71	171	178
56	68	73	154	169	35
115	60	193	96	190	85
63	130	112	22	49	163
166	188	114	54	74	96
195	151	178	98	42	50
76	178	138	133	161	82
32	50	115	152	120	41
107	146	80	45	141	110
93	175	93	158	97	75
166	199	103	147	199	138
147	79	129	54	94	168
164	133	98	165	28	182
51	58	176	171	119	32
155	78	60	97	54	138
63	49	181	165	73	77
125	62	196	53	73	129
155	106	188	73	173	140
195	22	166	56	166	103
124	150	78	191	54	43
183	188	33	82	77	45
138	39	71	42	150	134
126	184	90	184	36	157
140	33	67	143	197	170
115	164	40	136	99	183
99	30	54	150	157	87
77	177	53	56	129	100
84	50	152	66	28	99
147	100	57	34	138	188
24	165	72	142	132	140
46	142	84	84	43	62
55	151	118	107	47	145
188	94	45	27	63	154
140	83	124	49	57	189
155	41	30	143	116	81
84	46	166	141	89	35
123	158	84	24	67	59
161	48	57	196	114	95
131	152	161	153	101	117
105	119	32	24	165	28
110	84	114	66	61	133
192	155	68	59	30	23
178	53	169	96	147	157
52	63	75	103	101	37
164	159	140	124	138	66
144	121	76	138	192	73
179	169	198	193	103	126
183	142	193	92	66	112
131	120	87	21	108	93
102	187	79	75	184	94
81	168	157	192	191	181
135	153	27	28	41	46
43	144	199	144	45	137
38	144	61	113	183	121
117	53	117	94	113	28
167	39	161	107	113	116
187	44	87	33	126	49
125	56	114	56	110	115
195	47	36	181	106	80
98	159	26	182	91	168
175	53	166	123	198	120
57	113	172	146	174	30
70	121	47	125	78	143
110	96	35	109	28	144
97	123	161	43	93	191
21	195	49	81	200	38
75	101	123	118	53	128
96	148	162	125	134	52
55	31	200	171	57	87
112	195	34	96	80	197
186	152	103	79	141	82
74	25	159	32	112	183
124	187	154	172	90	88
60	184	171	87	173	76
109	93	139	146	146	184
28	182	43	143	102	123
144	84	192	115	73	177
91	90	111	73	116	171
47	75	49	128	100	154
38	91	196	90	46	146
130	52	59	134	72	88
147	73	45	133	59	129
96	64	184	34	158	174
68	75	85	93	80	123
117	138	178	36	21	188
162	127	84	84	199	81
109	38	149	65	80	27
186	23	141	27	43	71
127	197	160	158	43	36
30	64	178	88	199	168
197	71	86	56	190	182
160	24	150	102	118	118
110	136	30	90	169	95
94	42	118	160	37	74
171	24	25	80	59	166
97	33	31	48	22	121
128	149	152	121	74	28
160	94	152	100	117	90
32	53	123	175	114	63
24	23	68	137	163	198
69	44	67	71	157	173
140	88	96	21	181	53
23	27	25	40	74	112
51	73	117	169	191	168
142	52	179	53	162	194
198	135	134	46	43	33
83	70	96	110	136	31
93	174	58	105	74	34
92	191	69	52	49	45
29	187	166	59	165	76
67	168	143	70	193	173
55	145	151	29	88	59
44	81	135	47	58	21
113	106	178	88	159	140
87	77	134	51	145	104
60	30	105	75	144	170
33	93	121	137	74	42
91	122	28	169	179	120
146	67	53	199	196	168
173	182	82	53	44	36
167	167	62	155	43	172
78	146	109	31	95	103
163	38	156	194	170	24
103	73	146	131	70	81
167	88	101	139	128	164
194	133	68	102	58	34
88	179	119	118	162	172
149	47	141	152	21	175
77	173	121	173	198	152
79	116	95	113	174	87
54	47	100	68	73	66
37	100	178	88	183	61
82	192	161	69	127	154
53	31	32	113	159	46
157	52	144	170	61	22
134	62	83	58	146	106
145	76	38	199	53	134
40	175	80	79	152	100
162	176	175	185	88	132
64	46	93	193	168	147
79	128	139	54	60	79
107	105	141	149	43	46
197	45	139	33	160	56
37	89	140	27	92	180
172	98	54	32	161	136
188	66	121	130	85	129
43	116	51	79	21	144
68	130	162	55	141	93
164	83	164	171	93	155
51	120	161	144	139	148
132	76	96	123	163	69
52	127	36	111	151	152
200	81	166	126	91	28
166	103	49	167	142	155
145	148	123	135	23	140
91	150	152	126	21	148
173	155	120	194	148	25
26	124	167	68	137	31
178	148	110	167	22	27
184	167	185	124	93	143
75	116	140	162	87	95
199	129	198	47	177	66
72	196	79	86	126	66
43	99	46	141	96	95
131	149	166	58	180	148
95	73	119	122	115	127
122	39	82	167	26	135
96	117	78	36	52	195
185	73	37	59	32	145
45	58	67	168	44	21
150	110	153	94	182	67
148	98	137	100	60	158
64	152	113	105	191	166
38	111	69	54	176	168
168	126	108	62	29	166
96	127	22	181	172	26
82	66	151	122	153	63
187	66	183	145	156	157
133	86	129	87	142	93
181	150	55	52	41	132
130	187	64	26	130	110
198	111	27	92	122	40
48	185	113	178	66	167
68	118	79	37	161	72
137	54	126	33	62	87
63	197	75	124	30	177
40	174	166	67	104	161
153	41	100	165	160	27
65	155	47	140	87	184
101	77	129	116	162	100
107	55	45	111	71	146
135	155	24	30	69	46
106	158	42	35	89	171
185	132	154	43	154	43
106	119	39	58	193	151
41	159	145	193	158	185
70	128	108	29	123	124
39	147	52	72	194	67
113	152	66	160	155	33
189	137	189	132	84	126
158	56	196	103	105	193
158	197	84	148	64	37
112	115	169	27	192	64
53	76	57	133	182	188
87	175	96	168	111	70
35	132	177	29	72	197
101	54	94	73	47	184
164	113	193	93	110	89
63	59	198	152	171	171
69	193	76	88	74	32
183	151	119	53	129	178
89	106	38	84	32	31
99	144	25	56	198	40
100	200	76	46	142	125
30	200	124	131	119	120
61	161	34	66	83	105
96	177	185	44	134	63
88	102	162	191	160	26
78	148	68	143	128	164
24	92	124	148	116	176
127	123	64	120	150	175
128	70	175	66	124	174
180	65	139	37	73	117
50	122	37	146	166	46
89	105	196	98	117	22
66	24	187	182	157	172
47	52	138	50	153	85
120	64	41	142	57	128
52	50	180	132	37	139
33	106	173	183	97	32
109	89	106	165	138	160
108	169	77	30	73	195
22	37	155	82	112	174
162	150	190	170	191	125
185	90	93	138	47	23
91	129	178	95	142	136
43	144	63	197	183	127
159	40	35	86	187	200
161	119	50	178	169	191
108	118	190	57	131	114
78	112	116	127	193	110
120	125	118	71	113	41
145	111	172	112	39	188
141	170	84	34	87	77
62	99	94	141	70	199
97	172	121	36	185	160
29	105	102	197	48	120
86	137	173	105	176	63
83	160	52	111	141	199
161	53	175	145	54	92
49	200	75	162	88	170
190	166	105	135	87	64
196	145	198	36	143	113
115	163	104	62	117	106
35	38	55	74	111	190
194	126	160	90	154	177
91	134	133	147	75	169
116	36	115	174	97	83
169	92	46	119	138	198
122	124	88	107	141	95
78	167	101	181	103	183
40	136	175	173	142	21
122	198	147	51	63	74
101	34	69	116	46	101
114	111	147	173	32	140
163	46	192	127	151	150
158	136	42	22	83	34
102	130	49	158	188	161
74	66	81	110	73	101
183	161	76	123	55	126
63	138	52	117	48	31
119	41	52	93	141	102
35	155	138	111	42	83
36	153	26	84	46	43
146	160	116	72	70	180
25	144	73	183	53	51
103	105	140	141	94	190
188	106	150	63	127	151
46	133	55	77	189	150
84	46	57	81	73	59
110	92	185	146	166	50
135	173	60	98	104	82
150	88	195	111	168	41
153	184	63	178	131	170
32	46	113	36	185	138
110	194	163	195	193	180
35	120	173	79	64	30
46	73	43	42	129	98
120	119	36	200	167	53
31	162	54	84	59	69
120	110	86	50	177	30
191	29	130	191	196	51
186	108	199	86	83	185
79	173	173	170	163	169
51	174	139	62	134	35
174	135	112	54	133	88
138	48	86	112	76	164
119	110	157	112	63	125
183	133	111	162	120	108
147	25	28	68	68	180
175	92	48	135	28	44
157	67	138	103	116	34
123	154	118	118	145	169
83	41	87	127	129	120
111	182	73	28	79	35
93	143	98	97	163	109
85	25	199	138	182	51
66	53	148	84	40	78
129	191	174	98	108	146
44	188	96	118	107	78
166	144	193	140	174	45
81	37	128	192	29	84
37	122	147	139	90	150
177	167	65	54	60	102
129	170	63	140	160	200
160	154	54	145	109	115
62	27	162	49	33	147
134	91	136	150	107	103
74	119	189	93	96	123
164	117	55	129	80	172
181	101	99	36	114	121
150	199	171	68	184	75
40	47	41	66	166	56
151	152	131	95	96	50
94	89	84	60	184	193
50	102	81	24	34	157
180	164	58	171	72	131
129	89	169	76	25	173
46	96	137	107	27	63
74	145	137	101	106	62
35	48	184	72	197	95
99	40	187	124	160	32
53	143	83	41	187	148
126	38	137	33	131	47
101	66	83	91	25	115
103	176	116	29	195	129
53	58	96	57	108	100
95	168	153	165	133	62
190	31	146	125	107	187
92	77	162	22	138	45
130	60	116	22	59	86
118	179	162	129	25	84
109	155	38	105	199	74
98	46	154	127	31	54
128	67	33	100	181	42
190	46	120	173	38	92
79	167	161	106	54	48
107	68	42	50	53	74
67	180	88	135	194	149
39	26	33	179	200	199
22	56	135	79	110	51
119	67	127	108	61	160
24	75	37	129	67	90
125	72	117	32	73	114
119	74	100	135	133	178
39	37	28	194	159	43
42	178	177	92	173	61
187	181	178	21	38	196
98	183	48	82	104	161
108	32	197	97	188	188
28	71	55	109	57	82
35	145	64	26	142	74
21	73	163	145	106	162
152	101	65	68	195	104
175	42	143	64	171	197
196	72	145	153	128	63
138	83	181	184	110	112
69	92	43	43	181	56
39	46	110	39	135	98
165	194	145	159	148	26
25	62	134	52	125	21
58	185	28	164	114	79
161	169	53	121	86	114
125	61	167	197	81	93
189	30	152	118	163	51
194	29	72	108	65	71
27	190	135	60	127	156
100	146	130	130	48	157
169	160	114	73	196	45
132	166	156	189	40	101
23	167	56	49	46	72
68	78	161	153	24	48
40	200	197	123	131	136
61	184	135	125	100	120
188	81	72	83	84	85
119	134	108	46	196	172
187	187	190	142	182	103
57	190	195	25	124	38
131	54	98	100	117	27
59	48	44	179	190	141
195	64	129	21	112	27
87	115	186	199	153	36
42	106	146	64	27	104
22	160	65	189	127	96
182	157	189	27	59	143
58	104	50	102	81	36
89	94	81	71	188	35
131	133	193	82	45	79
84	159	162	78	92	99
91	106	186	180	121	85
157	117	160	42	111	74
127	95	66	29	189	111
160	183	100	106	135	82
200	121	167	42	96	158
115	144	180	35	52	140
58	44	49	85	181	23
83	190	161	48	92	87
126	111	178	88	173	175
54	98	28	148	170	168
178	198	99	126	164	91
188	77	104	89	110	168
52	37	159	151	119	107
141	167	149	80	139	166
195	26	44	123	170	168
186	79	192	24	62	132
117	199	50	40	37	44
64	66	151	121	189	106
57	171	80	94	35	84
134	153	74	73	145	54
178	55	38	91	105	27
62	159	111	111	59	25
44	63	160	76	79	175
43	113	98	121	199	176
118	199	154	132	160	64
124	54	127	106	153	106
99	196	178	97	32	133
39	106	195	73	42	76
27	68	150	125	49	55
87	82	137	144	53	153
67	189	46	92	166	191
48	62	72	191	46	170
37	144	27	42	142	193
107	128	88	175	103	39
23	115	100	173	45	102
130	24	126	44	129	127
59	182	59	176	146	120
32	78	45	25	122	40
140	70	173	52	85	132
46	168	124	72	68	101
41	171	175	144	196	176
197	167	127	50	171	194
194	50	48	96	99	164
41	188	191	34	67	63
157	52	41	180	111	155
132	159	80	54	193	178
181	157	40	68	41	101
59	50	144	78	65	169
49	48	47	144	78	180
114	47	190	99	187	176
87	70	163	53	170	200
107	47	29	23	177	34
135	89	131	29	137	93
140	97	137	139	117	97
54	95	132	163	59	156
26	75	32	194	65	135
75	79	166	51	148	124
156	151	186	134	41	181
156	178	134	183	124	153
65	164	35	134	142	137
108	62	118	96	191	30
89	28	108	53	173	166
81	77	122	92	167	84
54	21	24	150	75	197
101	21	152	142	85	88
34	83	108	103	39	126
34	115	46	123	88	90
162	37	170	29	91	123
160	159	118	103	41	160
193	170	114	25	179	120
80	138	142	43	192	147
62	163	58	135	191	39
129	54	48	103	140	54
107	21	47	180	68	46
160	186	153	50	27	170
124	84	150	187	130	162
30	159	184	95	77	66
98	137	48	150	76	49
97	164	105	171	196	82
91	187	132	78	119	49
159	185	89	179	62	62
158	25	141	113	110	37
91	191	121	166	37	127
155	65	48	142	146	155
183	83	26	84	179	66
31	63	166	188	38	41
28	37	107	187	54	57
70	103	45	117	55	190
85	72	184	132	173	107
167	162	44	133	118	188
115	154	87	135	195	36
185	184	111	22	186	175
90	98	191	65	143	39
45	34	101	31	53	70
32	60	54	134	188	57
79	130	45	57	164	53
189	86	181	35	117	84
172	156	140	161	176	142
200	154	68	40	115	68
43	199	186	93	199	114
175	88	176	166	182	154
71	43	86	156	21	89
173	44	182	96	197	141
34	94	46	132	35	59
187	87	39	76	80	119
113	187	134	116	172	133
41	157	195	164	73	75
52	72	62	174	171	73
159	49	90	146	199	60
115	60	193	189	185	159
116	110	107	112	69	79
76	137	70	62	116	92
65	190	138	190	168	23
192	197	188	176	45	94
180	118	90	73	135	43
39	69	86	71	23	36
165	55	190	164	105	154
145	79	108	62	199	101
68	151	115	71	43	197
118	68	177	29	47	128
189	81	196	136	134	80
123	103	189	115	125	103
175	30	57	55	32	38
151	61	124	47	155	41
110	65	110	54	67	102
164	160	169	61	119	81
40	37	62	135	179	187
113	24	134	36	136	69
123	39	105	122	100	182
171	77	49	154	162	180
168	167	53	132	62	149
112	170	68	82	75	43
160	183	139	151	90	22
30	48	160	114	180	158
162	24	105	40	93	61
180	184	156	75	89	132
158	97	77	130	57	153
56	48	60	126	157	150
85	91	94	85	68	187
113	150	171	35	142	137
97	55	64	75	69	114
148	199	143	52	56	130
61	60	93	66	158	57
47	168	87	174	59	72
77	93	194	183	160	50
35	125	47	135	161	148
35	182	128	128	180	132
130	48	92	135	80	123
96	154	145	147	36	26
37	55	21	200	39	127
184	129	159	183	147	66
73	63	166	65	119	140
160	116	65	153	83	129
182	21	28	60	122	156
46	29	84	88	77	120
156	79	186	147	73	40
156	45	192	52	180	74
115	182	57	153	38	64
112	118	132	197	91	158
50	196	57	68	193	184
76	124	151	173	103	86
178	71	144	59	120	117
192	167	71	95	184	89
101	126	184	66	168	50
164	81	186	67	90	90
75	72	119	112	124	56
26	90	59	143	66	98
152	121	165	153	31	65
84	119	67	110	50	33
197	176	140	41	119	171
104	64	70	76	48	137
42	151	149	199	131	34
86	139	82	114	40	56
119	159	123	183	159	66
125	33	137	110	128	99
163	116	124	154	132	47
66	49	29	28	165	130
109	22	121	68	80	92
154	156	112	189	133	199
136	105	96	64	40	104
118	132	163	164	81	70
158	187	136	85	53	172
45	147	170	39	81	174
199	181	57	104	56	49
32	126	33	178	177	52
127	53	49	39	80	78
176	34	186	191	44	119
94	67	39	54	72	98
45	21	120	80	130	24
154	149	35	129	197	200
119	154	134	41	160	55
171	60	32	84	96	123
144	55	153	38	67	101
190	90	74	24	29	177
164	149	81	141	86	106
190	29	60	198	52	28
148	124	122	197	102	113
169	191	162	172	50	32
195	119	160	193	95	161
173	98	153	175	93	37
152	170	36	91	27	155
137	103	140	188	50	28
49	183	195	197	86	40
88	58	128	176	193	100
44	112	195	192	115	189
102	23	66	164	30	162
178	173	70	60	179	110
115	148	47	72	37	164
175	30	88	53	190	44
146	116	112	166	23	155
185	111	72	75	48	91
44	22	68	155	23	112
150	138	196	73	89	158
141	35	198	198	66	40
102	126	30	121	88	178
41	39	87	118	193	144
71	52	27	131	185	180
89	106	131	88	164	173
38	32	37	183	67	54
161	138	84	67	172	38
110	45	62	193	82	81
86	180	40	170	145	140
99	38	84	192	147	185
55	195	45	149	114	67
163	184	172	57	181	191
47	82	172	198	120	106
79	55	181	90	176	63
106	31	192	46	183	176
129	31	82	180	175	174
139	173	119	69	96	99
124	32	96	89	51	172
119	190	180	37	142	167
41	152	105	49	35	165
179	187	163	157	40	54
70	192	123	152	186	137
190	37	83	134	130	117
172	179	116	174	172	66
156	69	97	135	200	177
171	144	31	175	113	63
96	51	157	161	160	170
44	137	44	170	99	59
189	179	57	92	100	95
36	146	168	47	96	34
124	161	173	71	69	98
200	128	38	170	167	186
142	90	22	26	71	69
33	164	179	65	116	60
100	119	36	38	111	67
70	142	119	133	77	174
169	144	133	78	73	135
145	128	161	92	118	95
155	75	70	48	142	27
177	122	114	57	158	47
45	142	49	128	158	145
122	54	30	166	143	30
103	22	150	128	80	187
78	80	114	130	22	94
169	129	174	137	55	139
155	55	196	124	89	162
113	33	55	158	150	50
126	74	55	23	63	144
38	80	43	135	178	119
196	59	50	181	134	111
104	148	75	127	56	96
175	104	28	176	145	169
149	177	192	53	53	142
175	42	26	37	179	52
43	99	177	130	104	50
164	64	167	69	115	160
83	137	51	104	154	115
71	189	141	91	193	110
93	46	126	172	163	127
106	145	128	83	64	193
32	81	145	185	54	96
165	185	147	57	107	35
178	168	104	56	37	192
162	159	191	49	92	116
40	155	70	180	73	83
88	41	108	168	95	176
59	126	101	125	59	130
69	45	105	45	160	128
186	197	117	161	68	135
143	130	93	120	56	149
26	123	157	140	84	81
50	133	153	83	129	185
73	109	131	51	42	44
54	66	53	140	188	65
141	118	122	97	142	58
107	75	23	49	113	116
152	43	61	155	73	187
62	167	34	35	45	28
146	63	69	196	131	40
47	39	139	52	42	31
66	60	104	131	102	186
121	68	62	188	72	191
161	68	61	60	57	120
118	78	192	41	195	172
89	170	142	167	131	147
169	52	90	151	118	89
43	66	143	27	56	195
150	69	125	121	200	148
26	31	21	88	138	117
63	27	44	131	48	34
167	119	88	55	90	124
144	63	28	78	182	133
89	151	46	167	177	50
182	97	57	42	42	63
94	25	136	25	80	95
192	34	150	126	34	101
33	93	25	170	130	134
149	76	140	85	27	124
150	155	140	90	160	144
107	169	148	144	165	184
142	144	182	103	91	108
147	133	153	123	177	172
37	44	151	57	33	31
155	137	64	115	170	157
121	69	133	27	176	192
83	114	194	166	108	100
128	175	111	45	75	200
199	200	22	38	149	29
91	199	158	186	145	73
192	120	33	134	192	199
148	136	125	170	41	60
66	43	169	27	45	37
135	53	132	48	124	162
165	96	95	117	38	122
190	124	174	138	193	82
195	194	85	81	143	23
26	79	177	125	116	44
107	68	121	88	131	114
52	132	151	102	159	151
131	195	123	164	57	23
79	88	195	102	30	150
47	62	38	29	82	158
33	114	91	151	176	82
171	113	101	101	110	63
172	110	147	40	182	80
138	97	111	127	122	45
67	176	115	45	182	164
113	36	59	100	37	93
86	160	190	109	141	102
166	127	34	158	72	105
139	47	113	74	30	56
146	53	72	131	163	178
67	144	136	25	72	173
164	43	174	22	25	30
91	178	65	188	164	106
143	128	180	195	101	31
162	144	67	125	79	139
108	165	77	144	26	193
152	150	21	57	146	179
103	28	197	153	101	45
114	108	165	121	135	165
183	122	169	126	68	34
124	182	84	60	126	110
116	191	110	40	31	74
81	139	174	49	105	129
144	117	180	136	38	101
85	100	178	33	86	27
32	156	143	152	146	79
127	181	148	109	113	89
183	172	181	95	53	144
61	137	52	136	88	124
61	69	45	118	172	126
174	146	171	145	187	111
50	86	197	122	173	33
146	104	190	107	102	159
148	182	100	133	95	86
165	89	109	187	46	168
148	65	122	120	43	70
189	75	92	163	51	172
132	52	157	93	198	70
121	139	189	162	185	174
28	78	101	38	33	71
180	138	59	120	90	200
170	45	131	197	168	34
25	82	99	74	113	87
82	173	158	68	97	158
158	28	79	119	153	175
48	51	95	80	172	121
100	65	56	197	141	28
161	81	115	133	174	175
52	47	123	186	194	94
85	164	171	196	175	82
55	44	86	124	95	56
31	144	160	181	100	161
73	52	134	67	193	182
73	193	67	96	82	37
23	59	29	66	116	190
72	179	36	157	36	31
153	107	109	135	168	58
114	162	194	91	82	200
78	103	178	41	195	133
184	200	101	139	114	52
193	104	176	142	144	41
126	118	144	187	74	156
193	36	110	86	167	64
21	126	114	78	139	34
151	173	77	181	46	79
124	60	25	146	61	98
84	160	41	41	45	70
75	102	37	197	29	35
63	99	95	155	77	160
152	177	173	35	98	27
170	196	55	88	200	59
160	147	90	85	30	149
144	50	135	107	74	177
114	159	80	149	71	92
198	196	192	168	129	107
119	184	107	77	178	50
194	93	168	200	143	154
104	158	107	156	66	73
78	97	78	74	171	53
88	150	66	108	63	30
148	199	165	145	31	118
100	37	191	72	85	48
180	45	102	58	134	103
48	85	99	180	106	115
50	199	22	112	189	198
134	42	192	43	87	118
50	142	153	117	168	27
187	123	78	33	36	22
56	23	129	155	96	75
189	38	91	80	142	25
121	72	108	174	81	38
119	123	180	52	72	132
49	120	104	116	94	178
160	27	84	157	185	95
30	117	30	182	24	69
112	148	158	39	167	197
115	154	95	24	99	61
81	108	176	130	96	155
167	174	112	33	95	109
21	123	133	166	42	114
187	167	146	53	150	151
109	198	90	81	38	166
106	44	145	191	140	166
26	146	40	123	90	91
134	106	169	147	56	135
68	188	121	43	173	26
46	115	71	70	142	157
118	57	73	96	128	62
200	159	60	121	113	178
143	172	171	51	110	95
169	94	46	106	163	161
48	24	60	45	62	24
62	179	26	199	22	65
166	165	50	182	199	57
173	56	79	102	143	73
62	36	165	173	193	117
81	158	175	60	121	128
25	160	149	164	73	91
182	124	40	40	180	31
123	49	113	39	73	38
58	108	150	102	184	54
82	184	68	199	70	137
187	97	78	121	182	102
191	139	130	116	90	170
185	138	40	177	35	25
65	85	88	129	92	132
182	51	74	155	149	74
146	42	67	183	141	84
103	147	64	37	29	35
136	53	62	149	195	86
191	138	88	194	78	103
135	116	111	73	163	21
120	104	200	157	29	26
21	56	122	106	26	64
113	109	190	39	132	41
117	186	101	25	145	72
129	94	48	65	162	78
121	36	69	68	95	84
197	27	119	76	130	157
152	155	135	66	155	33
90	31	66	115	102	185
67	42	149	150	169	37
94	181	80	25	57	40
173	157	61	192	101	150
148	134	94	64	33	198
181	198	194	160	93	180
22	136	150	192	80	146
117	198	119	25	136	23
154	75	195	39	72	159
112	176	144	183	99	174
93	96	157	102	128	86
117	182	67	100	166	191
47	25	21	35	43	100
67	61	96	64	67	98
126	123	31	28	180	66
140	42	177	91	117	98
84	61	85	125	158	152
32	38	118	174	127	69
47	66	174	178	69	88
82	117	29	52	167	42
95	197	66	194	109	43
116	58	198	39	61	107
186	110	150	127	185	115
172	166	200	185	193	156
51	144	188	44	119	107
181	102	188	193	183	182
42	142	30	121	21	78
103	121	26	78	119	68
26	108	82	79	68	196
92	80	130	165	145	194
70	106	194	116	195	184
70	117	41	175	99	23
140	192	139	186	82	53
88	59	170	132	22	158
168	112	43	102	104	127
195	157	96	91	174	36
71	170	59	26	57	81
148	198	60	60	138	114
90	86	165	86	117	85
25	199	70	105	85	178
154	126	173	43	137	22
40	185	109	153	75	142
195	30	153	75	173	49
106	57	104	21	44	127
68	69	137	30	181	41
162	22	182	137	130	103
35	112	169	196	187	185
114	34	165	81	128	156
41	43	108	37	74	123
151	160	31	33	200	73
91	92	110	42	34	146
46	179	178	80	88	94
193	69	88	114	191	174
192	156	106	113	39	122
150	195	32	105	197	179
193	92	128	67	185	146
83	186	32	40	48	135
65	111	150	123	147	151
69	153	59	137	175	58
174	90	92	104	54	106
36	60	96	25	196	169
147	142	115	173	166	45
154	146	52	117	77	75
123	193	88	24	181	151
183	135	77	187	30	41
163	197	54	73	34	111
134	178	140	177	86	167
182	108	158	184	111	199
26	74	150	197	111	149
133	50	116	121	90	165
199	30	105	41	31	61
100	106	126	67	114	126
169	114	113	168	79	42
32	171	83	142	106	184
152	70	197	21	188	49
31	36	161	58	183	41
36	185	179	144	180	98
128	193	61	21	164	152
107	170	36	94	49	114
189	156	159	153	69	179
117	63	149	49	151	90
173	113	168	139	148	75
200	98	199	104	62	139
155	183	146	125	163	98
97	132	48	191	46	191
169	109	91	77	132	199
114	100	162	161	143	86
188	56	100	81	170	49
191	133	92	150	150	129
41	45	123	182	156	127
56	97	103	133	171	155
179	158	189	94	79	33
152	85	138	85	150	87
165	113	198	177	123	123
158	176	161	123	71	169
76	57	135	181	75	28
177	184	199	199	179	184
179	192	178	97	44	71
40	61	182	159	40	198
155	184	86	159	103	180
134	114	36	75	109	59
110	122	54	42	44	191
47	167	36	55	115	174
186	184	153	194	78	165
78	126	82	56	37	30
188	96	180	178	191	78
196	156	100	121	188	170
85	63	111	51	124	123
166	190	109	94	61	158
186	50	103	113	132	192
89	141	57	100	36	180
81	46	31	144	43	52
193	86	88	24	128	189
185	23	85	181	196	165
118	107	53	22	97	117
119	126	142	99	124	89
142	178	89	77	86	31
141	168	104	25	26	195
79	106	187	182	141	127
113	41	149	148	68	178
166	56	45	105	117	71
53	113	40	130	139	32
194	69	132	29	46	57
39	152	192	185	118	24
152	126	38	154	180	110
22	200	107	182	158	167
167	45	179	92	49	76
134	152	155	156	125	128
128	111	60	62	57	106
31	137	166	154	74	129
64	174	155	162	157	103
48	196	50	191	21	107
113	184	177	46	32	125
167	134	143	134	58	89
67	110	96	144	84	84
114	114	120	64	193	144
124	57	39	162	122	50
103	170	163	60	182	32
104	143	68	177	73	38
58	74	61	170	100	83
169	140	179	42	166	121
99	152	166	144	165	38
89	58	157	103	170	105
101	136	60	48	87	160
93	155	195	200	49	34
190	116	130	81	38	84
145	172	134	183	62	127
101	24	30	127	65	132
69	86	72	121	120	194
105	67	30	48	91	163
147	53	31	132	36	155
147	59	145	180	181	104
197	146	148	97	47	114
50	191	177	183	40	111
53	49	161	65	25	134
75	151	58	134	33	102
34	50	166	127	200	55
88	104	40	30	64	92
58	196	50	52	154	38
122	183	78	148	167	192
176	191	109	191	82	44
55	148	41	42	164	22
94	68	23	180	179	112
192	161	188	38	145	130
88	73	148	151	159	151
54	91	183	135	52	71
102	109	167	35	160	120
125	114	125	63	167	164
124	75	62	59	170	90
193	64	171	60	34	109
100	84	49	177	186	157
190	78	61	124	73	84
149	89	156	192	42	101
78	82	128	61	111	187
125	24	41	37	142	154
178	115	157	163	91	199
197	149	141	45	137	79
106	64	63	26	116	57
76	62	171	148	59	145
178	175	120	179	77	95
151	191	96	164	155	56
36	61	56	36	61	177
51	168	125	143	132	126
22	40	140	125	46	65
55	105	62	63	174	22
177	182	94	158	135	194
160	79	141	22	61	187
48	50	104	83	48	160
94	95	198	149	53	28
76	39	22	180	146	135
160	169	154	198	60	80
43	140	148	134	137	96
135	73	197	29	24	127
66	149	49	42	182	194
195	85	85	190	123	147
36	199	105	65	195	26
104	172	193	53	80	190
118	55	36	124	99	85
124	80	63	52	37	58
82	157	175	187	71	127
35	35	191	139	135	42
169	162	134	100	104	198
100	91	104	164	45	106
130	113	74	114	110	121
91	90	112	50	116	163
38	71	59	146	191	146
122	132	192	158	196	170
160	178	132	153	60	184
112	197	152	133	124	153
110	78	49	67	57	65
81	122	74	154	32	92
183	182	158	198	42	142
50	69	164	66	158	117
99	45	197	119	67	155
26	26	131	142	52	172
146	177	50	159	163	29
50	162	56	60	75	106
42	118	193	131	87	41
154	194	130	43	38	104
195	140	137	25	26	86
149	32	58	59	116	22
82	93	25	182	27	102
62	200	180	130	136	140
75	37	192	61	138	41
158	35	67	122	193	121
175	88	181	111	68	83
44	22	180	23	75	33
53	46	46	187	174	197
21	43	114	35	142	164
166	111	115	49	197	81
192	98	54	64	131	189
55	56	169	89	140	113
172	42	158	36	147	25
181	151	123	27	181	183
89	200	34	198	181	83
162	37	58	78	132	114
129	111	155	78	69	43
23	135	113	178	183	169
58	169	157	56	108	21
150	124	56	186	146	85
31	185	175	56	79	146
66	121	140	188	78	172
119	41	57	176	93	167
122	35	66	71	98	174
24	174	66	78	83	131
31	78	72	29	97	185
67	43	50	123	89	145
44	169	73	200	184	130
150	63	200	65	106	96
111	63	184	199	164	90
141	126	133	148	149	121
171	173	25	119	190	185
106	177	80	98	176	86
25	47	42	178	55	29
68	72	82	154	68	189
26	197	75	170	52	120
108	140	141	90	184	192
105	112	103	152	146	125
124	87	131	42	33	72
195	94	187	86	135	151
128	113	174	131	136	127
125	159	29	145	176	195
172	55	132	122	53	43
113	89	156	174	142	105
108	165	138	146	51	87
142	175	83	104	189	79
69	160	50	33	116	112
180	125	22	45	37	165
29	50	158	50	87	191
109	124	185	130	84	96
142	135	172	52	119	136
124	140	194	26	78	33
190	68	129	184	94	151
142	75	56	179	190	170
128	164	100	49	55	92
105	90	138	80	139	123
141	128	181	188	65	83
117	122	34	65	170	123
118	87	100	70	126	94
62	68	43	151	135	23
88	60	137	125	113	90
154	105	128	112	84	80
78	83	169	91	57	39
87	78	76	195	85	52
92	169	116	152	139	97
147	175	181	70	113	109
186	53	45	69	51	114
194	162	82	22	131	145
109	51	178	110	74	33
76	144	34	125	24	141
63	57	33	139	97	130
154	131	118	46	73	191
190	174	64	175	145	48
177	155	118	80	169	117
116	185	121	85	41	142
173	36	187	128	90	199
169	65	164	66	63	38
77	82	23	82	41	137
163	169	170	120	50	73
61	60	144	180	175	122
130	62	35	178	143	173
146	93	197	102	91	71
51	54	96	137	159	101
73	43	183	95	72	111
172	102	159	83	90	186
57	82	193	127	95	63
174	59	165	197	125	76
100	61	164	93	81	72
179	171	49	164	159	71
94	51	49	159	196	104
60	31	126	71	72	170
185	197	96	127	175	87
198	79	97	190	196	37
95	82	47	184	130	169
43	165	100	176	97	187
125	95	188	88	72	144
54	173	174	120	112	132
130	188	166	190	121	111
21	146	44	88	156	25
113	197	39	178	47	145
87	69	116	168	200	43
146	81	138	67	118	193
143	59	36	101	97	34
32	79	133	178	177	70
173	98	185	161	103	137
144	199	40	168	197	80
144	62	114	110	115	150
96	50	30	88	127	94
108	145	94	33	125	98
145	46	65	27	72	103
29	56	45	95	147	159
67	72	107	31	72	113
51	162	162	129	125	103
38	111	42	198	28	155
197	38	92	117	112	126
159	138	75	75	96	36
80	89	160	154	160	55
183	145	188	150	21	28
27	46	87	26	112	29
32	33	79	111	30	84
129	115	164	66	181	71
23	190	95	45	24	59
62	48	44	163	150	167
64	124	165	37	86	36
176	142	170	151	61	55
191	104	76	200	119	152
62	154	49	125	53	53
152	178	107	78	195	143
188	31	45	169	182	157
54	93	113	90	191	136
42	153	128	32	84	52
140	174	83	96	54	50
199	51	140	81	46	144
38	129	155	134	143	141
75	96	165	173	155	195
105	174	74	179	31	77
155	150	142	186	197	141
129	39	146	89	65	43
153	186	176	48	148	150
123	127	76	159	166	198
136	43	136	45	171	153
70	191	195	182	154	164
23	36	174	150	54	25
84	92	51	167	45	76
170	63	158	72	27	71
59	97	121	83	186	23
90	30	106	46	46	40
93	141	137	73	35	187
45	179	150	25	75	59
176	125	39	85	22	196
164	152	185	141	117	60
68	87	180	193	94	62
198	136	166	179	108	162
61	153	58	171	91	95
128	93	110	64	58	106
104	154	157	65	123	129
137	29	56	62	177	133
105	143	128	69	31	148
136	99	135	115	147	79
61	35	183	162	93	139
137	64	28	69	147	124
79	160	134	79	71	118
34	28	68	31	176	118
39	110	177	86	32	153
101	72	152	80	119	149
127	111	194	145	68	106
31	65	87	50	96	109
23	191	120	48	142	142
199	173	175	163	27	45
38	34	186	35	192	200
71	150	112	44	108	75
126	126	190	146	32	154
147	114	133	41	142	134
39	75	38	151	48	125
143	137	67	121	187	157
186	128	164	98	103	145
147	34	145	164	34	72
162	107	139	111	99	77
66	53	103	130	126	85
175	47	117	178	182	176
200	86	152	43	60	26
108	199	64	188	164	75
180	110	65	87	135	116
143	104	95	31	79	191
114	173	135	84	56	137
100	166	106	124	100	190
180	29	102	50	158	179
107	133	185	32	178	140
29	146	78	107	82	155
166	64	140	153	38	174
190	176	138	145	44	124
78	170	43	113	152	137
49	171	52	145	75	151
38	96	154	153	109	129
54	83	154	32	149	127
138	71	47	146	182	132
84	49	152	155	166	65
116	49	194	65	84	41
59	170	152	81	76	77
160	117	188	42	81	168
46	175	68	76	128	119
133	153	67	131	87	59
140	72	64	94	122	175
179	77	26	92	123	21
125	138	25	130	126	113
168	89	74	152	129	104
30	42	182	155	117	77
194	103	144	81	52	109
117	45	28	156	55	41
31	142	164	72	115	124
55	200	184	32	112	84
169	159	100	183	87	179
160	30	174	174	166	81
48	178	173	175	87	188
139	185	147	68	41	80
84	33	37	103	48	195
49	34	191	198	74	100
26	46	166	80	133	143
98	160	69	140	90	48
147	189	177	93	151	86
177	123	86	71	59	46
47	177	187	98	66	54
61	195	79	143	62	155
134	23	88	57	187	130
170	28	138	133	103	99
165	90	179	150	197	118
51	69	126	39	134	59
139	129	84	45	97	167
47	50	158	35	52	170
151	50	151	91	194	197
179	129	37	56	36	149
181	107	156	40	48	124
21	148	41	107	141	115
149	154	155	121	153	177
112	118	196	119	38	184
21	75	152	55	187	82
191	200	151	160	164	148
57	196	109	144	31	102
120	61	152	158	181	21
93	133	107	137	30	125
102	178	183	162	134	155
132	158	90	191	74	115
93	96	156	146	74	149
115	21	193	163	97	94
141	25	49	22	158	124
48	145	180	68	195	35
101	40	80	43	37	30
58	21	93	137	129	192
94	83	28	29	90	120
93	47	99	88	112	42
200	133	160	131	180	112
192	39	157	84	172	90
154	37	195	185	142	53
133	149	50	33	139	186
33	70	160	121	184	185
46	119	42	199	58	72
29	196	57	191	180	74
185	173	106	94	118	185
181	179	156	179	61	121
115	191	37	50	80	22
68	28	187	169	97	165
29	39	79	48	54	175
150	72	40	150	128	56
188	161	27	176	46	174
177	63	197	141	122	158
142	166	96	28	155	187
181	167	36	177	139	158
88	33	81	180	25	61
21	167	150	50	132	123
78	36	110	58	169	178
125	94	25	106	97	101
43	61	131	74	199	174
158	41	182	58	38	131
64	137	30	98	67	104
70	171	89	103	43	172
85	34	159	75	147	40
136	138	185	75	108	86
126	89	45	56	101	162
69	34	104	94	89	159
87	84	102	157	188	193
157	194	175	117	132	149
37	116	192	119	134	43
176	102	105	54	182	39
118	60	89	38	154	146
182	44	50	160	116	193
99	187	74	189	52	158
160	169	181	35	167	111
132	27	121	25	22	108
86	164	58	94	183	109
134	57	114	55	35	151
178	34	129	156	84	68
177	140	21	45	200	67
155	116	119	89	170	178
101	73	123	31	84	174
176	124	63	108	121	39
110	143	80	118	177	45
75	191	141	92	96	65
122	173	157	123	62	156
28	103	123	122	73	30
69	135	189	181	185	148
164	164	90	24	115	138
165	51	181	143	182	94
144	140	111	175	108	59
101	45	101	36	124	80
151	186	50	160	169	76
115	113	144	143	198	91
61	171	189	151	165	177
63	130	45	53	115	68
199	39	187	57	153	104
43	151	193	67	194	68
53	21	114	119	172	112
161	81	134	151	199	22
185	88	130	96	129	180
42	94	189	29	194	116
165	137	169	200	48	115
122	164	101	58	106	85
191	27	143	116	179	69
192	158	168	137	130	195
44	62	191	63	171	68
99	48	139	195	131	84
127	66	169	120	183	195
147	142	160	30	156	119
47	95	30	194	111	113
107	88	151	31	29	117
164	69	122	42	171	181
177	61	147	167	172	151
184	36	152	165	26	124
143	162	79	25	55	153
151	66	182	140	42	41
75	134	149	37	135	72
136	71	150	105	125	39
104	97	111	143	52	188
121	195	107	181	25	134
148	59	140	151	186	37
122	169	107	91	181	105
183	28	45	187	88	146
104	177	132	161	168	72
154	78	169	194	94	160
94	83	122	107	196	113
85	139	199	142	140	83
160	105	152	166	28	114
43	112	102	23	138	52
61	148	140	83	185	40
118	184	124	91	76	75
85	81	79	23	116	188
137	110	142	63	189	155
98	103	166	59	64	92
138	199	92	32	23	183
45	74	198	116	33	38
133	61	171	37	42	134
113	181	134	194	186	195
200	78	53	108	107	69
25	38	147	172	185	181
82	26	155	137	198	150
198	188	154	119	84	171
110	91	192	197	54	85
42	61	113	49	56	123
156	161	90	46	187	115
66	181	62	62	115	111
171	72	53	181	129	89
90	99	30	93	107	81
90	136	111	40	150	152
170	136	107	85	148	172
85	164	73	170	169	36
21	194	200	156	123	66
21	134	182	82	109	72
181	165	116	72	183	166
187	125	186	80	24	83
119	79	92	174	104	174
55	122	126	44	24	125
137	191	54	117	195	123
68	88	194	143	185	125
97	200	132	165	66	118
181	168	163	177	103	69
173	74	84	168	83	57
149	24	117	46	53	116
112	28	188	81	40	39
139	190	36	79	123	90
135	65	181	91	94	86
146	67	129	148	54	149
44	171	83	165	157	162
124	38	24	150	100	196
27	122	67	187	106	162
41	50	71	146	157	135
21	44	81	140	124	80
184	88	108	137	133	24
46	107	98	24	112	66
143	154	145	66	88	25
96	122	82	129	48	193
195	174	156	170	193	63
90	67	62	96	68	85
80	134	38	128	168	180
180	50	120	52	195	33
178	102	168	164	198	60
65	32	78	68	21	95
33	23	43	182	70	101
102	166	120	58	169	46
102	78	65	139	166	37
65	88	128	138	69	161
133	63	45	22	60	179
186	180	130	177	185	24
157	108	173	158	134	84
56	27	29	142	130	24
168	95	163	35	118	33
116	198	80	171	62	24
179	68	177	120	62	109
88	113	137	114	158	141
23	89	168	154	27	172
39	168	140	99	125	125
43	37	160	140	99	50
125	106	49	198	152	23
153	99	52	38	32	21
151	48	70	124	79	152
162	175	31	24	94	82
100	118	73	132	104	160
100	32	98	169	90	122
185	186	60	77	117	33
48	38	85	75	100	148
108	118	72	104	97	42
42	132	119	193	45	103
90	81	71	145	93	188
51	152	103	60	29	83
139	129	112	184	140	38
68	195	32	95	52	142
109	175	76	138	96	151
189	189	106	37	79	30
50	200	106	121	73	150
110	168	127	125	34	196
44	58	90	92	45	107
69	144	107	83	177	161
139	69	44	183	144	22
108	155	49	187	187	54
182	121	21	180	160	113
165	192	74	52	154	88
119	27	193	182	36	126
75	65	184	115	55	57
194	195	62	77	113	21
190	185	124	91	60	127
64	142	169	110	99	29
63	28	75	157	177	61
169	61	122	33	118	180
160	146	117	88	105	157
101	110	143	61	157	81
130	50	95	144	120	71
102	130	155	83	40	197
173	79	168	180	48	124
199	109	83	139	111	84
198	98	159	73	45	113
21	21	123	189	111	93
109	146	76	123	200	137
68	112	82	36	166	89
88	124	118	143	22	170
109	57	115	74	159	125
198	36	112	30	35	173
107	116	188	166	100	104
88	35	28	42	100	38
133	68	44	31	37	35
92	67	94	54	66	111
80	136	76	166	136	123
99	188	140	156	174	178
25	136	121	184	173	150
35	106	136	23	61	170
155	131	81	47	131	124
134	37	39	42	170	69
56	188	81	120	27	176
70	149	38	191	170	91
152	190	24	82	77	91
55	78	51	115	70	123
136	181	57	161	22	65
34	196	99	71	57	95
58	55	117	70	96	134
46	138	89	181	133	139
169	41	189	111	190	48
75	181	32	138	169	57
183	196	30	139	124	60
170	104	193	89	29	113
81	71	132	147	190	122
187	135	43	178	152	147
191	175	160	95	40	35
86	36	104	42	21	24
154	115	130	120	53	184
136	195	175	175	96	66
45	80	184	135	53	58
181	178	110	110	183	41
34	58	179	33	199	174
46	186	152	54	30	70
88	39	48	187	57	78
128	135	92	130	184	136
158	42	155	93	195	75
181	145	198	68	90	120
162	168	120	32	96	192
53	41	97	190	87	169
76	142	65	189	150	90
181	94	45	149	44	190
61	120	51	162	180	65
177	64	55	132	135	180
164	117	128	57	165	173
43	26	110	179	28	185
130	186	135	128	31	43
190	141	72	174	185	136
147	122	87	173	80	164
118	78	31	26	119	84
160	157	110	187	148	102
61	161	64	28	98	196
55	153	27	158	35	192
124	118	50	133	92	94
101	192	112	155	194	76
141	147	162	154	200	128
33	109	110	38	56	50
93	157	146	132	28	22
176	92	92	123	65	24
132	156	66	39	193	110
75	28	143	158	116	22
86	99	133	155	170	146
82	157	36	75	26	23
199	76	186	114	140	121
129	73	128	176	131	146
191	190	71	151	42	188
178	46	68	148	38	137
98	159	77	186	177	108
90	125	81	117	164	151
113	89	34	67	105	166
102	108	182	112	61	133
122	92	103	163	187	21
195	133	168	56	22	151
96	158	184	101	122	43
69	79	104	192	138	78
116	84	199	156	23	44
21	46	96	67	60	161
195	70	142	97	107	83
77	55	195	192	174	127
24	68	101	75	136	81
125	76	83	156	42	171
48	185	35	54	194	121
29	148	127	68	173	92
172	75	30	188	192	158
112	109	97	142	158	123
47	80	35	176	58	59
107	158	198	111	24	131
197	160	74	164	185	80
24	103	141	187	86	142
36	181	44	118	148	21
122	155	69	194	31	196
106	126	173	143	28	116
200	110	52	114	128	148
104	94	66	186	24	97
137	115	121	119	25	89
77	166	188	70	134	45
95	106	191	92	96	22
151	175	39	86	60	198
96	32	159	39	193	122
167	76	72	94	165	62
190	140	51	71	200	72
143	38	30	99	111	117
91	82	109	182	81	65
182	95	189	178	131	22
120	118	43	93	44	112
153	125	123	107	117	147
144	48	82	136	127	164
175	182	191	75	184	124
49	53	86	186	37	115
148	32	30	75	98	47
147	107	173	123	167	81
54	180	165	24	23	147
44	153	169	167	55	38
181	113	65	136	113	146
122	111	182	76	94	86
135	84	121	27	24	60
129	126	48	90	74	167
114	113	145	73	163	80
157	168	61	57	100	130
187	65	154	71	193	77
165	174	65	25	89	123
135	28	32	76	53	112
83	39	30	179	98	62
42	189	144	171	169	180
186	73	167	170	65	92
135	180	117	85	91	77
197	198	189	67	73	73
85	168	95	168	67	139
194	91	66	181	112	119
71	52	42	135	143	29
187	69	105	171	127	120
153	191	127	72	197	48
140	53	140	155	59	194
148	161	160	169	174	76
122	153	70	137	137	107
123	26	199	126	172	164
182	26	54	156	190	94
37	38	33	46	183	85
49	159	47	138	192	199
200	198	78	53	61	131
184	30	117	32	67	89
39	31	161	136	141	39
69	112	27	107	77	102
190	159	137	175	51	87
126	191	186	100	139	32
119	48	90	84	157	158
131	192	104	180	150	60
148	188	154	22	56	175
68	94	90	111	76	79
177	55	33	130	189	80
150	179	198	198	155	163
168	22	189	125	68	67
158	92	35	22	90	46
78	103	73	120	103	51
152	128	195	46	156	162
138	138	67	148	29	26
53	171	178	169	113	126
106	114	94	200	105	137
110	38	30	175	191	182
180	78	46	199	41	107
37	136	87	143	26	160
90	34	179	115	87	165
83	46	73	122	153	58
29	74	190	59	166	191
144	180	40	97	90	111
178	184	66	105	97	118
70	22	42	190	116	51
158	76	132	36	63	131
66	140	83	90	119	162
48	42	159	42	156	67
109	130	34	169	30	164
29	86	183	170	131	56
44	41	124	73	102	67
75	149	99	120	115	31
96	61	93	164	36	151
99	82	179	95	166	29
75	39	25	173	195	178
66	61	135	196	88	24
101	112	30	25	51	119
23	57	122	140	91	130
135	41	28	177	180	104
125	50	96	26	98	117
188	25	36	72	99	54
111	197	134	124	51	93
142	67	130	65	26	193
21	188	29	152	58	100
140	129	101	181	70	109
184	113	122	159	108	167
156	118	68	196	124	105
145	73	34	164	71	123
66	21	54	199	92	27
53	55	182	122	159	106
71	192	146	145	127	61
143	118	136	98	177	24
149	199	123	119	166	36
150	134	44	165	179	31
118	53	170	170	165	52
81	85	95	102	100	180
175	185	63	107	92	195
191	139	135	193	195	48
92	26	56	78	132	169
194	33	85	118	189	35
56	82	32	173	119	83
64	61	86	163	35	181
131	44	179	78	27	103
116	28	100	150	87	38
168	63	136	38	116	200
24	117	144	141	78	117
26	108	168	97	126	68
191	159	53	181	71	41
89	72	172	87	123	168
141	143	128	151	28	132
112	173	78	168	130	120
25	27	149	181	40	24
41	55	181	102	94	61
58	44	38	49	65	158
39	150	80	195	152	30
190	127	168	191	147	110
148	135	126	47	23	97
32	126	171	118	191	67
50	48	194	183	88	60
96	127	21	194	168	86
95	126	129	53	87	120
110	185	50	158	73	50
38	108	36	93	22	66
46	54	59	37	106	114
52	176	117	183	147	116
100	92	76	142	157	110
190	199	105	155	64	132
36	159	199	161	153	147
122	119	87	134	152	177
32	39	110	142	56	104
75	40	23	148	108	65
195	100	103	43	120	120
167	58	99	150	182	129
113	139	194	169	141	107
52	160	46	55	137	199
21	29	115	112	135	73
145	112	150	143	198	112
77	181	37	62	192	127
48	179	114	30	85	90
93	44	62	138	149	25
144	128	97	108	167	23
29	29	62	96	135	47
169	157	63	189	105	148
26	63	86	29	132	103
52	137	57	93	168	37
160	151	59	194	61	111
156	60	39	21	99	200
105	197	93	130	61	198
182	137	153	197	69	67
150	40	125	134	152	89
51	172	60	170	86	109
38	80	127	59	177	168
83	194	163	120	72	103
171	71	77	99	101	80
74	51	147	177	160	111
151	22	69	152	172	139
64	69	37	136	143	117
128	48	155	139	31	77
172	164	148	60	122	130
168	54	106	178	102	32
41	70	104	92	108	104
173	154	61	90	22	152
187	157	152	67	53	159
190	38	94	26	180	152
28	192	168	185	93	35
74	107	139	141	112	162
105	52	32	167	93	45
94	80	89	123	160	147
110	27	148	70	160	74
26	66	101	89	70	178
23	145	181	174	88	178
161	54	120	155	90	72
108	28	130	123	174	192
162	148	26	85	107	113
192	153	30	62	102	118
168	179	198	121	160	119
90	37	123	79	108	47
135	102	196	153	52	86
121	173	171	146	108	41
172	85	181	37	167	72
192	170	144	111	41	176
94	183	67	112	29	45
36	26	58	111	167	87
24	148	181	111	145	71
196	115	58	157	200	152
88	170	53	138	93	166
70	60	71	159	152	22
163	121	104	139	154	86
118	147	171	106	199	75
80	148	75	83	199	138
58	57	22	141	82	157
73	82	49	57	145	80
63	193	21	33	164	36
63	26	172	82	168	66
67	130	155	42	24	35
154	192	174	79	190	129
41	96	172	58	164	54
26	120	111	166	111	95
31	76	165	45	146	115
85	164	153	101	43	148
133	172	61	51	61	151
129	162	145	183	45	118
108	121	144	158	155	143
63	184	44	28	86	51
197	165	160	74	40	61
173	129	44	183	100	24
173	153	28	100	183	200
31	194	124	170	119	31
176	187	28	196	39	68
43	115	71	83	67	150
81	42	177	181	150	26
29	162	93	90	25	186
88	128	74	75	105	179
189	193	25	173	34	76
188	91	146	143	50	135
109	144	191	114	22	144
166	198	77	158	55	71
109	24	191	53	46	162
177	63	28	73	64	100
86	51	77	81	187	119
136	139	36	49	115	171
73	155	81	97	79	53
75	32	128	176	186	150
161	22	159	92	66	48
153	188	167	185	135	98
158	44	124	121	114	24
22	72	137	48	177	75
173	26	133	196	133	58
132	164	41	109	176	84
161	140	89	33	99	29
125	156	114	164	91	80
24	62	31	190	21	197
158	114	151	174	59	136
44	56	136	168	136	184
57	187	40	114	150	36
189	173	32	194	87	33
100	155	127	30	176	101
165	174	187	86	102	44
71	77	132	180	88	143
118	106	110	180	125	24
54	116	86	98	142	44
123	79	135	157	148	197
185	140	78	157	107	80
186	46	63	160	140	44
98	170	90	185	149	120
137	190	136	90	183	196
48	193	197	86	45	37
85	199	60	59	35	120
160	83	169	162	139	178
77	46	184	92	71	121
127	190	22	74	165	89
38	194	87	156	46	165
147	113	177	196	165	69
54	34	62	26	45	123
170	144	55	200	115	53
48	30	109	154	70	58
70	115	144	39	24	156
116	70	76	53	135	137
34	85	60	160	150	33
66	156	41	47	34	183
91	159	60	124	54	120
84	103	121	100	70	73
97	126	183	143	53	119
30	118	150	51	57	91
80	184	167	178	159	167
148	137	162	178	86	187
84	118	99	81	182	98
176	40	22	188	154	41
29	22	77	28	50	167
89	112	166	177	176	127
39	72	198	83	198	41
119	161	135	187	110	77
196	154	48	132	125	60
176	89	140	97	47	102
104	28	44	103	154	76
54	174	43	28	103	140
158	140	99	96	124	87
46	194	155	97	81	71
186	181	165	29	30	159
182	192	132	127	46	61
179	145	144	162	89	24
155	190	72	71	28	187
48	97	128	48	61	119
123	174	39	86	46	129
109	62	134	174	49	43
26	177	54	102	162	93
124	183	106	170	79	184
64	69	33	53	135	189
155	41	169	96	141	152
179	161	77	41	50	26
168	78	189	118	114	164
75	139	85	45	55	96
122	112	141	75	191	79
33	146	77	129	78	25
180	113	177	182	24	124
45	138	123	21	68	170
200	60	57	176	115	151
74	54	125	69	93	136
134	148	111	121	52	162
98	196	135	170	26	36
119	133	73	167	154	113
150	123	175	35	76	32
150	140	84	148	35	147
128	167	124	189	180	199
182	26	128	30	86	183
50	31	22	123	27	69
100	32	146	162	199	133
74	101	90	77	64	165
176	90	186	135	151	165
76	127	88	187	95	183
179	48	142	27	172	174
170	40	34	97	178	21
28	29	171	154	133	128
173	164	158	136	75	43
193	103	35	47	106	149
159	117	156	183	193	195
33	102	33	162	166	34
131	95	153	38	67	93
23	182	153	163	87	86
181	77	31	153	197	76
140	167	197	123	47	179
113	56	139	134	46	26
87	23	135	162	42	79
137	72	125	153	179	89
25	141	39	24	127	75
180	75	112	76	156	95
86	103	21	101	167	127
147	168	146	24	177	47
94	140	109	128	59	181
127	158	164	97	177	111
65	196	152	161	111	163
48	196	63	120	135	110
130	167	97	80	173	53
88	184	192	54	106	140
43	135	91	182	189	112
121	21	163	42	189	25
184	29	84	185	149	82
100	41	140	29	138	41
179	63	26	28	49	51
79	188	31	62	90	62
147	89	56	200	95	110
124	68	189	88	197	102
189	195	61	56	83	153
94	124	98	200	32	108
184	135	163	87	48	167
88	169	56	106	107	70
143	139	48	132	161	124
106	149	134	139	148	65
156	195	174	66	139	98
181	115	26	138	199	179
177	94	158	97	45	199
184	33	137	51	51	51
176	38	71	159	59	97
125	192	178	191	61	45
140	74	130	94	188	130
40	72	33	52	192	26
65	160	107	157	61	169
52	116	193	65	78	133
109	128	163	84	81	86
113	61	131	124	114	108
88	79	178	132	111	146
183	166	131	192	176	113
62	91	106	189	46	33
55	197	58	130	42	132
150	146	144	70	69	155
124	69	141	109	187	67
189	34	121	30	155	123
97	178	40	191	196	127
119	52	147	159	115	154
197	55	60	93	74	46
68	121	196	130	181	76
58	134	129	185	154	151
93	86	172	83	151	74
168	71	52	72	127	186
67	67	86	184	37	21
102	146	120	40	115	102
175	149	194	130	70	145
159	90	44	50	100	157
172	150	98	136	128	30
200	23	157	133	51	175
158	167	72	189	60	26
119	196	164	126	96	48
86	66	69	29	181	127
160	144	26	144	88	48
53	195	100	178	76	69
133	28	160	166	35	29
167	91	197	24	62	119
112	120	175	78	142	82
108	131	126	139	156	66
174	58	99	120	68	50
194	131	167	93	152	38
151	30	105	148	46	28
194	200	60	157	172	36
108	93	124	64	121	121
136	144	115	39	65	196
36	194	131	198	121	71
52	47	164	59	74	77
64	177	83	107	116	56
114	67	184	121	148	149
116	30	47	38	198	180
71	177	33	33	87	169
135	162	123	144	119	73
123	99	178	196	106	86
74	123	137	37	92	37
104	100	50	27	79	55
146	92	107	194	155	93
116	49	138	121	193	82
54	138	191	74	36	129
191	75	21	97	196	180
72	87	173	140	88	120
47	105	183	101	44	177
53	90	139	63	157	187
22	164	126	51	54	82
115	53	185	63	38	181
193	174	137	74	66	163
105	45	117	40	142	62
33	198	91	185	189	84
175	62	98	156	58	155
115	147	124	200	123	196
79	184	114	137	172	185
41	49	141	80	79	79
149	62	157	35	51	95
96	58	190	28	35	88
150	183	86	155	137	63
77	194	111	165	125	79
32	199	153	87	41	50
151	158	89	163	39	184
87	37	63	30	138	117
99	70	97	162	179	139
154	88	58	87	38	161
120	46	102	180	37	184
69	105	168	109	145	129
154	106	141	51	171	174
63	21	66	22	86	93
182	63	116	161	74	195
177	58	159	33	47	63
156	50	166	157	97	41
49	50	171	188	152	63
200	32	94	157	98	152
49	190	84	75	136	73
48	160	132	155	116	112
121	88	88	50	150	188
26	199	172	121	195	192
162	114	169	143	50	122
53	71	178	178	178	111
127	131	129	102	65	57
187	120	61	171	96	144
82	168	171	73	84	22
21	89	163	152	87	153
191	119	126	81	148	187
79	73	71	53	169	140
139	150	76	104	106	89
170	73	160	184	179	187
194	102	36	179	178	53
161	27	157	45	93	104
175	96	199	33	150	69
172	108	170	152	84	49
121	198	99	174	67	147
147	36	41	100	70	181
43	122	85	178	141	64
159	87	57	59	111	119
60	76	191	42	190	161
95	69	178	194	174	161
171	88	174	169	182	86
157	69	49	37	171	37
90	51	26	163	128	139
184	197	60	120	117	55
162	162	24	112	147	48
86	156	187	102	172	168
197	92	108	112	200	188
160	43	96	126	178	149
126	152	67	125	148	169
42	150	25	108	131	189
35	89	192	58	156	24
189	56	32	99	98	172
41	184	185	122	162	170
88	59	179	113	89	89
84	192	74	50	84	106
108	54	175	127	103	29
50	134	118	46	130	185
159	97	158	133	32	160
59	127	32	27	174	51
43	164	26	136	196	39
162	115	158	28	177	38
67	95	165	83	163	75
133	190	156	138	71	88
171	37	22	62	116	165
145	187	109	111	162	168
117	172	147	102	166	45
139	94	180	107	59	164
55	24	45	72	156	52
70	137	102	122	116	47
41	163	92	75	38	137
53	175	96	35	68	69
97	66	121	184	194	119
127	191	144	62	91	43
142	84	143	66	171	80
128	44	180	111	108	91
156	74	136	48	88	149
51	64	51	97	200	38
149	153	108	94	82	192
62	112	102	47	25	52
41	108	152	50	179	30
156	136	83	42	93	99
24	69	121	99	155	58
62	199	119	44	181	111
166	150	35	197	96	48
92	129	63	169	160	30
55	198	120	156	86	70
123	93	179	154	55	23
174	192	161	190	184	83
138	128	76	94	68	115
155	75	69	124	63	47
188	160	200	134	40	77
30	81	153	189	132	126
134	29	86	108	109	89
89	33	42	26	62	138
23	55	185	53	132	25
84	171	115	107	71	169
186	39	162	64	81	38
87	85	185	64	113	76
53	84	169	89	126	89
142	103	117	93	117	189
83	108	90	159	39	46
103	134	31	124	194	74
105	185	158	133	116	87
157	143	171	53	65	182
51	128	176	145	139	71
91	79	53	81	82	40
86	36	167	62	29	52
200	118	180	77	24	175
126	175	37	172	52	137
158	27	70	180	133	112
58	76	158	82	54	27
120	200	178	59	154	50
100	165	29	187	40	178
44	151	62	116	101	59
122	187	72	36	84	71
162	131	138	77	46	135
121	159	164	89	155	125
39	199	150	174	84	64
30	125	111	196	100	181
180	173	108	88	134	73
62	38	28	94	78	93
49	68	105	21	51	70
190	75	101	148	173	112
45	112	125	193	174	139
155	159	119	52	121	125
72	146	135	170	159	169
56	190	106	136	157	85
169	24	46	131	109	99
73	171	110	94	71	62
120	61	133	159	103	54
200	194	83	26	166	94
159	165	181	115	165	57
61	52	156	47	132	123
188	42	153	135	187	150
197	90	136	199	64	158
82	95	118	175	144	21
25	85	89	134	184	111
46	118	122	123	177	163
172	179	50	127	79	74
78	40	41	53	53	102
192	68	162	35	174	102
95	189	164	32	112	183
46	90	27	63	61	66
165	127	81	157	159	101
176	35	128	197	127	128
161	100	24	41	169	161
63	85	25	166	160	182
196	25	150	96	64	69
63	180	151	129	85	52
131	194	147	135	96	163
105	72	59	186	81	29
155	59	91	124	23	56
61	124	168	141	48	145
84	178	115	87	31	100
69	67	129	55	173	183
114	75	122	167	139	196
58	196	169	65	82	177
110	104	141	171	57	32
173	77	156	197	128	57
136	130	44	186	190	37
153	121	78	100	78	176
146	29	71	187	96	128
132	75	190	65	65	161
55	25	86	120	117	99
116	61	108	122	54	34
160	161	111	41	194	29
174	56	78	148	87	199
111	65	23	133	80	127
36	22	69	36	86	174
156	85	87	100	40	171
182	53	50	83	45	144
45	172	24	39	60	63
112	34	111	51	142	40
158	171	48	192	152	111
58	57	84	72	52	155
48	76	175	117	192	63
46	170	166	22	148	147
101	123	108	83	123	55
35	136	169	86	121	195
39	48	114	148	153	165
112	92	151	157	197	53
58	161	61	39	94	77
76	99	100	23	43	168
135	184	46	137	88	21
88	94	103	95	84	49
148	70	118	194	104	134
185	77	185	29	24	196
99	154	117	67	74	193
177	132	60	142	81	121
82	116	96	72	179	173
154	108	198	173	63	143
82	44	65	197	38	141
144	39	105	139	116	100
50	107	41	194	175	56
93	45	160	122	140	159
132	125	81	37	73	90
73	191	173	168	157	58
200	192	64	121	76	131
98	90	53	197	155	90
132	80	94	99	57	100
144	148	146	72	139	45
179	32	120	165	146	155
50	119	141	128	127	123
56	200	175	131	78	112
123	70	139	187	103	109
191	51	139	65	169	200
166	84	164	158	162	58
84	166	121	153	59	162
57	170	22	148	31	95
33	58	143	177	200	28
32	142	34	180	175	161
190	36	79	114	112	51
188	73	59	54	69	119
70	65	123	158	194	176
146	66	126	60	89	136
33	162	142	24	151	135
66	197	126	108	99	133
89	24	77	182	185	73
37	129	108	80	62	86
148	186	23	130	149	22
131	190	66	122	60	126
166	175	32	167	158	154
88	176	163	148	195	182
109	93	135	94	71	147
30	185	101	28	75	48
141	169	41	106	139	34
59	155	50	41	81	60
118	67	101	62	145	125
25	29	108	176	137	74
149	30	180	151	134	189
147	127	197	152	51	179
25	127	123	101	100	98
66	155	119	143	55	97
194	95	95	178	137	117
170	23	68	131	88	176
118	112	56	186	83	155
26	39	127	54	137	23
112	42	67	103	72	96
76	73	108	49	43	49
172	190	145	164	190	176
112	152	121	124	23	67
144	193	175	67	49	172
190	53	190	89	163	69
62	160	21	120	152	45
100	99	181	197	147	164
58	187	167	106	94	84
192	171	47	190	93	108
168	161	123	139	181	53
150	112	44	141	153	76
136	129	100	183	120	40
191	149	59	78	138	127
71	136	98	182	149	161
155	185	185	148	192	132
198	188	96	113	31	63
106	56	55	87	145	101
48	80	94	133	67	111
185	99	84	196	164	153
40	84	181	23	149	192
64	123	131	82	86	128
94	122	167	146	113	63
137	27	73	146	172	147
30	160	140	122	44	52
21	90	140	144	62	74
81	121	144	184	146	80
114	66	162	120	154	110
68	50	168	165	30	61
124	167	99	108	128	128
76	85	118	43	43	110
149	76	55	49	93	146
122	126	49	179	33	63
32	114	150	39	181	187
179	187	114	109	75	137
173	28	101	124	169	105
91	74	44	27	89	177
130	89	40	94	161	43
74	85	43	27	98	82
119	118	60	159	136	55
21	129	131	170	129	40
42	169	47	90	55	35
139	110	136	74	99	57
69	162	198	123	46	30
104	70	43	105	166	24
176	113	170	166	151	191
39	24	126	160	158	57
179	104	32	88	65	117
146	21	157	159	137	35
59	23	151	85	161	115
193	168	26	148	86	112
57	144	147	90	98	83
60	50	165	96	108	138
199	75	144	129	125	183
92	126	145	44	54	107
69	43	141	65	24	64
78	126	178	62	171	163
195	83	159	117	171	198
191	107	134	96	52	55
126	196	49	29	58	102
32	131	48	111	108	97
81	81	147	68	55	127
165	157	34	197	58	128
26	52	189	182	104	114
87	40	44	177	137	98
87	105	33	143	127	142
181	139	82	113	194	180
55	186	175	76	85	177
189	109	96	84	118	154
150	36	141	72	24	45
173	36	122	143	57	150
49	171	156	88	68	122
26	110	150	154	117	32
131	74	193	177	192	169
119	188	158	51	50	21
92	150	182	159	160	88
102	186	52	26	176	102
131	192	21	94	147	173
48	139	126	174	179	130
165	140	100	130	89	161
53	66	139	175	42	128
38	123	71	60	107	97
200	181	149	156	22	113
35	178	51	191	191	126
172	134	160	106	176	29
118	25	113	125	62	84
109	176	110	64	126	78
140	32	151	190	164	51
189	133	150	171	165	117
58	198	90	135	29	142
38	196	175	180	86	50
30	72	190	131	22	76
68	190	33	158	98	79
152	169	46	153	193	112
34	23	195	144	182	87
104	45	157	170	64	177
143	36	85	163	50	81
157	30	190	114	193	184
144	78	134	120	123	195
156	138	96	93	100	131
149	173	170	144	124	195
82	21	96	24	134	169
161	180	125	108	73	101
133	198	193	166	30	39
151	57	81	25	59	124
194	52	37	185	167	99
122	188	151	74	98	94
115	147	147	117	110	35
65	155	79	89	36	180
62	118	172	77	86	34
160	32	59	49	100	86
140	103	185	139	185	24
184	70	36	182	46	70
91	100	91	101	170	26
195	25	95	81	174	196
119	156	58	69	149	180
165	152	104	30	186	176
60	133	177	84	34	102
123	113	46	118	61	169
25	185	159	164	133	173
67	116	101	36	76	93
46	168	186	116	179	24
56	119	188	132	126	78
96	44	77	94	21	142
192	198	146	60	102	142
80	133	74	22	157	35
66	62	34	165	151	101
61	162	170	131	37	36
105	161	62	145	22	49
150	30	83	62	156	52
46	189	194	92	149	137
100	84	154	130	24	130
51	68	25	70	167	184
59	79	199	143	89	163
26	65	57	29	132	119
25	192	144	63	122	164
157	77	176	192	186	198
109	56	148	152	60	57
159	114	121	83	61	22
73	180	27	86	141	24
31	145	77	55	129	167
79	180	194	93	156	102
145	89	141	179	142	190
83	81	165	128	53	133
88	79	51	171	177	195
115	28	70	84	133	140
69	106	112	128	47	88
30	128	71	142	200	21
148	119	36	139	80	153
162	147	82	171	154	130
86	145	70	183	139	36
23	34	85	26	74	126
30	115	33	102	44	164
188	30	67	155	136	176
134	25	190	67	43	54
168	161	113	119	143	71
164	139	100	36	124	142
56	134	172	134	198	157
125	193	27	118	143	142
36	154	158	126	193	165
102	34	170	64	178	65
54	127	142	169	65	200
143	191	123	192	97	38
117	66	144	92	54	122
49	33	80	112	185	72
27	141	130	56	158	101
147	169	71	168	31	132
75	75	169	100	190	171
60	153	113	53	173	145
182	139	57	116	188	33
55	199	162	148	49	141
118	199	186	70	148	150
179	82	104	56	82	148
40	194	91	66	148	39
82	91	122	190	97	31
119	23	104	21	32	75
130	132	186	67	84	167
144	193	159	24	193	142
25	30	58	191	96	78
78	154	71	80	127	53
169	24	50	46	82	185
29	116	72	46	190	49
195	96	22	138	44	122
106	113	73	74	142	44
160	190	58	64	72	193
73	183	114	182	91	182
118	118	113	123	128	75
65	178	113	174	166	176
113	115	64	72	41	179
107	63	65	41	151	143
200	33	94	51	50	122
132	102	189	51	45	25
196	166	122	87	177	100
114	58	169	123	200	106
84	69	171	138	61	44
102	179	96	135	178	21
195	29	178	122	51	130
167	140	67	175	169	150
105	58	184	87	106	200
175	49	104	64	119	113
175	194	188	170	148	76
58	155	88	82	116	87
55	101	111	25	39	57
61	174	176	197	63	105
93	38	63	159	61	50
98	160	58	106	85	41
41	46	90	106	58	188
171	131	31	28	200	57
126	98	122	24	138	95
133	172	197	159	139	58
115	120	111	91	50	169
156	50	26	57	52	78
187	122	112	161	175	33
96	165	197	101	40	63
87	85	54	157	79	26
98	72	136	190	50	85
23	63	187	182	130	186
123	139	49	33	29	194
76	177	90	80	97	125
45	56	32	170	90	97
69	41	32	50	183	102
175	134	57	184	129	172
86	72	143	194	198	132
33	95	156	166	43	131
60	117	30	93	188	53
49	192	85	156	167	168
67	147	99	176	197	170
167	43	57	24	199	30
69	53	48	147	69	54
126	154	179	130	132	26
37	126	161	91	191	75
114	139	178	103	56	112
73	151	93	57	81	51
132	168	127	46	104	22
174	23	84	190	140	120
37	27	182	188	52	116
147	39	112	154	42	31
43	180	76	160	145	163
43	163	128	163	104	158
73	199	114	41	33	86
179	139	80	53	136	134
195	160	99	161	123	138
188	154	159	177	193	96
60	72	71	44	132	139
25	128	176	112	155	135
141	46	127	128	119	136
192	94	175	111	174	199
164	188	163	26	34	124
71	156	68	63	183	120
125	47	189	200	112	120
148	169	44	24	120	66
126	46	200	188	163	138
116	88	79	51	106	191
175	159	168	123	82	22
60	149	58	101	194	28
27	27	31	111	100	41
78	105	90	124	102	196
146	145	50	128	37	120
194	77	148	65	59	68
151	81	95	165	150	34
161	122	158	21	162	112
79	96	33	131	188	66
59	175	32	120	162	127
69	46	115	199	154	57
73	64	146	136	117	70
22	36	38	151	141	159
110	110	65	104	157	46
84	82	159	112	161	158
34	85	93	34	107	108
170	173	164	44	24	133
166	79	107	86	49	101
168	151	188	69	40	152
103	151	194	112	88	64
150	164	62	84	107	110
99	104	106	184	48	89
122	73	55	106	141	178
39	74	164	44	166	185
184	101	121	192	153	183
47	163	134	102	179	121
138	65	91	95	145	60
21	64	97	127	69	104
98	60	61	126	188	32
126	98	153	90	198	175
39	42	54	57	68	44
121	41	79	101	92	39
47	32	60	75	52	124
101	108	120	61	151	142
60	184	119	184	198	98
78	182	182	86	44	166
24	177	134	178	70	141
176	91	99	45	92	126
108	199	197	129	24	61
157	189	82	52	32	199
170	52	115	138	47	112
106	27	54	110	189	66
88	192	45	38	182	155
24	69	154	197	151	47
44	141	99	136	85	24
109	55	113	149	187	27
107	109	170	58	23	53
198	122	175	91	185	122
165	135	101	157	147	198
104	59	96	22	38	137
146	178	187	114	135	76
113	31	158	128	134	194
98	81	60	31	188	92
50	132	114	69	168	180
193	45	124	81	120	51
103	57	104	172	74	47
163	111	26	125	84	199
182	56	35	111	135	200
100	114	155	60	163	24
128	49	92	41	102	37
79	40	40	34	124	73
111	41	102	162	142	23
49	61	47	82	140	45
89	51	79	168	131	94
57	81	114	58	110	168
114	165	103	165	22	139
199	70	155	51	149	179
165	51	185	44	176	156
130	170	42	105	105	158
174	131	143	164	200	37
132	114	152	193	128	125
39	116	102	191	146	177
81	182	193	111	72	46
135	76	148	97	76	31
174	46	191	127	178	105
46	134	126	157	177	109
119	64	56	68	168	155
95	41	32	69	124	94
28	104	160	101	135	127
181	165	181	102	155	95
132	158	37	193	47	57
64	41	145	188	167	86
105	76	93	97	196	190
37	165	74	176	163	174
175	24	40	145	57	193
28	93	111	150	149	140
170	188	38	179	120	172
146	28	52	124	23	36
110	40	37	106	169	26
68	32	163	64	167	183
55	107	37	52	176	70
197	87	178	102	144	30
198	175	131	38	175	44
43	133	67	102	158	181
126	157	94	24	81	169
183	133	183	123	80	188
58	78	82	155	97	143
122	92	195	33	52	146
40	176	175	170	138	80
136	172	68	137	120	148
155	90	30	67	163	101
75	21	141	36	111	114
43	131	130	139	118	184
55	171	124	169	93	191
132	37	149	55	137	72
173	130	164	107	148	51
125	136	85	57	44	191
133	119	84	108	76	98
68	181	194	197	95	37
174	23	56	68	124	168
42	141	67	113	79	197
64	100	24	80	132	174
102	30	141	27	97	24
79	79	111	63	180	27
182	137	29	168	181	163
161	77	147	83	71	31
110	117	115	136	190	107
34	80	105	22	136	64
75	70	173	24	37	28
174	155	196	113	135	193
157	119	114	154	101	101
191	70	185	51	99	200
199	54	51	100	62	150
129	50	155	170	165	135
143	101	100	38	26	157
45	131	104	33	22	127
117	32	176	173	171	50
171	74	64	141	120	172
149	140	28	179	87	57
165	145	199	33	131	92
35	153	180	81	147	130
57	159	73	65	193	177
188	134	25	25	123	76
60	48	108	51	51	104
144	102	195	128	78	109
176	78	27	65	148	197
99	139	94	195	108	45
137	122	109	84	103	94
32	29	87	167	104	104
114	127	102	30	42	187
49	107	157	115	58	42
115	41	24	55	103	124
53	50	142	182	141	50
124	33	94	174	159	22
57	102	24	187	193	179
74	26	25	167	154	31
128	163	85	23	72	150
52	169	23	196	166	72
194	200	186	187	65	80
161	72	77	197	96	39
139	25	159	135	93	167
183	184	120	71	199	69
77	109	68	48	189	25
80	66	198	134	21	65
120	41	174	109	178	140
114	171	54	103	175	81
136	101	88	82	92	38
174	47	30	88	103	140
139	148	180	171	196	192
31	38	78	197	167	124
156	55	41	83	200	66
143	124	98	76	80	167
132	74	23	154	106	73
128	133	116	155	67	143
96	92	69	23	156	144
194	141	36	33	63	133
49	23	22	114	125	143
164	130	154	66	97	112
121	92	77	195	21	186
43	35	133	157	88	35
166	129	122	72	58	197
89	100	41	37	182	73
74	139	117	102	40	151
199	146	117	64	127	72
127	90	97	78	111	167
83	32	136	63	55	75
63	144	61	32	99	192
63	133	90	140	114	176
133	92	66	36	23	83
92	24	188	145	137	155
28	49	127	183	71	118
125	131	44	84	52	107
192	146	120	121	123	192
100	174	29	21	131	150
25	39	107	180	24	149
70	169	182	140	99	43
198	108	177	96	162	196
165	63	199	157	87	157
171	126	172	103	200	141
158	117	194	26	150	200
44	123	74	194	152	178
76	88	152	29	69	73
94	195	181	128	61	89
172	163	110	58	21	70
29	187	21	95	100	107
28	161	66	77	176	40
159	123	29	95	78	155
38	25	43	90	104	123
166	107	162	190	156	138
102	113	159	109	170	61
127	133	62	136	68	40
127	132	129	46	57	90
88	174	40	66	106	167
159	134	141	187	95	54
71	150	73	93	137	142
95	46	155	137	107	124
35	142	112	22	118	121
74	141	55	32	75	139
35	175	129	124	141	47
185	46	144	48	47	24
177	84	171	196	50	86
181	65	186	41	143	139
184	56	113	24	169	112
41	99	188	106	143	39
169	66	147	190	79	142
123	52	196	132	137	36
105	71	27	136	199	183
199	166	114	42	58	110
176	112	150	180	172	119
167	175	151	159	59	179
78	45	187	81	132	177
118	22	186	102	179	160
90	50	199	116	154	200
158	141	166	24	106	59
56	126	100	111	86	62
175	114	63	163	93	92
22	166	157	112	109	24
39	79	24	37	182	37
199	138	27	32	79	85
131	157	130	64	104	190
198	75	142	24	50	77
150	180	194	125	130	166
163	125	163	105	58	30
116	172	116	79	50	26
120	22	70	139	102	198
47	170	75	104	169	76
137	77	120	44	123	109
100	134	101	141	155	115
146	136	76	104	31	162
146	28	26	154	163	167
132	127	128	52	65	149
163	28	36	182	69	32
117	200	24	178	112	23
31	95	144	107	164	164
62	53	86	93	185	138
171	95	150	114	51	177
200	42	126	62	82	153
98	135	171	79	47	58
112	118	135	126	23	135
187	51	175	143	31	132
37	118	157	47	142	152
80	80	57	80	155	173
122	37	53	59	69	168
165	174	64	136	142	186
58	123	77	122	131	200
173	90	185	162	111	130
131	101	123	122	137	129
109	70	102	79	200	49
44	180	190	30	109	100
113	67	31	68	114	132
66	58	184	163	107	66
138	95	113	169	78	49
57	53	185	94	100	108
100	95	81	157	169	55
135	109	193	43	119	113
124	156	96	71	131	139
158	197	38	130	58	91
56	59	36	128	165	87
82	63	163	24	24	163
63	148	85	53	137	195
121	195	146	196	39	78
154	179	50	121	106	43
56	102	57	198	158	139
181	77	135	132	72	158
73	97	200	115	163	30
163	180	68	195	22	184
127	153	118	42	64	181
105	74	76	148	55	87
90	139	167	47	197	101
130	100	115	107	46	102
104	29	24	36	122	63
56	143	73	171	65	112
117	189	174	193	91	69
151	64	147	23	89	118
136	178	51	84	94	93
156	112	24	91	181	158
99	138	112	148	77	57
147	118	45	184	22	152
167	196	96	155	28	151
38	60	171	45	89	159
126	127	64	104	134	156
161	24	64	178	158	84
85	120	148	100	140	24
120	24	47	77	136	35
106	187	182	27	68	129
176	160	56	89	94	77
84	31	140	177	66	85
113	198	101	124	33	137
114	70	199	172	164	82
121	58	156	71	179	32
99	83	86	163	162	51
107	76	101	116	145	94
33	71	126	30	157	189
86	49	31	109	41	60
107	129	33	28	88	142
88	179	188	155	25	163
153	59	120	197	107	94
123	129	186	136	136	163
82	81	165	73	37	145
33	94	200	38	111	25
72	104	80	162	94	52
118	56	176	197	180	105
46	200	91	140	163	70
140	125	57	177	49	87
94	125	49	135	101	101
48	135	113	94	83	135
115	106	131	148	146	42
188	144	76	82	78	152
80	168	157	193	22	188
116	114	167	100	97	152
58	130	44	177	121	36
72	186	70	197	94	158
22	86	182	48	86	49
97	24	94	116	82	186
163	95	77	198	33	101
191	188	26	36	140	55
111	119	109	79	40	99
71	43	184	62	93	167
84	164	31	60	90	141
39	190	186	57	35	140
119	121	146	151	98	162
115	97	126	177	25	119
182	26	131	75	146	163
34	43	179	32	22	21
36	50	56	68	49	105
147	178	125	138	82	128
190	77	59	114	189	168
116	100	99	31	60	44
163	58	163	94	178	118
152	32	189	143	70	38
162	147	130	200	194	66
165	51	106	23	109	186
46	85	109	145	185	181
152	145	70	183	31	48
46	93	29	27	131	137
39	188	55	30	35	199
56	67	192	163	68	85
145	140	39	115	53	23
76	175	153	39	28	195
181	96	62	104	105	62
104	101	169	121	152	96
70	138	22	65	59	162
172	99	193	97	141	180
62	67	28	66	128	50
138	24	109	147	195	113
23	26	64	196	102	134
68	130	151	149	49	97
88	134	184	162	104	139
153	105	65	169	165	191
151	41	132	62	34	21
99	190	104	79	58	186
21	31	178	130	58	101
84	88	198	115	37	168
32	67	128	58	140	93
116	100	85	96	156	86
101	64	84	98	149	120
196	71	43	30	171	127
44	130	95	26	140	34
113	21	198	108	127	133
101	192	22	97	76	193
40	90	160	155	186	41
95	56	106	77	112	156
152	118	59	195	85	84
69	58	91	196	91	109
51	51	103	83	155	145
114	151	141	123	136	197
136	123	178	84	191	170
68	187	63	115	143	182
89	96	169	59	111	83
194	166	118	75	154	171
57	125	75	49	38	45
137	177	176	138	101	95
117	135	104	78	172	48
189	128	31	34	62	111
88	99	152	106	160	39
72	79	89	27	90	169
32	85	105	196	76	175
186	73	63	21	129	108
137	89	149	195	86	172
109	160	145	123	62	91
102	27	43	37	125	196
71	165	42	64	118	104
98	146	158	198	137	118
49	136	122	39	45	60
196	147	108	35	131	190
24	101	64	95	93	160
188	59	135	177	110	22
26	61	193	53	89	179
129	35	107	34	71	145
126	158	130	28	26	71
40	192	164	182	24	29
171	85	86	136	80	99
69	165	156	172	107	149
85	146	89	150	60	133
199	94	128	156	143	66
46	167	33	162	127	101
143	41	36	91	119	179
196	44	65	34	36	131
140	171	63	112	126	137
34	113	112	26	30	196
123	182	74	157	37	114
173	56	184	90	130	123
29	111	37	95	140	124
144	21	68	149	127	155
141	104	161	199	142	119
108	67	153	76	67	190
40	179	173	137	139	64
80	126	146	25	126	186
169	71	96	158	35	93
72	28	134	167	55	127
42	130	183	195	164	191
90	86	155	95	125	138
142	187	196	142	88	196
114	26	45	46	84	189
124	38	134	87	22	135
26	52	174	63	99	92
55	173	151	167	46	153
54	139	157	171	82	91
185	62	156	161	200	147
79	55	149	139	179	138
168	50	102	115	119	108
66	46	29	82	38	89
78	190	54	29	100	157
69	35	180	72	69	94
195	174	126	34	76	71
151	157	60	88	95	175
55	110	125	182	198	40
163	167	140	32	165	98
100	25	74	54	89	128
56	190	169	167	147	73
171	160	108	77	57	128
178	84	108	68	149	140
32	73	154	98	115	83
88	160	163	21	107	61
106	124	85	27	136	192
127	135	82	152	118	197
39	94	80	126	113	91
97	187	119	99	111	83
170	97	176	116	138	191
191	27	74	138	44	194
110	64	196	189	123	192
137	93	163	73	53	78
119	97	72	78	138	43
186	57	77	21	61	93
179	172	194	176	108	134
79	172	60	129	155	167
39	129	151	192	146	82
106	200	23	154	53	117
32	123	100	129	115	125
44	127	114	75	124	48
97	73	185	105	140	41
199	189	93	101	49	68
193	38	95	151	137	67
43	128	191	128	44	29
66	105	99	45	28	51
56	93	33	31	42	173
115	52	42	137	175	53
54	80	199	135	85	126
157	181	176	90	193	68
170	166	71	194	22	65
164	57	88	100	192	158
43	132	133	70	92	65
35	94	63	163	99	104
41	111	52	156	116	86
136	162	44	148	110	177
96	43	125	179	156	169
107	111	55	152	196	165
156	184	131	103	178	118
188	22	183	42	190	113
37	104	79	108	144	23
76	42	64	155	87	165
64	33	22	73	181	50
155	138	132	114	99	185
33	109	118	195	144	56
45	182	24	187	99	102
69	141	153	72	76	103
183	127	196	175	37	151
144	139	89	161	27	77
43	105	111	79	62	180
31	122	108	75	158	60
103	92	164	64	149	50
130	179	115	163	105	188
101	110	83	170	185	128
111	65	94	56	185	66
92	128	77	75	117	130
68	195	82	123	179	99
132	145	68	63	137	94
90	39	138	54	84	30
137	154	165	44	55	27
78	66	47	135	54	105
37	148	124	140	106	125
99	62	172	139	111	174
109	68	157	198	107	45
96	72	185	85	113	190
75	133	173	197	170	168
39	82	145	106	59	120
192	147	147	124	116	66
109	155	195	65	129	143
139	192	182	107	198	134
45	111	182	171	24	29
43	117	92	144	27	193
112	66	120	115	120	144
125	95	178	186	85	96
53	96	145	140	66	151
41	91	123	111	54	164
75	134	160	94	67	165
46	21	148	86	86	99
182	34	78	135	110	39
78	111	101	134	112	143
71	101	113	78	136	118
158	191	174	63	155	114
25	57	162	29	37	143
67	77	84	97	164	198
53	118	177	29	156	99
154	123	56	164	199	62
162	88	141	111	128	94
30	199	187	125	109	57
29	138	142	113	171	123
190	100	191	179	77	85
53	98	24	36	109	119
186	92	40	98	162	60
157	69	194	160	25	174
116	70	177	111	109	172
154	53	125	70	57	25
177	99	40	98	31	197
53	63	90	122	115	137
44	130	128	112	163	25
174	163	130	170	51	32
53	143	67	32	103	181
21	44	96	121	123	177
46	68	191	186	154	97
122	121	115	136	111	26
87	197	68	56	96	154
194	60	116	139	142	88
32	76	24	163	65	33
175	33	88	74	54	58
118	44	27	96	107	198
145	66	65	123	22	57
75	160	153	60	169	178
93	133	57	100	112	46
153	68	130	147	57	154
109	158	166	99	166	179
98	29	58	195	49	104
28	38	198	171	143	96
28	70	124	148	191	59
187	136	42	160	121	112
118	135	164	138	186	22
77	34	156	60	24	66
61	174	126	175	106	186
182	145	144	57	199	169
165	36	74	54	80	100
91	167	85	174	131	83
155	39	163	198	71	97
95	73	51	41	36	53
172	31	142	187	147	40
54	65	63	53	177	192
96	127	71	172	82	128
75	192	200	54	43	81
168	50	112	33	86	116
94	101	93	27	191	49
72	169	182	118	138	165
134	170	192	44	104	26
133	59	179	159	134	156
31	61	167	30	74	164
106	102	118	78	163	77
173	59	23	37	173	33
166	68	163	98	112	22
67	91	30	43	86	86
168	193	184	26	89	189
166	156	45	122	51	66
93	85	71	55	48	24
121	60	54	36	175	32
92	189	106	132	171	147
145	164	39	118	145	179
84	200	43	51	177	113
68	37	150	87	106	53
167	65	142	103	149	167
151	102	181	76	57	184
66	42	95	60	196	59
37	115	83	41	33	93
55	57	79	121	90	79
88	175	197	186	37	187
174	105	108	112	124	103
72	159	56	67	189	144
33	65	183	84	165	192
145	120	184	119	138	120
48	142	137	169	77	128
190	60	146	98	187	38
122	45	97	32	141	110
31	99	37	142	167	189
146	28	60	138	184	61
137	46	142	40	176	97
146	111	46	170	62	165
21	39	116	169	115	141
29	25	105	41	71	126
51	65	161	126	67	128
143	56	95	134	106	92
165	50	127	118	149	32
145	151	142	92	68	27
118	175	68	145	56	124
156	108	23	67	88	36
37	179	127	163	85	98
71	132	74	183	95	72
85	45	126	64	79	165
175	88	154	185	152	92
73	32	74	62	175	74
162	155	191	103	94	29
44	41	51	45	133	146
126	86	121	107	52	26
25	122	180	41	41	104
37	200	131	35	87	35
65	152	143	28	24	91
34	195	79	165	152	49
149	186	39	137	140	164
165	108	153	108	101	196
130	99	52	169	183	151
71	123	188	32	29	87
49	128	110	48	78	178
132	86	84	124	22	138
157	68	128	168	38	30
46	105	81	103	69	181
169	29	166	129	144	188
63	196	114	47	85	174
61	198	93	102	34	68
41	120	155	158	154	181
84	114	143	45	90	40
130	66	32	138	94	121
109	173	70	180	141	85
135	111	181	66	176	79
81	87	185	184	127	150
64	151	159	79	79	141
87	165	37	93	114	194
155	193	161	147	161	187
112	154	126	21	195	167
180	126	79	62	55	154
172	148	156	36	173	152
120	79	113	45	195	96
127	197	185	103	154	110
187	182	45	133	151	88
171	180	190	124	175	38
181	119	60	108	25	108
89	125	52	67	174	157
151	91	118	127	130	68
64	166	143	44	71	164
126	46	163	182	123	140
137	191	185	42	64	75
59	37	56	78	183	195
71	81	132	160	68	129
128	196	166	147	71	47
26	77	152	90	149	143
182	153	96	84	90	158
32	182	144	133	157	23
93	151	33	102	146	26
105	70	91	64	75	100
188	124	150	123	62	144
111	66	133	94	151	37
139	161	155	64	64	133
87	129	53	65	29	127
47	43	102	96	88	75
190	140	174	125	73	44
200	129	27	178	116	119
92	168	35	197	145	106
98	45	36	72	97	45
97	177	130	46	108	111
81	154	134	31	108	173
190	110	143	78	134	43
150	198	96	29	106	98
124	146	193	99	163	46
159	195	122	40	35	186
176	33	62	172	108	177
111	98	63	130	34	79
87	89	127	165	173	61
176	174	64	76	175	110
47	39	58	93	76	84
44	90	147	104	41	120
52	172	173	97	30	154
40	107	107	28	178	158
62	30	24	149	116	135
86	22	167	118	135	131
123	111	80	22	77	43
200	80	87	89	193	28
193	66	29	178	95	87
49	73	134	74	144	187
68	46	161	72	82	79
128	161	163	97	166	75
93	191	129	133	193	61
145	86	76	93	93	119
115	158	153	96	121	53
182	135	81	195	28	34
116	117	182	104	131	110
88	170	168	130	51	145
161	57	88	37	48	64
40	105	124	109	140	26
192	102	197	96	135	22
25	184	86	195	123	42
124	41	100	33	22	157
40	58	110	113	132	154
151	53	170	79	169	75
31	97	128	133	160	150
108	34	95	142	26	102
189	43	149	51	58	103
76	148	85	109	55	59
124	185	82	86	189	170
96	151	61	192	82	42
151	165	155	53	104	89
120	154	158	82	162	37
23	145	118	107	60	183
127	53	47	114	134	66
183	91	49	44	77	154
50	138	171	128	154	170
58	78	175	115	150	99
112	76	163	123	159	74
87	92	70	42	143	152
56	135	155	189	41	120
33	155	100	143	81	179
197	77	184	102	99	180
32	179	172	34	31	142
69	36	137	173	60	80
75	161	80	53	133	71
82	190	35	60	66	104
156	182	31	117	123	139
138	114	21	113	109	149
190	132	63	189	49	120
114	188	82	92	187	90
55	96	92	60	103	142
33	120	80	56	144	92
34	165	133	173	38	84
106	73	199	120	34	53
189	91	89	200	40	158
64	113	80	60	130	132
98	28	61	187	22	74
182	97	62	121	84	73
134	125	126	33	178	158
85	35	68	176	56	101
126	67	176	185	87	92
116	139	32	48	83	151
153	50	86	44	86	147
77	171	23	68	79	117
139	40	107	151	33	87
186	120	111	27	155	58
74	52	182	45	188	70
145	126	26	152	65	116
64	37	86	183	188	29
148	196	182	100	54	162
167	199	98	111	27	165
199	92	106	154	64	168
158	147	26	130	21	187
140	109	157	100	178	188
169	163	198	53	62	30
136	52	96	189	188	195
127	55	64	87	52	88
92	183	82	154	33	195
94	183	154	67	48	90
113	160	190	79	53	102
63	23	23	140	175	187
145	115	116	57	109	83
142	150	184	97	61	128
199	137	130	44	182	123
95	193	23	126	118	40
180	21	196	176	122	174
152	60	126	185	42	112
133	34	48	154	161	199
193	79	144	127	195	196
69	25	38	70	171	195
66	54	61	67	22	199
95	101	88	136	195	189
193	110	59	136	176	175
41	164	151	47	119	71
121	143	170	197	198	26
165	186	125	108	59	122
98	119	197	180	151	189
175	38	175	200	163	35
196	31	82	147	108	199
107	61	33	133	27	179
55	156	23	131	51	32
174	171	41	63	175	121
84	77	132	84	200	110
144	108	166	119	92	49
158	100	48	124	78	61
148	188	140	129	200	121
193	119	74	172	156	33
193	118	28	50	140	144
129	61	161	139	144	188
100	93	198	163	163	113
152	131	108	147	73	144
192	170	117	114	27	81
99	141	78	45	77	168
129	24	156	162	193	98
27	188	171	83	101	60
177	78	72	198	109	28
159	181	196	36	72	115
65	185	153	178	87	91
76	180	175	165	137	197
195	171	145	122	103	189
128	177	86	151	28	191
46	119	198	65	100	62
107	117	129	129	192	118
106	101	65	131	139	91
47	191	38	125	106	182
62	73	111	114	23	170
184	169	119	90	34	138
121	120	54	134	21	180
118	59	158	185	37	22
28	108	139	51	107	197
199	141	150	94	106	199
71	56	99	158	182	118
37	22	162	78	154	149
121	149	174	138	148	41
71	105	197	162	175	95
61	117	23	199	87	122
33	199	135	162	105	174
175	136	171	141	145	46
55	56	95	102	32	107
65	36	87	81	193	93
70	80	83	76	115	118
77	129	87	88	182	66
160	191	187	109	85	167
73	157	23	94	148	113
113	76	50	192	145	40
102	66	128	143	58	37
159	74	118	152	142	47
83	21	136	125	151	56
142	95	26	82	142	47
156	120	124	187	186	63
91	116	26	138	109	197
191	25	48	176	145	49
164	109	147	175	93	152
22	101	41	135	191	147
150	58	62	149	29	199
105	190	90	83	184	139
60	67	84	102	199	137
188	172	135	27	127	103
167	88	173	172	87	69
94	170	148	165	168	114
123	23	88	30	111	96
78	152	108	111	48	50
149	83	72	107	54	93
52	115	193	71	129	90
119	122	179	147	42	111
147	150	21	78	161	145
33	44	51	197	117	200
96	48	29	105	104	169
190	77	199	54	101	153
42	37	95	121	138	149
112	84	52	131	53	32
42	42	89	65	195	39
39	22	186	37	165	110
166	130	161	132	140	61
193	74	161	109	75	182
113	94	48	90	111	23
178	87	72	97	127	139
164	109	152	79	160	53
199	75	89	116	91	163
85	74	76	133	159	200
103	78	23	64	45	61
123	159	158	66	70	189
56	160	181	101	164	77
111	192	100	62	106	69
24	83	115	113	112	147
62	99	30	141	128	92
198	110	80	42	147	179
196	84	177	193	84	78
77	97	28	26	64	59
134	129	71	123	22	184
36	192	91	150	91	164
21	163	35	81	142	135
53	80	42	153	108	156
54	104	29	146	135	91
181	64	181	126	118	173
177	194	197	62	32	154
162	180	48	59	44	88
91	73	45	164	196	122
61	144	90	44	130	168
191	22	189	33	130	38
71	94	56	118	127	68
115	135	120	59	109	27
105	167	46	83	23	185
193	81	31	26	189	88
33	27	61	92	128	176
171	75	187	147	123	27
197	153	158	166	123	77
61	165	28	156	46	116
85	105	48	141	64	199
128	35	42	33	61	67
100	29	96	55	106	33
163	63	170	50	176	147
59	195	172	62	71	162
29	200	90	70	27	194
175	46	150	65	110	157
180	101	152	112	64	71
194	25	153	92	147	29
150	58	80	113	96	162
188	102	162	41	98	110
46	172	31	132	33	172
113	24	28	61	80	132
41	134	117	138	77	197
180	121	140	107	120	109
39	184	95	193	125	153
62	149	77	195	143	102
181	181	25	67	88	127
144	75	59	188	136	165
89	37	64	32	178	113
139	150	76	78	132	43
70	156	84	60	60	30
108	79	185	35	103	43
52	151	27	144	187	188
199	130	87	30	33	138
129	162	130	79	181	148
161	193	108	170	47	188
128	35	30	59	143	90
181	44	151	91	83	182
152	137	58	37	117	199
126	45	142	124	169	48
136	114	150	97	175	33
48	37	143	155	165	152
41	169	172	67	176	60
176	55	63	54	65	125
114	63	121	55	177	54
65	69	156	37	147	22
128	121	41	155	129	58
175	31	113	168	105	171
41	119	47	48	146	170
135	144	115	70	46	36
186	177	109	200	100	102
102	151	156	49	102	193
162	130	107	164	142	195
195	40	148	35	81	199
178	171	96	199	158	152
136	199	72	72	95	91
151	106	112	49	159	164
30	140	59	65	86	48
151	83	147	178	39	60
190	129	124	115	103	76
41	43	129	54	40	198
21	55	145	37	70	197
155	191	28	138	172	97
116	162	139	188	59	92
125	27	115	171	53	109
61	114	33	60	120	57
73	152	63	164	138	55
24	61	169	65	26	118
137	55	155	175	53	179
171	124	179	27	150	75
34	148	63	74	199	36
110	79	37	107	170	109
74	55	72	189	150	166
186	137	61	28	71	56
42	200	53	189	21	81
191	52	86	84	199	164
103	74	103	71	105	194
43	139	171	165	149	123
28	187	172	134	170	53
132	48	56	162	88	136
186	38	166	67	158	196
195	137	137	69	98	112
45	98	99	36	92	21
163	177	137	168	153	84
59	160	86	132	106	179
102	46	169	57	76	175
134	180	24	193	179	46
67	161	86	137	62	133
199	195	103	172	110	25
195	107	36	35	154	39
125	61	28	47	76	174
162	93	77	100	175	46
184	108	178	30	25	55
50	84	97	130	108	142
71	184	24	149	180	38
94	99	74	23	134	82
132	58	118	41	178	192
65	136	124	160	137	149
115	193	108	113	80	87
178	47	170	87	39	72
101	137	117	124	61	23
106	49	68	61	38	21
136	76	87	78	95	115
47	97	163	27	183	56
195	148	82	98	142	95
101	192	83	29	41	101
134	87	142	129	67	71
192	46	97	129	84	23
120	161	32	86	39	50
117	139	144	158	91	122
120	59	180	176	86	110
157	144	115	122	57	165
184	39	89	92	64	142
104	114	193	155	98	53
110	194	111	196	60	86
151	129	25	96	171	77
108	41	131	80	108	174
194	22	166	148	187	126
86	124	100	140	121	119
22	44	29	131	179	141
134	139	76	33	119	49
98	56	86	136	187	83
116	154	160	30	177	36
164	173	63	143	23	125
175	89	140	26	147	151
53	113	159	185	90	43
170	123	68	47	158	198
174	78	108	197	91	71
41	110	135	158	177	196
133	89	86	150	87	62
192	178	134	82	143	50
179	109	169	107	72	109
96	81	85	148	153	177
34	47	64	68	29	53
85	153	198	79	173	108
52	142	68	86	84	117
149	101	104	166	200	177
54	96	27	43	37	28
168	144	139	50	190	110
50	31	96	199	88	27
53	25	97	159	128	73
45	111	79	197	197	30
128	164	157	31	99	128
71	79	43	42	160	186
148	138	104	77	149	98
195	34	55	114	73	55
125	66	160	198	40	144
79	82	68	172	189	86
88	166	40	23	121	192
176	57	52	170	192	187
125	138	22	142	83	171
188	50	183	86	131	108
60	198	171	97	51	42
167	134	117	192	84	184
153	80	179	71	146	112
152	73	31	125	50	177
83	191	61	158	190	24
119	191	155	154	180	70
170	138	80	59	100	172
139	127	165	21	183	131
155	54	178	58	30	34
150	102	75	34	163	108
48	144	181	193	136	188
188	39	126	165	22	190
37	28	95	125	144	162
99	94	178	168	169	152
49	46	133	24	141	56
200	195	86	76	133	191
80	72	112	57	126	47
169	57	146	136	73	187
181	55	185	190	42	156
151	99	81	100	94	62
129	68	159	36	191	140
158	23	177	31	112	122
151	184	102	102	134	40
40	67	196	90	128	155
132	172	166	134	88	123
25	72	35	153	186	61
171	71	132	129	88	58
44	193	159	47	178	113
118	138	53	80	74	92
27	195	151	143	40	144
180	153	82	161	45	158
43	122	195	174	154	96
51	54	64	154	91	35
60	160	100	125	112	40
29	134	63	183	136	97
141	105	143	57	99	97
138	187	44	71	66	144
80	117	35	89	127	77
161	54	40	140	36	99
31	187	199	129	175	120
69	62	105	176	184	149
73	81	184	159	96	86
125	125	68	143	148	50
94	181	106	30	200	45
195	142	120	110	142	29
34	46	87	130	89	135
199	57	85	59	109	57
115	127	35	70	129	70
59	180	198	45	144	42
22	198	155	31	61	106
166	92	139	166	74	77
166	101	106	37	72	155
81	78	36	169	76	182
40	23	135	157	44	102
122	79	185	192	170	35
140	189	169	118	106	169
139	154	109	80	180	78
182	188	170	120	97	176
134	120	70	177	187	190
87	69	71	81	26	194
48	22	142	183	127	110
42	169	135	180	120	48
167	65	129	80	164	102
136	78	163	123	115	174
117	36	98	147	118	117
153	157	47	124	87	102
29	63	127	159	127	179
181	51	158	188	127	150
190	52	42	82	133	79
181	168	61	192	53	200
51	101	75	89	100	80
34	106	131	197	134	75
102	189	95	29	73	165
48	68	197	148	102	59
118	116	59	166	64	156
170	107	165	143	70	82
95	124	96	195	183	50
134	142	52	190	185	115
48	200	108	167	89	190
62	28	139	129	71	67
150	198	156	173	134	160
103	50	119	60	183	138
64	119	178	175	97	65
115	191	150	52	123	90
158	124	195	115	54	160
178	165	178	39	111	55
104	91	93	40	174	102
152	60	166	62	169	70
87	92	74	166	170	70
71	27	138	124	136	188
62	143	79	63	157	80
169	153	168	190	21	38
140	90	126	129	131	164
117	74	157	35	154	131
111	87	112	197	108	55
102	88	87	85	81	107
199	136	77	173	109	160
187	69	156	53	170	141
36	95	83	53	96	145
144	88	57	59	91	103
156	147	180	60	39	198
89	158	77	146	189	106
166	141	97	35	179	187
50	190	69	122	82	173
106	36	148	65	113	77
52	141	42	140	131	25
34	189	77	93	155	53
157	47	140	180	43	88
32	72	122	132	68	173
43	199	84	194	59	116
127	120	127	44	115	138
30	74	124	80	129	110
48	88	125	57	98	111
94	94	42	96	100	113
78	87	73	174	180	101
75	123	138	113	88	21
83	22	110	159	169	41
82	98	141	81	125	23
103	89	150	57	51	139
163	186	44	197	145	55
26	105	152	52	133	96
74	88	48	144	147	37
127	81	26	49	191	129
198	51	196	116	158	92
153	164	137	181	28	25
116	70	119	118	99	146
93	161	103	149	40	135
116	22	83	38	62	61
145	80	162	24	186	160
36	169	92	85	63	79
102	61	118	170	33	166
145	42	58	97	111	93
182	158	75	50	52	139
167	148	124	114	124	68
137	198	45	32	28	118
94	45	130	173	121	179
106	38	174	104	120	104
156	146	192	48	102	199
170	57	103	43	144	67
36	49	73	54	121	173
132	133	129	130	75	109
85	138	159	97	158	31
180	125	25	93	41	76
145	83	112	23	175	153
148	77	102	121	66	55
80	131	172	81	124	119
150	26	25	128	28	99
141	98	128	75	29	113
138	191	72	101	35	98
184	124	189	47	194	106
159	79	83	177	59	50
56	111	158	24	35	157
170	56	73	40	135	24
157	138	61	143	44	119
114	185	59	131	193	180
181	179	45	74	40	98
115	141	124	50	175	25
75	147	60	75	30	44
74	26	69	154	47	131
112	128	176	84	179	52
83	65	40	154	126	173
161	40	159	199	92	49
121	130	189	59	97	165
50	108	81	33	138	182
130	50	187	139	199	167
122	139	177	198	118	164
184	145	166	147	74	87
140	27	149	149	153	146
151	125	67	200	32	61
189	97	190	81	167	85
122	128	37	103	196	103
177	156	53	113	141	168
181	83	85	174	166	151
127	58	133	133	83	66
148	197	93	167	122	192
34	24	140	137	200	108
155	116	110	62	21	72
148	182	22	149	80	176
103	36	22	51	57	66
81	152	65	95	146	93
137	59	111	34	156	102
44	74	63	198	144	194
175	66	30	29	156	35
181	179	56	152	179	57
72	103	102	184	157	122
28	165	199	56	71	133
108	38	60	71	102	79
196	92	185	154	33	157
67	136	121	32	178	139
108	90	123	128	94	23
162	21	121	163	147	150
48	152	35	113	159	104
139	138	117	42	148	43
128	172	43	98	81	29
167	41	68	142	104	172
141	45	129	165	172	92
162	80	119	62	51	30
112	101	44	23	143	147
82	32	170	158	183	105
50	47	42	121	62	116
78	101	80	76	145	190
198	110	99	102	68	75
172	131	33	194	199	71
35	88	32	89	43	52
150	115	67	124	142	156
100	55	176	110	34	179
43	141	178	91	103	189
109	60	51	55	154	123
158	129	155	128	194	102
119	67	129	21	41	49
138	197	105	104	139	159
137	23	175	47	187	80
34	50	97	145	183	171
140	66	31	157	74	135
133	56	123	42	141	49
186	195	85	199	31	68
131	134	137	32	71	85
142	41	124	68	116	188
65	100	127	106	144	136
190	156	36	166	69	176
112	98	199	162	164	141
46	46	132	22	149	110
97	157	131	163	100	91
161	147	181	22	194	107
140	136	177	35	112	107
145	187	188	181	168	137
63	187	179	98	118	180
133	42	100	86	110	97
187	124	190	128	51	177
40	184	102	118	100	53
36	60	120	23	110	146
55	48	153	148	33	145
66	173	37	61	121	179
128	28	74	195	68	140
114	26	123	146	43	97
108	120	134	74	41	67
51	64	145	96	140	46
40	55	168	54	117	172
29	167	50	171	131	112
197	134	110	124	37	56
35	182	85	183	187	175
23	36	132	22	164	91
76	153	152	193	27	194
54	118	80	42	46	196
134	103	159	53	52	117
31	155	78	142	114	185
151	106	38	94	35	95
193	80	182	123	177	159
113	165	171	157	40	176
169	117	68	41	197	63
85	74	59	138	162	94
182	83	59	192	37	137
199	34	65	124	159	89
116	44	48	23	65	108
69	200	109	111	25	109
138	170	128	192	169	165
35	184	76	36	155	127
164	106	124	164	84	26
49	178	187	164	167	139
34	143	150	94	76	54
151	191	106	183	89	175
92	98	33	105	68	27
167	144	132	197	107	147
147	196	129	78	28	136
137	128	88	140	92	59
136	45	26	147	36	174
21	96	141	188	187	84
192	198	27	31	97	25
112	155	128	122	96	60
196	84	194	188	41	138
81	177	58	48	130	111
28	169	67	57	196	32
163	39	32	139	52	151
176	109	134	87	93	179
142	163	122	194	174	178
87	58	85	171	179	97
107	60	45	88	80	86
28	199	112	60	22	181
161	61	175	200	106	156
113	42	118	75	96	106
22	89	177	45	169	48
70	97	59	92	185	62
34	81	107	119	72	48
73	130	90	158	25	177
177	103	101	103	150	88
147	65	22	143	126	57
143	171	124	188	182	92
156	84	103	30	35	42
136	47	152	91	130	49
39	86	57	76	55	72
176	145	51	46	165	45
140	127	50	138	29	181
156	118	38	57	55	59
98	43	114	118	102	95
183	79	118	49	77	134
46	164	67	21	97	183
44	112	171	175	152	34
53	109	119	189	33	40
102	105	177	81	142	137
107	58	56	112	145	28
160	156	26	180	32	196
106	30	161	109	153	109
85	173	172	182	194	35
125	65	184	141	139	181
176	171	196	42	35	52
198	189	94	175	40	35
185	110	145	52	83	198
56	176	50	135	132	27
137	184	55	174	146	192
88	192	112	173	134	124
147	83	42	101	90	99
103	177	168	128	182	101
172	55	189	122	94	108
158	39	54	180	66	119
41	38	170	35	164	137
46	191	61	176	59	72
96	46	54	195	56	195
22	38	187	172	148	107
99	140	172	87	127	196
29	83	184	82	23	154
64	144	197	71	173	157
102	154	169	136	171	31
198	125	184	113	41	88
56	59	57	51	183	70
96	133	155	49	48	115
187	31	140	186	79	51
101	43	29	72	32	155
54	163	180	40	173	192
148	137	61	144	169	73
119	192	130	48	49	44
168	115	162	84	129	141
106	39	130	25	126	52
40	132	157	41	90	145
137	180	34	49	111	162
72	169	49	84	158	96
73	194	188	96	73	179
177	84	31	127	41	85
134	171	162	80	173	144
165	55	179	39	146	22
175	56	56	87	77	64
80	162	79	118	183	199
151	146	36	121	127	142
52	63	64	188	175	151
163	63	118	54	155	22
153	57	189	124	189	141
177	50	62	148	109	165
62	152	50	180	43	93
32	122	161	162	143	27
152	98	147	127	107	190
65	144	30	49	90	36
123	40	149	75	44	120
135	77	63	164	53	177
167	73	155	89	187	68
42	42	181	40	90	47
112	92	78	25	24	23
73	138	189	35	76	39
149	172	57	38	71	106
138	161	139	146	147	153
97	195	55	161	36	130
128	104	109	135	41	56
84	39	112	170	110	92
200	57	156	136	147	89
54	37	83	82	82	152
64	145	189	55	35	21
36	80	84	22	163	177
117	137	136	59	27	103
190	185	104	138	165	84
59	152	47	128	133	188
21	69	24	118	33	32
189	66	118	40	83	71
197	147	197	54	105	45
70	23	113	50	74	140
41	33	187	71	147	108
106	129	60	97	43	22
109	198	60	170	118	105
177	68	182	190	72	158
116	102	118	103	89	56
123	75	116	129	89	97
61	130	107	145	199	153
21	180	57	154	130	169
189	142	170	103	69	96
65	195	122	169	125	173
87	192	116	123	198	163
125	34	119	200	89	178
53	31	140	55	133	196
160	97	85	99	176	149
128	135	41	116	141	114
105	85	37	42	51	26
187	173	175	70	200	113
85	96	182	176	139	171
59	200	71	136	109	86
150	191	44	89	138	96
138	198	191	117	123	116
107	122	98	42	79	96
153	51	71	107	38	65
194	180	164	51	32	91
185	145	161	143	137	126
85	40	40	153	162	42
158	22	122	117	21	40
143	197	144	118	58	102
47	35	200	131	193	55
149	159	185	85	194	160
29	60	101	113	100	145
129	76	128	87	35	166
178	139	182	151	129	67
94	166	129	155	128	24
90	193	149	70	184	152
127	129	170	150	78	61
111	174	30	200	168	114
150	168	160	127	187	74
58	132	80	53	194	122
169	76	142	126	152	139
47	181	59	142	145	129
139	74	50	72	162	45
162	29	149	101	22	48
129	92	54	132	101	133
135	188	44	187	118	54
193	171	111	146	157	35
101	29	60	53	26	36
127	185	197	160	183	181
120	84	57	37	198	173
156	123	143	105	63	108
176	59	93	132	186	75
111	109	26	54	53	21
153	76	167	58	165	188
61	185	182	163	38	112
103	118	85	123	60	60
128	141	171	29	148	189
156	58	38	33	75	66
30	98	59	119	55	87
23	44	35	77	160	63
140	168	72	86	193	57
46	90	143	51	167	162
125	125	101	83	107	156
192	158	182	155	165	28
79	85	107	103	198	157
125	189	82	110	168	153
191	33	36	59	196	166
151	156	97	114	34	37
193	144	89	194	99	184
77	50	178	175	198	76
26	139	154	198	85	22
184	184	35	48	177	69
110	103	138	104	39	45
147	157	174	155	47	47
97	70	72	169	148	98
117	163	176	83	83	109
64	191	117	39	30	79
49	142	22	198	125	197
116	63	89	115	138	63
124	21	173	67	163	163
109	175	176	186	41	23
67	87	51	146	33	62
57	30	88	127	169	124
68	140	107	104	84	144
182	189	134	115	125	37
137	142	190	80	51	175
140	42	192	42	58	183
84	29	114	142	115	54
175	79	73	122	144	108
84	98	170	67	61	131
186	116	178	173	149	179
197	78	131	95	33	190
79	49	105	97	50	164
195	198	101	60	42	52
92	143	148	25	157	164
52	144	78	35	46	151
161	74	184	38	99	116
92	81	114	139	127	175
149	52	149	42	72	90
164	140	73	76	193	139
194	65	192	136	138	33
93	74	97	85	142	79
190	115	110	109	106	134
117	195	58	36	179	31
89	100	122	57	89	81
138	71	67	153	141	65
87	146	186	148	134	117
138	52	106	90	32	55
108	183	49	72	147	50
93	197	100	169	162	120
199	113	196	155	194	31
173	58	104	188	63	141
75	105	159	112	145	27
39	141	128	35	187	194
59	154	31	26	77	187
154	48	178	41	34	27
198	82	83	167	168	60
123	107	111	127	106	93
123	113	121	198	38	49
149	192	87	46	51	38
61	139	169	130	23	123
119	68	156	190	160	82
118	102	42	56	72	36
92	91	79	62	189	125
197	122	144	158	154	23
115	101	178	149	51	137
157	174	100	196	46	70
157	180	67	83	107	107
114	130	114	92	169	136
113	186	71	167	200	123
170	167	195	40	133	121
197	81	106	131	68	195
170	23	183	35	22	195
173	196	161	89	99	31
192	170	95	187	122	34
31	50	160	112	43	91
62	107	43	51	74	155
63	154	118	48	119	42
66	29	44	178	45	133
149	96	73	95	183	104
57	122	169	40	47	64
195	97	172	61	160	93
93	89	199	163	126	100
145	199	92	25	88	158
166	178	106	121	41	39
54	70	134	184	114	163
50	75	72	51	43	63
135	187	91	182	159	73
141	96	165	118	174	21
42	52	34	100	68	77
74	64	180	133	192	66
129	144	193	76	29	130
144	135	83	81	111	63
74	87	135	32	158	145
63	131	104	164	100	150
192	99	158	83	83	188
99	142	162	167	174	98
24	80	177	94	42	155
87	181	173	84	179	99
126	156	66	27	190	57
58	184	69	151	26	56
79	174	54	70	119	86
129	124	191	72	182	25
160	63	26	70	67	48
143	140	199	30	176	45
173	63	41	117	37	103
111	188	32	198	114	86
55	127	138	167	50	152
146	119	48	21	47	180
154	37	76	57	127	185
144	185	150	85	133	105
181	37	118	147	189	197
150	22	33	191	140	41
115	26	47	23	120	30
87	120	93	121	29	44
38	69	100	62	72	139
39	51	133	139	32	54
154	192	96	90	152	122
72	182	71	166	89	171
191	107	96	124	87	196
199	57	200	172	181	173
62	165	191	169	55	116
131	65	59	98	197	131
32	124	55	71	185	112
98	26	120	122	33	142
179	26	101	164	39	66
125	67	105	50	161	182
52	193	73	98	172	40
119	130	174	76	23	106
24	168	147	54	171	197
150	138	53	67	197	148
179	29	111	70	129	30
76	132	103	97	50	111
51	37	129	113	113	111
169	70	137	54	159	47
53	38	67	133	81	119
150	173	90	59	192	101
176	147	53	38	115	180
167	136	146	169	152	31
169	71	75	61	150	114
105	145	102	23	144	111
155	124	93	107	167	34
185	131	106	148	77	187
56	41	168	153	86	83
146	100	42	176	160	191
39	32	30	149	67	120
50	55	145	196	38	123
53	121	88	71	103	180
95	148	121	163	125	156
106	194	80	179	172	193
38	109	37	148	29	108
165	112	36	47	116	187
54	170	199	153	191	32
52	37	196	112	144	183
163	94	178	166	137	66
195	41	67	123	179	23
176	141	166	30	65	85
165	35	151	73	131	115
96	83	39	123	65	158
193	185	108	143	181	45
144	152	87	81	119	159
39	92	176	21	138	55
188	61	49	115	69	156
197	53	31	97	180	184
181	30	168	123	158	90
97	61	167	166	163	73
67	84	107	30	151	123
133	112	192	194	107	99
88	190	177	178	197	118
142	143	181	180	192	25
194	27	58	34	138	177
113	30	194	159	174	117
168	122	36	41	125	139
199	21	36	82	36	131
140	26	82	112	138	32
87	161	125	104	123	77
141	28	118	43	21	115
108	36	117	137	122	64
143	162	76	180	24	147
100	136	112	66	139	33
156	181	84	49	127	27
83	85	148	155	161	119
123	71	62	35	90	115
52	60	135	139	62	182
134	191	29	80	143	160
90	103	132	127	72	79
152	126	122	111	192	92
59	112	25	35	198	161
106	73	118	39	149	78
64	155	200	117	55	176
197	126	136	62	189	43
25	50	101	131	199	49
180	32	191	109	102	196
187	149	63	73	100	78
199	170	146	62	160	149
44	103	194	178	200	131
79	169	136	100	173	47
102	186	87	56	29	58
149	173	47	38	165	60
54	87	36	85	172	141
124	148	196	154	139	92
21	52	95	187	89	111
174	193	161	92	159	189
155	36	83	23	164	163
154	102	168	44	126	23
173	21	24	143	198	182
100	113	41	172	192	29
164	200	149	186	92	164
161	25	54	171	184	145
38	99	96	58	114	89
180	146	182	157	52	189
79	101	185	49	183	162
176	170	106	181	199	180
22	136	54	150	199	31
30	36	147	99	139	78
198	189	110	66	151	116
160	98	88	124	41	135
175	147	65	35	132	168
52	61	34	77	168	152
133	190	140	105	103	183
183	163	44	79	157	132
27	74	158	197	70	110
194	22	161	63	162	78
71	169	113	37	114	91
168	107	140	90	150	103
179	174	138	147	167	136
94	108	34	164	65	175
149	188	97	60	63	79
137	68	155	103	151	33
183	170	90	95	109	140
150	61	79	63	92	108
101	114	185	93	105	34
46	113	59	41	65	176
81	66	54	78	131	52
94	198	95	68	134	163
50	42	147	115	37	70
140	58	24	26	180	182
103	69	84	183	29	120
155	151	45	127	199	54
145	156	69	196	26	186
127	130	72	156	60	118
68	119	163	78	72	89
156	36	105	179	84	43
168	31	37	22	122	152
139	62	149	65	83	51
127	114	144	27	41	131
84	169	51	123	84	126
37	155	156	138	52	78
83	175	177	39	179	158
49	122	184	60	149	98
163	144	84	118	185	59
24	82	128	43	56	92
183	112	176	32	158	169
99	50	98	149	153	67
195	146	89	195	52	142
89	130	107	179	164	84
102	44	31	26	148	146
32	174	148	104	189	146
58	165	82	198	93	29
149	199	139	74	23	41
127	113	117	91	179	136
129	132	45	158	120	77
91	65	74	136	160	193
145	146	190	69	176	124
93	50	46	185	194	107
61	185	156	145	53	55
88	189	51	181	50	149
149	187	71	123	53	121
24	179	174	23	47	53
160	149	172	79	73	180
50	42	190	174	152	153
118	152	101	119	125	58
162	143	36	76	157	192
64	122	21	170	126	174
56	69	59	118	134	68
98	89	78	67	117	84
37	120	78	199	186	60
184	148	196	123	33	119
107	70	110	35	103	165
161	66	62	196	64	96
150	92	64	27	122	24
60	127	95	111	56	25
26	191	30	28	184	87
169	53	112	22	127	94
25	132	192	121	187	89
42	79	85	65	32	180
95	33	97	63	39	162
197	87	128	182	58	48
158	99	49	23	76	67
101	193	198	78	68	151
44	92	111	22	162	84
23	42	126	75	66	143
121	151	164	55	116	188
192	102	171	51	139	149
22	74	131	28	129	80
154	66	117	131	171	118
145	174	36	22	25	37
81	59	127	92	34	109
177	64	194	32	114	61
142	105	109	166	176	108
65	107	129	85	109	75
144	159	135	53	119	23
146	85	44	85	57	32
125	32	128	55	84	99
169	101	71	159	186	49
39	43	114	174	133	189
113	57	26	39	191	42
93	188	116	32	79	36
25	107	129	200	161	145
75	104	81	134	84	131
155	184	51	27	104	199
89	70	72	26	29	159
167	85	165	109	76	190
67	105	146	135	32	21
172	154	93	113	170	87
165	165	118	195	159	88
164	107	187	144	181	187
188	70	51	53	102	138
31	76	46	49	180	45
131	190	26	125	54	193
53	43	87	100	173	185
66	120	193	125	117	119
81	177	64	54	30	166
200	198	132	72	187	68
21	153	200	55	62	122
180	51	84	116	146	60
165	54	185	119	52	151
129	153	55	54	159	99
62	64	68	108	134	157
187	44	157	34	107	144
173	35	89	117	75	110
126	190	133	185	151	130
37	21	123	140	30	111
164	93	113	61	105	110
84	77	156	36	139	66
195	68	172	122	143	199
74	112	200	107	60	75
49	164	153	172	156	125
189	170	172	96	67	192
200	169	69	102	168	161
120	85	160	131	183	166
186	169	183	190	38	23
120	135	94	142	71	199
42	72	193	113	156	55
163	42	121	86	96	51
188	71	121	186	74	78
76	57	90	136	135	112
146	168	21	134	105	63
89	26	66	60	97	146
172	196	163	162	116	119
104	130	164	28	102	152
102	169	108	168	54	99
72	102	197	103	126	123
25	111	153	57	37	153
164	75	143	170	49	156
101	194	147	85	197	75
121	69	95	129	132	91
92	40	39	56	41	69
83	43	69	152	194	137
176	156	30	131	103	168
167	47	175	197	94	123
91	153	40	155	103	110
109	132	200	56	163	139
22	53	145	170	33	33
172	132	35	58	185	75
171	166	104	105	91	150
147	181	26	22	121	186
199	63	169	177	159	82
77	172	41	110	40	126
146	195	62	76	94	63
178	200	67	118	170	179
45	117	127	146	62	182
113	195	173	127	167	192
33	134	43	137	54	120
183	23	87	155	34	123
83	182	81	185	164	188
126	191	46	163	132	168
82	75	38	103	84	38
53	162	102	183	115	180
167	104	143	27	103	200
132	115	55	191	171	21
29	147	75	64	148	30
163	194	124	190	158	183
159	129	189	172	62	120
89	160	58	133	35	146
116	118	30	143	96	122
167	103	136	193	76	77
179	79	164	171	154	96
175	107	105	125	73	48
128	180	31	105	103	197
80	33	34	117	52	80
181	32	82	84	86	88
147	183	64	34	29	95
111	36	181	146	176	185
62	190	76	66	188	126
197	121	76	50	51	166
35	47	175	179	83	107
102	62	68	148	79	162
132	143	97	194	135	34
47	52	198	41	43	119
195	67	184	119	23	30
57	168	122	71	90	151
54	182	128	110	52	181
115	63	186	155	52	110
175	24	114	105	49	37
181	78	143	93	57	51
58	196	119	180	150	187
149	60	156	174	55	87
121	86	172	25	34	188
38	92	61	24	177	24
36	82	104	154	193	48
46	183	182	85	69	78
59	141	104	113	148	178
73	178	200	86	37	194
108	43	83	174	154	130
74	163	129	161	147	156
39	104	125	22	115	73
88	167	184	170	154	27
55	58	180	100	191	157
65	184	116	82	149	135
33	112	193	166	146	81
199	160	162	152	99	81
140	78	155	69	188	167
141	142	176	62	59	78
71	51	61	102	52	195
80	177	112	126	113	81
45	132	175	131	25	31
90	76	144	75	84	44
41	59	197	140	70	165
125	57	133	31	77	144
110	91	70	51	52	141
95	137	111	166	148	57
51	124	158	74	92	84
52	123	166	147	48	155
51	108	50	111	80	73
25	72	166	182	58	37
154	160	38	70	29	150
118	134	98	199	190	131
93	133	111	49	192	184
196	42	143	168	27	72
113	149	144	45	60	80
166	47	155	38	162	59
129	132	174	53	37	139
191	174	98	120	47	114
88	59	36	187	155	92
89	52	166	130	163	138
195	25	30	53	170	56
167	66	191	192	55	181
127	31	148	55	80	58
79	120	106	76	121	124
200	171	127	98	157	183
60	197	175	112	62	96
177	107	34	121	145	80
145	116	169	48	74	170
191	151	40	180	132	44
22	84	183	73	87	165
189	191	58	33	116	65
57	61	152	173	59	56
135	57	23	98	26	142
45	44	67	132	178	190
101	168	153	111	162	134
160	65	40	156	125	189
119	57	41	109	181	199
81	165	147	30	58	67
102	27	134	61	199	194
151	128	126	197	147	96
40	118	101	74	52	174
112	160	112	86	179	80
72	56	108	170	67	63
161	199	51	67	148	144
196	51	92	199	36	114
115	193	83	103	104	99
200	136	103	131	113	42
138	26	183	121	176	134
110	36	173	77	65	173
135	108	73	86	57	71
149	49	186	90	71	116
96	62	125	72	167	107
180	51	50	190	168	125
58	114	185	72	114	190
48	131	195	160	139	164
151	57	93	86	38	196
126	187	163	60	70	88
100	67	132	58	172	108
91	45	164	132	64	96
108	95	161	29	77	173
140	59	135	169	184	112
193	70	154	115	21	83
25	176	199	144	182	133
160	188	91	37	93	100
116	114	73	56	156	83
61	104	194	24	21	95
200	61	33	37	22	123
33	169	178	107	22	120
187	119	180	23	24	129
44	98	176	82	24	21
58	27	145	113	30	136
138	147	54	23	186	96
103	158	181	189	174	165
97	103	186	67	100	113
93	51	21	62	71	88
52	140	55	101	67	185
113	107	39	55	73	55
142	51	70	22	53	101
187	109	117	78	175	134
100	34	40	65	60	191
47	99	77	97	89	137
93	28	151	188	31	175
100	68	186	123	100	69
80	65	56	69	59	56
177	26	29	52	178	36
190	189	110	49	40	67
33	142	127	80	180	200
142	127	156	89	189	146
36	135	192	149	107	105
131	60	184	171	130	157
94	183	196	45	149	118
189	33	128	114	66	161
139	21	21	156	31	83
73	198	129	134	82	103
141	50	139	192	166	173
75	90	165	131	107	132
169	132	93	191	194	62
96	37	151	107	118	63
58	82	114	128	22	152
56	130	120	147	192	124
93	191	66	174	196	60
149	176	129	53	173	93
78	123	142	196	67	63
41	91	126	53	86	91
66	112	171	164	25	105
123	35	33	58	162	115
70	106	118	58	122	148
39	81	151	70	83	155
80	133	36	61	155	192
95	104	75	188	103	118
122	163	146	28	63	188
97	44	151	162	62	26
196	96	68	50	200	139
138	200	152	70	165	190
36	105	146	146	83	74
53	105	38	34	23	200
147	81	65	166	147	164
99	158	126	187	53	189
54	92	180	28	36	24
146	148	95	112	28	86
48	33	45	150	84	72
168	171	73	54	96	58
23	187	118	179	187	32
41	104	68	30	44	111
132	178	55	148	85	59
184	188	178	58	116	183
198	170	93	134	149	25
31	74	27	80	112	120
197	49	62	64	191	53
22	165	122	31	135	198
195	40	141	85	82	91
198	172	37	151	132	64
184	119	199	31	108	58
70	134	133	94	100	147
48	55	155	131	161	57
89	199	71	30	155	172
40	200	106	173	132	98
129	122	184	38	128	174
143	192	120	148	182	152
163	122	81	122	141	61
116	147	97	66	119	71
43	125	115	83	62	136
53	66	45	165	133	97
188	36	139	137	109	69
163	92	42	30	172	41
97	100	179	193	32	113
105	116	45	127	71	80
137	27	169	161	126	39
140	58	198	159	55	81
139	168	166	89	51	95
98	162	104	173	61	95
98	140	109	55	109	179
126	48	88	169	79	197
39	31	183	98	108	72
192	192	193	113	120	45
89	99	161	124	100	82
168	128	165	179	192	55
177	21	94	114	106	69
112	79	166	185	199	44
69	37	186	175	177	180
86	47	29	192	140	145
130	70	189	138	143	126
67	105	84	69	42	125
186	152	147	57	29	88
107	193	123	74	148	159
169	184	68	158	73	113
48	123	49	150	109	122
94	131	134	37	126	68
71	44	139	106	161	24
143	101	172	37	117	129
120	118	182	139	182	74
184	128	70	162	21	30
68	174	53	78	30	187
192	69	94	22	199	66
168	35	124	137	171	121
76	90	156	144	121	59
199	63	145	186	145	23
45	155	160	192	25	150
152	186	130	195	112	120
109	90	56	114	30	129
149	87	36	82	74	126
54	25	85	194	80	142
50	76	82	44	33	198
104	22	125	166	66	44
46	44	110	51	111	64
157	105	169	61	80	146
143	120	104	97	180	97
120	123	89	88	150	63
196	136	161	43	152	63
34	24	24	189	134	41
195	181	116	108	168	188
104	59	59	107	174	25
184	79	79	51	81	151
141	117	158	133	64	72
188	77	44	41	71	27
195	127	136	109	161	56
59	134	145	130	194	54
51	113	70	30	122	94
135	60	93	35	187	54
92	30	93	22	161	128
196	173	111	186	79	145
85	86	54	88	120	79
86	176	80	140	61	195
72	48	94	155	44	165
21	48	89	27	49	84
41	95	22	23	21	77
104	48	101	86	108	139
185	111	23	22	138	158
74	128	92	22	36	183
48	67	128	159	120	31
137	25	33	166	103	146
86	29	121	137	159	128
42	43	49	101	101	168
115	73	46	176	139	56
64	38	152	27	114	136
105	31	139	52	55	122
32	61	64	138	98	117
176	49	191	47	51	173
43	175	177	172	151	106
71	32	31	40	39	101
175	159	200	54	135	135
175	27	64	132	104	183
33	61	41	21	21	60
126	60	43	52	21	138
133	25	64	174	58	167
165	129	109	192	123	116
147	79	66	175	162	102
165	159	148	129	176	116
73	96	172	147	164	23
168	106	92	168	184	176
126	89	153	84	113	188
178	158	35	26	45	156
168	26	185	94	156	113
56	111	194	151	196	143
38	69	173	165	69	178
26	175	196	177	102	185
89	164	128	61	81	49
148	28	126	125	175	142
80	188	137	180	149	47
93	93	63	100	95	128
63	120	82	172	148	193
194	26	199	162	179	173
129	28	192	173	185	182
78	61	75	177	156	178
159	148	81	188	25	22
28	104	45	106	152	152
33	144	111	78	92	175
35	23	110	200	95	180
190	74	115	53	198	81
182	183	108	124	116	97
102	180	147	52	130	34
56	122	110	63	113	158
77	72	29	102	145	44
122	79	65	155	28	105
65	68	173	141	26	169
87	83	122	158	123	103
165	188	168	199	158	129
87	31	76	79	130	129
28	99	136	98	60	25
36	159	33	114	25	70
34	169	64	32	77	93
124	200	171	45	83	53
104	52	171	166	178	123
193	133	192	39	22	155
94	68	120	142	33	86
179	77	190	46	53	78
52	25	190	160	48	141
168	168	158	45	107	92
49	144	126	132	197	112
71	177	101	85	29	33
140	155	165	188	68	197
158	131	198	119	25	25
35	96	137	92	58	96
57	34	162	30	27	171
176	135	95	45	171	68
173	34	131	54	92	151
67	157	179	35	82	89
85	148	137	140	140	61
137	31	21	74	46	169
86	80	122	80	24	77
76	168	139	112	179	63
77	109	53	144	129	131
25	124	152	108	162	43
170	103	182	30	159	61
144	146	159	108	89	106
172	146	83	86	192	110
46	126	59	35	25	121
169	31	147	190	49	149
152	151	184	61	114	70
45	143	78	50	47	105
31	113	145	69	113	198
141	22	43	175	76	39
177	46	135	55	145	30
100	121	134	157	131	96
54	195	91	186	89	45
92	115	186	128	33	192
159	102	86	31	186	133
110	89	30	200	74	24
58	37	48	127	135	115
199	161	131	177	93	132
111	21	136	56	43	168
177	79	130	24	58	132
32	143	108	180	43	89
67	77	183	172	179	187
37	42	141	195	36	22
189	140	74	52	146	25
23	119	122	50	185	144
112	119	122	77	104	80
41	106	44	75	128	56
107	113	71	57	170	146
66	168	131	138	102	180
21	145	45	45	89	153
87	106	162	152	85	26
154	152	98	99	95	54
44	185	152	121	170	101
28	109	88	148	85	150
134	194	133	44	21	175
34	95	197	81	130	113
51	99	157	187	84	90
25	53	51	82	176	105
65	150	140	63	75	163
121	111	109	91	43	146
140	79	194	25	127	164
70	79	94	22	163	195
34	193	117	146	184	160
93	158	83	102	33	141
149	158	101	130	188	83
111	148	69	131	82	133
185	186	59	162	142	106
87	190	189	59	168	84
163	156	137	101	102	48
192	53	142	163	126	77
90	43	165	95	180	40
177	136	160	47	146	87
28	37	63	163	55	111
122	123	143	166	134	185
57	178	165	186	159	120
103	83	165	48	135	119
121	180	185	185	60	197
61	37	150	129	158	114
88	88	153	45	121	36
47	160	89	107	41	123
88	30	73	94	171	169
87	89	55	34	66	197
164	117	92	100	37	100
126	138	96	47	108	30
27	189	27	192	171	82
75	56	141	157	68	66
176	53	130	174	116	200
161	128	184	200	92	107
100	26	22	112	138	66
144	183	170	35	23	67
113	179	157	103	147	154
87	94	54	189	199	162
54	34	110	26	159	158
105	156	98	33	124	47
189	170	35	143	170	130
107	147	71	187	151	186
38	178	83	169	176	82
37	43	105	30	168	129
111	147	152	177	155	57
92	175	78	180	173	187
82	31	193	121	37	29
148	61	104	136	186	65
46	54	134	124	28	146
105	104	97	36	117	76
162	62	191	72	38	49
200	123	57	70	142	131
89	133	137	150	174	147
36	83	38	31	162	35
27	143	48	21	138	149
24	151	140	192	143	184
57	184	187	88	94	137
151	116	171	25	166	60
33	133	148	43	25	90
70	195	200	78	127	98
187	44	27	62	163	53
191	160	146	177	68	84
96	115	74	75	118	96
77	30	169	120	21	122
81	198	44	153	76	185
165	22	114	71	51	55
72	33	87	155	65	68
171	139	181	35	139	58
189	142	169	179	66	174
56	74	88	71	118	134
129	54	145	21	167	23
38	22	35	138	98	161
66	173	84	144	139	41
180	65	164	42	197	165
63	42	152	140	75	155
120	150	85	31	88	70
57	184	188	98	117	74
125	21	172	31	33	198
40	191	133	86	113	91
37	180	76	70	131	105
62	62	190	59	147	129
44	170	107	113	154	178
145	151	115	147	118	128
21	65	41	24	149	107
79	170	117	62	60	132
73	144	159	39	123	29
141	126	66	119	188	58
33	165	123	70	94	194
165	155	150	90	175	142
64	160	124	156	54	45
174	183	35	116	170	112
83	70	153	24	200	180
141	99	191	94	27	140
153	120	164	111	157	188
119	58	189	53	30	196
111	107	35	166	53	39
67	52	119	140	161	134
141	144	107	110	103	106
102	161	192	32	110	81
74	114	92	28	111	41
120	140	49	67	114	115
75	146	151	72	141	25
65	189	110	31	104	185
151	159	122	92	196	67
79	53	200	163	71	189
139	160	104	141	157	192
181	197	192	199	179	87
72	70	38	164	157	43
108	123	39	134	25	156
86	22	38	149	186	104
121	101	149	29	109	200
161	149	89	124	200	183
122	136	141	174	112	150
136	101	140	143	164	118
159	34	135	66	68	52
87	191	145	69	152	73
23	98	141	40	191	64
190	180	180	59	124	128
91	73	125	44	110	128
112	69	194	134	43	98
100	97	112	61	199	171
133	100	107	36	188	162
150	108	74	33	166	95
76	72	93	183	180	90
70	69	195	162	83	166
25	159	176	176	100	100
52	59	78	104	200	96
75	107	198	130	171	175
145	41	53	79	28	49
23	136	168	78	175	196
101	130	107	184	43	63
110	112	180	175	172	160
178	77	22	52	122	33
168	194	42	137	25	60
61	51	84	128	69	88
59	87	75	47	200	118
170	108	109	40	145	155
137	157	158	122	30	111
192	33	145	22	166	73
73	49	178	77	52	73
134	44	109	188	54	129
21	130	92	144	60	24
91	36	167	43	24	101
165	168	132	26	43	170
164	164	34	73	191	93
113	96	103	141	86	165
173	65	191	80	112	34
86	177	184	130	56	147
59	117	155	192	85	184
