74366
1240
3914
57496
13912
78826
58294
52906
65213
99062
95392
22701
50233
30784
41464
26050
39068
77454
49277
96647
87399
15921
72435
93088
94012
98901
4953
26567
47798
49667
12016
87554
50480
49556
85782
64264
80818
14218
48853
36990
94774
70214
91788
98375
46370
53267
72940
70169
20827
90512
86491
1955
60414
87683
21625
58608
97380
98719
5209
36350
64675
16850
31013
34917
37006
85808
7239
76239
55927
71768
69746
25457
67639
27494
90228
84937
35819
71048
18886
11060
46930
96878
2026
4
8104
78464
96663
82396
88754
73277
3133
30781
79295
95645
73688
17472
88335
89749
82831
73737
45078
8525
37852
96748
85337
55948
30558
7211
53756
75584
40214
14624
34916
27178
71318
12408
10836
17072
35489
34555
30544
70020
70456
70399
79567
40902
27297
83333
63140
99068
42265
36549
8118
97501
71759
533
58819
89842
52804
15910
76738
10467
98320
45207
29292
90144
98443
20349
34423
41243
68716
42581
59566
30122
41866
3791
35571
68022
8721
70185
27961
5008
69752
70391
16271
49765
54576
41930
78308
42667
4134
20154
98530
45165
72653
40442
45607
99297
68118
33566
57015
69837
41560
77916
18723
35846
89915
52856
40504
89805
13366
50545
49871
83444
82996
61954
64277
10445
3275
64066
70587
43183
2557
98527
32459
98586
13178
3668
45178
38386
46337
57315
79618
76918
31691
24985
1409
33324
81922
24906
34675
28917
63914
5261
25921
43625
47327
67087
62777
14225
84283
1414
27315
57872
98802
98320
57561
40318
33042
36245
48062
81003
78197
88802
92409
43796
10189
21936
70238
32122
22137
46729
7421
1266
83641
84589
41905
60197
62871
80094
45287
61134
50622
71479
9339
39375
97731
95263
3114
66365
80792
63553
47354
61530
11219
87464
80240
3130
95665
38955
24763
87978
6851
36666
22338
80109
24095
68978
25437
43251
96884
94453
20646
56463
31014
22424
98114
30787
16518
3461
35526
9176
57367
74324
7602
93323
43383
74323
39032
39150
16638
92854
60950
88373
52580
72294
65493
72979
74481
92984
95317
19945
17911
29156
7010
39551
98442
85133
14983
54005
20509
21616
78081
26222
72294
23887
79346
82458
33285
76564
33983
48450
18369
53254
34034
69908
53450
61952
10561
10562
63597
79562
8397
33866
98730
99898
34913
74472
91230
77422
21066
80397
17036
89808
8098
18711
95444
45660
71298
96686
4178
83684
47407
81947
6538
90661
46935
58725
3371
50283
58134
59928
88230
19604
76659
50993
8116
71585
2252
509
93267
6845
67307
60082
26959
30894
15235
96529
71374
95034
48356
12522
85849
68534
46061
61483
1698
14875
99510
22891
55818
42538
91036
95415
48202
44173
79375
28854
90664
25338
71784
3101
46347
84908
37705
96921
72953
97898
15304
36932
17098
29642
23811
38855
28928
6673
22263
71659
89571
17881
8348
90290
96159
35335
33712
17883
45264
93997
44818
61741
90143
72820
37717
44445
54933
54503
51555
94601
77935
16618
34672
97694
53551
33206
1826
52507
68706
32328
7207
72402
19186
55651
23844
8727
79152
24566
2676
2016
23748
59523
43720
1089
53486
28819
37490
29939
63947
56934
82079
54933
87050
80454
70656
43211
9665
30159
85075
66025
2198
70245
13806
22210
76210
56245
34233
69162
80630
27810
15878
90741
42787
75069
2880
16672
22340
60179
5238
3019
65743
88348
39767
71893
57864
57595
73363
46755
49710
23874
6577
7998
32085
68205
58609
26968
9325
19451
13064
46834
89961
863
98751
96268
18703
6255
5739
10844
51980
33518
16740
78990
24853
99519
14026
54865
34814
91679
54679
12187
88624
91740
96714
51793
96478
9852
93851
67828
24890
8868
23903
32895
66744
96482
266
13808
95734
38027
39806
3720
86882
36506
44039
47232
45819
36329
47012
79828
3729
42502
6148
61866
73558
61264
42808
99040
53375
63909
34554
23562
43084
5569
57435
62543
89437
60309
4963
76634
13620
57549
99759
47633
35172
86747
93248
16462
75004
9348
60737
98486
88318
98481
84468
34781
99837
57903
50594
77759
91875
62240
76262
75051
63877
9116
41645
29958
83138
33724
51800
68680
93538
53031
36036
53993
59131
44320
66999
5713
29516
66228
36100
64746
62905
76512
79440
93421
58969
1181
22235
91085
34982
29039
80080
95465
84486
15081
2459
97674
78017
77055
52678
71784
8344
91944
2374
71497
35108
36122
17590
59607
95167
11505
47691
86369
38858
42176
69259
67797
58740
14079
51186
99955
75983
42107
52017
54753
2047
51896
77510
81365
7311
60744
41979
66261
19889
10029
16814
34149
71947
35321
24029
88297
7325
89767
32569
22697
76332
51380
54838
78092
5001
21715
54138
38048
59711
57854
59051
11070
24731
34825
57323
62132
12381
3103
8604
52594
63388
95362
16111
67218
6002
88666
70480
20105
33585
549
32988
61662
51300
84752
60401
93549
96545
63383
70370
18955
25883
45831
31127
93781
41250
46281
27655
74017
44367
45017
91217
45743
81803
35037
41772
49901
16814
67625
36949
73563
90422
79679
59955
2053
69031
23848
92995
80295
21398
63585
83508
28222
97374
63406
1382
43230
19365
23742
17095
76460
7830
79679
22545
73564
86399
3329
70954
84704
87168
95958
78542
12590
87705
65666
6519
91355
26998
65677
82153
71141
98544
23443
43244
80977
24829
51591
95020
80174
47742
98822
85700
34923
96226
50162
17013
63987
76418
88541
51126
51783
82975
72861
90313
35288
71308
98482
55688
38615
97114
89009
93237
42200
25935
30865
58242
1425
58988
49941
61319
58429
32623
99325
82807
48170
1093
17544
80986
50087
73790
51258
61813
45925
77129
14118
32986
36949
66975
83484
76933
15923
92181
10893
38922
41007
39617
80614
76667
54840
24413
24273
45895
23701
40863
98897
4483
86806
63281
33008
16403
4922
2076
65704
89551
78396
93413
24382
36469
85027
41471
51615
61738
16183
36092
6485
10275
98109
24246
688
98566
44154
5058
31260
62455
33576
7020
22094
80920
41997
43830
47402
24328
46390
29110
79203
85931
81371
62839
78110
97082
49664
14931
32055
40638
31889
9658
76581
25053
50451
49554
72961
2966
97272
74623
216
92462
55420
13647
62216
47813
94769
28200
95057
79857
83559
10871
80465
20552
90400
75946
12165
715
98318
27705
65028
39622
35717
64639
43783
96096
43781
65606
401
21406
36438
3301
24549
86960
12577
4545
85771
4935
97224
84701
94524
68027
86413
26637
35574
61532
74207
73413
38624
46129
36975
92370
31431
92802
49677
81984
91121
98524
13249
66253
13057
94139
84836
87250
57386
26972
4563
4789
87148
77078
40787
75313
90355
44522
14223
56764
70640
7250
95973
96201
40603
16018
37851
5796
13779
13264
9664
18903
15249
87178
19313
4187
40468
36242
6059
59531
98613
21241
37619
34295
23691
1136
63014
62931
52445
49706
31077
28364
43958
22315
48062
10843
44485
97300
24258
93964
31102
70882
27844
95532
75441
71256
42129
26372
95007
22170
938
74868
18890
45179
61021
53563
80989
996
89332
29949
70938
2072
59544
48666
12231
79051
92193
26734
11899
93607
8325
54991
94118
65994
32711
73709
45866
75877
81167
26103
98207
38374
99654
54617
6664
28141
9166
14109
28177
41693
36208
47292
75043
52926
54071
72350
27084
75440
75850
79963
92939
50137
59419
19717
32769
49255
94812
11165
52674
64465
50941
99756
39162
99489
8925
86809
43507
11268
69940
89180
30621
72191
49146
16207
71491
34972
20217
96790
92378
26217
51802
80230
92903
22820
25522
76545
18461
72368
4966
79589
28658
19179
21491
83465
46316
58123
55466
98931
26063
67472
96615
22683
88711
93979
56149
60836
68936
73454
55853
21750
30141
29347
42134
36585
99370
25060
94128
79165
97005
27705
3591
67883
5777
15507
57012
79931
26484
23677
59669
63568
39014
50532
19167
98791
71100
19444
69407
93446
12502
92955
59265
81102
11584
15565
32765
6379
32874
33036
85705
26727
49116
46757
37353
2789
19822
31470
37846
662
71567
47199
78266
1462
94547
14106
2862
48013
76709
86501
56184
64380
93017
18234
71535
73732
88978
90930
67232
51
64388
2791
94756
95887
92525
34958
61465
29144
20462
76704
1533
96146
73266
91919
86936
26415
4032
89335
64458
30190
99751
15546
32873
84581
61663
52636
26277
88042
69597
81124
11828
53355
29155
19275
10499
88576
8760
54359
87546
91435
96007
83355
3686
13571
64590
3421
11936
15167
62846
71892
17412
13015
36183
5933
31104
16572
46264
88909
31042
84086
1753
88231
96838
68290
22906
83730
31618
80658
79432
9045
17624
11918
11013
45459
19605
67102
40698
23910
72764
27906
51268
72155
74068
30889
83488
23114
22343
51290
60003
78415
5999
59424
65859
49590
86649
67036
47535
21913
58019
50979
37725
83213
47879
36511
87311
81576
68452
55587
82474
29462
67266
84749
17384
24359
36762
13796
81173
44248
88484
85414
8658
75837
62592
72614
82893
68898
96421
47728
97593
97247
50737
56283
78668
85970
51495
93360
52603
44843
68530
79233
96262
87266
83239
67641
26437
47440
6958
2900
92159
24862
47266
58139
78847
443
50527
20741
12351
91210
12006
37856
59257
38779
64811
15399
95629
50172
42211
16850
79468
24787
31519
46470
16117
7823
74607
32193
36847
1208
29807
95835
42605
97217
86007
57413
45159
14756
26435
73051
62506
19674
34350
48524
23781
3556
63182
37419
91851
19262
95254
85546
86268
98749
97276
22871
47831
10797
3437
30395
40849
94625
4703
96346
68016
37911
30435
86077
13676
77415
165
98591
16011
94497
60664
19646
99401
48332
60719
13907
93191
98583
59488
27864
85566
38272
60498
18702
65602
93575
29361
42587
97799
51351
97337
81840
67666
18943
53352
37981
1535
24410
93528
27252
81742
6893
21732
75185
37244
6412
44125
2188
54755
18408
11364
63195
91224
77609
45100
90697
99650
22939
19021
37483
87749
97616
10450
48102
88889
80665
13554
52049
86811
67665
2744
47345
99117
35061
67057
57294
93304
64134
86467
98837
39397
31189
32120
24997
65780
82043
44883
22093
42310
95811
40670
81016
77921
29328
33616
93357
12543
27720
81634
69852
95593
49896
87390
16976
33972
41120
32719
17140
53654
69405
71420
50605
53680
91
41379
63234
17676
87474
99919
79611
56411
81806
77226
69470
10709
17540
37248
89064
98264
16239
87778
68446
7730
89222
41634
17736
56093
61212
49364
95177
50203
33891
61296
83276
40165
96733
10159
67601
48631
75536
88468
93391
87277
44437
92023
34639
6975
74724
15770
57319
15606
77796
81596
26314
49698
4317
31667
5879
9062
20518
97113
70301
21647
12974
88940
84693
47649
67188
62576
22114
99939
5260
35410
61606
72344
62077
35398
72517
16012
31672
29291
72194
10073
26792
97824
48161
22265
81368
96861
6800
29639
70333
59895
74999
96720
60027
48928
62815
81899
41250
63168
7856
80092
36181
91561
12147
23376
96058
44318
58334
570
40548
47626
79985
32203
39014
33192
85690
77785
8345
52747
68862
15439
9190
74179
25962
39513
78308
12242
90927
52972
29927
99931
10243
97309
32002
44121
2325
72483
82602
32741
72370
96945
52627
20188
62563
23567
3829
11660
31623
75361
65149
73400
86372
92799
64177
11987
58754
8976
79541
46634
70914
66632
76111
76161
46023
17916
68428
60836
39184
52048
85627
98805
52429
75948
19313
86868
54071
5223
67897
85487
25738
28823
14635
79383
47624
47778
14493
34358
15296
93797
11708
92730
28046
71175
3336
80030
6906
20043
88438
73411
2848
46098
13906
67045
76640
3693
46299
55905
77344
6134
40151
31934
82344
61581
79803
59535
47968
37900
38829
52103
6511
23727
12822
76316
72684
79113
50954
32713
14581
27929
57694
19843
72821
80927
39088
78287
96133
19535
49073
26306
7557
82954
5307
847
19958
6318
67778
85088
65655
59532
89996
33790
4878
50627
87730
35850
33491
91574
91269
10523
95659
37362
25356
7054
18969
57767
63222
21728
62673
22167
77764
96813
19487
12909
53748
11664
93066
37299
1025
31913
34902
44476
84265
67277
83405
73039
75338
14517
9310
34075
13492
70030
5582
52069
44007
25728
47522
87210
99878
63248
78590
99164
98939
19614
77656
1362
87715
26510
73443
46668
76088
80558
58144
59409
79338
41978
18875
97658
38967
53570
93077
12199
87749
43922
25101
82424
20677
49906
29886
65297
44124
60378
29298
50231
93967
3181
28324
63117
59825
56792
45292
24245
41879
82911
65462
23677
38644
44463
89130
75546
75420
59305
23061
56693
16101
59967
78652
99026
42877
69242
46956
19339
84140
66734
15730
70716
98150
92818
88248
5041
74567
94439
91904
3766
2996
74781
28031
43662
61385
63724
50562
41588
87791
41439
89678
3024
87596
45572
12155
14712
35491
75125
69722
57720
36371
22351
79080
65884
59958
93702
85126
42435
92170
31830
80802
39434
50138
40793
8353
99643
61806
65872
21119
74281
27095
84607
88509
86948
29678
97018
26105
10339
51224
68114
58605
39379
91120
69781
60443
99864
89727
65501
38195
46819
35439
39256
48437
13264
85700
17442
7522
38773
23832
20425
41862
95059
88671
1252
94948
88459
78925
5653
54918
759
55622
69088
28457
7054
15502
97829
8821
59736
79987
80692
16765
18386
86751
86696
96506
75989
56574
73601
90723
32858
65722
33398
62494
57187
35659
64267
35345
1392
88891
52984
40711
66685
357
61445
12345
67473
83094
23632
77110
40690
62828
35607
22913
77257
68628
31564
70171
99924
72051
55644
63899
99171
45716
22046
670
507
15198
74648
86109
34845
37219
88349
83531
50538
43630
95578
69710
57226
12997
76156
8959
5302
22174
60727
39609
7366
67449
59468
80501
5550
817
38104
37862
65499
24488
70625
51986
63363
25236
44140
28025
76896
20817
87595
51122
75103
98330
83351
75452
98355
66973
98980
17659
34501
64274
51112
96758
10553
30777
49167
87356
11162
21451
89269
92096
27585
40592
31948
27946
42416
43156
91590
79252
74507
86949
44168
62943
91199
97000
10755
80749
10568
84570
62401
51029
68456
24066
96700
91079
77536
94652
82690
78373
30099
69622
3370
23740
60508
92210
42816
50932
73657
65611
76861
62077
44291
20544
82411
13094
43960
41565
89584
75723
89688
68439
63339
80731
18225
15703
14813
11720
39271
60152
78321
31937
30607
69957
24522
70296
29327
70237
65946
95037
97730
98474
59992
70916
17567
91688
52012
86806
20883
17079
6125
89852
23529
79799
78057
56956
82920
6986
77919
5834
5786
31193
7347
92822
34786
15730
33447
68544
71206
22680
72856
78764
73450
77945
62919
59872
21165
49771
1040
80208
4537
81272
75957
42893
35124
40924
49425
1379
19241
33818
48056
34460
21184
38870
12572
56707
44502
89414
18317
70894
85361
81321
8420
47848
88410
90739
67588
36358
5272
14101
7221
92790
97431
42830
96096
25102
44602
90820
58477
44209
68000
62794
38613
71533
74648
9527
13739
48781
44599
5414
65171
59850
98759
35711
44098
91738
56252
55002
76653
47856
74357
90583
3187
64773
58315
97032
88339
96122
14971
42551
8313
57491
99960
37124
69403
6450
2238
89609
13666
75975
27110
58812
80670
9299
72710
45363
79188
30616
40044
47939
55115
64758
4178
96578
48176
88296
94155
31415
96161
19329
25068
6274
83212
97830
88024
26631
60412
51340
9994
5149
66852
7528
3487
82371
61497
74746
92858
10253
31222
93842
55521
7686
41792
87491
18316
53712
73287
11193
52910
92626
92986
45179
54859
47095
65329
5941
83109
41939
35441
29833
2555
82300
14876
34190
53760
67365
35460
96782
77933
43714
63898
8014
22676
17491
88805
79783
71928
46868
37575
85321
80053
70638
55338
88070
7866
99779
99883
83185
34430
65772
7214
73288
64957
95205
32240
43033
23014
66781
99548
43920
48984
28210
26766
29853
15152
45028
92746
27370
90386
59654
70908
16638
14968
64982
54372
17796
68391
80148
48223
84549
44972
78644
42464
50227
73579
84140
31810
92050
34209
55615
90714
1754
79591
94334
2813
77951
37643
33097
63000
14932
88021
3959
80601
98944
49755
19111
68918
93304
48611
41774
60379
95263
6960
40670
78733
23257
87954
24894
31344
33934
97118
16006
91132
82794
55325
73411
65398
20196
99746
89840
44647
94663
91448
54385
61560
21092
14793
62189
65001
25540
95398
39878
50325
56001
46375
18822
46865
51704
41788
78218
68938
73218
67114
38475
59735
49079
26720
76065
44879
21916
72744
90536
82725
55386
19512
35285
96588
25035
52232
11791
18035
56998
17176
43932
59083
68788
73128
38116
57774
44213
29599
21013
85677
35395
7478
63619
91602
3667
40294
1012
20925
88815
88293
40684
28719
65367
47769
90510
21905
75576
31864
56098
31187
73061
28861
67636
31389
67538
93797
23991
53004
65214
77686
14999
88207
25031
75812
73507
23585
27172
23500
57066
54832
72735
56805
6804
73247
58606
56206
32731
98217
27438
68251
11450
9402
28887
61072
18208
95711
66979
8239
4609
57800
35480
44085
28552
21479
57796
88916
86666
20437
26842
83451
23557
66515
73496
68517
60337
51195
56934
18552
94876
76173
65096
4983
60477
60438
64073
30320
21780
87337
50207
90555
17844
73039
53407
35080
32927
56250
68713
63912
99616
94537
73561
93660
75078
19078
47350
93126
80074
93446
11099
72027
88202
51248
25614
45283
3328
15790
92113
51363
54307
9406
54756
30201
31312
17640
59173
16331
95466
5827
92193
14917
32506
86321
16332
77078
50933
12972
49483
45799
8681
27086
72227
97709
17698
55805
86977
43173
40720
79073
93302
32816
63268
63820
25444
90823
63305
31993
56987
58785
71024
46297
46686
24168
41246
34216
24354
16087
632
43494
79490
60828
9539
86750
60340
37315
64428
96864
89213
72312
16877
82592
70373
50038
48599
85830
63203
57397
57683
91534
64264
47604
81668
19501
17900
46641
85925
95638
8655
80462
58181
57287
63454
99202
23452
26276
9582
58406
43669
97773
13320
23654
94261
90547
7260
29240
81400
44784
83286
98521
4956
46523
31216
27654
59983
96676
24114
55624
82375
38786
28549
44967
31362
34244
90858
9556
50207
80293
93917
38004
38068
70157
48019
8281
19606
89556
75392
48982
26074
65652
14087
86100
74373
27759
28479
37082
17328
26798
75224
3870
91576
42509
92817
3086
93499
54221
56233
14846
9078
6219
98838
33132
57313
43839
26825
19595
67199
96681
93465
44303
18099
75729
75523
69989
65374
60286
67931
26292
51976
25246
30274
91016
22025
71201
29743
95667
20634
66817
43496
99436
6163
47966
78854
57357
48642
62618
17135
95920
58847
26749
60911
88591
7520
78700
68217
2619
57757
55973
49111
42356
68738
90805
13167
34994
27083
39178
16649
39851
80392
87260
79718
90518
23059
65651
8317
90729
7433
31301
46437
25045
49391
6185
60511
48160
61650
78216
85812
94108
52268
63675
19848
71546
96993
16101
76136
98076
49559
44599
60493
93745
48156
87533
96287
37990
7154
9548
84985
81419
56546
45517
86632
91605
25312
85458
85983
83789
44617
39103
35684
35312
90065
20932
11907
17016
74539
97939
66065
42431
27788
22639
4295
3328
2282
15149
78402
2664
27626
2212
81733
10269
31826
19207
67456
61912
22784
57575
80427
18365
36948
51470
96768
32197
55755
73810
36953
66304
11120
16285
53676
80595
39918
45461
22210
36780
25012
187
69011
32700
53048
6313
27767
5631
84246
6936
16943
40112
63085
30877
25382
22230
98040
71972
23106
18104
26898
87869
72756
39139
46786
36874
7605
49906
3611
548
84984
97664
2235
98098
52022
65018
25272
21568
97578
41674
37900
9411
32262
60492
53665
46421
76724
28203
38700
64613
39976
78127
97117
92658
76029
32594
64813
46954
80429
99544
13347
25172
69270
55534
15126
67801
81636
18246
66589
43220
20229
74708
29940
5015
61645
90719
59944
40700
11409
90154
24646
7198
16022
5992
99472
44389
39951
15719
42679
31631
30207
88375
2703
43811
86295
1249
25458
14547
61914
56210
40065
98903
29227
95398
7898
44783
23217
49674
92684
72291
6309
21790
95832
96776
95198
380
15637
37333
62305
28845
37607
30228
30570
89024
40993
89366
11727
66003
97371
32509
32492
73018
22741
58631
26282
95544
65028
1308
15823
7854
91803
42507
71072
17945
84480
2916
59602
11033
8186
98544
69076
76088
24777
91945
83018
116
41647
75569
94909
60595
17752
64895
84903
17682
71935
87022
12690
27937
64108
70605
93049
80337
4514
41633
2252
8472
40430
91930
50445
18553
72915
99958
93754
56565
74558
11899
96726
46275
32657
6708
9655
56542
3081
61800
50962
60711
62871
81696
65934
70605
24209
18806
19253
40254
16932
33034
56254
22103
6580
18342
22950
35602
8944
85497
23732
3206
93759
9119
21388
5357
15757
23042
81778
70007
80662
96629
61562
41756
10624
64722
64349
87902
98730
21075
88861
72357
54743
30159
62431
83600
12561
74512
83135
13548
65954
83682
42599
83966
72811
61039
25631
94606
56188
44361
56182
66068
43582
92096
46392
17792
84303
2386
83992
36979
39989
91902
94502
44568
54642
19151
93940
29593
45691
24866
54562
18318
2475
71246
88328
95350
13014
41164
74265
74769
58476
41194
34074
93967
90240
30476
65303
79140
39421
55875
24931
50501
57241
93759
23436
98204
69309
46081
87155
87439
6222
3957
32379
25623
84675
37663
64784
2716
15819
16205
27687
18776
15121
77130
82444
46386
16784
94566
66259
79517
76935
24550
99453
44783
14962
55301
43160
30764
16681
41859
40416
74508
12121
38602
7457
85902
69801
89533
34900
39004
29940
97119
99885
25140
5494
35489
28635
58721
61056
12135
54742
72232
6018
72067
64173
88519
58485
4512
8281
53151
12936
3602
76729
28170
58792
22231
63483
66248
32145
28526
30368
56701
71636
77585
74943
94410
8133
84508
11867
50207
19824
44729
7484
55734
39185
95222
62053
30546
5223
91167
5573
9673
81864
19601
91517
32093
99776
7470
56619
38000
33870
70274
80973
16932
53559
13196
96358
88528
90813
21901
73463
91792
67932
71926
88022
26480
78251
1696
43446
96861
47646
27761
23722
79265
35179
26993
89666
74703
16273
34217
82174
13123
48361
72239
1256
51535
82665
98118
51180
2846
82832
86825
33352
41380
45636
32919
37038
16054
5396
10802
69126
10174
69712
46236
81004
70715
18049
38097
88190
58652
99896
17851
27689
12962
63425
74893
93810
22450
4822
93566
58799
17390
66396
64023
82917
85756
85757
31178
46713
44559
83894
56873
22212
73357
79412
87638
78506
91594
82847
81793
38577
413
94736
46707
76199
66975
99591
95227
55072
23522
43066
11448
35024
82862
34494
24424
2741
33828
3196
34429
96617
43250
12500
58811
17965
58029
16847
40047
82257
57987
65172
75483
68421
68414
42544
50654
15877
75419
92401
3206
33972
98935
97276
52793
57652
60445
30366
42441
62216
43627
20181
28813
81120
99276
15834
51694
6127
27517
95879
9871
3015
11329
83102
30820
43301
41714
1290
67339
68083
10157
36841
11640
48518
75974
25398
69425
7246
4202
24143
81537
34625
9583
41426
9150
53696
16876
19384
11604
83826
32498
4469
81931
60494
55875
57993
63380
48659
62238
95313
13177
33026
84503
82561
50893
20561
66623
60992
2767
35199
96084
1208
95222
95001
39863
65964
62057
25290
4658
19617
70411
47880
77340
34390
38549
19881
2127
7662
39404
12641
38219
81527
67559
85194
60959
45492
18795
42680
34670
28957
45315
73837
37815
21648
37242
17782
26405
58910
94852
62856
30025
240
25296
6248
22727
75755
85063
95935
60088
4231
74345
3566
38149
71800
9778
55388
65350
36686
17339
2924
2732
33466
70573
41023
71565
15313
26508
21622
93181
23376
37081
26821
88846
90202
57878
14316
64964
40894
15439
87943
84656
51923
85783
56784
763
38195
32139
67869
16028
47304
39097
81124
13952
56692
90978
60909
63477
21481
31838
96309
10041
19637
33045
46403
49686
55430
24088
4978
67086
95155
90711
76872
45401
74031
41928
64677
17453
29748
57288
84431
36718
17155
16983
50783
54170
97589
76586
90820
99098
95546
82832
57771
283
24110
39543
11120
67371
14703
5408
10506
86108
32556
24088
57641
79871
25913
12255
31457
50730
92069
28694
51489
87020
27065
5677
27210
74541
73670
22467
56994
66970
8640
54434
33988
71232
33065
23186
12259
10114
58877
5908
78845
57925
15129
98653
58397
64478
56349
31458
35750
32485
50390
14176
92543
96323
59390
42505
49598
4444
93642
66797
73601
57899
64009
96341
82778
42443
89939
16370
34454
93014
71799
71283
89573
20370
83289
42313
94784
52271
29108
23530
4031
51963
84650
90614
18756
29931
94665
38765
55720
44494
5034
82909
67884
1627
36965
82629
93837
65325
68463
77481
69362
60220
17690
50817
68801
15110
26197
71499
40578
76014
4420
25718
78874
58140
69398
56950
5699
88486
65798
27199
71571
97151
46692
42894
18758
1436
6098
84499
13428
47082
75583
36814
34333
72109
69649
62120
19793
79799
10964
84604
53314
1404
9063
56577
54064
37943
28294
34782
98369
63600
97318
98581
85898
62633
55276
40540
59532
48916
78909
18823
30226
52239
43834
37328
6467
51361
80767
4145
77113
84984
57834
95011
84726
52717
48082
97850
12141
95984
7284
39813
67387
10175
18373
64849
57423
3439
5781
45307
90345
94633
30948
54648
49989
1107
73461
91789
47862
59678
3541
2408
2526
4351
75404
10670
72959
29459
93295
20098
53155
63053
92669
81971
74850
88867
58767
71087
11914
17728
19360
93288
30359
16174
9980
92648
63371
45404
6963
51400
35455
637
12669
15769
36947
19554
79588
67595
9935
82026
6390
74059
35212
68378
3456
42923
12545
20851
70410
57746
29952
98254
87958
52698
60219
51844
27875
94453
99831
97149
14465
62639
30568
61317
44948
90197
64552
13006
66723
23480
72050
28593
55264
8728
32597
81017
6693
44924
7909
24683
69012
39414
72836
50137
23263
49640
2561
85912
65412
15959
11560
2353
79163
98507
89243
23135
63645
60012
18051
26364
31059
46554
57461
72007
93180
11019
23339
70724
58543
45932
75734
18183
33490
54509
12339
25143
79707
99311
12837
72724
70713
2123
51071
23023
86816
56113
87953
70277
27733
76287
82084
92378
99067
68267
603
79431
86383
20411
1276
86307
42170
79502
5968
2897
87080
77147
90929
43483
74648
84986
35481
23435
82150
43979
42991
85826
54889
95878
49981
13646
80386
24855
96487
35342
3923
53464
51310
41669
34097
23147
20056
69452
50939
60691
37260
50844
63699
21994
20731
49329
65694
77779
27962
81005
11821
24281
98954
18257
90204
40203
72091
74766
1418
82402
50280
67199
66756
22156
56277
50701
26232
16822
84962
22386
57169
96042
69810
42395
57889
45069
63451
61645
19970
74125
61063
75862
29709
50490
671
98221
66938
92194
57340
27987
86465
85325
35295
60611
56270
40371
295
76462
36474
54299
65343
16476
79873
91594
6258
80266
59065
75047
73354
79968
78502
15691
53636
32131
78763
82886
54829
83955
31525
78720
45620
6924
25050
71466
42049
38428
9697
35733
54551
41777
61248
19285
53836
12710
31001
70877
29183
32561
25045
92538
16210
59812
90126
75719
87095
44846
27284
75854
4516
8885
32221
84248
97440
27837
49201
2419
90829
86521
6041
5742
13676
57199
88372
49377
52021
87493
5545
6606
21747
76223
84520
16288
35924
11576
18495
41139
90434
96339
5389
48361
83478
81324
3253
71763
7106
81191
3106
3335
21933
29361
15733
93048
79235
10086
30708
55558
69485
60765
92514
2680
41882
35996
63521
19820
86511
72703
78156
67178
39667
31985
39599
4776
25785
416
7591
75997
30414
83976
13463
97574
85500
3906
40742
61980
78049
74021
97942
8341
47158
60220
48214
95303
94061
12767
87111
47820
36210
13041
94020
59555
37734
86089
30607
86236
21307
6390
50969
8922
64913
9126
9030
45217
48891
36484
54998
75538
93799
2214
56071
65580
24810
49881
29652
36822
92022
20150
11985
4770
94751
6288
69150
40057
74579
88533
53577
68565
38761
93391
80267
39230
56240
7467
69999
36881
54238
52231
70191
72839
47478
19091
47893
86838
57094
64820
22702
27321
35905
58308
51195
58481
54625
95190
21021
62936
42845
76504
28984
59230
1337
97944
50861
35152
9259
7794
85512
89009
89281
34124
93157
34630
62313
16704
78149
37473
87588
85329
3181
63275
81679
47156
12704
1313
80904
1123
54870
20224
55224
34125
61847
2294
86226
15220
95320
60026
86465
98399
25704
43644
79439
18343
61920
71633
2351
41096
96069
99080
97372
34663
76801
33745
59610
63933
18786
59674
81526
38870
51231
16046
5935
35801
91970
52107
84380
85343
58709
20955
54247
49770
95370
3141
19759
97281
14706
81784
11244
65963
26556
20438
34639
8751
28488
70889
69498
5906
8883
40085
17301
2770
56117
57169
62325
60622
38525
51650
52448
59869
66453
8404
88643
86328
33845
36413
52089
96521
20802
79122
57651
91365
29666
11323
1300
15541
58043
41590
75990
81149
49091
17498
11160
12457
67960
41870
8896
52309
42189
11711
80493
31180
57308
92978
84314
3122
83037
9409
32055
62633
52646
39155
39980
46255
54391
13786
47383
72918
44690
17522
94716
55909
58955
50477
850
72345
72800
2893
9322
46799
58108
8790
29120
43297
13000
2324
31687
20952
68577
71305
80473
38260
47129
71149
59268
4735
67389
99386
31566
98017
22808
61566
81492
56587
92689
61493
75723
13300
63319
23109
48101
66300
79492
25765
64564
3174
52136
44478
44248
16052
68260
12524
41923
25887
40255
26232
51345
15464
17227
99885
76722
34836
59654
32409
1654
60531
7850
48069
86105
10028
17861
79745
80599
51734
80346
76504
90420
492
36038
30321
31854
16207
26546
68171
68458
54865
38560
75229
92189
30821
76148
33009
54922
45390
70484
6565
39366
27411
88044
57157
1855
17489
57262
75602
23765
65724
39473
27824
10564
55709
99514
87168
27455
97793
32711
41864
83607
2284
81682
41405
62172
98660
95505
9328
12822
20395
59657
59729
59691
51001
46642
99429
35266
16065
42976
16706
97427
55353
38747
25996
6253
1751
31543
89702
89609
7267
60760
93897
23913
14945
94845
4234
28884
97217
93581
9745
28189
3625
35106
52212
70284
84745
76717
69761
7774
98772
42832
91238
21356
48679
48885
90086
47320
74960
65789
97975
64552
53620
36666
72158
30358
70165
9798
92505
2225
79342
58325
36617
54548
15393
91627
64584
55607
848
13335
18231
47500
19280
14198
87429
2478
3823
30841
4042
48739
10452
99991
20650
1093
63338
31354
46451
18569
47581
83930
68729
43845
34685
177
73322
70652
49600
53491
10191
24817
17718
13256
70814
75736
62657
67235
45959
46886
55399
63350
30068
46926
30296
16640
76213
61384
68125
63681
6428
78088
66164
95652
71369
83586
8783
6691
91294
79126
92651
49290
12572
46723
92675
74374
24799
59070
83344
90782
93293
55417
63025
99743
54637
7816
63371
97328
29535
2074
96786
77658
8804
92700
3301
47962
67326
75486
2404
5843
26372
94618
62960
5047
69993
72849
74866
75135
64504
49695
62886
94308
29661
50981
75495
21910
83117
20553
49374
38762
84846
18919
14079
32532
12486
77877
70896
9204
69825
23847
77319
73308
12716
91677
54000
88790
56370
37081
42840
85228
49306
69436
74268
96843
67026
70016
26900
9569
87765
67793
23245
74218
2404
90990
89155
5065
68279
41982
73741
24373
28270
59304
77865
19006
28852
96546
9363
7716
60453
98955
59905
49881
55419
39466
44212
95770
86960
80162
27886
43980
21300
40986
60724
4924
49261
91781
45087
62781
74611
93397
53988
93638
26370
21199
22548
7485
83965
99247
98841
47100
85515
3292
88535
87274
86126
72285
63434
23190
56179
85444
70966
13289
50884
66020
15568
8894
51095
83870
14261
36640
65441
54243
30627
23225
10524
28383
89158
70110
51170
51296
58997
2570
51032
7677
5290
20976
70862
54384
59712
74636
7626
61576
64431
16292
96773
21773
61429
54470
35595
98646
44533
39732
22312
74521
71109
61952
22360
91516
11815
37170
94489
76301
82488
53504
21006
11424
53169
95503
28365
58542
30298
60563
63806
36990
82110
67784
81825
40898
41993
37131
42969
80804
23260
49421
16199
49436
220
83019
30114
13367
19490
56006
12368
23168
88665
59559
39476
38471
8517
71157
99082
3987
7992
76027
4533
64088
47271
3781
38146
51924
86837
61194
95434
84264
53826
71235
66782
69046
96896
25826
87612
80023
56051
10241
59355
17643
68096
68540
88392
58132
79599
80101
2133
4451
32703
65687
13131
44424
42689
755
91710
63332
99220
50760
91195
7353
1850
71077
7164
71512
14019
53022
28613
35004
91603
52592
8757
2631
66265
7130
21597
72467
16359
28686
11234
7007
18828
91564
30465
62193
48746
58498
48478
27551
93446
99231
46845
10048
97854
37367
20268
93120
56985
90380
7341
20453
74527
49755
98752
44369
35157
45190
4346
15588
32866
51949
5850
36256
39035
58498
72713
99424
47709
48289
34453
40182
77943
98485
50390
64281
91387
16230
68667
83683
31685
43732
8476
77105
44040
13795
2470
69194
23392
32176
81512
51848
30554
92292
62940
33090
78877
33350
98720
19913
33442
93363
10023
86834
98190
52080
32348
22266
18645
46386
42876
40351
86698
17188
70507
31436
82824
52828
5435
36554
97418
30198
2448
63172
84744
36068
32278
14852
67665
72997
96389
48743
79100
97816
49126
58084
74813
52990
30098
47147
13469
51051
30719
72014
508
75819
99069
96704
84070
76386
47200
39974
6787
77052
47210
54667
11240
79561
27200
46769
9272
72590
64979
80795
17016
68925
60273
95278
37207
97499
91542
46097
9751
70011
89588
94494
74180
94662
83176
96008
65486
25829
30164
8954
80545
91444
20982
36622
309
26188
5828
23013
75547
42911
52122
14121
71031
41601
26939
50695
68653
69312
49134
3019
70737
63621
26250
78930
85236
61066
59423
66891
61133
42361
13042
33178
94641
44763
91894
87921
58265
88228
82276
89501
64768
90609
86900
75092
19314
44004
43826
46251
2507
43023
57381
27623
68355
63209
99498
54893
18716
82321
1538
51405
30628
12250
70656
16296
99885
65377
14256
9410
29093
42686
75960
81157
57102
64484
21894
78533
59097
71610
37755
7192
47398
94653
5903
31935
10366
14743
72356
67048
72957
35132
4703
26782
40043
2749
73972
25300
89683
73877
56676
84579
57878
73235
8726
31477
10778
24499
40775
52980
59490
30784
28352
73190
78591
1758
89137
3880
77005
56013
70212
18329
72770
69371
84006
21632
19793
98829
58978
87058
25152
76311
94238
72051
17874
62194
88897
81887
30882
96714
10442
33839
86178
32614
24485
53836
91364
92847
59918
49033
45005
97794
85599
56692
79051
53448
41465
41337
90431
14532
4
18505
775
40560
79384
79970
96604
43373
2683
10164
22074
28967
27598
1591
36970
50235
60395
92381
74266
37651
43068
494
85640
75192
32351
67302
19796
65574
50164
52017
98530
1382
35906
32102
71274
19486
87351
51588
2215
46458
52347
35499
84759
98261
64516
18905
50613
10882
29512
84413
27584
65311
97335
56935
85407
85122
21137
79146
81827
30079
45236
27698
82943
17243
1732
75625
93791
21592
24291
91906
37358
34960
89673
22611
72133
56133
84891
77088
98233
68980
46688
93314
89849
15044
66640
12298
15745
54732
51074
97541
92459
96900
53047
94369
38511
72331
57665
98567
85978
724
87116
86730
38169
88195
81983
4010
93816
91484
87564
8205
89672
33729
27228
58424
29930
50488
3001
78187
91100
78111
50836
45687
57961
13075
13690
62258
92750
74707
40437
11530
73952
34381
32434
23175
91103
47672
4071
68181
5207
27881
46608
58287
64747
71552
11052
97621
69028
23040
87096
23439
129
35761
84623
94324
99745
57368
37739
24071
91984
34648
12184
73417
83113
95636
51968
46020
72317
49112
55685
46606
46876
80138
16469
72389
5863
9037
95529
97193
6714
34805
90982
94
33348
54702
92179
26766
96415
50284
64633
45576
56612
56833
96435
86107
98074
12046
58606
23494
76324
86228
38086
76455
75788
40487
8249
23013
47368
62458
39268
28699
48181
58777
21612
22011
18325
78114
67407
4613
87004
55958
60665
93132
29490
59034
45635
58191
96751
1317
34103
34682
63074
94439
14366
31885
64286
76919
26300
1325
53822
69355
92849
31828
91800
20539
6548
26773
58565
54989
30832
1451
35997
99282
84352
78840
23741
16600
66411
96582
33657
98616
96228
16991
27454
74524
13387
72278
44546
83310
2448
289
87068
52035
45653
72027
69031
3813
66094
9624
28230
98561
24508
53412
2883
61376
81989
56872
51251
16689
28367
46325
24284
91760
53413
6790
4342
17620
59382
60585
17129
72946
88884
62321
32691
28365
46860
36590
17588
29876
55313
5231
95406
53458
86348
95955
39770
14405
81981
95339
86934
91863
11322
86503
91933
19328
52436
7012
70294
78152
81393
23677
85085
77816
35008
78338
37286
48309
65358
25482
95744
65395
99840
1400
12337
62416
14408
23580
49995
3214
53776
93583
32582
28395
99776
22272
42088
61007
84550
53140
74800
14672
16997
82509
93427
73659
38554
7541
80457
4662
74090
85063
45361
49034
63927
96993
91183
45171
55225
10868
28475
31205
74836
66732
13828
79562
77378
43203
93941
51945
66715
13728
95298
6903
35209
78103
99451
57980
69071
80207
657
9475
63424
35809
96308
82829
15886
77731
18716
21972
35738
92173
77174
19768
98156
60059
98785
6230
47126
30368
99868
68034
49157
93577
40970
11385
18233
62001
81015
77147
53468
89427
29749
46166
18188
95552
85481
73704
26243
23463
30756
8455
15766
48234
65847
55304
44048
58589
97783
55120
15072
58633
9016
79461
96579
8999
73429
91559
84431
89788
93649
23700
30040
51523
93042
37460
61818
28392
62788
94178
38558
50603
76986
28256
61331
17875
76251
55764
60609
72206
39065
37666
12879
65668
29235
49531
54917
77894
80080
47632
44456
20924
99681
65818
17339
65520
46566
59532
16040
81969
19728
35692
32931
10966
82624
54173
42886
93150
55842
34701
6018
99341
59389
95448
15237
30797
81990
94300
72433
68532
80108
93788
12336
34070
28796
39279
64419
73203
10364
14917
87092
14872
28493
33767
25883
98443
81630
35089
74543
14577
19521
32491
47898
70232
3033
75014
72426
72702
36297
67613
70632
10689
53382
27777
33107
19419
3348
925
98252
91880
77874
84181
78587
48225
29462
24658
31729
44954
38722
61990
99206
32661
85992
67545
76297
11362
63671
13352
3126
96659
91408
56569
82167
62439
34347
17935
68892
129
33231
10112
22579
96748
52361
28951
44817
51020
78883
76650
85526
30111
43339
73551
35332
91591
60127
76416
59968
42165
36278
65002
99058
19698
2759
61858
41843
10057
40772
27448
45693
14877
55405
89324
74249
86290
94583
83884
57531
85147
42084
81872
53922
24259
54490
30731
98465
82770
22237
37767
93482
20249
32253
90074
84163
8951
88698
29070
23291
98279
75052
27680
49271
75703
34307
26603
37258
94221
16800
27400
91817
42920
80151
63846
64421
42609
3781
78036
31880
71956
83628
95462
35327
8101
8735
98338
65660
5498
68019
80332
46732
63935
41441
48037
49472
2753
74609
58959
62402
31028
40156
82759
45409
33789
79540
5195
54403
1113
78832
70983
12533
99363
11747
69505
50449
38810
7532
86155
20654
84268
15013
58308
4047
37854
29626
24522
78757
29765
66369
86970
98250
74351
5535
71959
53347
16981
77798
91703
87819
60040
29653
16256
72347
86260
98158
91251
69739
75057
35638
30595
92543
79402
52529
84640
39717
632
12827
52952
40293
68660
49387
66229
61294
32337
18497
50585
15468
17215
62852
40899
11801
48798
98555
66115
70719
24081
62623
65890
39371
23956
20020
15662
23409
90853
98379
4532
21979
7824
11740
40934
88244
97766
51959
26174
32569
76516
45468
86580
14016
10230
70822
11049
58623
42470
53868
83397
54652
54658
64977
12370
6274
31118
33178
57330
71366
39194
10781
13687
41695
41674
78535
56583
86714
5200
88577
32464
41712
12498
40760
18312
2522
36213
50420
91236
73608
879
66593
76
79301
79954
21850
42289
51276
54904
42350
41111
21810
77956
40434
47025
4036
61070
52257
73521
50962
24144
81506
67203
21401
9311
43033
87360
92730
1258
7947
53312
73887
81406
15296
29541
27398
34271
82783
10065
24831
27280
98025
69531
58369
11517
1731
50074
85389
54494
39248
24384
11108
42245
22158
89040
16430
3322
74756
21311
62945
26941
50727
24808
56702
25741
98651
87645
78884
97300
9678
76101
62921
47676
47268
33261
26641
48895
10733
90154
69341
97995
81716
51823
12782
85333
51413
61551
88217
98418
62707
37895
47269
38610
81187
39380
88988
70826
1999
9620
19828
60215
57942
19877
86288
94972
37349
62027
87096
72091
28206
54731
80148
92522
32396
63744
97734
67326
77457
85606
23668
35250
4480
88819
54384
27181
4744
29931
91221
61142
97943
85421
61455
39153
4383
20712
34554
20746
68007
66262
11607
7347
86801
20281
33783
49734
37313
96333
78173
15645
24477
79725
29837
26271
35333
85352
62230
24146
46869
30720
47437
32194
89014
31572
69094
83099
40274
84278
59111
90298
89546
13249
89939
19085
96431
11630
42435
6683
91736
43896
89591
43300
72056
31704
18076
53933
32840
99131
38088
26710
29019
29857
75324
72469
25659
12077
21151
5314
33909
13525
41814
5974
4570
13985
36096
7482
61552
88621
98726
49807
15017
51640
13715
75713
61240
21939
94924
75558
40581
5529
30990
97012
51274
77849
84228
27014
64683
55992
29837
5028
85677
49830
74231
44137
45081
15375
47015
99837
32911
2843
67322
16732
47176
36682
24056
35320
44384
98251
8826
79158
61444
55696
97885
50144
67480
43931
60695
66845
49967
85193
89743
67787
1585
50074
29376
49599
27575
5856
27215
43523
12102
34678
70114
74797
5904
50682
95113
75601
47821
84080
61644
74311
82110
45555
78445
77849
9162
70874
85240
19598
18085
55463
69655
2178
77520
83234
48088
80369
45276
78825
79902
81707
98927
66948
67055
66436
72575
47970
21905
63436
96595
64947
85621
73089
17410
17144
71169
72178
66427
27515
26036
28561
31945
69424
546
85891
30370
14577
8200
44195
65045
62552
13534
30143
32921
69567
66669
21079
91685
49558
74199
39814
11328
68896
42186
50536
80929
50372
53813
42695
7736
99403
1144
36103
7717
14700
67736
32082
26321
96804
70073
35500
90586
81139
34397
88500
47393
29402
94374
86975
99636
14212
11298
66405
61955
87896
11476
42171
25246
53913
89377
57423
40751
52219
6858
14270
48821
63835
38987
17291
90472
67658
3499
16557
63961
64755
89449
64642
30237
41566
62334
57096
35024
91178
675
64209
42179
5248
9021
89614
26358
33154
25468
90077
69766
56606
92605
10648
89747
45350
64672
39888
56506
65368
16958
67717
88239
69721
8975
80352
71345
37455
68485
33652
4709
77210
77961
11472
97747
93804
39277
81645
15271
8538
46382
66560
1671
4118
33205
24706
68821
91299
30743
97874
4885
40998
78883
78479
92446
96976
69851
75538
17584
49358
99931
22537
18467
26165
60807
43004
34988
95091
64419
12906
15764
75182
63787
92097
11220
97467
18075
39757
13656
88570
86723
21098
23696
29514
44205
37755
91976
23647
59995
32172
38186
61733
36608
96156
81597
65192
71934
94548
59401
14301
8015
25586
26795
8373
25709
21387
74542
11392
88051
35826
82785
81668
79307
73011
28869
67764
88942
55267
79008
5098
23292
40284
12505
8784
5304
43320
78662
36742
50358
66273
84647
77929
50546
43522
84488
15406
37603
14803
38847
56043
32716
22446
28856
27736
85735
6567
72070
93424
95614
92518
47478
5449
88984
22316
57319
48001
19373
64685
75843
63783
26137
43162
42838
47916
33250
73146
90329
35826
54843
40005
29154
5221
19138
20141
70844
74366
7989
69560
72461
75477
34334
49541
32403
8777
87419
39458
80902
35862
15283
19356
51110
23021
2578
33706
87620
64425
21785
74975
36144
22255
62154
25676
2165
99570
79446
86641
41432
86114
91614
71743
18511
7170
67924
84292
24618
58759
4618
75120
70879
35761
76419
80386
87065
25693
99614
17888
84211
90918
97794
85592
10717
53129
57510
35070
56402
7671
44243
87075
14527
379
78117
56349
85181
92524
97818
12903
59726
29733
39115
91371
39957
14987
37845
64104
72517
50821
45061
10870
27355
82058
22909
31192
69082
69530
83596
23218
77813
82766
37776
43392
51470
80156
16651
70365
18451
65005
98185
26276
50614
96851
69161
58197
39664
55047
80707
65836
13178
11957
67209
42377
72904
16549
72395
37924
23228
44867
62899
5503
92326
416
68045
36732
55211
90611
77030
40237
3862
28104
92082
80544
57232
34902
67385
87797
9798
45802
70678
41989
17684
34637
35464
98973
94820
18321
73875
26795
55076
75115
25837
87167
5167
603
48615
93511
16295
37805
38762
58873
34235
90633
87614
97452
89729
96989
72579
12814
52263
87873
84382
66877
12606
35207
61531
49276
68505
84281
39838
24143
34463
90205
29764
85373
84405
40726
19860
18625
94452
25980
50230
14376
98178
5480
34890
84425
70755
24468
25096
28320
87930
79569
57778
61440
7126
8682
47876
146
63
67906
15097
41934
82135
7942
20378
86540
13733
62048
63
5389
8873
86498
22286
29852
96804
24998
48679
18444
90224
5212
94612
88902
12181
63776
55822
74211
78655
37381
90171
84244
32546
32605
36422
45288
17396
90557
98751
20289
17329
50959
89568
18256
79725
71358
21447
59724
20277
96367
62202
23251
18044
40468
4140
50549
62838
89766
21475
31549
23600
89508
98605
15938
16397
2291
74715
67494
85454
99796
1631
76958
5238
26276
89454
40930
72586
85720
17591
62712
63207
18955
26552
70411
71471
81677
42819
7121
40722
50289
75791
56739
88567
6952
12496
50132
927
33074
20752
99865
97255
6209
22640
95445
32037
99460
53351
7509
99486
43801
32425
43172
1038
58153
38777
93274
99343
28449
17967
9815
90636
78289
58642
78693
55380
64646
27020
46571
86983
46327
52035
27172
96125
47467
83001
45355
57917
88123
75577
45252
93646
11480
16131
77499
85761
66359
37504
92988
70346
32164
7224
26449
73584
76720
24016
183
80325
96998
58319
81709
98667
61394
58000
53259
94640
89700
85312
98801
52112
64560
14151
59997
77315
46707
46568
50442
62849
81102
54375
48020
44984
957
15962
26603
65533
3898
62674
18590
77526
56329
10182
49008
31524
48223
90405
15529
19940
97801
99892
55217
82042
84923
37533
8428
74594
78301
15990
16901
87478
22488
44770
48704
75091
14780
26484
36967
52303
10681
23895
23769
46193
5055
9688
83473
87634
19285
32248
65163
40677
6677
25903
73014
87960
19883
70832
89886
13497
65802
15143
34049
31014
80478
86165
40024
58250
61166
97159
70536
4376
73531
94086
34488
24917
94377
64674
84845
6037
64764
95227
93587
23028
48742
8338
42077
57784
58321
75750
46306
21964
71460
16678
99664
70476
17023
53092
29303
77474
52209
52369
46645
35004
34204
56401
3436
59638
83810
54773
65808
30323
11323
56828
54346
80999
9671
72894
3542
4355
51799
63890
16009
56645
5989
81544
79363
68996
6483
78567
85928
45260
63876
22680
60887
8490
73726
99007
56626
57827
49681
12160
99182
932
40018
87482
65034
94949
43012
39973
64297
45146
62572
97167
78803
39390
32971
76232
89841
63684
20032
9255
72964
11318
12816
67103
53710
87150
24238
65023
6697
60870
19260
92261
23465
36804
10451
85192
58620
7204
27867
13197
20303
44198
61808
83468
64947
14665
72359
96865
66676
86322
60419
37150
81790
49287
99150
56038
17880
67348
40472
92105
84785
10734
20075
73422
19572
39640
94846
86549
42527
10103
45385
72316
92055
41963
77340
9388
94832
24339
99389
69962
21600
83767
32257
77770
6867
32384
35796
36930
7351
63417
26471
27671
98990
38385
72183
49592
27414
5658
43355
67541
10077
86799
61041
55802
25470
88683
59509
35531
38065
2936
62411
86098
66289
68138
52676
4527
336
43652
52867
11289
2050
46251
11318
56699
98340
44963
39155
66937
72378
31548
4138
45328
42665
97393
29689
73288
62880
48885
79798
9862
32021
80698
45079
90612
27709
43666
43935
65035
30782
5364
34743
20442
67155
48217
23856
39482
80301
25172
22678
48061
85442
2463
27204
99329
93836
59995
31057
41952
45971
65146
35848
54118
16466
98533
31913
61213
88147
34539
31307
81719
84500
29639
16750
68252
24490
20029
4893
71551
79502
30417
97745
38094
34216
74365
346
19721
2146
41476
88876
30242
83319
87255
26172
24275
34918
97248
15432
30606
72805
72398
27899
99306
21099
10807
46672
23192
10746
15090
20370
81176
3082
60036
91941
44681
35701
16139
38289
38467
892
16711
29006
55053
40066
98187
9872
41920
68401
81088
45739
3457
98897
3166
78746
17727
16226
34104
69932
14864
34170
60916
21882
87081
11390
64927
1668
2164
96325
38825
62316
95967
70588
36689
93571
27100
70616
34783
82464
92870
76839
49396
71829
37985
28962
62199
75837
98711
6495
55786
92049
86771
79211
76062
42395
11527
49417
68968
57404
61952
17038
87296
27118
67293
56845
19553
10777
72780
56878
14104
26475
47285
54791
42109
77406
68005
67320
98558
58405
39733
20601
31784
24177
75495
33926
6612
8010
53313
26178
69398
23187
18455
65904
48370
21374
15268
84619
2790
76394
2156
9110
75592
80539
62448
73816
68023
77864
74489
74530
91948
16570
19468
11329
75414
89572
60817
93561
74123
35780
69754
52377
17086
45806
9765
37405
69792
53749
5456
320
21944
7895
55345
39720
50506
93503
12189
87437
64086
11089
10843
51878
19645
22662
6781
72945
33592
3694
85983
21692
72822
73079
87304
3380
87333
40979
9718
40688
75630
70503
29094
42434
81196
33482
54911
31253
77716
70670
61652
75855
48784
74678
87141
38425
321
24689
34020
14490
29680
67671
97973
46470
97660
16865
4725
63741
99319
68409
74229
96308
51213
61945
89446
63996
62327
9825
29836
65776
57940
39927
27574
12331
45955
10345
126
18788
99848
36869
47387
98490
54616
31140
66988
34022
10462
77308
46121
26745
56008
46059
81017
74338
42203
99339
85358
13761
23145
58978
60955
78306
6516
11897
72279
44316
36800
50303
4106
67761
29663
70806
48288
40806
28572
91380
8390
1883
24756
48443
14889
92990
5784
75965
92983
12607
61079
97548
94743
44637
981
25960
7701
43254
83701
2907
62483
25426
38482
61513
53645
57716
30474
42210
46198
77845
69656
4799
20757
19110
47766
27365
50454
55978
28500
17861
38633
13018
460
4322
80837
82353
2635
20871
71696
95166
96772
26868
52549
3839
34425
48473
27434
15544
42322
16261
91555
40517
52372
15367
83582
78291
85746
51289
13265
33764
5127
13469
87119
3345
80169
91221
52477
56180
30287
4156
37762
77198
26432
49416
66729
49488
69956
80601
68849
77960
96097
2276
650
24160
67943
39525
66275
88825
95811
8076
84725
77531
73451
92920
84455
98152
38427
59365
15621
72055
11306
17400
90194
52019
91423
5515
51672
66453
36696
23663
32154
41059
7964
59214
71046
74308
84539
88906
38601
85376
90834
5921
78396
30133
86477
28454
34103
14126
36385
67860
8392
43720
49308
30065
95473
16749
64968
21597
1485
93526
62989
28283
23646
54706
92584
13953
17797
44834
27706
99680
45168
3288
55858
92293
59082
40452
65195
66238
35094
51749
65275
95686
11400
81095
3374
72088
28266
29219
94179
58980
54282
29806
45526
71049
2093
45157
28972
26796
3556
85090
37759
56401
70061
73003
36013
47636
53030
66635
55101
98778
7461
92426
4739
61399
57352
37987
47418
77099
36444
52494
84158
45620
25037
72530
57718
18176
19866
75969
38291
765
39097
42561
44280
10908
40786
35761
80163
26814
81994
8363
97351
41007
28637
16841
70386
49539
33458
81785
13439
47710
13875
93884
7721
75049
71053
51409
44909
74023
4775
10541
24611
13944
80052
74835
83582
21409
87442
35875
39142
19817
96866
90609
16642
29921
77532
99314
29863
9667
65023
14829
33098
71212
36013
21382
47152
85261
30770
69678
26005
68708
43921
31163
51818
29849
42672
39408
39380
61363
45459
63034
67581
18243
61401
87420
83571
11240
91792
58514
65741
87655
16087
41983
73640
98495
72684
99967
89224
90473
56111
55530
63232
78845
59298
88030
96899
28152
91555
87847
24488
90934
75377
493
74026
51726
47983
75260
80386
25333
24163
8365
916
45847
965
27230
79021
22127
46210
5531
35740
25256
10886
9033
35858
93171
91611
841
79187
24215
93282
19410
67419
60022
29150
85415
73669
65939
10677
56675
69460
84345
20794
38969
11880
66506
39558
92589
47165
32412
66755
33919
84443
94329
77062
52116
43302
50300
15256
36666
45189
87769
62589
46072
79183
81802
53506
96557
65278
62837
17013
58946
31427
80728
32909
70288
13625
4694
52046
24016
10260
67286
29707
27552
91687
68521
73688
99375
69198
77532
60688
76921
42476
81192
39548
6245
55938
99240
2123
46391
51782
30096
20058
62804
4285
28473
54913
4453
11227
22906
94899
3388
95668
59393
50526
62989
13994
18321
84081
71146
36236
22674
33650
42760
583
42773
34741
12862
76179
7330
57490
83843
30245
71450
81911
99244
99047
31709
93323
55162
34348
74231
5470
78336
83259
54489
27390
8024
954
53230
21504
59101
84254
56330
55594
50421
21255
43295
88104
85771
89744
5931
47548
39755
87895
22636
78595
74543
60273
91903
10173
94303
40590
94896
10865
35718
70741
50801
61694
17866
26925
3553
80976
5018
51122
54107
58291
3235
122
97059
41373
53353
13219
83129
96020
34944
55721
8389
44887
52663
82689
15083
50008
73237
52950
49404
12190
43481
21706
10085
300
41285
20998
71211
35422
45069
45157
51293
45840
4872
43352
53534
47688
52280
71420
44536
10433
46721
21179
99083
87383
30205
10826
16953
15652
29963
48728
8261
61894
64086
23622
2414
24264
99912
62596
16555
21701
37219
72882
33927
25156
53353
76556
3454
17218
98838
54793
71004
21204
81842
53048
99231
13801
77224
23500
11942
90686
38944
93350
80695
33879
45348
63148
60910
82371
76833
49801
113
86235
54090
10211
82615
58208
70779
51909
85837
29143
72318
44913
30297
2444
69460
30921
72115
6153
85040
41186
23512
75490
36610
58093
33687
58203
6367
35598
25472
98856
6892
22654
98873
52885
97226
46052
42420
21161
82688
75377
80105
94674
74409
7579
21472
90132
73759
40153
62491
16388
38466
96589
85526
90183
58056
385
68657
90384
84286
16098
40012
13609
72841
5844
25829
15545
87034
66026
54061
11111
9965
58127
41576
5871
79966
19223
80112
89009
92415
75193
3
58250
68887
44795
9289
6713
97814
81187
67801
46863
78024
49145
52568
96575
21537
36103
30867
86071
2985
37468
94186
14940
80909
74341
78492
19754
35950
8266
47253
24669
97783
5086
85323
9914
2101
88411
11896
19447
41142
82919
88608
25768
51234
58749
29959
14002
26481
77489
47907
4824
10411
57754
62486
12931
47864
59196
15952
45274
40019
27116
33382
56254
659
28899
71136
28984
13789
60889
89842
96711
90059
11262
61901
36564
85459
96114
37383
55840
98237
9644
63076
53791
9364
11088
14668
68762
26172
41735
12157
42933
48869
2800
41071
32417
7239
39889
71420
43808
16775
46851
75635
8518
90448
27356
8781
51261
97304
99089
42994
55489
66940
33899
89439
54356
56121
78676
22007
31399
67460
80859
97216
36265
20128
23055
15741
35391
74565
21256
15885
68358
50384
36685
71401
34018
74408
55218
94926
50392
89885
57558
5685
43716
81544
52268
51751
85098
45824
48760
68756
43715
80695
65943
87740
35182
54205
61987
11274
46648
19631
66117
21471
72726
98331
72284
67156
15490
28081
31517
6518
10592
80517
18490
28885
64945
74899
40364
55703
15051
96951
3225
36698
45780
51250
95049
43146
23333
97550
93466
39721
46282
53700
75417
91303
51102
1894
28425
57184
62572
97480
57426
37620
88333
25954
92866
66618
79934
11377
15942
1768
58321
32720
37690
8730
84557
73591
52523
13317
83931
50439
14145
40987
60516
1599
19967
11803
83528
69868
96718
54494
36473
53701
20744
43075
58045
79663
63927
27182
26172
31857
26012
36319
39039
26598
69656
9193
32419
76782
74985
48901
70429
78293
32429
5462
14475
68705
35555
98696
13158
27421
1231
73944
43128
61342
5699
21754
27218
75465
18933
45881
69815
67308
8896
4018
68564
21449
90930
66311
21503
44388
33627
94949
6742
60853
1279
35119
56921
49679
91250
16874
67836
23187
42905
14952
54971
944
1061
32190
19596
18756
5893
13946
96347
13187
35805
58335
84286
5953
70358
78868
43753
96819
84465
78844
43887
33837
34386
90596
87671
14609
6663
29549
21559
28670
77155
18033
43997
61168
53142
49922
22054
48348
14898
99429
26343
67367
73377
46919
70413
62592
66251
98411
94608
58747
68698
87846
91847
79068
91670
6043
27441
62420
77718
4171
83535
86523
82532
97804
49320
26332
97921
88834
8470
40177
91558
92518
62074
21562
50249
46604
75993
63531
57255
86998
22206
70208
23220
8980
25784
80261
73648
68706
58993
18891
35860
26011
7390
71005
87678
40213
33749
29803
96282
19086
20343
74301
55969
22102
20835
8998
75871
91383
51845
96026
45540
95695
16467
20133
12314
56402
72133
18718
81091
71699
52925
19040
82166
54709
35998
42815
6773
65799
68801
130
7735
51901
11067
64458
20489
96259
60914
92730
52852
68102
73784
88412
68619
83802
38146
91538
46144
675
58485
97912
280
12180
86401
50257
97207
44924
64782
77269
18581
59069
78380
33826
76470
13511
29899
4527
39043
71288
66500
28940
20729
88329
426
25948
15873
46154
53983
72082
74331
46965
83809
17740
55512
64018
63932
86318
42468
29092
73576
65171
85035
59944
66356
89542
71388
10296
93787
37174
48388
42719
94004
69320
73055
21112
8297
72383
49178
67964
59192
21888
14562
14122
99794
57458
57670
61542
28177
32441
49403
34465
29513
664
51894
36188
27927
63453
41184
92583
23427
72995
4624
48504
73904
36851
41639
69824
19070
10159
47957
44271
81347
49397
47220
35618
82522
12127
99594
47182
41573
29261
74197
86958
20957
70719
55286
12519
98402
61252
66057
65432
46902
28247
3464
30177
97326
34527
55409
2513
11376
68653
6068
9966
5427
24817
47202
5492
72381
66594
12870
36584
80450
41713
22055
66637
59290
66107
33120
2449
81445
23326
34369
32986
34610
85181
30219
46102
15024
46270
25032
71541
93181
55986
73266
41300
44688
15863
11798
71772
42372
3866
37664
35054
29494
36144
26264
52676
34654
16138
84812
37866
29276
19524
89505
36913
31358
61615
33311
22450
30284
78565
31210
57434
19889
90074
1935
14539
4543
44137
55962
53466
13658
30238
55286
20849
27122
20817
31108
98275
93826
22431
12124
4368
29912
24821
37895
66733
63514
44316
44550
88221
73331
85218
34279
5829
65838
96072
58152
36428
23790
81520
10364
40418
82389
94343
7962
39854
38404
69234
31670
57280
51881
91720
6262
48835
4871
50471
12335
19019
1128
2256
60336
3320
96339
948
67229
15328
76377
96475
42328
97262
93841
26321
76658
92673
25860
11459
32938
90645
42035
77775
9226
7144
65429
29998
67688
718
64256
9742
56673
56761
57542
37923
19172
64444
852
5503
46942
49772
72807
53333
54276
66141
11081
35434
384
20661
77424
45351
83358
59031
16048
19029
26257
29302
36757
16486
47106
71771
51218
51841
15511
93080
5819
24296
55841
83176
75406
72271
54653
85144
23692
56076
36355
87543
24769
61835
2190
35616
93677
43957
10739
58807
49489
36562
41996
68550
58820
48507
4146
4580
78956
27862
79779
20905
83162
7721
68197
86829
35232
58042
54218
68920
33388
95139
79040
64444
10468
58200
42207
94031
76028
93349
53115
47318
26408
13997
12753
86104
10320
96356
95192
34354
4812
53727
79130
21053
95314
69601
9785
31105
43289
42450
32076
10351
9177
46880
72475
56086
17002
17933
53420
37527
68982
99467
5470
64203
69065
49000
79703
93265
6078
71032
94728
94166
71221
11698
70175
54203
70893
8104
85945
41325
7963
34564
16512
57315
49819
14855
63716
67134
98469
74783
1168
46736
91949
45582
74553
12333
36038
63213
43625
65173
80868
68567
94439
25175
24363
91049
53984
72233
81047
4791
92737
4141
17962
49153
17736
73078
29917
17437
49382
98575
83647
86312
53814
5549
23894
8384
91665
99388
23434
96134
25895
71846
54307
43929
19928
39543
61447
42990
15808
40685
79516
59779
6592
33344
93713
29801
77124
45142
6066
4717
16366
80064
6442
2132
76468
36735
66929
82931
13170
75829
45221
71550
25284
35089
10115
92318
86028
38291
68576
99140
56898
34839
81646
30149
69995
20566
56952
30565
48195
50818
37463
65741
20727
39138
57248
89504
37169
1870
54090
49849
32418
49468
90801
21261
77393
86727
86930
71153
39431
33003
83223
56913
28269
76428
64415
61680
77939
36995
93115
45520
50889
66935
84049
43987
3497
51344
47464
88032
71315
86921
33822
79835
68066
530
71511
9571
66
63498
41882
6620
36804
66311
5429
9537
47525
22994
18755
66623
36950
35619
54683
75259
68695
77114
28803
71386
87560
24576
91451
1762
6831
88895
25601
19488
56308
76917
71181
28311
70836
5248
95980
51194
88841
7948
76665
84883
27046
73029
95091
97060
30111
46939
82204
69759
90331
35061
55520
70867
99178
67925
25888
72571
8417
68938
47199
50557
48632
38829
18104
60610
3
15950
23979
32355
68901
13208
59528
56561
31085
7406
32767
46128
71619
83315
68629
58990
39085
77686
51794
58834
77254
60133
51996
58460
36442
71787
9121
21452
4470
31419
30148
81978
54575
75814
73206
32448
30085
43163
84990
22091
8591
70457
44374
85913
34849
33752
25175
32694
6457
74891
37340
70291
86333
5602
98391
68220
42842
58414
11917
69636
26684
52767
18821
31122
12103
78458
67954
74151
37914
78464
65675
78422
3446
59064
77885
1424
60835
96103
68985
62644
26177
76835
2161
70480
4982
8973
58331
92327
88651
32501
74419
77912
34754
30001
96212
64458
38267
45601
32782
7573
14547
63821
55897
48641
65223
82753
44576
31578
66351
38757
80210
6419
90158
31681
58590
7349
60992
58796
95690
49256
71770
99224
83092
94805
49227
3384
52846
33414
33215
38278
10317
54871
7905
34231
31079
16146
52384
84784
71100
87364
64384
85853
28362
44256
27549
53042
19872
46992
97010
48141
34963
24656
10613
61284
92026
40051
77142
24595
275
24396
89116
30947
7738
32746
45205
9854
73204
74863
44393
83974
12669
90332
89011
84057
26466
37086
27492
40041
34417
96672
3931
19064
41
80638
22551
9611
96478
90312
58761
50201
16126
59957
20922
2373
48873
46708
47039
54321
60655
94877
87817
6399
6989
16569
21347
38170
83958
65319
69891
18297
15049
80913
72756
76879
80121
80388
96861
7012
62776
66304
50458
29991
34691
57343
59369
17978
75088
39166
586
31024
68068
60555
67380
93803
45482
73511
18245
175
87991
8147
18037
17567
72590
83446
70940
93424
69203
59935
55633
56926
39618
73323
20767
88259
38716
8457
81386
47296
63951
56533
77983
26587
99603
98381
67955
82924
79902
9593
59066
17384
35420
59017
29643
94418
10516
2386
84095
16874
9811
17088
48165
70387
4390
79130
55164
87840
48912
46131
91621
1391
30113
27395
38395
54306
62112
17087
97027
84417
42407
84049
89597
6820
27912
58707
60455
2849
71521
88308
65006
3426
7622
75406
18615
14601
6598
38689
70701
81125
61526
54953
67616
70081
96019
10317
61522
19895
45096
84267
56653
58822
84260
84553
34062
57645
72586
58139
56268
86716
4079
95868
32771
53293
53981
29460
31022
76918
16021
59579
44161
80861
51048
32936
56474
10877
97904
62963
76648
40752
85238
93971
94460
93532
38550
89552
32569
21372
58629
32870
80112
96461
84526
82062
57298
53538
2993
44590
91433
95840
1014
65555
22407
59122
41352
50855
93311
53451
23891
10568
81821
75330
59712
45058
84777
84328
25762
40517
56957
3423
59244
47520
52787
81632
68976
9458
2079
65133
41412
97218
52401
95427
9883
43256
47956
53077
11525
784
82200
34941
57365
16860
59732
67404
21798
8917
28284
6757
76679
21935
66979
14244
68634
52927
93458
75451
22854
44188
42107
13349
11878
91892
29353
60175
17149
52223
13836
34353
69839
32920
51252
98829
20221
61485
72531
5572
36101
80771
99832
51310
1068
38678
73498
77891
1292
24405
9343
47742
55435
43428
57039
57571
84090
60137
97168
93231
36909
23642
85145
20569
16762
91725
44690
44028
13952
33564
50784
79860
6062
6141
90696
16384
37054
69046
57535
37196
24113
90812
190
54477
27677
81159
8858
10938
54576
87376
26132
79183
82934
56555
64462
6344
4011
13718
78437
18350
41537
58464
30788
7164
28476
41827
88052
45675
95781
35663
1410
4096
78557
11056
87235
35550
63854
22666
50579
31601
18845
75783
93178
44025
95874
20
50469
80659
65770
68651
20790
92920
63149
31531
99848
27095
77466
6339
68121
42216
56268
41251
71307
16674
37923
52738
55594
51906
86697
72483
39960
48714
41912
4821
64088
18723
73784
11954
85271
57357
88952
57120
71065
64037
86325
44251
37383
11087
57490
72466
547
68870
87298
49084
88504
71716
77522
78020
14942
78870
40841
44309
1179
33494
11369
46906
71730
30159
61152
4261
88915
77891
53110
45824
30741
84311
10006
76621
34277
76461
28850
22610
89086
38815
61473
31243
40661
8751
1243
96083
18814
48817
55105
60225
79794
16965
39075
74067
49606
87616
27913
93709
92992
5947
91784
29943
62459
38494
58387
4601
99056
83603
40808
94167
1071
74500
60217
34459
89712
88739
29463
56527
52019
40855
96877
43271
22414
17944
7445
90623
59090
41435
50560
46349
92521
4419
90260
15253
61964
66295
88564
24713
29
41824
98652
64698
17474
12585
45862
84278
67428
98552
83193
32062
56018
73217
13127
25092
45077
53238
15192
691
84228
516
97188
94083
98325
86493
29629
17670
14715
20498
58752
32772
60493
59992
88497
65709
74007
63182
52760
86798
34660
81459
67073
86448
82623
85085
56607
80975
74462
77499
12007
93591
95877
66281
63071
66602
99973
90881
69370
19959
11951
16322
77720
83886
4694
90677
54038
8148
41433
8998
34990
37998
66139
68494
4306
67882
21972
19494
89423
90281
396
85703
91952
58396
29169
45558
69768
48305
69764
15968
59549
70876
83883
93635
93569
16170
337
66847
3185
68857
62150
41003
90122
96103
86117
6510
51194
67830
60715
65039
75364
88656
32200
39024
76387
1130
99930
376
62339
20585
55402
83915
8317
27069
70510
62899
5493
43384
24128
95613
69297
52072
20361
1468
53805
22906
64300
59843
61651
15636
21017
78670
36400
55501
92988
1342
76840
30523
92031
60248
68887
87991
40564
59847
39047
81089
82178
59466
40580
84996
34628
99966
73953
59878
92298
63469
72509
44830
74394
3448
40247
56681
73717
84955
9034
61329
40304
12286
42247
53471
49064
59978
79306
17438
88816
77412
55064
39915
76869
8356
76894
80698
56147
18336
84870
14004
41509
27309
93413
88079
50150
64609
64255
15835
70275
35498
47953
63037
21955
55915
28957
17905
98055
54838
4256
82478
68539
45756
53823
50388
61858
17055
86998
57512
61058
72412
20921
16420
96648
52861
17737
10088
12140
81460
3935
5454
55908
48494
16758
63329
22833
53463
94081
52344
55412
9747
42855
24842
73094
21844
97973
64026
85087
14247
22313
41826
98166
46813
35011
66064
45782
72351
23651
3876
95880
77112
68759
57909
19722
67652
86631
64478
15475
90799
41736
10185
53866
54221
78078
89683
87750
97076
78310
55534
30909
15003
30897
57815
57701
60290
60267
59083
27747
76051
17819
59887
62799
93112
66766
93741
12987
56573
89057
60218
48725
23862
39730
54573
80358
36231
72574
9731
29589
710
14169
27449
84011
48740
2084
7662
14326
25929
40965
23313
55595
7973
57893
36321
1816
24328
81534
67322
87467
83365
31495
29711
4144
77283
88514
74013
30255
15686
18386
80850
30390
31132
60934
71530
47418
40728
63647
8112
54117
51434
76612
79608
14917
77945
65113
60716
95948
4467
75155
9697
17444
33906
72199
5927
19518
57047
19182
1212
7550
30002
65018
11823
86009
9861
52125
55793
59030
78381
13044
37072
17224
43695
43593
42723
52514
55085
93473
26439
34327
76697
42478
86664
43665
19239
82640
28567
86487
59626
33969
93378
31418
90989
17118
87783
58964
97603
29749
22356
88460
43630
68391
31358
88537
87233
88029
20715
65982
77394
31579
38658
34893
80914
48430
47904
82794
77083
53473
48212
15557
4740
62656
42865
23418
89451
90962
65512
99446
35601
22874
45227
92325
64124
3854
21359
46967
66563
82384
15382
55718
14662
17347
58691
24845
22834
76272
79119
91224
93804
96396
49653
72216
23133
52524
94595
42507
3545
95941
14691
5122
59250
74349
35690
90422
55354
59683
4880
36611
95828
61975
83170
64996
83496
59005
34041
12884
40790
16387
38005
68561
46211
75654
63075
30201
67887
86215
85022
7136
11930
58304
47368
34520
74450
18647
19415
31369
63023
72929
28812
98745
71299
54142
21784
65033
69997
98235
7396
64689
97168
64617
13908
9316
56634
74907
48656
32610
17639
37210
99766
74963
43588
41356
6306
29815
18971
6746
10662
69093
87904
39239
99435
70700
68886
22918
77971
71453
6232
77438
55673
67085
56357
1848
1069
30490
51507
61454
52112
1000
43092
65009
92917
5795
32606
85874
66271
86194
27453
52629
5013
2844
34533
25989
46424
34069
17947
78408
43467
86382
62722
46834
18637
25825
29710
57178
5058
89488
19618
74495
8356
57066
12111
56844
25652
57259
36334
18106
16898
8811
33828
22662
17767
10511
6626
83907
26062
99932
94596
46549
13593
21884
74519
35961
20036
11482
51539
91821
1793
63963
32795
29367
43629
948
75905
41532
89875
23221
20741
18751
88308
64142
36531
56492
65696
88353
49873
26929
47018
33751
36332
76011
85015
26879
59772
12873
23894
22800
80089
37403
25471
38271
6824
7260
51362
60915
41430
74384
66093
79643
73529
15421
69299
2503
30650
4886
16669
65835
23164
37384
94615
73392
33866
9670
7690
22423
58754
17898
49804
20006
95382
48306
59790
76186
80207
10972
15545
86871
82363
77791
60559
13750
30703
70914
83452
23093
80574
60766
10052
68024
38978
22090
73849
44911
67538
17442
74407
20256
71299
34986
55185
61661
62896
45263
46366
45572
27294
49456
18427
77645
37453
34125
85607
23456
7360
64006
38328
3723
98666
66680
51659
60228
90303
36156
82588
62276
80523
86695
50197
33242
90983
66984
66565
17319
64487
1337
34925
6354
3575
27010
95183
21735
84433
81596
96912
17685
57947
54597
60016
9451
26274
87890
68455
2468
72298
28973
44478
79045
91772
28000
61807
45431
88743
91547
32763
39827
52144
586
93379
79769
35465
3036
27865
23478
61894
35240
26639
86098
75605
38691
94781
93770
96174
43410
6054
61181
76005
94623
82490
40948
26999
29076
75760
12490
26696
4188
61153
92708
66887
51787
56157
22681
89505
62846
24807
60814
10049
33578
89649
17769
83183
22750
12628
16513
82179
39234
48898
29966
22119
38974
19008
98291
17866
19556
85065
43932
33257
47444
2432
4652
6371
82637
45796
10540
96877
52440
71735
62516
15717
95253
60987
79383
84023
81488
94752
53629
87478
58628
45493
7274
16255
94504
85208
98395
80808
84591
61836
77607
42011
4719
43450
61630
91952
11271
59360
65476
7250
4725
56433
4579
54043
96922
20475
44546
83075
23487
32004
7999
7327
95929
12899
64018
54667
34449
10526
62658
29302
98794
7319
58551
63316
5539
51213
18161
44160
50109
84878
93967
54484
47748
98554
44228
73630
61880
93638
46188
51323
39291
75357
29115
79835
98326
8759
65977
44755
59520
48152
59868
76762
26219
90189
60590
1024
18307
89263
98734
6196
93726
94509
32089
24767
18836
27961
99944
15392
24269
91266
19391
78517
42214
75580
87311
76872
22162
69544
8118
64038
42017
47739
21370
62935
36874
26284
24910
46190
72132
73448
70614
24301
72852
67074
82638
67782
72078
84132
51940
82969
47662
88709
31133
13840
23535
25895
40033
46493
36251
23434
98129
5243
71416
80659
36655
86534
33034
96463
90376
55763
213
9335
55535
52863
63846
23028
35914
19091
64189
41432
44050
13834
42887
87669
32740
26031
84214
59488
95336
94457
38437
83957
12078
84072
89905
68767
19126
56947
91174
65350
12874
16561
95448
80100
2910
14400
41779
88740
95132
66747
53785
39194
89404
78395
73900
40686
89000
46504
3497
71505
65843
41089
86371
8539
43387
87249
56802
76055
61603
34460
95631
8009
10879
5824
85280
69539
88438
6670
74639
48218
93148
85090
13019
14025
97183
38518
38981
43989
84570
17006
19630
69426
60151
55212
70411
27472
85176
77965
17133
39946
52175
51249
73898
54375
6446
4692
44876
65409
21838
82611
79079
64462
60370
31072
50416
39509
10740
58655
33769
89296
96262
80886
72366
79976
45634
99794
89874
56304
591
7830
76304
49405
71948
18567
16662
19431
78072
51711
63593
48628
30741
3179
47865
50624
70238
99872
85508
7706
17421
38912
28257
3372
12403
22448
45944
8343
90607
41907
76951
20827
49668
27921
12243
83050
5589
6522
27544
16035
91074
37546
39911
50135
32915
41310
42257
98190
68420
56278
51692
94
72182
41788
49036
62659
17977
54491
19371
19407
75962
47729
4307
24495
31581
72967
2341
56497
2879
76980
75238
23910
69503
87270
70026
92009
61178
54615
49255
69734
78339
85493
59090
44510
70857
33087
32024
37660
65401
93294
70978
5535
845
41386
12558
44609
12988
13042
41558
50536
11013
678
30616
66787
62899
3600
31403
22265
49386
34530
58438
98078
66356
519
25059
89830
20532
30608
95744
14089
89193
33231
96811
15912
40730
23345
64417
42443
62545
88373
56382
50413
42347
97316
44524
44424
59671
2525
73307
59768
23718
71418
10123
5162
83615
50252
33787
57874
25864
75431
55851
34697
80847
97599
55960
31355
25828
5439
64701
71052
65520
39908
40386
10460
11491
14022
46585
64456
73301
90299
66337
19725
4492
43579
82363
8595
7397
73684
1899
4642
12261
59975
35055
37699
23807
11052
58792
53236
68645
16450
44069
19849
41305
26852
48202
93552
58161
88354
8635
87074
20537
70508
63715
26138
30162
83095
63964
94989
85444
33210
58250
3622
55548
45270
83523
35088
81137
30324
70710
65908
70711
64212
88346
48704
81222
45312
5707
48860
13482
26862
55173
28027
2230
1877
86427
15622
5598
91254
58575
16520
34336
58518
94765
44766
19302
33534
61556
82940
44277
32018
66138
95085
12704
94238
37970
58957
62637
47387
69366
84662
55782
69100
85540
37505
80770
10877
47747
90922
14914
10029
35268
54326
59280
37225
53832
20506
12388
39242
89836
56609
28949
60535
6677
2136
56048
95855
96715
65447
58099
39195
37298
50256
70556
4691
6552
20008
34667
88831
28712
34239
83650
22451
57200
58550
29481
99833
98240
44578
43425
24188
58253
75365
95989
29619
16819
85873
64172
81983
83802
69931
52154
78944
46103
72164
77537
31549
23294
81122
84062
90801
4283
69269
76925
94891
48064
28015
54440
73886
22225
57654
83095
77258
34842
71390
60891
93135
2450
18807
46482
54120
22693
81032
83313
36412
44352
80034
50886
32710
69548
65012
39771
8823
66279
28315
95402
2039
4310
91041
21537
89557
28516
30368
7218
36383
91490
63520
54598
71646
27184
96301
90522
86800
9932
66763
79744
23597
63819
44465
97338
85068
28702
69650
98724
30641
54662
7803
92069
66486
19751
52878
98598
69307
66478
28490
6769
65233
79027
15511
32237
59178
4755
99492
40200
61681
89988
78787
69330
62199
47068
70540
67413
69298
98308
98835
6298
92962
23144
98147
81660
45520
15032
98334
26673
45999
3336
19336
18273
10050
77386
69964
78119
17991
92156
23702
92727
8950
9961
48494
9310
5733
1675
67937
77528
16253
88235
60841
14718
81696
83053
81330
33677
77295
44572
95509
82978
89244
52268
20044
33565
22504
30669
64993
82046
72833
25630
60435
55368
73094
44262
75046
1982
49494
33430
94892
59246
24921
55698
98840
83189
32175
90392
87104
5959
26934
79485
77514
21444
69593
22178
60734
23007
61480
28838
52841
85236
60705
28167
48729
79666
65568
7804
47990
54660
51860
73735
42397
3186
9939
76730
62987
34659
47920
41297
80418
63100
84169
39722
58650
43515
12463
52321
21963
5637
34360
26403
85437
20778
75675
55114
26644
27674
15073
21904
86736
90201
2635
17804
71062
77220
86562
48075
82132
20157
56187
73619
54819
72451
16692
31310
44594
76731
80544
10915
77953
62441
75468
52493
21204
25000
52944
72878
2841
82744
49010
93325
80092
73610
2556
87009
88572
9624
62935
36912
52372
31033
584
20854
88083
65273
5980
89098
31321
85468
83288
25121
79915
45990
51211
41667
74002
52333
18906
17460
26179
86657
14838
31622
64063
68364
179
48121
26289
27142
79210
51787
72505
76316
96127
9950
14605
73371
49304
67799
756
810
54276
24987
85957
91420
9789
58943
49772
15703
44930
6870
73066
23029
37226
40318
57496
47349
52905
48867
45714
84062
37045
81419
53215
44793
50488
18143
85098
92207
74230
9586
22102
14417
52811
37598
79648
8045
57626
3323
28753
82107
71284
54042
41363
84180
48570
13019
8227
41940
85151
35210
22049
5252
655
2259
61938
9755
6123
66675
60903
90000
64041
33681
93723
65042
67119
66500
10685
87108
17126
60618
10200
27622
94343
96724
41768
31008
49467
80532
75113
41266
61924
26654
37443
82207
73069
56455
7355
72446
68191
93236
54095
44699
8025
36625
33176
99616
74887
24650
36418
22795
80347
88880
23146
59205
50173
44634
58995
72854
67025
55192
57084
45563
9508
97901
64402
97496
5510
12325
10538
61028
39196
51872
39200
49095
84174
37200
73129
32181
99117
11492
73864
86832
23620
59236
62580
81137
76689
56468
32870
4607
43609
46887
36180
9996
13059
65752
14690
7565
11863
18519
39149
28116
4598
80242
40217
88848
59556
22888
48860
37493
29298
45485
79859
21967
57015
97008
74361
17007
64142
20879
58433
81882
85754
52702
24683
83116
74521
98028
18613
74837
44322
91420
67453
58567
35693
60927
17209
25218
34875
15291
16245
80903
94453
48759
21494
5818
75999
89315
70997
49824
70587
48691
18502
78025
62000
10443
3392
94479
22066
58461
16929
72602
68918
4413
55441
25583
88581
77419
28758
9514
91933
80830
74072
40873
38735
38349
21163
50156
85133
82415
11679
95723
1693
45110
30985
37430
93446
41531
95843
87418
69086
42131
47664
12128
81610
22926
85043
404
6610
37355
16468
80199
43417
86781
70998
8770
58892
16932
80410
71743
13806
68813
54901
68116
8574
2381
74785
28926
70272
83437
20148
27568
57147
52989
92309
98136
36296
31231
19108
71539
69716
45124
58150
3245
66039
3918
74949
62822
41079
3675
61245
46791
67550
81162
69346
12859
62092
4975
89437
4131
66897
26749
36006
83030
20357
67899
3140
20832
31837
51570
10063
28695
20018
92838
37108
40937
79412
37962
69661
65495
60673
13883
40665
58219
79019
52933
94162
58645
94261
38999
34491
81575
49698
48519
92485
15794
61261
52480
13280
32287
86218
4704
30776
74412
9536
50775
16423
51838
8242
42393
72246
13345
97579
2011
20490
72620
61374
87159
57783
14936
97550
5300
39830
52488
28278
975
38603
44289
13261
89355
4076
13405
97137
13056
36820
51542
85777
22318
93031
16845
93960
42846
22461
57360
58461
57810
34730
31083
59888
8360
43388
62184
33610
81200
93096
49519
18419
66579
79180
8868
3121
69633
67053
92940
41201
21316
89326
20952
25046
31832
5196
87554
67901
63410
96522
7814
93415
9859
40759
64781
53096
12454
25876
55417
30377
15753
43345
46187
20037
87412
68832
47925
31101
95663
53218
60720
74243
60348
22129
73610
61712
28567
43827
12430
96769
77239
62698
8857
85979
16448
36999
67270
11503
83667
74736
97657
75342
81527
28445
29561
8750
73625
93647
65580
32681
23212
41472
78485
69053
98351
29503
78411
25850
20487
71120
13430
9877
97932
95048
37472
64104
93685
16140
82267
72055
57278
84542
16264
30328
90613
67141
8652
49264
20308
1304
54790
10124
46362
68706
11016
81027
6978
22373
78830
24006
7414
97567
78630
42116
1791
56096
66660
854
81799
59661
97051
9106
88280
99332
58472
42022
74959
9584
30995
20277
99676
76636
74185
96716
10619
16256
35722
97109
5968
80834
84794
69155
20706
35269
14675
63230
2905
5710
23506
18029
725
28484
29769
39639
50438
58527
16808
35357
39384
25135
318
41368
18132
74170
49078
13767
98547
695
64371
42809
74686
34069
19045
51402
95505
27253
42043
44764
18151
22045
94065
31770
87489
70578
67902
72616
75598
38676
13083
11706
68212
15979
79743
23660
51735
48599
28276
52237
13874
5624
88286
49885
52305
16174
21083
99000
20014
78190
69134
82558
29753
71281
44714
85385
59759
93247
20247
86750
60027
81570
61236
2053
39332
16686
79380
16408
33212
47638
13764
49620
22852
82359
99267
76343
9369
67256
84531
94853
72685
29784
44579
25538
67650
17275
46773
99126
68365
81045
98820
48140
62318
86297
8343
91671
36090
22078
32891
72039
86620
29620
79668
57095
78174
21967
96324
49637
38999
6339
87894
12907
11401
57553
49804
34861
35299
2378
10789
72927
58287
72094
12971
33166
69886
72647
66878
34405
24440
17772
92450
30412
32647
27349
42950
69802
4097
55678
73252
7016
49251
12809
74356
7054
71140
3287
45667
7750
26940
20298
75447
13104
30400
5193
85039
21834
86870
96975
49219
2740
63885
99073
273
50252
20166
55989
14874
38667
620
45817
23069
97751
71725
86584
93817
11548
7092
10055
16405
63651
83166
94405
80207
83513
33292
63884
42974
76283
58868
76371
99426
68111
31544
63432
32369
39768
31054
14543
60411
69303
982
82898
93163
45779
69372
49810
89296
65336
69483
93724
13204
78398
48759
87357
89726
1781
2654
12061
17355
59342
51616
79310
590
75340
15146
1359
22319
64928
15607
74839
60349
20845
48822
31573
27115
26764
7550
55444
73817
15526
28131
29320
46808
13502
32711
73150
2898
69026
33269
5803
11705
58327
49812
38128
51030
52551
11865
50775
61161
95431
94061
11422
74402
7776
32974
24295
8214
29841
63734
65242
63185
73843
37729
9209
17789
43604
92166
9479
8850
94197
77794
22075
17865
95177
78562
68176
88563
9263
16185
38753
89821
9733
56943
54728
89299
26797
98582
92270
21519
11229
3047
5624
68051
60991
17238
20849
14721
98948
15048
30756
59871
96340
66860
29555
28493
56971
28445
36036
7805
84132
90818
30097
83755
25927
4151
95459
45040
24156
86632
84751
28525
85026
11158
32445
13686
88719
81327
97139
30357
20425
29171
91543
22559
88399
16679
99771
98370
71184
83489
52212
97733
71824
65187
61053
32454
69444
57886
61401
94037
77800
41426
79333
86638
27334
60894
19596
75418
36416
10924
23962
11530
35133
88941
97403
11054
98718
52902
94360
90123
33772
99517
52012
51260
37091
52835
90831
68178
35384
15303
11835
86841
3580
18641
45662
55117
17223
89791
93422
91322
99198
57756
63199
16802
47172
10189
33136
12020
34362
18713
96019
8331
22292
30682
44118
60705
69183
10223
80940
87527
54280
52836
50371
26330
44471
79811
56723
90655
70742
93816
81090
18747
94734
11304
63804
7100
71151
62017
81746
90883
76498
32710
58649
96373
78165
39240
67584
25715
98387
98381
71324
66829
30249
96227
21307
69140
93145
87872
40060
2142
13396
92335
19369
45967
52455
22169
47639
23938
14949
79252
69949
59936
2089
7490
32548
72667
11217
66455
90778
41177
28435
27711
43583
47857
80889
15850
17568
51650
51300
24643
98612
53102
65710
27317
50087
3169
29978
81867
23319
88808
57704
40101
56496
38910
33829
10720
61708
94905
71338
9884
9664
99181
71646
64487
98507
64989
93097
65576
70613
12208
79867
40322
7186
53218
45721
64744
75715
45282
71033
93074
72156
53924
20478
44121
90658
3962
57493
80352
21745
79312
89994
12217
9202
68002
60626
1510
91054
22954
3319
26005
60932
20215
80577
24315
78287
48813
23567
50913
76531
21871
83977
76740
96350
99632
17634
29671
82641
50516
48073
27050
94196
62779
68663
82770
19200
79069
801
2580
74921
93029
24416
56127
74714
1107
81478
81431
87806
84985
10960
7769
41934
83774
49338
15776
11984
17393
11801
96115
43281
4024
79160
1660
34428
77494
37547
14602
6813
91632
29551
86953
78879
48021
12365
57261
51326
95212
43315
69691
93711
73650
65172
35223
5628
62889
82186
58190
59188
31749
77377
49999
8415
16786
28510
5009
61861
38412
96849
53999
97143
75202
35309
84172
86657
36531
78379
52702
51736
62088
99562
2718
85958
33306
16041
707
55610
33714
23929
37718
50902
25222
88697
50334
14981
41519
19751
89616
47056
39701
2401
48629
81690
92858
26582
7257
83543
12798
54229
12464
4626
25703
80392
86058
77230
98039
67868
11140
86082
26207
70427
98813
40815
19788
46153
98925
58002
45251
61013
67069
78877
39957
37640
3302
36164
45801
64518
1733
23111
38968
68012
76791
87688
60908
81009
30702
37972
90102
98364
31303
57887
43475
73837
97488
23348
17610
68560
41339
86287
39308
87228
85957
23683
94757
51421
75106
7916
31302
12722
63752
72218
47138
1168
92592
97054
3200
75932
92684
88632
90564
27755
51144
11713
56243
45796
62959
46911
75527
83511
61386
78305
92336
76737
91706
90202
38696
89797
39781
96374
98056
5013
13905
90936
45820
10543
31641
88310
95484
97207
76751
29620
1235
3213
90389
56482
70474
47324
61750
90230
48646
4989
61099
55675
91293
65346
52466
62212
63977
74149
64798
20476
62378
5226
12786
32207
17432
32962
5322
16928
16277
45395
29484
92271
12126
1780
68921
40308
47669
67520
51726
20608
71244
76866
9656
25184
56981
51528
5292
55679
34963
3045
20974
20182
43400
82597
9755
10057
60298
66153
96291
96317
40939
83462
22203
679
35336
29980
53695
85821
50198
99612
63356
85227
63141
77958
12706
71841
80200
34334
66936
87533
64716
54636
25574
35127
31485
98835
16050
36444
20022
99106
56425
49384
9126
69269
12609
10710
31099
50560
66109
89553
83066
2687
74071
17628
31242
54413
36816
30162
54775
52825
99608
26785
19665
5125
91499
97490
98540
7419
5617
53893
93154
99279
8387
44203
97751
8941
95129
79109
47642
76340
3394
17956
39453
51434
16835
73372
8071
64605
26769
36432
23008
27517
2247
22662
45971
39458
66603
92978
4358
38992
46119
28915
70701
52466
90770
216
28467
41276
56827
15048
11163
80165
26578
71155
43400
16079
7394
69847
95883
66640
27851
6735
39862
6106
84623
48867
38773
87306
57764
105
21455
67723
66274
4403
59216
4123
28191
32126
42839
80880
49153
49020
31917
94828
80316
96063
54907
69871
22372
13539
14263
50177
93793
29215
38072
15972
73883
34632
36879
1831
24816
89210
37181
10028
44155
90193
47888
75948
96579
6666
21072
92831
92558
10670
44063
75259
19431
574
18573
89858
34074
19704
78731
19874
69592
37926
17067
55782
6259
55370
92558
76642
83783
95609
43583
91836
13444
33985
43693
14119
14783
35187
80722
25922
22327
38120
89760
18410
51846
32627
7695
63918
72362
30886
30446
9057
23831
4480
75869
84910
37827
34380
68356
73930
77291
20323
89195
33469
72809
53901
15752
89828
95343
94241
1979
92395
11048
29326
96928
38505
53634
32326
36631
6683
33169
49691
17982
88785
53976
17972
60108
42444
60707
94757
71473
53416
30254
47023
55624
77899
53298
27135
13434
83225
50020
35346
7666
7290
49700
98539
49257
23633
37513
59939
50830
95877
97795
77038
32072
8593
89606
2676
25940
88991
57583
21664
24724
9117
68039
45349
82991
84493
71842
10326
45622
38838
68340
10275
69154
19852
72682
42266
35715
52305
70304
57428
10174
99351
53955
87770
88956
71963
32247
99777
39246
92799
52140
71237
47491
44879
13946
3059
40076
52441
91886
35232
8089
92672
59947
66898
15842
36230
77594
85435
47665
12693
2257
21885
72000
41986
13435
93626
2290
72925
9880
12634
25323
54770
3675
10582
34648
5912
60338
47751
78944
7754
5411
74222
70003
10065
17437
13835
6030
16090
62782
75960
47096
38350
85245
87474
49997
33918
26911
47260
51296
1655
54317
47588
55197
54695
91325
73458
50409
61954
98697
40195
23208
59603
18768
85714
90929
11638
98347
18270
78928
94419
23713
39523
35620
32225
2170
74505
96857
14157
10727
28997
63672
81673
80063
93589
28539
64318
18272
74608
51673
30517
86034
17187
20859
21732
94497
3231
27092
15293
56046
98588
3194
84685
55803
85190
97144
75349
50221
22932
34175
23970
89496
96712
81016
65904
50390
40708
28312
36460
60674
24693
46298
44424
85505
98158
21255
25928
24695
28367
55361
94845
82846
26564
70183
31665
73359
14356
78256
84948
93111
83470
95632
89786
17143
27212
87215
91310
83853
63562
3459
19704
31356
96040
74365
1480
4712
51672
72751
61718
14355
65838
60631
19583
83066
36699
49658
92437
36680
70805
35770
9472
3400
62190
73397
78446
44889
83384
25954
91867
94313
68
88602
26543
78904
27392
25873
60438
21320
57622
47474
55885
70945
57875
79673
49714
61154
85888
76951
53249
60747
56604
81203
68925
48377
28968
42211
96053
39231
22503
4538
57719
26207
70455
2735
91516
81142
18191
623
98257
12140
82008
25139
39059
49395
70014
65409
44493
90952
64151
88810
36396
35285
5242
22760
57226
41928
75148
54972
87191
13630
90928
86403
79371
5389
35
64100
88675
35602
95045
73259
13596
64550
23483
96454
60047
74920
83031
92127
38630
80439
62415
52152
18369
2622
74226
86706
26397
1457
42670
46314
47896
12140
10861
25284
23814
83444
90997
47140
48789
78910
37347
69897
15643
33009
78994
27699
75665
16241
2527
6329
89144
87048
69222
83308
78952
32495
59645
32956
79597
10319
53592
28725
73064
61728
69882
98803
51153
89533
74546
68980
71565
6362
67263
18231
17501
6633
86863
38571
79831
31922
18359
40080
20460
83926
8220
83142
47097
63969
92294
76244
99175
27701
70448
64789
45241
62402
67441
60628
59225
47816
46842
23233
42412
38745
6273
18830
50299
49726
46528
93497
25486
65236
97002
71575
20382
81112
88662
26638
17667
85824
14326
40556
61586
69546
71281
4316
90825
37221
48447
55059
40741
89648
55775
31538
49412
74595
91295
85313
45098
34099
36134
81210
49136
25257
96054
25946
98486
98399
49302
68128
76111
29642
80899
69116
33383
3934
59296
69523
51576
51715
7775
43096
5501
48147
61379
84745
97882
48649
64683
58697
59003
11266
62629
92949
61927
9777
35378
92233
1684
93518
18230
88580
52132
89380
21200
66201
56713
12074
79821
98210
71713
61055
54677
3875
38820
6736
58006
93096
1528
85534
85670
55844
50198
46612
54246
44084
43361
94818
11320
73653
40225
40603
24330
2458
27985
72517
89894
51305
23751
88586
84431
58725
40162
11442
13452
62962
26731
37572
19246
19012
8671
19392
28608
22555
99563
46310
92063
94543
1070
17629
85157
9249
73775
32709
29914
72233
29226
59719
35714
96340
20979
81533
50278
29018
64836
66004
64321
69271
54446
8770
95271
46588
10749
3951
94805
18158
77205
95597
49928
31017
67975
45968
93973
66222
41720
29461
21391
18711
38891
83700
74979
25900
5229
21533
43800
17194
1753
9166
1545
84071
62237
11172
22742
43804
45809
83399
22447
22138
98186
25762
29570
78230
78133
16061
80071
73706
84800
52489
27504
72051
82578
84186
14386
9830
10867
90958
22804
20583
15937
18902
95408
14570
97369
50468
7354
18299
7116
82336
10276
99840
20212
13650
70373
80732
93647
4555
79699
28422
25969
21376
25886
16645
51545
44977
25403
93730
91292
23621
22838
54263
20455
49647
91186
84117
75614
89097
29623
37850
59148
38153
67596
81115
59677
50541
10824
6852
50855
27001
55398
72843
94350
5109
11890
44976
2030
1923
26896
82074
50611
4932
87334
10769
92044
49704
28892
84991
35389
37689
43915
36795
16117
93980
29452
38303
58048
38874
8544
72507
30336
31204
35707
24626
67419
51797
50048
56217
69699
29311
36370
54758
8824
92370
36943
82317
90289
82256
84337
39462
51915
29669
77463
19594
29051
79999
84611
76014
61596
37761
79484
25679
93891
20594
63095
99437
37346
94730
59047
46005
22859
33391
7790
24734
98219
97706
48949
10240
67845
43237
48699
10459
24606
87388
72668
2471
16721
37370
52086
83668
31365
36018
68955
45709
23947
78511
6982
75468
53474
86917
16697
68219
62970
50020
35517
95701
27037
69431
73923
78973
39312
31245
11922
31098
83060
98577
9837
68561
90434
12344
2020
42595
97750
66767
78506
32864
56989
6607
52773
26516
54509
89679
38244
17655
44924
46192
3013
78385
88915
43710
46937
53381
52597
70453
96191
25854
10138
9622
45358
5284
79956
22549
77659
75784
66929
18398
15070
28763
64320
93840
35954
61514
89829
11897
10938
95906
11109
22994
45151
72162
3134
82002
76150
77100
11633
55811
20843
33093
24364
83683
50615
68266
63939
22838
73431
34421
50912
23635
74716
46561
47683
23073
86215
22153
36895
14978
87810
10517
93197
40542
77302
54744
69866
93832
84195
6956
73147
63134
67287
61371
64463
13764
76451
36192
1745
99275
10206
96288
45394
65923
5726
86792
57824
31392
36596
70511
92102
46903
36833
87272
26274
28811
58510
53544
10434
81485
7360
29967
40162
18741
49707
91482
31683
86249
70013
25517
19142
57698
67996
28108
44386
24774
22000
2878
3598
50140
37442
29272
32743
36536
37289
20280
44165
52962
73733
68133
27645
17764
18771
34312
50290
13356
80100
19737
40236
36432
30906
3375
22133
24106
18319
67095
50062
64939
56472
90276
6162
70408
97812
45149
32710
62514
75658
27583
79049
56739
56165
78511
93955
19257
64814
82536
61306
62027
3004
73935
6813
1288
86247
66464
63032
44417
69516
1046
99121
30065
50337
52340
57830
63811
6715
12240
99150
40797
45014
3924
86296
67802
57981
8121
78961
62100
88314
33846
24717
50378
37283
2266
41160
73563
61305
38659
47103
38552
46656
82246
45742
8696
95075
90865
47375
92088
70565
82927
56984
57448
1923
23078
64107
85550
31495
68960
92256
95177
89461
34023
2865
13070
22748
79110
23448
20379
58072
788
25970
79537
27766
26592
46639
74148
13517
16426
79191
46618
40012
93660
11793
88342
46202
98739
82896
83861
57077
83228
73829
40391
61054
11158
97151
22354
66963
99986
20585
7365
86401
39085
13379
93212
37339
73555
77491
89134
51823
68975
16785
95609
76124
86313
2910
59501
87423
94096
54999
59434
10033
57525
55589
92870
95417
14610
6238
4207
885
3241
50023
33869
56793
34282
85423
81234
67080
7548
63013
46491
77026
94242
82141
92962
62392
78500
73788
63420
87721
33987
8248
76516
88484
30756
33543
6046
90149
71763
94223
33454
74333
54839
76949
83495
25574
15435
63185
5404
73641
52250
35700
49380
57380
95951
25567
67634
30718
90942
7243
35960
33015
91626
84492
44450
12823
13724
56068
59736
54318
89942
88030
49845
16212
2111
15140
10614
64964
99041
50526
81486
61535
67484
50790
79241
13136
19074
96373
1204
60067
28972
86320
92060
53232
72453
53529
41405
40709
33095
58869
66168
31148
92671
59309
18631
21758
22273
80536
57698
49094
23044
88533
71385
90838
79625
10996
8723
92520
70953
1639
97284
24350
21933
8519
67611
28280
59825
484
49124
23493
48252
75551
71691
55565
66275
5019
27226
26419
88502
96605
66543
46240
49851
29021
90734
81073
91990
99557
34201
25474
42454
51389
51915
82801
29429
21783
86014
57093
54231
33898
53106
6520
88512
52703
24365
72246
46426
36234
55768
55762
64132
86962
51491
27415
45667
53367
78968
53808
50796
14273
96368
16592
45013
79751
66374
35033
76673
83122
86145
55731
31108
52119
7376
89609
11300
82421
4640
16097
61532
2839
75357
57814
97094
96529
73
20250
25133
22721
49272
99467
28379
22172
39205
88609
91340
34073
50467
33637
7463
48457
26044
6366
62370
9420
29474
6565
53823
42150
20925
65225
10809
21954
45345
23797
53380
95238
43317
55489
7181
12096
42940
62044
94667
64895
46997
37052
3222
49410
22595
28329
50444
88298
85211
73158
47122
81057
46541
50959
87759
84177
24581
54796
64030
33041
92696
68329
81837
26925
24079
86234
15565
20842
7056
70177
75180
82479
10636
21533
44491
14329
33546
11024
44737
62326
66895
23459
28290
75415
77547
10799
78266
96882
62563
77493
28728
36953
51748
46969
69910
55828
93653
79986
90794
40551
4666
24903
69979
68926
56618
45851
80820
47412
2498
15972
17569
74135
94698
19438
84211
67997
58196
13182
78826
2499
76214
48485
6426
37116
62935
66522
2944
3909
62979
93166
10273
174
77336
48078
82171
48006
38276
82952
86084
65670
45547
84775
65130
58537
21681
19087
41151
12725
53241
73861
75214
69727
63482
86344
48310
20012
34689
88827
1941
80522
74264
64378
88672
60734
34070
11820
8474
20355
46109
13602
261
88277
48494
64575
23588
54530
651
23371
72465
66827
27869
54103
54889
27387
70597
16042
38661
1994
55170
76731
27062
99847
96133
17473
4214
76988
35200
27561
69122
57957
88416
78615
74219
71200
139
76797
4157
82244
28572
44742
73635
79569
16235
65376
96599
49638
74604
54428
48376
85529
31817
46212
80198
31770
80364
15932
9204
44132
94392
4846
67842
42631
65458
2568
76393
7813
44568
65206
56110
1041
51528
98767
72096
59526
17816
21036
88864
99694
49224
68830
31244
34476
18132
10683
96897
13921
82452
91832
63049
70962
89972
61159
17359
18053
27781
5924
35443
498
38822
25471
7116
39853
39531
46321
15647
7040
63161
27257
57348
80823
44084
42600
42037
89869
14288
94773
93464
91434
67825
85560
40040
6341
8516
18001
21029
53196
83586
8263
24268
72813
91099
76086
78481
75037
39133
46156
11121
72605
6501
89508
6578
83700
39014
39811
34042
32602
42962
15331
68090
53521
31193
83160
25
13899
2714
44212
3985
95310
9959
91993
27188
74006
11881
6472
52382
81150
66887
10493
14072
19128
25787
42596
82904
8051
85833
46298
4368
76220
10682
24936
61274
21137
55952
30704
72572
97167
60725
22992
94835
81303
30564
48904
59735
27621
67831
42180
63176
37934
99111
99225
53340
57131
43791
46857
87469
56767
81209
32046
78916
34789
52008
1393
44913
28998
69196
8074
75179
93153
43385
12649
53781
95756
80043
20960
94554
49155
55604
3942
83330
31733
43219
9926
29311
61635
15185
75709
67326
24001
7902
42970
39522
61464
43232
24761
11548
14524
32735
92751
50382
44021
19385
39505
78747
3344
69568
8621
31689
54914
29115
29835
72240
4640
34081
54351
10987
14011
93685
99778
58637
62957
68156
85232
98055
73010
80904
72733
76374
11941
81842
10552
1814
72982
7634
78767
381
70503
87210
79052
76447
54565
93268
69632
96160
68442
59311
46524
40188
41516
24230
49488
4242
55233
52148
60169
29363
58286
82853
20811
14504
70601
6382
72450
78567
28932
86040
70327
83538
71245
83793
6901
49659
80235
46083
71101
47247
6699
63130
70792
54878
35779
67705
41021
3116
71867
50406
88156
52177
37456
64580
89088
70570
52618
74460
44685
59114
37466
27061
84849
45860
32379
64709
2
79199
81366
39096
20515
36541
98249
15376
63632
78034
95464
49924
93709
8650
4523
48098
68222
644
15446
36869
43003
99822
58647
5531
50020
35071
59423
17518
37823
45103
77870
64065
92246
94591
14991
50390
86723
89787
63061
37282
1016
13698
70168
71023
76976
58905
68735
37944
90626
77908
71368
19719
75631
45272
91529
33976
17083
3038
98254
84506
38957
34381
52946
13542
95734
57159
92145
64327
86866
65572
69561
63125
76385
38119
32880
16007
89948
74882
74856
15441
63882
10921
52687
90158
73057
16043
48227
39258
78044
46925
70619
7360
84156
89426
12154
97411
11260
82640
36876
27628
90692
54432
53603
28917
66134
35358
72119
24285
77569
99103
50124
62364
51883
24913
81541
93091
43165
26478
85875
72509
87803
90182
7251
69767
28921
1524
86052
9987
31976
74824
38420
2728
56909
80901
57171
42015
95088
37006
67833
8081
89987
85349
4252
98220
10897
80846
47775
76484
71881
5308
26777
72282
46641
18221
65743
22508
58434
69495
19505
49522
36203
2639
18577
99873
75062
86211
22112
37596
82798
43551
19629
7601
61557
9506
75805
90274
93040
29089
64245
20099
83702
98436
63735
23562
14785
33628
15243
75006
22650
16673
14897
31799
39646
97199
4014
20157
55281
85552
20819
38646
43629
81258
3001
90462
40207
84780
56630
31674
1711
49959
78293
56644
97897
510
28518
19587
91226
11960
40641
96995
51622
55785
83179
54428
31142
7973
82886
61764
51658
14451
42129
410
26492
52731
11890
10382
44886
11683
99688
95215
62323
68246
37660
36770
28
10623
25990
86966
92889
31183
47837
27346
68846
13623
40178
84285
28832
43514
93670
70782
27098
40738
18944
56044
28250
28522
12109
95578
46184
56982
41145
52716
7219
88032
30348
38435
56767
92374
29430
77079
87811
99931
67901
31120
92403
40424
47963
54596
76669
89045
24830
65173
86116
6384
20954
97373
25680
74891
90643
69283
7749
29266
74453
9229
95711
9562
47233
18976
50901
48444
2152
25563
86293
36737
16275
47593
51649
37407
50988
22955
31391
26319
17921
63472
21064
58179
42543
57740
73386
13433
82997
29183
56651
12562
85948
21095
85230
36711
54502
24597
24738
69338
51213
20208
80204
24206
26966
29417
24452
97044
92959
21772
47465
66115
8311
89774
30167
10520
50661
70735
86384
68294
16836
55786
15152
66486
84273
99768
33574
93915
83988
75733
57336
57083
41167
73001
63648
83230
61709
74948
16063
78507
80925
7854
19466
44677
33721
59998
70621
6011
8086
10137
22112
76920
30237
88732
83240
30267
99908
34207
26690
8868
21999
10731
84986
32248
60651
63810
83336
22696
66844
32971
35425
30334
79537
12911
29218
19796
5524
92622
620
38291
35322
95850
70913
14853
16459
1529
69370
67667
70964
39926
19460
48117
23362
95654
24869
51241
44555
29529
65554
32114
20739
65993
77925
1905
51119
84337
33617
80177
12298
63925
86298
56584
3818
4736
1296
44434
34300
77635
25215
96040
50844
2169
73938
75117
41418
54977
20384
47399
76524
24572
52776
13374
6169
7628
20534
61411
66481
90528
94871
70280
78000
59582
28868
77194
663
96362
34148
57362
22166
17726
85922
15666
60597
57235
47845
61800
54541
36935
8012
2129
89305
15829
6048
4249
24325
31983
91016
42257
39702
79576
61302
47810
79003
70736
74814
33583
61709
69199
37888
94003
90560
79030
18356
59085
50107
89934
88623
72634
66393
82570
63700
64064
29865
96220
97430
58995
15712
24914
79652
63485
5724
27894
28622
78163
19187
59765
3568
93898
15104
69503
68623
73836
6571
11533
26140
63142
35083
80384
46737
86345
57124
62641
38233
48388
60965
11175
35867
11524
63312
46383
25572
64437
72141
67061
91210
65326
22230
73554
86000
15471
56265
47003
72044
10720
45807
58632
1068
62726
24640
22882
21871
18705
51758
18080
10544
70473
26968
67655
13238
5599
72077
82517
93552
86670
48236
15162
6520
47893
15379
58952
7307
11273
90098
74890
3198
13686
3699
8913
92799
23792
30561
5454
45411
20190
16472
49224
22790
31274
87598
85833
82250
39358
73848
5593
22417
47745
8240
43994
32583
56501
94687
43632
82734
72535
124
97796
19083
52984
88876
41966
69136
58251
96043
41184
97472
85326
37118
8140
2050
24809
68501
90430
84939
24929
28008
11810
63487
2634
11238
40702
63096
29393
10053
70284
20369
79084
50837
76650
79289
67083
42903
70094
87684
78332
50249
24974
14313
37660
45182
84448
11165
40789
33090
87850
85428
12926
29800
55285
5239
49892
21201
4141
56973
97379
48576
29349
16429
18452
55547
8475
48188
97307
76274
73120
47899
12643
77237
58141
72515
65669
50252
34936
30296
80011
24307
19689
2298
19430
47429
79845
47948
22643
21429
10638
92144
25644
96145
72835
57476
14956
7065
24253
21257
75673
16664
18273
60587
40144
87279
85639
5050
54614
64790
42693
77281
52242
27402
64702
30713
62885
44097
73709
92060
54348
28086
69356
71830
5015
32505
70803
2654
49761
83486
2725
73595
56494
82845
84993
39262
43577
87765
51469
62930
74871
7198
52274
10326
15649
66119
53709
7491
68150
70754
19182
84481
9074
61236
26108
48250
53002
78580
24916
38611
27745
93071
47332
73295
43250
87702
41277
17857
14716
51598
83708
44731
23446
12595
55934
62971
54503
31829
52950
76869
97801
51308
99062
40133
12123
1082
9078
46501
72112
84066
66167
16374
78632
90487
67932
35111
59476
31775
43339
56925
79519
65815
66232
48707
69029
29147
79259
42158
5069
11132
42274
55283
11853
68930
40194
90553
71765
70796
46519
40338
24796
81647
73302
54967
13340
86933
61716
32432
39607
95112
79215
7051
79748
40698
69240
14576
36113
83321
27088
80215
95665
21978
86567
94350
25006
45481
41753
87060
52124
27169
96303
85626
86971
35065
81993
6522
65862
68519
35765
74587
45344
93042
8532
8502
9620
247
26197
52755
71650
45948
36588
35283
51393
1899
63122
23443
93951
25325
71015
91788
68993
71528
17111
87102
50944
14062
42861
71456
9430
67703
29314
39025
79622
56514
9274
45498
58245
18355
27297
50152
91881
58406
34201
14631
64386
15901
79433
41041
56080
52778
27272
38086
92461
6080
8313
85182
34954
69706
68124
82274
46555
70613
1142
71391
52949
5304
14953
89320
23800
43493
72550
14348
9095
2548
15454
77280
25565
39596
43123
21823
29529
10189
19811
32632
10562
15216
91658
32751
37030
31647
94478
60629
79205
86828
20991
67539
60490
4891
28236
83183
55428
54448
41017
9327
46669
75245
14695
86960
26508
87572
18788
96948
26727
45666
97264
78161
71869
57738
66395
24467
3226
48202
55461
51025
73607
18382
68030
82297
35375
32265
26388
29875
35308
69941
3873
89750
99858
58867
4921
32410
45283
42746
68129
12115
24558
66524
34238
16736
76001
8371
83721
42528
79412
37571
85172
36803
17507
34423
1204
1046
39926
6258
44718
9992
19678
69041
41834
16050
2168
8202
18937
34838
48588
44407
15014
65770
3276
5216
42254
17549
72869
11933
36914
46946
84031
89657
21300
71137
16632
50318
12009
13596
35446
60890
96058
92929
17731
3676
17690
37893
97682
31298
25279
72400
38618
42016
46969
12988
18517
58834
23082
47500
20849
86525
45868
30056
52968
50474
25337
25062
10680
61002
98200
99783
54942
30811
38696
3392
62361
89091
2173
45386
21348
30374
44417
34536
23197
93585
57973
96428
61235
61539
18194
4937
38465
28474
71035
85398
1461
99077
50593
76174
35434
71060
99725
38017
15247
74623
36107
25059
18946
24538
40530
34427
4145
32567
98826
95160
83003
85109
92147
25812
51753
66463
1059
71438
7447
50433
185
72462
22713
81316
75425
74617
63293
46347
88467
22128
57224
10642
64144
45614
17608
83637
10181
52898
18164
36528
52620
66459
14478
58679
8792
20697
17590
68960
27826
95152
10862
57952
21470
71660
75043
98603
28628
55024
65852
41094
44029
31342
1998
47060
6751
87781
72144
20174
74665
69768
5888
72997
61799
53829
4904
72186
80162
91712
90386
24510
66654
28307
7075
60692
18487
27552
11235
98535
46920
25209
91260
61396
30129
74039
96275
51418
54310
10762
4968
25356
89199
76508
80087
10948
22583
34397
52314
84539
32038
97991
58204
50474
43056
37425
85614
56399
76186
88499
10402
16718
26345
37803
53347
88019
65591
72630
88439
60833
74288
18720
87009
42445
77700
69779
93198
7202
29983
92028
56881
63708
9207
74453
31515
26032
25236
43199
56264
94616
14383
4709
29313
58094
42796
55030
3747
62894
98257
98579
18546
76457
25325
39350
19998
56321
78004
40458
60224
39526
77393
74371
49199
23132
10483
80053
43092
36078
94755
39315
68132
53561
11742
16337
46702
50937
19475
67469
55529
78496
1618
30219
53108
11324
19642
28625
97950
22856
73389
55591
43552
18478
63701
26570
26037
29263
77003
69515
77494
94426
15005
56558
23935
15684
86447
37289
50654
47953
20137
62784
70047
24426
95100
46729
16524
46083
33480
46105
38674
51011
90395
64392
31074
64925
9481
58233
316
99003
23925
76954
36876
80167
10200
68494
93178
43900
45248
39609
29242
9252
66683
52451
80212
79942
94692
82174
62371
36331
17968
65195
68396
99632
97549
20162
92848
64347
10856
86519
7061
9076
33923
37770
57831
70508
92771
37628
41587
7623
45247
96597
39810
99992
34186
21291
85353
46079
63632
62116
65993
80661
76796
76782
3825
14436
70350
43071
51863
33468
99482
6476
30018
72224
73566
81475
24683
93191
85575
31393
59369
76364
69450
78316
14179
99799
45627
5262
36977
30989
32231
11493
33690
50417
76625
75912
51008
58077
93174
88096
48703
98856
79745
98110
21040
10802
33953
31428
15990
15117
84026
85387
60087
27895
28381
13700
42335
10131
63473
53302
58429
36713
93445
44245
83110
73046
82532
1418
21585
76120
57630
65162
26290
94314
4316
30585
7665
56058
75746
31711
87613
48807
78481
41825
29659
92046
38959
26530
76913
40107
89588
66070
33974
43088
12332
33857
70976
18140
72850
98233
9596
26581
25493
81702
95960
4586
99703
51997
76840
58696
97106
61757
51056
9705
33386
85283
27192
93277
7208
64172
37043
42500
47118
87133
19717
3481
47181
5491
30747
48480
37064
72412
1481
92453
74929
42425
70742
70590
38716
30573
96171
7635
80312
11846
2386
55407
84737
26818
94714
30790
62294
37181
38090
38278
39674
22357
99850
62682
70079
46012
29584
11527
28159
29676
31510
259
97245
40680
69918
86135
60373
16690
10805
9263
34127
6868
1105
37012
89486
27502
82708
1425
22770
79058
93717
78753
23097
11953
48098
45050
25839
3240
13004
19753
76387
86925
90533
74425
18991
61297
89555
53269
3365
11826
23577
16399
8812
73609
18603
87053
56698
57009
92130
66880
14834
7044
69090
1483
27586
40796
49038
32853
80235
95503
45848
8806
89052
83463
82870
10626
72921
49208
98120
60540
86075
32664
66597
67150
38310
15278
69492
68527
65147
56541
96202
77019
68587
88353
45593
87164
81248
52145
53879
8749
81234
57825
66858
70308
14734
4497
32664
61477
15342
46215
86510
94333
94856
81156
90549
47851
68213
94101
92419
67716
58824
77172
74214
87578
58017
6100
513
7494
70786
96444
2343
33431
31502
30492
51411
163
68799
14084
53010
24971
87713
19970
88075
70317
38447
75713
79691
61995
1
48002
90450
47075
99441
15155
89834
20935
42793
24999
64328
86914
84017
93960
64391
49497
14964
79642
5468
17234
86830
66387
42410
44106
73334
46852
66617
81738
88852
8570
29294
19667
99110
85934
59847
47307
49796
17874
29080
31629
77095
25202
99613
19327
71031
56500
80647
31977
76154
7606
92263
25464
47333
70249
47858
4623
81376
99427
46914
4042
42465
3767
70608
63327
34546
68014
21030
89743
67158
98383
32960
35745
50183
44149
28795
78119
10862
52253
25872
73623
81074
34683
37256
80698
45800
84711
77915
6877
32836
55626
83741
94074
74651
90352
92256
38636
36935
46465
93814
38297
3833
60604
31751
24082
30923
45243
7537
56665
63952
14978
10958
99585
96283
61736
97251
9342
67407
14104
95150
92452
5788
43494
48383
41630
16355
10294
72823
16227
18137
10701
15378
76181
32311
95651
23137
41470
56525
33449
27011
58158
26613
53798
16667
63869
68373
37317
8448
80384
34203
95095
23740
67780
81377
75780
43951
93541
68651
24362
62188
54793
82210
88051
67003
26004
21056
43199
59236
21800
13021
58436
40333
13598
5349
52108
77193
18004
44978
24868
60274
36468
48129
82574
64662
31456
59834
41958
81124
31863
35026
31237
99924
36566
57400
68824
72927
99641
24451
56820
54869
67004
71885
74033
29010
82261
2315
36623
31224
83495
38252
67994
45024
30304
86692
32141
42969
27765
35125
76089
14890
76835
34035
69696
88157
57933
23495
3545
93731
30504
90808
51874
22790
13263
81695
15851
37181
90300
29597
7649
50832
5880
19488
27637
81918
21059
71764
16087
30294
67119
18306
54484
62673
84628
68413
29846
17185
20968
65376
82068
10058
1066
33633
82604
49138
24418
68260
53775
74212
75862
28197
63157
66008
16106
48300
86469
80398
28833
83583
81648
58465
98016
28302
10161
16809
39921
1341
44426
66269
69899
40031
37342
5126
14745
7557
30236
64525
99336
26876
15454
8644
86675
51496
16410
95416
52922
45206
46011
78979
39361
85842
41536
62372
47047
62188
53654
98367
9343
33100
13208
30292
17076
34596
54613
53441
37911
87752
76362
37371
66815
4011
56645
308
49754
19820
61364
10364
58590
26240
76443
28075
31573
31000
1694
47543
72558
4874
18973
68197
881
75448
74625
82847
54498
2131
59214
74036
97713
81113
76566
70497
48291
33113
22356
20332
50878
68104
8327
7011
3523
31009
99050
10231
62755
79429
82027
789
70201
47252
32073
45145
31493
36080
81752
14267
57892
21706
43031
89875
6173
2677
31691
2957
75457
95490
29453
87383
31161
94504
66264
34286
60659
63046
61329
71424
16031
33589
7670
38616
44741
8163
84172
9615
53085
26731
40381
67082
70156
35183
12916
75562
7587
98677
15457
36867
72343
62519
28239
12814
26224
63217
4280
864
76689
38617
18458
71874
30622
99715
59368
45008
40105
28578
96397
25515
84998
49433
69959
56234
19790
1655
76325
29248
5261
86812
51881
56702
53651
77477
14113
63785
60463
837
25343
4786
45033
63662
43265
8646
4757
21046
46325
74910
68434
2007
95077
35536
75915
16721
16522
4640
14123
92691
28285
15766
26130
7175
44708
33037
38573
23189
86747
36069
40289
94659
13358
99260
76501
88365
59093
76781
32975
51183
95814
314
53174
36821
71573
66044
23005
72957
42346
42324
42538
41450
33419
97920
51196
93690
3846
30906
32838
45180
24950
6991
79716
80130
73653
2313
54380
94430
63914
92454
28000
73609
27131
2258
5909
57476
84520
97082
64129
64465
87318
65413
27203
33115
57474
53661
71001
78418
64667
64958
50554
16082
461
83000
48866
74207
22553
90680
17028
89652
84812
83604
91722
30032
91810
19376
7787
8547
35774
92363
87386
17301
54391
58976
9678
44285
32216
95289
74935
10707
37906
53639
51058
18927
23505
69943
81420
77630
26886
46612
2820
58468
26029
56251
53962
75285
12896
39542
7576
80479
42181
75273
78033
38242
33442
63945
30811
7954
59388
15656
7379
35469
22014
72096
73051
11445
18941
70233
30587
65649
72748
80514
1329
48291
66884
86725
9246
713
77793
25996
55248
27329
82596
85713
93174
82271
49164
14764
74597
19415
68566
78630
74883
58523
20
70338
66304
6275
60147
46140
64695
76237
82802
86199
52878
98066
24106
29893
69424
44071
79999
16971
71719
97528
6218
51928
34601
55768
74459
90113
96845
58751
57043
14613
2048
27668
61939
35637
27877
73448
38167
23992
36435
77365
58039
62004
28129
66217
37914
36419
40080
58359
9071
50426
93478
8908
16096
91130
6349
55265
64429
88445
81470
35976
51121
39928
94704
35879
96595
33621
20751
8194
23005
11960
75297
25542
91354
6132
67875
17286
16740
83802
17975
81007
52709
35265
9291
5420
19566
7297
66968
7647
63634
48338
11412
92696
49383
36086
68926
11021
53146
79203
53100
82248
80183
73803
35092
53946
25590
59637
73534
54801
97918
70681
68327
19272
35283
32783
60069
38034
49328
52296
12172
54507
40591
15358
24639
53288
75097
26746
75850
81972
42902
14566
26892
54154
94674
52763
74453
33231
110
52939
79512
61575
27633
45540
24763
89706
23786
23204
94577
14989
9370
19408
96452
45349
95265
22899
80721
77250
4330
91050
69837
26578
82550
57955
36329
601
49821
4780
57667
57518
87793
5161
87627
722
31558
29825
74776
36791
40581
6639
57668
27033
50886
77855
46762
40215
23130
49587
56805
52287
31112
18342
68439
45332
92564
24246
36370
70994
29899
9773
98645
61060
16912
65363
58285
74744
87155
58903
343
87733
36539
78117
10243
33369
9362
26043
18486
84233
50894
74616
25440
54021
62318
42165
30899
93843
63825
72665
98267
62116
94763
28036
13519
45805
56368
98328
17497
34192
70209
50470
58538
58072
5682
87662
74242
24025
54917
93520
31453
5593
21406
94625
63065
38309
14813
95958
87864
94787
59460
28655
97257
83468
94512
89468
22672
24332
68962
7165
95223
52547
17988
20755
86815
4409
62250
7399
45058
32877
27044
60683
59730
54807
76234
5335
53427
3012
74255
18910
79543
42342
9378
50725
2425
83022
61898
5309
97416
71007
68213
48675
93053
82221
71145
98644
53628
52304
65768
36444
28922
50438
13414
30321
65115
24400
72605
72128
73409
32339
6528
83852
2413
77712
1806
39774
77789
59876
75076
9228
39014
46782
93032
81795
8944
95312
12545
75933
27265
23828
32872
92667
48624
97482
59638
61956
43719
29375
41581
61748
75168
74807
39754
70513
41351
28434
72848
25747
81465
14921
2176
37968
17537
43861
75877
35877
89235
25842
31713
58217
13957
84336
65322
93281
46767
69091
4928
29611
18474
1606
68080
66472
58714
10281
38778
43752
12781
68335
22179
23065
90188
38547
92003
2763
76592
31263
98667
29447
86060
16772
32593
74838
79095
81284
62691
57278
60629
48860
86548
51532
85923
98275
23739
85406
39737
8658
66845
61148
64393
54989
18884
20549
70643
40595
48496
97119
82696
11978
39900
45211
40905
44854
18926
35518
67908
94140
90222
1096
27841
12940
53117
61859
28038
83868
20430
41036
97675
52051
71798
84800
22933
76759
37015
42365
30658
59093
49463
88593
41534
7016
59996
87477
53978
35646
63259
22587
78445
52275
19078
4930
13103
15724
83191
59324
92930
67401
84982
26476
90821
17464
46341
81174
53672
49723
67251
20613
30583
38471
26262
55088
12844
37843
31838
31360
32936
11953
18526
92397
67866
85136
33139
79479
10397
93055
50552
71899
85412
33218
66487
19558
93606
23036
67463
2926
31047
63041
91416
26091
51677
44060
37007
28388
47211
30717
55056
53951
67850
47888
19744
94735
61470
27468
9353
15699
34258
72853
78317
70698
38095
44003
30400
84885
65823
46796
57896
87256
25409
57131
39116
7837
32251
50162
87178
20257
81241
34343
60269
80958
12907
69573
12867
40970
26461
32192
86440
64140
86107
68467
40842
93595
37632
9966
44780
49738
72366
69725
12027
84270
21316
58785
60217
35376
82536
87563
98453
66745
7674
25030
4444
28541
39981
46317
30724
37189
72294
85182
11444
8054
67916
71674
13980
50404
87478
98999
88523
42698
75334
70928
28234
621
73042
13303
87614
23498
62189
21453
48417
5442
77132
5561
25624
20641
66060
66836
83470
88209
27953
9212
48316
79401
873
56952
46685
73940
9771
91268
86622
45992
46889
46045
13408
83042
13700
76937
80059
95266
8872
95274
94459
3812
22374
98221
65121
65791
88275
65045
68361
43494
56822
66285
17630
59038
74110
12462
89780
3722
34876
71688
69006
35367
33006
89631
50226
83188
98480
81051
94291
38965
71
27313
13689
22006
68613
94396
63397
71243
24776
14546
93783
41609
45770
4095
72415
4568
81752
15421
85110
92987
42046
9881
23650
31524
47907
92563
17494
18832
48919
69970
90070
44038
23159
36450
63467
95615
27463
67040
74635
64055
95970
5512
1249
62867
66252
38678
35561
99844
8165
29589
49149
51089
70857
25872
30559
90071
33434
72311
71739
97316
6809
56336
57155
68457
83394
61465
99531
3625
13490
79936
19226
81877
96809
46556
28818
53713
39563
90473
11950
49607
55236
11840
62006
2532
32073
39756
65738
63201
53499
40278
70117
83324
26929
60564
98334
85205
76792
82961
22222
5406
51173
54071
43443
98493
8559
13341
54391
33869
87548
56337
58021
66145
64592
63773
98907
25778
64693
93797
92141
21427
86488
88691
23869
71088
29971
58701
19050
96330
83236
88448
67465
46554
89050
93556
28232
98390
72106
33935
41014
95489
75542
75697
34178
12720
27383
96089
61097
31287
63935
98237
55709
63210
99328
1493
15769
763
53842
38490
72896
4545
4753
17238
42107
73685
50557
88376
2604
2719
3283
58540
99121
47785
61465
28226
90119
39608
96763
29637
48708
15096
79370
28570
43593
21746
39369
29415
55920
36860
16485
59579
94567
31929
49407
17997
11217
78402
85309
56146
11241
57196
33935
67882
61443
26155
96491
95995
31108
80419
61081
22332
98168
19930
41164
85426
42607
79768
55327
55641
22229
95312
47456
52753
81135
5578
2928
3722
79679
74140
48719
30943
24188
3182
12142
2880
93948
45788
76678
45949
96524
89142
32594
39698
78464
29058
2456
3043
41379
69144
73377
56948
21845
31447
90182
12085
86383
58751
81316
14563
85115
81693
33431
76172
63265
82191
14929
41764
97911
16638
79322
46846
86555
63878
14911
50688
1071
40595
45882
66503
23081
92617
11012
63136
52704
61522
64367
47520
75919
63601
50390
5775
51372
35236
1310
85384
39747
81548
11031
99392
78629
64181
39900
89685
27712
53714
15866
15098
84121
73574
98511
1248
45773
4011
52069
99958
50500
20445
5820
48893
53380
32338
58793
59309
83431
97789
94388
21400
47779
42672
61834
13073
27455
8556
48596
97440
81615
95139
25178
68517
44356
52079
19811
3312
26957
12054
45446
74157
61739
83041
22333
82445
21659
96362
32243
66517
5141
47915
92938
37477
41861
81302
51805
85278
46484
27538
36405
78552
10775
81928
42760
19211
30293
91475
77795
86445
44082
35505
43275
81725
55399
78601
32310
21276
91399
67950
96707
11636
53008
83357
49077
97341
78052
22467
83591
37894
8248
30752
51329
60485
41757
60687
55996
45528
58825
40921
32274
66338
24774
437
42791
16641
55046
53341
93131
51894
31349
67972
34501
49380
8065
4010
28194
65221
11289
33309
42650
50720
58127
15385
75129
32729
37165
63288
97581
76241
21000
13132
3633
54364
92556
84140
16386
61742
38936
3110
84216
88760
8429
34496
63920
64688
5249
62382
20047
37263
95834
34434
96687
73002
68921
72312
90184
83826
44279
16879
42232
61756
91108
90594
3426
69459
18712
19614
53779
92759
4431
81987
55950
23308
76417
69631
3067
53737
71967
70792
42874
23366
49622
98830
90607
67842
94651
88872
94723
84796
22707
30893
35930
83682
8185
83465
96932
94888
97967
23395
83718
85862
23773
80258
4970
63481
34785
41440
42368
49625
58805
83449
19720
92794
81914
13149
71073
64811
63355
88620
39946
22685
30733
46939
28397
13780
31413
88038
58858
15176
34575
1925
81294
84845
77462
68553
71084
94597
25503
39623
97300
9748
80566
91013
71876
89861
96221
47035
91190
17994
10687
20543
32143
59572
9022
84409
38684
21782
94389
47053
31749
50715
42476
8359
26683
786
55955
95264
68390
71613
67696
47470
94729
40161
57563
52849
34316
16098
7377
60511
96024
72596
13353
59127
15205
88733
5159
4367
78493
62812
45088
86142
38807
47942
72290
52720
43763
91744
29276
72298
74058
84366
62462
52608
24533
14809
39883
28244
16447
6158
65152
68524
49167
25309
10271
15960
37362
59614
64928
51194
25215
81150
36180
1196
10749
10607
19211
37343
50265
74124
32998
83274
58656
14322
29065
49090
45428
7661
19071
43306
69322
7334
70320
85564
43427
81605
24756
69789
28986
25593
27900
30723
237
2524
35680
23594
71116
73141
12535
66625
63421
20186
76965
9311
81081
86769
75027
70505
92994
18562
18803
95508
27656
193
66612
12679
77849
22891
6285
94875
82674
76999
10001
19519
27314
42075
83048
40632
48360
36044
71510
9505
31392
11186
89121
77777
41097
85600
23758
40622
5431
32518
20764
9497
79618
73235
23663
2645
7444
70682
59490
28023
174
42939
97686
15834
23918
49114
78422
47082
42400
11160
65604
27145
93437
53883
99049
6044
16078
72710
89718
16892
3781
36553
91193
57246
65718
26492
37792
18464
89064
68435
25915
23004
35098
79837
48079
61651
91276
61998
27992
58626
46171
90604
74978
76108
96462
34657
44856
57844
7535
48242
10191
44031
37059
91588
92758
61403
17769
1437
61517
95319
65248
70096
55788
61228
7812
34545
90179
7038
67275
68765
14890
39974
61517
95493
4450
20583
70262
18557
12029
63201
27320
8579
79706
47261
89559
86301
41445
89089
25042
92460
91673
32600
20553
16311
91190
91778
739
93628
28006
43224
99362
97826
95188
694
75508
20126
9988
80847
83313
53744
91083
84067
95637
54682
13032
85841
71976
95889
3681
56085
88072
43661
11265
54459
37348
63781
6291
88704
71936
4644
75451
35807
77283
82173
67728
8743
84924
83915
75954
31689
48727
30627
37727
28895
23449
21780
27987
43764
79985
85406
20625
78903
83200
3599
78706
2031
68176
13170
84152
93661
53638
94869
49621
77185
8483
33147
47368
46962
19070
59878
19319
53817
60171
72751
60278
64602
25750
74807
12704
15460
7082
27211
47310
66352
4072
24784
44307
39834
95274
93135
70636
64326
14073
24983
92898
25589
44681
90301
54124
16613
67685
82211
32859
2900
22002
32669
29576
33959
19248
8031
67940
26515
72362
96666
23611
42278
97668
32136
1048
71609
61351
24087
4792
44669
59512
91917
13553
5306
72661
93770
18642
84609
10652
57839
14494
69265
99491
2866
39102
64967
89084
85347
72249
81584
2514
31485
38481
99893
53147
12690
36868
7111
94998
52394
64995
15239
49387
51616
713
84466
70148
72347
91483
92708
43559
20176
92476
81225
78011
47340
94207
24849
44226
448
869
34537
78852
55337
60581
76671
57354
86150
96623
36770
97004
12404
44764
72747
36759
89735
94855
14465
97841
18359
93407
20349
57607
18716
39882
74908
85158
85929
46705
93567
18717
96134
65246
44159
82108
22895
9250
42167
90229
47972
48524
4517
49502
64684
63194
28171
16777
69105
43883
39369
46219
31049
17465
22610
17446
55758
31135
66941
96056
62347
34366
59223
88763
97676
87935
84501
33925
1365
92472
41510
65050
97666
38529
70983
90751
38548
31950
16823
78017
18740
69560
35350
72881
83352
63466
86411
42
6971
11307
84473
28082
45487
8808
68977
84357
53627
15793
13379
4449
72638
58082
47343
70978
97963
29366
15653
53559
32825
61412
50072
45706
83667
87392
28973
49337
13983
95413
21485
31601
69226
87509
51360
14498
77943
83016
63433
57188
73070
29341
44662
4361
93830
77145
35772
96401
74585
81310
2050
96172
94223
43921
38254
37244
84006
38286
88974
35456
35792
97858
30189
58630
84614
53741
39521
46177
2662
29530
44879
56884
81788
1086
18328
22860
60798
2043
24280
31459
82636
83473
62090
27854
94134
84151
8992
79767
49491
7292
82034
47935
97505
50134
5977
13467
58723
27497
19514
11547
18337
57332
96489
59793
10716
25650
5365
68708
21940
10867
28382
37745
3647
10110
91614
93262
6694
80061
60653
96161
99019
2493
42356
18002
74111
64011
78606
12457
56640
22526
46141
86887
24316
76202
75857
74747
92891
79147
65364
50220
85659
99123
18467
83608
24123
64059
63675
7968
62760
97357
10270
61442
17827
37462
99795
32922
88761
12882
76131
85965
88605
75066
63483
51983
37257
18061
98500
18312
54585
3909
196
53814
86159
17586
63995
95428
34971
87559
87826
38463
77009
86091
97245
13338
89201
84051
57661
30630
64677
39788
559
13931
22118
68513
75556
55173
94910
97811
55864
52202
27846
45575
73107
35941
15420
74528
40215
79724
49312
3428
37983
31504
74511
31372
10025
15349
25325
54654
49931
7631
87603
93098
19995
4244
1046
54973
93577
74391
58149
64550
59985
62255
44027
66068
14735
77230
22563
88609
18229
69620
58317
10264
57597
96589
20203
34562
53215
55761
42976
65819
34054
70997
18071
6961
1966
15937
43791
80627
59378
23765
2246
22009
76779
73372
73129
41966
44143
31321
2907
78768
36331
30217
69873
11957
49258
63176
33960
97466
44763
43744
95303
36630
20751
98
6829
65703
15822
91959
84050
72731
32708
19154
59160
95085
69684
52537
93970
16243
99849
56338
56825
78949
43019
57713
68881
41232
21768
18358
51847
47398
60821
8553
88181
89085
28116
62996
90452
76790
9976
96888
57043
2485
97906
4650
88580
16912
54641
41071
15298
61181
8123
67451
99882
2521
41186
76434
3380
33568
92092
42284
16049
95750
88928
50617
28406
66708
58333
56743
79033
95762
12661
90733
41325
94622
8227
94429
81954
24890
54251
93842
77655
20183
99308
76501
42213
66070
2190
5558
84420
11554
88017
38157
38422
89279
2045
3775
5603
44219
7584
13816
38753
48337
13510
59849
52077
25967
17062
48951
83536
53146
38489
70252
180
51751
3072
70213
3569
14992
28096
72796
18402
50053
71270
4717
71425
43685
96338
27082
61243
54180
45380
15727
54944
22296
47665
45156
69487
74549
50019
84972
9161
40906
4190
52500
11125
19403
29084
4268
57770
3510
66904
51538
12161
4335
90407
82552
33978
8930
31359
16487
27275
17275
39357
45539
97153
24252
31831
61807
63752
63507
96498
16626
51827
28034
77910
66194
32874
90476
7985
75096
1176
21866
83292
87370
67723
99724
58982
58464
23425
6622
29181
4812
14518
39699
39670
41281
55885
47702
75889
22045
65846
46132
20805
53944
21633
32240
62942
30534
52907
43099
43144
4126
96947
60714
20522
81867
30131
95437
6199
51533
51815
25833
40922
81708
22449
14154
69504
22686
541
48127
14077
33475
28089
14894
21077
39405
32520
71002
97443
68004
4046
34347
38313
59158
44227
20313
82637
8936
94842
13003
77038
547
1924
27889
31715
75468
54838
99032
33728
35835
50028
17931
17994
65005
30242
13914
98186
7961
72543
44775
91168
23441
22007
68959
58647
44540
94686
14320
95160
81484
88956
3770
68672
8453
60491
68762
96746
95887
25926
51192
95134
23410
72673
39868
2846
69780
48057
39533
89462
9774
15086
45839
59788
52208
93008
67989
53823
25782
67048
52717
66317
86373
75246
56366
32034
73732
32156
82603
42918
43917
47795
33051
81487
49072
94952
13073
36088
30046
10104
2370
45928
51523
57892
21
55279
1013
18891
37758
32995
88472
42691
53824
10
19887
18574
88889
53679
70359
13045
98037
6176
28760
56403
96308
11275
39839
81831
21989
80796
24071
86400
3586
32003
83147
28844
91773
19964
35014
29027
75834
49911
6767
51943
47256
83252
99583
8688
35795
59695
7503
92736
76674
213
51179
54304
9368
41723
39434
29520
88289
62656
14834
46002
93260
75440
28927
63732
92439
33970
39402
6510
52119
32278
59846
98551
89649
38603
24895
82154
98061
58041
56473
62811
36172
47837
89348
96276
25359
38337
34487
62083
9645
39034
41912
48921
35473
1170
63233
94181
49212
92794
95157
27211
83317
56611
76800
64030
85305
94670
3834
58930
1516
46383
59276
48289
38730
79306
77504
84639
78938
41880
88980
14459
80200
22362
76364
591
60037
73664
62881
90569
14270
41440
56858
58011
38911
53758
70866
46649
65816
29607
72527
60400
2028
58123
23497
78708
9792
76424
26194
67648
29681
20482
49247
59201
57950
22454
7537
94772
81229
52382
96988
16289
20846
61557
62646
19377
9676
11913
59941
38882
94865
77439
49722
96426
64724
18177
9174
30198
74788
64302
31553
34947
82517
58482
66040
16528
45804
81231
19040
28639
1053
16421
94590
22227
36840
71604
59564
35990
8801
59699
38384
35866
58339
42533
71465
42619
70490
74694
62321
54948
42265
75036
89364
47267
76222
53672
31405
2858
74381
82244
71448
73084
20862
50014
64480
56481
12453
36992
23232
20549
22241
41247
9578
56163
23554
32011
81637
4368
24387
12530
484
69709
60077
99096
61509
9551
2606
64850
10193
24445
14486
29833
34437
67539
93662
27978
6360
46214
99674
82688
41662
97760
64
20077
27710
53579
52430
40237
53651
77985
55272
53626
90860
40102
30058
96522
80457
23629
18574
48216
82345
16892
74129
94741
47482
76150
19879
28787
94281
79841
2671
9165
47337
54988
68517
83641
46348
80533
44646
28850
21119
93103
82636
83966
19918
51076
39270
38628
62722
54612
66428
51274
18152
68874
95167
58594
82314
11606
36166
10088
64926
31818
65381
72152
85
10067
94727
78240
26232
58742
64721
9783
86940
50689
56158
91759
81845
62207
1741
84416
98507
92830
70714
1489
6291
95018
52594
28465
76475
91133
45696
7095
41233
16956
63316
53662
72939
27521
34381
87469
77078
93253
83549
54309
60002
24662
87860
25538
68692
3993
30084
55397
78496
91363
39831
78364
85753
41165
58006
92410
72482
34296
68368
3455
53255
82691
64118
95712
23119
81176
25019
99321
24123
58489
25726
17127
56848
33455
96669
78290
13116
30148
86992
29198
84931
64647
60681
41370
47680
51261
21836
40624
65383
69819
3479
88811
99097
96389
11395
72230
35599
38113
90819
15230
39546
35176
61783
86629
26756
6514
72496
16551
61667
92884
97932
73699
81291
96639
78311
24986
83004
75257
79339
63328
17783
30809
75978
91324
11351
41092
68051
48471
37490
82436
20222
42250
38408
70802
83034
74507
77384
58280
19684
92216
65391
3314
61575
63846
21906
98359
84010
48843
38980
68542
17373
65806
17166
88984
87592
21788
52902
64651
20756
57424
32484
60640
42965
88949
27725
62743
58685
87363
5343
275
2664
87406
60770
86769
43020
96546
66912
58913
70424
47367
81341
77122
9273
76203
55680
67183
51233
44032
729
61212
86073
15651
90340
95471
51694
95421
42458
89896
59520
49820
47806
73969
57203
32141
35421
52569
79158
93336
48916
1525
58291
27130
91910
289
86921
57090
33176
53973
40687
41303
44989
78798
60975
16526
86915
68028
24736
2550
91464
71725
82976
7745
41544
82251
94051
30082
58139
70987
39663
53748
18829
18115
70695
36456
86133
56653
46721
10039
72779
51983
13000
85616
27448
13286
42437
61928
3920
91352
43315
12232
29243
81255
14754
90807
36735
21009
39342
10224
45190
2350
49263
38061
16774
61668
71714
70387
10244
58177
35117
87519
49737
10987
40951
58408
46587
74812
9027
1376
8894
24601
26208
1012
54626
57422
91870
71578
54405
8661
56868
14587
25531
24169
88015
53439
84198
11718
69191
80424
46340
779
70196
42900
88222
40416
99196
72549
41470
37331
73505
63975
18472
18039
82751
3159
65890
85469
69853
93559
44983
70920
43185
61291
50141
94287
80207
30283
48812
34384
26277
88949
87166
89604
45847
27808
75428
29472
44501
50198
66353
58662
38962
79691
56774
38094
6097
73464
6960
27982
70568
25284
21352
22459
93478
10780
37941
5559
59616
24540
36509
74877
77998
18526
24770
48435
23002
82049
24056
96648
65283
65508
2539
84048
95366
19999
53193
18746
99776
48856
14841
73338
12399
11447
91152
65737
36629
59787
19603
275
17901
87443
90616
13203
2323
63596
239
51251
43464
98930
37334
32063
8846
28240
33118
5443
84445
46782
335
91345
59153
74407
97568
40114
57441
95323
55114
44174
64497
88681
38632
9793
1650
5949
32588
31441
26257
44471
90799
84836
79891
67255
32752
3420
4509
362
49309
95590
94184
47841
9454
78859
17872
38309
94734
67423
37642
64886
68681
58396
52020
57841
53226
53135
41685
51444
76115
13508
93179
89564
78935
56199
78125
82321
71579
93135
92942
1314
97436
67983
7112
27719
8388
64221
65137
62540
72325
86065
86434
82406
98980
94553
29404
7636
13659
77140
78510
25539
82984
40172
91942
81864
74978
80288
55675
88621
8398
541
27489
50177
80720
3344
68344
1873
41534
19794
37089
83085
9424
21863
99676
41034
9112
12345
21173
1659
63133
28169
57155
40118
59017
19509
84704
91592
26985
64871
29034
39455
18566
49646
79753
91413
41823
36751
56575
24257
74105
18161
49642
68923
77905
49856
65126
81773
78784
37939
5802
43440
12055
95266
7473
72519
87198
21936
9410
99776
23877
81201
58006
51385
60875
29105
72666
93020
73275
58738
13791
47995
519
60334
16034
24133
97401
77273
12341
12113
53612
24468
34400
94679
89534
88348
22095
9404
46798
87992
96616
99734
90867
70783
98053
26400
66342
15184
14469
59139
40847
21279
19834
82886
37506
84580
64652
3132
49165
94035
69342
58254
53845
87319
98478
59296
51613
55951
59909
49726
4572
80791
91357
30627
67363
71811
72113
79498
78542
34430
69286
22814
6053
34372
88500
3190
94204
82823
28813
39535
23931
4965
50720
99631
25864
91312
3639
30706
70625
1806
4518
15490
91092
57952
41849
90328
98325
16802
27523
73774
27157
80481
61631
18839
11783
3545
92754
65535
36969
5951
94576
3368
66523
5675
87395
41823
60871
6055
57450
5341
21025
98532
77109
36277
15055
99852
77571
25893
49308
66770
35072
46815
1314
73649
15905
86572
39161
95490
96563
3473
79727
21189
38909
12394
19075
99693
89000
86277
61654
1576
90781
80594
87231
56448
31346
2838
80952
12412
81834
53167
77916
37557
27109
79984
94996
55464
18247
89519
90963
35509
7156
41816
64581
35608
10640
87310
23730
26987
98661
95351
76631
39559
63857
37866
55067
42494
60273
12050
22386
22084
5079
49474
56103
53552
39630
12334
93634
85948
43647
67189
85319
88115
10033
94864
26167
77198
64034
91894
12368
46360
89504
50105
11407
25633
6384
34352
84587
77341
17837
17057
15016
18651
30919
61008
53558
54993
20769
43564
48512
55951
60061
79564
5222
34961
88253
71775
37494
97314
29468
23531
19846
69786
52926
56516
95358
67302
44020
95790
37680
85646
37992
76577
3041
53337
95593
60427
73271
45886
93644
16550
54475
95894
22161
24889
99958
71275
76181
31802
16856
66399
80866
64407
30225
90046
79050
27511
50108
21719
36080
54958
88221
23118
92173
37914
71726
75877
13622
35827
15892
98807
58797
96940
2572
32138
80320
16288
73110
60723
1220
2743
79418
81085
85058
81647
95616
12606
63760
44387
4597
33633
44098
44758
54390
23144
38092
6071
8912
78271
8766
44627
91005
30087
77650
96781
33359
87306
69396
45942
60222
91464
96997
17253
83092
60012
87576
5827
78575
65996
79735
52011
75270
9098
24301
84351
68243
2590
84928
29355
35782
64282
50123
69118
16501
71208
18450
77513
33678
46780
98798
20644
51422
46368
53401
62393
37223
57036
37646
63065
65757
37373
92713
79479
10515
5661
53315
47439
4502
54896
80196
58544
78345
45840
44141
21282
6880
31083
85231
68425
32682
46351
75070
52177
37190
3564
37287
30460
54148
40152
82198
32402
89353
16414
41062
79576
12841
91777
40756
12603
7882
13962
79573
68329
16091
53252
48610
37010
23295
47839
22606
59902
49954
15076
11101
36495
28318
16317
46722
95003
12446
25166
5657
87447
65164
35038
67074
94017
39507
82588
51404
20904
96415
5516
61311
49451
30989
65382
17317
2758
79217
32395
1661
3907
15386
5520
54535
52970
69651
12079
99973
84093
56676
5469
10349
63426
42697
52690
70669
40793
56619
23672
40286
97389
67861
66970
51598
34391
77245
55075
73230
81067
53522
79244
96504
6411
77020
48506
93709
48355
66003
69057
73382
79661
19955
93536
24596
61658
57587
26993
44497
40566
25347
63132
556
94252
73287
4584
80170
49284
61798
54336
39459
89311
53735
68876
81128
30854
62036
61408
79500
78445
64800
83788
57204
42553
86910
17127
12113
5712
74897
5816
88742
15608
68666
17726
49512
24869
41286
13049
99835
18392
12804
3919
78104
80014
72083
1070
55370
25717
5953
73888
65776
30840
82896
48564
9458
28288
82617
28967
88041
65101
46802
81527
71792
43960
52431
20483
60881
67105
1317
3484
41847
22841
98305
28259
24054
93745
91616
76871
38466
41563
13140
28812
52337
24312
98304
74274
55982
54582
63806
8378
83267
95564
46659
52735
4729
82872
22988
86040
1044
5750
1
54177
60762
47679
48407
5565
23829
80708
79221
40990
86404
52297
48447
68775
90605
49381
31102
7275
24760
5707
9432
35833
17825
6316
66143
56745
81744
98194
16871
66403
95677
32189
73001
42313
7966
12864
67043
27373
37436
44260
2810
50364
53153
82687
47461
154
98369
93270
59459
71170
81596
81868
6701
66008
86803
94666
44565
41686
19360
7731
40775
9105
4049
17748
95904
77639
86858
37972
81152
91657
70336
48512
92206
31100
27192
33682
60975
64801
10108
53009
99973
62597
96163
493
39149
74833
64887
68608
97104
34951
19136
3219
24473
54028
68648
76547
70810
25107
3431
21001
99227
97328
41300
60494
69375
33793
51973
34047
72886
9609
14573
39929
8469
38417
77950
55721
98620
58179
99482
54001
38859
56463
90700
63617
44714
96865
15449
94843
54771
657
87354
25423
73017
76017
82428
3915
42972
12944
575
5753
29987
77486
6467
11004
86627
40698
22752
76728
39430
94628
55462
99616
26913
29320
47675
46621
89478
55965
68923
59562
8239
36003
50445
26880
50892
35786
14052
73312
19430
58344
84620
90836
5521
27664
48740
73747
22813
92372
17340
20170
41438
81009
59355
80334
70925
2628
76532
62899
90637
27466
28327
30270
9624
24557
96049
8837
28212
14437
24598
25434
71001
71471
9469
20538
34372
48509
45769
34792
93152
71670
14121
50851
95718
85663
15082
32998
5682
97884
1811
3790
30460
32378
90743
2850
23811
3395
95120
37277
10694
82129
1042
19564
96445
44478
47988
84158
49069
74211
50504
23074
76357
55908
11356
49639
86881
28089
73198
1597
95488
96782
79077
69741
59939
65470
60820
76113
68324
67576
63964
95838
63068
14115
74188
43299
5954
55213
39777
43866
83551
75807
48574
93495
35740
63577
14555
66277
79403
23679
61178
57301
25370
53971
42086
43480
2026
18562
85004
79214
45798
69378
18719
14042
29697
46160
33009
6264
96382
2026
82722
82202
98237
84586
23326
47837
8228
85621
2026
52663
41765
14029
14045
66240
41574
33138
5914
15849
2026
23150
80816
90870
50395
67081
31070
24133
69355
84858
79932
36451
22562
75308
37312
40997
2026
10812
97335
18315
63383
30209
7827
4526
58343
75396
73923
24584
77909
94204
28818
47023
88588
84326
6780
91588
54817
26896
29326
2026
4903
36389
49305
48599
61367
69750
57687
23064
66849
1743
70463
77365
47896
46658
35658
95047
45455
59103
6290
69491
50334
315
16960
85265
21639
97776
41079
4104
4713
2026
94735
34135
78280
46471
72160
92970
42516
73239
65236
64316
51653
74490
66373
78073
39375
85312
7588
23894
4297
65411
21932
54284
6491
14389
48748
35944
66131
25096
87960
65399
20161
75040
1858
19586
47062
5173
24493
32099
57242
20363
60356
43242
2026
54794
62095
29850
36614
2026
18971
80517
78703
47711
12946
53380
48628
63843
77473
45316
32430
31152
72252
96195
3946
41624
16020
22269
95772
2026
26589
56491
12958
59021
98493
77240
4264
80357
59954
37758
42064
91228
31024
88521
58677
4952
54870
13725
28073
95371
46016
59775
19838
78498
35753
39290
73188
22819
72514
75005
20196
3153
11127
14959
13305
61633
43385
41817
51926
24560
35262
56958
35864
55202
34418
45507
69767
19778
20204
18979
78127
9682
92987
88786
98111
90178
66183
83414
71157
37817
46779
73324
69714
96080
96901
22734
89001
4831
99353
87482
48038
53937
22860
2474
58501
82162
6831
74816
41059
89636
50382
51050
3944
22346
56364
2503
8146
17646
15567
21942
7346
27695
4787
4923
62773
58361
44588
956
63238
50937
49541
3509
84573
8978
96255
39274
49186
26615
65713
48707
10465
31716
79614
47766
20980
17953
7834
12433
92493
79810
16188
68655
62662
63188
14455
33022
81982
21570
50459
80441
39907
42959
45344
93913
51142
65938
58015
14255
59713
27509
89708
59323
65596
62968
88871
3507
94646
60428
27185
1576
13240
52652
6358
80656
33093
54064
21533
46623
50107
15316
26950
76813
90534
84387
75361
28378
12107
80098
31850
43349
43686
45891
94403
55304
78307
8523
38726
70044
19814
39835
68774
28730
61347
48207
80027
68313
95715
38814
32360
23603
30126
40100
65687
83004
84842
32920
39508
79050
35754
89424
70116
68515
61498
60141
87815
59209
47440
88340
70001
18860
97
63927
81258
67722
84961
24696
14840
35775
93765
24247
25079
85346
29979
8687
9341
27472
29904
63009
5062
6298
54999
13752
56020
95009
67198
15603
24953
15693
25471
70368
53243
14787
48970
30829
12805
35340
45499
47421
8183
22195
77185
26477
5369
84213
97951
59879
65017
71842
31186
28593
53785
58813
23553
59960
37426
33823
73074
47821
84170
32300
94425
62443
54693
73090
84058
85064
27149
76088
31133
43416
82327
72211
85256
91767
50242
43069
6145
34866
59370
4018
25402
56282
91808
4953
15630
55403
24078
31068
43972
69729
8130
35659
86901
35712
10067
74522
56719
99427
67149
51016
30995
92899
68598
54518
10568
99807
22273
37357
93199
1307
35522
52615
43767
22444
10112
39127
74020
20419
49635
1613
56412
83983
60135
9053
14185
57922
92240
71465
88482
90815
33701
86357
15244
73857
68333
82393
63880
10148
96889
8591
32146
5187
21016
7303
55901
16095
83033
32904
83833
32133
32598
75002
3465
82659
537
6863
33949
19172
50635
13569
93354
7456
39273
73237
4181
47836
67326
2258
75908
32408
95888
51615
81633
89770
98713
9602
85512
99006
1607
89442
65675
88585
4962
80761
77418
58714
15185
17375
50337
17391
8735
55482
10845
24988
21281
90710
98770
49646
23877
67590
83822
90873
87681
30627
31161
69728
13134
68287
21066
28986
41012
97367
19012
26997
7400
56928
37675
91655
20112
68927
35951
58859
92642
87543
21436
62935
80971
3760
21137
90523
56036
35347
49407
21702
71753
86969
60363
3540
82257
7348
61104
50950
43700
92220
22868
29598
49628
18287
8403
51238
4868
72850
50748
26105
47857
34863
92655
78964
83393
256
36195
77363
44681
22394
83244
42389
67827
7099
94971
95444
8360
57303
50499
38514
56416
21091
34324
29830
72609
44258
73147
65143
25491
69150
9682
19483
31449
14841
6072
8265
56023
931
74960
41863
60641
5490
40354
98237
3669
39752
81094
26174
42891
89591
3174
60122
30973
250
7199
81043
47674
32520
4296
42696
53118
75944
16804
1858
8396
64712
59883
30650
91429
65693
86501
53190
67644
11807
55324
58574
36532
80425
2331
65233
56320
35276
34311
70973
17269
59607
55097
8845
31750
13615
82927
22188
63628
33155
97900
912
66718
69282
98291
70600
26873
57703
98816
30803
64134
262
42285
55628
68886
83761
87834
47950
48604
31522
17703
86597
60667
57461
48381
13612
88774
16632
21206
10551
86076
7079
91645
99830
18777
90304
44620
62786
45685
12343
67107
81205
61044
73277
75837
50334
25926
39158
96236
57716
7017
59020
43025
79917
41433
49270
42971
84029
65009
93341
93751
60511
67548
78891
68724
46496
2756
28269
78768
10907
79021
60284
27029
90696
76767
88008
21319
61919
56218
14146
72342
84137
36588
48650
29182
14061
71302
38191
5938
99418
65384
6907
32981
51189
87484
69883
6396
37532
67353
91937
94483
75655
45045
54538
38660
12303
76105
98733
97036
67637
34244
78599
57887
86211
94479
2542
14809
90745
20815
33394
92377
19804
47246
3859
25320
9981
24764
20312
83942
81808
68265
28623
98412
67381
82015
62821
22693
58977
12085
88806
43474
97043
52300
36289
40096
91078
96312
1458
28386
96298
8058
32919
439
69507
23456
23039
42957
92384
54927
78747
55799
59169
88554
333
13886
41230
89972
40201
54246
1008
49616
35501
43106
65516
17902
818
34920
25253
78725
39678
2861
47825
80277
23568
21187
86156
14736
11423
12482
5980
37256
67406
9739
90134
85102
2141
55481
5461
96757
39818
15196
594
67799
91824
5305
68671
41552
733
85657
35369
34894
9932
49127
60503
73197
5726
78575
36078
7566
48958
38652
74181
69854
50306
2782
94746
56241
63327
47850
3851
96234
86554
26671
53565
94314
67434
73915
88496
38273
97564
43554
3929
6464
32282
21776
9881
51239
41395
91478
26784
48088
13320
29355
95077
89326
81193
71338
93810
55169
34840
42313
99290
97790
86311
36511
19526
35497
28903
1179
75876
77821
63523
70250
95455
76188
86347
90657
33460
28951
90938
34962
10116
10329
60370
99423
19848
23755
77119
79378
75408
72736
87819
6417
62572
18957
87332
84586
5153
6621
23350
70897
98434
77146
21235
13965
72952
60287
84403
61929
56781
71990
73170
54307
46448
59575
16346
86948
52779
26356
24901
91822
91257
14136
95681
72764
26274
25726
61047
5359
2367
85774
64029
42495
47660
9976
2833
86713
9873
27794
1510
14471
76579
68531
42642
30299
34025
43465
42951
57687
98513
12511
75353
60040
46025
25787
25487
31328
75886
76256
39252
86421
25947
34493
96391
42918
22030
22899
80520
88529
27265
50202
5179
78533
32310
50132
42802
33713
89037
50261
80596
91446
71987
78759
96035
13441
69168
50025
68575
95181
85948
82627
9632
92043
97579
74865
91187
17195
29647
87112
38598
10650
36732
95199
7490
13749
96478
47371
9338
64628
65168
35052
18969
6227
980
53982
81537
25286
75608
61985
27075
41438
57443
53939
34049
10178
38727
55999
28033
5539
96514
96626
6822
15517
13265
37580
51336
22261
55842
66155
72738
76002
38566
10676
4326
77723
96698
4525
71471
73645
60301
97905
97428
85469
75718
86754
42948
41994
21356
14453
8133
23115
74343
65220
14784
16057
6924
94373
10345
66968
73768
63191
23829
35353
57229
93057
42412
55414
86437
28309
42381
16258
52546
86287
57681
97844
38381
55494
59535
32544
89691
19709
16061
24342
25700
56916
58784
30267
31729
52386
46165
47370
17009
99120
37136
47798
39139
41379
9171
70271
45633
39678
55264
75782
47650
29177
38541
37635
46147
38517
24242
79063
38403
98755
27432
75437
95902
45691
21544
45607
84793
1786
89941
77391
59253
53918
48844
58698
99455
5043
19580
25701
8449
13535
71910
8468
62832
47742
46376
9498
72761
55761
9466
43513
76875
66149
47452
47604
15464
56071
85092
29657
31357
33641
87701
97136
66796
76470
89077
3108
20399
2389
87435
16457
70536
80246
23521
73082
19603
38629
57691
18
55902
18156
12455
68064
41319
2320
62512
60019
85112
31246
83245
41403
20973
94080
67365
28869
55986
56966
32340
12440
25563
1837
33337
43443
15861
3418
98986
74937
62720
79525
77916
52515
97839
62570
62905
13751
82427
97172
12564
5747
15045
17109
80303
84579
84772
88664
49333
81759
12842
10454
65692
64496
83641
89699
13872
31774
14572
60764
42716
13973
99117
633
46793
85156
66936
69048
1489
60618
75404
92608
58846
67368
75145
4431
86399
73181
64682
43573
25489
68120
42045
32995
41170
71607
54189
76292
78961
3421
18644
91919
84832
89794
63343
31547
68423
87343
79065
56566
67347
92497
64774
92767
35231
94140
44185
77774
56961
29501
88024
87340
83761
44133
6116
7801
76208
33067
97573
39737
31593
84442
79198
30541
57233
51970
38077
6262
21194
44642
52570
75818
54902
99099
47818
37509
52761
27520
40544
43955
45909
64498
42950
81928
46555
60042
58420
83132
44487
53835
7083
99379
55593
35290
14211
4432
29693
9632
45058
91067
62530
29549
2883
22001
71150
85222
7822
77337
2446
80424
88646
85036
95686
26392
33154
79537
30457
22839
35765
62258
80533
19104
6195
8703
45627
90597
8639
90907
51771
80850
40491
60278
24005
98625
62340
53069
3470
94770
4829
60834
22365
26167
31874
42539
52892
68913
71565
51851
41409
94537
49052
91626
11454
18690
33194
12363
99575
27133
58316
39316
24221
2177
13613
43022
36321
45979
71749
12920
96425
10415
83524
29251
46556
52963
68186
18760
9413
48492
40276
94867
89261
75551
29466
99052
3031
58190
39822
68859
86374
14285
5493
98346
75094
27285
21282
61837
42780
49454
51318
61140
81023
561
43684
69467
37333
14182
3947
41156
25976
79877
30594
14055
76802
23273
61494
85744
60582
84831
3274
6349
52633
99424
54387
78769
31560
15006
17177
81399
50981
80299
71781
63117
60502
7113
82486
12183
72477
68700
48285
21431
2346
6765
75655
59715
27591
99836
20764
59500
19768
56719
24552
57567
70712
58375
63145
92426
57254
93341
13075
70615
35288
37314
91981
84892
28287
14277
67865
69559
66929
60607
29292
61058
50268
34183
88937
58395
88791
96334
56304
92139
40697
84053
45824
72182
47438
24315
67265
78261
65670
93251
9830
43766
78742
50108
28402
27644
5992
50633
2766
85760
55502
99343
30126
15190
44369
37395
31711
1887
55767
41857
32993
66812
72302
46137
75103
95452
12572
44117
24836
69753
14407
61637
57661
89409
85266
39023
26061
11814
9607
89023
66057
39979
10953
12636
55108
90719
30649
51121
43521
4672
51990
99691
13646
53945
45669
26046
39363
79344
36817
36620
33386
70059
90823
36333
65940
65802
55885
59646
88204
44420
30468
25123
49833
7845
96327
20062
48602
34113
14638
57863
25611
44993
74781
70947
30738
50895
38957
77597
24553
4445
4070
57109
84100
50867
27192
56938
29844
9504
64385
17536
27961
11734
94158
10220
32715
87080
43889
72903
77156
52072
2107
39190
70292
47793
93734
23737
32278
9115
30834
51785
89242
30305
68519
42196
8276
52974
94849
99890
57781
36313
14841
8366
3614
25729
9447
22680
43744
84421
66128
20275
38015
23825
16649
36169
3015
23154
31540
89132
97615
53989
26499
36441
37976
78861
51571
30479
66201
61944
7560
87
94625
94835
75860
39073
54638
44476
55039
11615
21649
23164
5452
26852
50936
89052
39139
96655
70936
64491
88659
50731
34283
98454
8893
76292
33812
91531
98853
59738
58438
93861
42544
29698
35937
21768
28038
36786
13016
49350
99735
53716
85715
1171
24426
44188
38053
45446
25205
59177
4913
77425
37821
52741
83498
44285
57539
44268
77079
50094
28604
36855
98087
84929
69537
5128
4552
3803
48260
64001
38349
5840
13855
33241
7314
11873
4971
13646
19693
92505
96764
11443
97524
60517
84318
31816
17074
33190
31249
198
57845
80780
21250
81010
24275
19383
29671
66857
88923
8689
11206
12592
50530
56054
17915
90101
20101
48443
35803
21918
14189
94869
66623
87739
94845
15972
81300
57266
70048
51111
64212
76952
50463
74451
27729
79336
94783
83342
82706
94447
25262
80027
58809
72743
14918
91842
91212
65651
88729
75616
1356
33471
10161
84081
54935
57369
47770
71623
96007
58391
10748
87896
37374
27121
77568
86678
21413
71935
85027
75665
31119
89130
99737
9115
59150
44151
21955
87084
32950
99924
64958
26199
51447
1807
23000
70166
15390
93504
74182
77858
79882
66589
54569
13468
86965
85927
7546
43984
79616
99340
66697
28889
41345
42173
10176
69853
14965
48641
47137
18416
44707
81419
42129
88306
82293
96578
48312
27692
64842
14165
91215
72987
53472
99902
74210
9322
72303
33902
25868
69906
32958
31776
79645
91385
49973
45603
91041
18015
84680
21900
54546
19228
27415
60532
55753
33904
78837
57026
56602
44020
76336
83007
15147
20875
92416
15776
90315
67116
7651
9049
98414
14871
12039
13201
15726
73778
7502
77496
91943
12960
47850
9712
54029
45069
63260
72797
85713
28749
58344
99856
38258
36207
98011
22477
61694
60635
4436
66696
8796
8871
69397
55755
68191
62847
98823
4830
13885
73243
40281
57238
11328
88158
69304
25214
21429
99953
28695
70010
38467
70195
38462
43391
83487
26626
17606
73558
99203
83239
1644
81083
44311
23461
5020
45819
5382
32931
5831
26230
64902
73704
4244
39780
75403
27892
12700
74780
84920
64906
53064
85041
59206
5823
81451
15565
57396
7273
18191
96430
24499
91799
8151
79797
8843
36340
93297
44646
15205
38218
26072
79628
88202
7209
58344
46973
57337
84326
10178
87690
88650
41878
67678
47333
92832
65536
49699
88468
53549
95859
90993
5469
95648
96259
92477
59426
96444
11049
56993
39252
42256
14545
53966
46779
91673
3457
56061
32855
52937
22190
23483
62233
73400
68168
73223
89455
97991
28434
52374
52397
49532
38116
26855
23350
23326
2812
34232
11496
5778
59853
7774
56885
97269
64123
51751
11764
69426
88386
8227
65616
86414
63667
95690
21511
24236
28812
34821
86800
95123
98481
98217
14173
98902
15158
708
27242
86869
83776
4778
67235
22776
24005
58309
56851
70627
81018
21475
16163
81354
56535
72046
53992
81679
90693
7576
76082
90601
70800
89252
76568
60249
34554
45729
83567
5181
54119
92953
52493
46791
57345
6392
85996
22418
65063
81207
40985
33351
11408
93587
23916
48868
78539
22110
58297
50965
9021
66504
96355
57866
83184
29492
87143
47314
28906
52994
15954
35869
23946
35314
24146
51556
90600
33656
35512
86641
29196
67082
21247
22466
9051
18368
66188
45812
16043
73585
17485
69288
81685
93454
65898
17020
76639
96192
60320
55980
54288
77767
69811
99499
79688
83177
51820
9133
92022
22369
5980
33851
61306
6473
6530
41562
24893
35416
86087
93668
86813
99863
18089
89823
9136
71061
28066
12432
5907
79246
43101
22865
31604
59788
47019
99038
12837
48671
4879
18011
30798
46987
39910
41513
14832
45191
75019
1370
52448
12277
68747
84374
83199
23757
81582
33236
31961
17572
85356
37392
96
67381
7344
40178
81673
74639
89120
65567
69645
88989
39840
47843
858
6192
86665
10196
55319
20148
77206
53222
33621
80758
56807
29682
60646
69911
73028
30005
24924
86442
87469
33345
45856
51582
36421
14623
89538
47923
62593
2833
77914
8837
69461
28973
27759
37255
89808
75464
32421
56579
92240
12920
55104
14351
98195
98674
19453
57770
28997
45222
88406
54708
38877
92477
96005
98106
70208
45280
43270
85788
55147
53025
9326
14667
20027
10008
33046
26115
81865
56012
70648
41024
29587
78561
92017
16371
41426
45418
45042
37417
11998
71378
92998
91590
21031
92554
82491
47873
53340
57878
55971
25307
6221
72610
42710
29887
59229
58538
68211
6567
27554
33501
46353
18587
85712
27408
37230
67009
42948
72970
96977
43861
81439
9352
39822
37467
87343
40536
10059
22598
40975
53940
9436
31998
86890
5759
66549
147
18513
26786
6981
28886
2794
84731
32762
93037
79814
22888
73433
19638
52279
62524
83584
51180
47321
51116
62545
91551
9917
65275
68261
55806
92656
60544
30648
92151
36876
81626
40807
93617
86400
2130
17759
81291
67543
16438
33719
73649
94870
95960
59008
70261
97092
76388
27513
10891
57009
40212
75417
7026
4077
36496
81399
88384
20017
72543
45903
42462
26707
9741
43844
95543
82
94029
55567
24483
40329
51013
69371
94853
1952
79487
93846
52329
5616
68978
44603
63588
74080
89058
42302
45237
19985
84430
69575
42260
642
32741
45989
12892
90577
22109
50553
47273
89544
59271
11284
16198
54074
89093
5878
69143
19155
25116
70700
64241
85557
27610
15815
45477
71065
96109
68388
56151
1494
78316
6339
57289
51885
88039
19156
73623
99598
67580
17380
25830
33705
99075
28323
43783
97202
52406
93696
98492
69290
72077
85058
35031
15495
89286
58907
51697
92020
13576
38048
86294
46249
89211
9412
24660
25454
4173
79828
90219
1475
55705
26220
18558
59715
54025
22117
58194
27683
55566
97431
93858
27994
46272
44392
5322
57780
28536
24780
15884
58984
4678
14745
39885
90682
59501
65877
52574
89275
76961
70175
62145
97140
4186
62183
13239
90589
46315
17952
18323
81892
37750
82906
85292
9291
98005
62559
13427
2695
42894
15338
91177
93472
48555
97514
79236
6250
26029
47223
42040
45754
10564
72164
85705
2995
62266
30612
38401
84585
3254
26970
38760
50440
80223
35710
6982
19614
88198
84908
33328
99521
65912
68301
60245
65186
63183
30402
74469
38954
40595
27031
1777
11286
43679
71263
88031
15563
53317
79117
69839
21956
68246
82873
56870
3438
73500
69571
87461
18101
95652
9700
62374
30435
37605
68735
60356
39629
88698
53079
99302
87703
8889
73931
20003
694
11807
63069
28799
40123
30145
90719
20654
39472
38843
78589
162
51844
90770
59175
70219
10179
2085
71188
39324
37419
98016
72736
79424
57915
42353
88032
87638
57053
64043
50592
96038
8681
31706
39188
65656
47442
10632
58939
16742
61246
62178
70368
92605
77541
55076
75328
93697
62402
23443
20598
28476
52645
62677
23578
88441
51132
50729
51231
29696
37151
14510
64330
79977
76030
91717
58712
41138
71562
61473
97345
38072
97698
20688
94116
81133
89204
39956
23868
69095
65927
99386
25030
42076
65253
69374
87821
92634
59475
1009
72902
13016
92498
82386
95042
58023
99485
4044
19171
59558
70127
7714
89852
74901
10333
40422
2250
11776
78454
830
46518
2977
85742
12533
31946
58396
50390
73174
31186
21321
72899
26152
21488
82807
43131
10832
79143
91359
54887
33195
42653
52892
10729
25969
89959
53698
52106
54956
2446
76193
49412
36985
25137
11007
20627
26748
28441
93549
89328
46621
22567
99430
17240
95460
48295
74636
66232
71840
99942
21801
32743
73037
22530
79462
74684
10875
94461
92071
12112
78964
37987
78544
13868
9541
73288
42003
15993
73850
25091
81376
62298
96067
41634
5440
62878
30744
56587
66347
88866
72326
86097
52848
89221
69476
70340
50022
86979
29547
6984
62007
17907
90379
18639
41653
637
21667
20090
185
84207
37732
32874
75065
14329
51497
76989
38982
89329
76661
72677
76865
58608
20426
59494
87500
65593
77114
47316
4308
84178
19903
9190
71955
25882
87346
23139
75827
73964
20081
3982
24633
64979
25839
90233
48438
86710
77230
80591
81300
36796
46978
62845
12610
59751
5385
85812
76565
67708
4348
98451
67168
3575
4484
73638
48380
25567
26063
22691
4944
45713
53327
99695
9462
73919
12156
31573
46037
4852
24558
76520
97351
88165
86299
4720
64333
30953
17335
21497
62282
8974
36010
34317
97819
26561
13616
4063
32104
87114
36933
60985
82277
97249
63892
73347
31194
51409
41533
56260
52608
52684
85686
66331
7590
81390
36808
33523
47268
12098
60650
52525
88241
28094
47540
42412
49879
28263
60455
18177
18704
13582
53328
87110
77590
18135
43724
43650
9827
45995
32267
38225
19693
25436
10046
8521
23834
69725
26226
2134
39835
68614
37987
71466
98123
60255
53026
83610
5793
14261
22014
86
36918
9885
58591
58245
32217
37448
5269
33829
21691
37254
22137
56557
3440
41986
50320
35639
58066
59925
13514
2065
90442
28455
3419
27287
68277
74959
83233
93139
73471
93053
59930
71857
21435
36554
37601
54234
69066
7674
41289
41894
15656
81725
19667
13532
26522
30449
52217
42603
49027
84387
72140
76243
19292
19993
40539
2410
58955
5149
30175
52648
60697
30164
37701
32287
92387
44321
62504
38635
24528
74225
80406
84095
38752
20458
72545
29127
93379
16783
8918
54174
31075
6596
16864
97704
99916
79096
30980
20543
67036
54544
19784
88329
78515
37705
50035
36664
69313
67555
23664
33563
37487
74447
30129
22882
43688
5281
53007
91140
42066
41283
47444
50215
84808
10053
20095
35960
32881
45838
1067
59632
76504
64377
18658
52945
94025
65459
80366
95389
25372
7364
13770
22772
85353
44780
80031
69293
14919
20967
48299
42348
46116
25968
46029
41975
6008
89271
27209
46230
99275
53418
65384
97906
8602
67384
42319
36424
20870
39474
91826
8484
786
81335
42369
40492
95830
21268
97421
93264
91071
7254
89116
77519
91991
99044
10836
92691
79175
85005
48530
42285
94022
76003
88747
95843
46580
55746
97967
63589
706
15905
82061
42523
64767
31135
47028
15703
54573
91160
88948
65332
75048
38611
88658
11972
4278
88139
8568
41922
91536
85817
2042
70774
10951
6632
24298
66480
76436
48531
73569
58462
48398
54152
19489
80291
40502
76243
70044
55425
79983
36377
75027
38247
87693
39613
61224
60890
27674
95273
35461
8964
80050
23521
80550
30961
10346
15846
98247
56202
78198
16663
4975
81329
80753
71034
3745
36351
91788
98152
81864
7465
46164
10073
87347
3977
51174
23825
11055
30358
70304
75929
84805
29341
93240
89718
69493
67078
2292
87253
98125
90898
33954
69799
85950
10906
76988
54634
39854
40241
56532
16798
12623
2160
93913
88467
56146
68782
48643
59889
61539
31447
91663
85711
24618
80909
41716
6522
93673
74452
72246
92738
16163
73008
26067
3347
72447
13699
16156
31686
4843
11827
97545
10369
36477
4774
67750
7285
42803
13070
63275
34464
41868
56826
69361
59661
72565
85785
61795
62592
53170
85271
43106
90683
25500
24180
82803
53093
68301
8582
78235
8819
1801
33395
83630
14759
92147
4939
60030
34006
95237
83908
21828
30422
34929
67813
10939
27553
15365
12884
60596
55173
2331
73087
88607
55031
4720
86619
26111
20907
6709
25648
55543
76790
10725
27628
68126
1543
7756
67573
26578
53602
43074
59346
50000
31895
92082
90548
79821
40895
14985
70048
27171
39291
96476
43235
68010
49047
63998
86740
59670
19835
44374
55448
66983
56989
19357
86675
29853
36501
31345
43027
40977
24440
73790
37991
17631
75503
95630
91146
82237
75303
96989
78780
73834
90517
36790
63159
39505
94179
37007
15632
39084
73409
5915
38884
64480
11033
57985
45254
85292
74352
18756
21757
62022
97936
28910
32607
40429
81739
89998
84376
89673
67957
75769
68411
87212
19134
99375
6232
84433
96863
86031
20434
15508
56660
72071
94781
39867
45839
7950
58113
51675
73783
35809
63873
8635
88200
11635
67902
79385
80445
26466
30867
27763
54683
79710
88622
64313
44297
74261
98360
83160
12373
60803
34442
89001
4425
83511
16584
51457
6695
27822
58599
41133
4064
32820
35950
6311
86616
21985
25197
92847
24383
9402
24532
10160
19976
39099
66699
46787
18939
22758
62963
45497
11027
72703
468
8208
39102
56899
82559
78775
69439
57536
13472
4091
20196
23561
1727
23996
40241
72793
57451
33263
98223
34756
30060
11813
54784
48672
75519
68791
22284
20419
22037
2695
52690
67601
50351
65434
43293
3117
79339
20699
33165
64778
93577
26038
67456
44393
33650
42650
71985
54621
63427
2856
7656
19309
62852
62686
64226
68826
79620
368
24709
59267
21633
50324
81036
32356
84098
19991
20757
75522
9383
60009
22146
49244
19171
8798
61265
37253
62824
19435
35849
7606
96677
3326
77042
85428
29428
10345
51260
25753
2468
30137
79104
5528
47036
93733
92147
95148
61653
64834
95921
98488
78128
21091
37116
36911
80991
84258
11338
93587
93352
79214
60127
4977
50733
63104
1848
15530
40608
33661
17390
64758
62449
24045
20061
20096
77433
40773
97373
12144
91516
30054
54930
56265
5324
20729
27710
11025
50303
3929
12228
18430
28206
67199
87381
53726
32689
31027
35204
43619
10462
62992
9686
48160
63825
79176
63636
36614
9608
82264
56400
3603
54525
49819
11967
82976
90976
7810
75572
30880
9202
41945
5322
10335
57561
65156
60704
9143
96362
79738
70384
31562
47171
84890
7454
43111
32343
89757
35155
75133
27935
94583
80223
84541
60892
56626
79228
28913
63465
45736
54773
38847
49740
56954
53812
17557
9121
23727
87400
63389
57390
96699
27358
71123
2208
41766
53805
4241
48169
86356
60459
43983
84502
89906
96623
21069
12294
37906
7383
62313
76448
45568
79768
93383
22068
12815
96341
88197
20089
51772
5443
33290
8413
33265
31697
27823
71055
62269
17653
44308
43883
7921
76331
7231
88697
50787
40976
45581
36765
84426
95191
53228
34442
70375
50885
97081
28166
21737
74166
13864
45470
91898
8623
43954
75943
40533
45705
55169
12052
53633
81508
83826
43187
74709
76538
40771
52176
90278
42284
17387
21244
52900
76768
40278
30602
36400
162
79292
43945
22357
48086
34625
92625
27214
86618
32120
16774
17402
58749
51221
30088
67139
92169
33511
74959
77822
81787
86114
97369
8295
41429
7095
7709
15600
23401
6731
74283
43566
81617
85908
67594
67839
42372
6169
15776
46077
79143
69871
9754
78063
73320
38054
3194
78891
59516
45642
98139
53824
73675
32004
10647
56795
66688
29350
11685
47985
79420
44879
79051
80208
80416
24386
30746
78201
49625
25861
12303
3497
72388
46663
22937
6184
84939
48093
17374
38897
55396
83895
7836
44664
75065
68783
25428
73284
22345
64920
31887
51344
75948
54574
68968
75608
81188
12616
63998
28823
57991
60495
98122
15034
44408
70251
61284
65535
83853
10584
9833
52146
89652
20166
71699
68599
70550
30752
85763
31527
10711
69816
16218
59421
24107
50832
52550
50237
75762
65114
39853
69959
13678
23865
41863
42835
3873
97886
97957
25
2026
50650
25
83686
78918
79060
33947
50249
19641
33027
98330
20873
56882
50514
39727
51000
622
86961
10802
47496
44065
59110
23918
49021
43777
41351
40493
56825
86488
31255
53904
46316
60941
29230
44210
92005
83702
24849
38634
25766
96357
48664
88885
11516
74654
7329
18435
63456
42586
82260
18007
72723
81290
5536
81039
80117
497
41349
34308
63247
16900
99450
36663
48203
34183
15779
14644
61231
88492
59143
60704
42494
16491
15427
11844
69356
31130
18309
51146
4521
20267
72906
50506
27817
25337
3920
80960
31968
15015
16731
64467
39640
16769
99635
5017
65877
97460
44840
49387
6314
9081
31007
48484
48384
5775
16886
34656
67914
59487
16972
46163
69355
76190
73893
84719
13289
86925
910
48134
21889
33864
80298
11457
92375
27524
74894
14123
80103
31842
9975
47344
41150
9095
8052
94951
2602
61429
3197
33198
8919
93541
94229
65824
59868
45134
25435
15647
25489
49651
16019
2672
45213
67957
54232
51310
31260
9885
25170
94634
22672
14128
29325
81255
47092
94176
92301
72362
83790
79935
49549
51116
74253
16767
16417
99988
86371
16023
85674
66546
17207
56610
41243
72519
65976
91778
7509
99506
13577
92859
35904
15418
86934
81499
11165
18373
81005
32757
88356
1106
52558
79233
50573
10169
99949
47518
50499
1827
4608
84749
80239
24402
76658
62055
90327
57650
74702
28169
32511
84479
6209
1471
86733
76102
50382
17067
70356
36900
60669
85304
78146
79013
2220
60854
13583
57380
49262
46651
74200
6450
13348
52578
66037
25678
29742
20637
11879
60534
57487
31233
63130
3500
17092
17831
53872
75634
39528
81574
34540
25689
18984
392
82610
7198
12791
80914
82792
22071
94381
39111
15047
80066
26573
8104
15736
1737
8059
27251
98902
7139
78184
97985
115
32176
20749
5402
33832
10555
72616
73823
69528
1044
23429
51708
39014
69244
52777
43677
89130
25328
48245
98525
72865
22403
311
25976
75147
53565
32127
54721
4184
70182
48262
8754
99021
68217
55732
43816
23914
84583
62635
73396
49905
98494
81208
67223
40926
60916
94695
8584
9449
67088
6252
30164
10331
9463
77848
70672
39080
5771
59982
82246
81410
39479
38207
20270
15235
91328
60443
14780
39036
95995
96803
35657
94804
27045
96123
25626
64582
12819
37164
89262
62052
6507
53768
7436
33436
83097
32071
60848
86934
72727
75713
54894
12590
61181
83215
99554
17614
54251
69478
81250
51725
71151
64373
89027
59848
79754
69073
83795
67338
58110
30865
38466
86169
32794
90145
463
24200
3268
64446
10443
15849
37396
7033
74451
12187
81200
90635
70323
93275
55940
30384
68778
51553
88260
97902
45828
57188
59573
32817
50377
40190
11048
68676
6913
6050
84604
69551
16875
25921
28427
55041
80749
95023
88707
32425
22876
79938
55655
11548
18596
99399
51583
25094
80265
8576
26370
95815
14711
79186
79534
49511
67831
57973
17178
70204
2831
81532
63259
89008
59880
27908
14234
40248
94489
18197
96278
83259
57783
19810
47975
40867
59249
39519
31111
14590
62439
41779
68938
4719
20705
19753
95137
52018
88642
96770
87386
71583
80375
66357
86607
91622
22100
21195
48536
84742
33482
64167
45228
26106
34318
45799
13191
57830
63393
78609
44755
71442
61301
89693
32802
48620
90990
84869
93088
60501
16607
98951
74295
30436
42775
56067
72100
56658
57201
17892
40692
91650
62300
85893
39451
89947
73662
6652
95433
27321
69745
87825
90117
70163
50863
58067
17729
45841
89792
38739
20503
82556
43242
66862
7070
87351
87464
21516
98066
4190
10489
13571
21633
76297
5633
31183
48360
15727
83805
13112
3983
91485
77709
71880
322
57023
56950
2946
3689
36098
9433
88207
59123
41782
75468
69600
38547
81918
92667
20364
67812
43196
81081
25003
7850
14752
9842
63637
38597
28090
48130
30550
73680
36248
22453
40226
54259
22025
41037
20886
24105
21310
78675
58607
12282
69144
2155
13071
48549
61882
8477
21601
1160
84060
26585
71771
93698
63153
14965
30102
98887
85262
36572
21346
59279
24384
75211
72818
72280
32969
86237
85147
38211
26372
49710
34067
92609
94583
95402
38947
39380
96388
86826
20818
4637
36365
6918
34961
73746
88127
1969
60750
98560
95329
95401
44816
73604
51379
64958
76592
19775
41519
93916
6423
2199
6371
10439
86652
42227
86287
69991
34277
6048
18507
16497
78098
728
33004
60640
65174
6981
74027
38907
27658
87582
69855
20512
13092
93986
86337
94834
34582
35818
88693
93541
12447
58976
60244
53324
65672
30469
78050
56938
10659
55959
37886
23285
75917
39372
73721
67167
51654
24610
77963
71432
2737
96517
31215
48806
16300
8521
80553
71064
34526
81765
5770
15437
97689
33090
23699
76233
70521
99084
46821
94536
60029
19873
16515
66172
36007
70852
69272
80110
45168
54222
27554
77762
97489
88047
7799
73434
85104
20413
16362
92441
99613
61184
39144
77219
50631
5106
5562
58813
10825
63291
48941
48174
96030
74175
71221
26414
44121
24316
59732
68762
65779
62584
23445
88749
42828
68627
7643
10733
70708
3936
46744
26435
71010
61433
80641
75592
81886
22643
34724
70448
88762
37711
70445
77770
66648
68720
62668
70554
10362
11151
22613
39786
1796
89270
30799
45959
64367
2914
160
79634
60023
13085
38769
12510
98339
44069
98985
87951
45922
38691
56439
62615
30615
17130
63423
98268
99425
82564
54587
17962
79978
6522
68887
96130
74508
57471
78840
46963
59701
86458
3354
72835
89323
32406
85002
55116
69226
18219
96399
4152
52430
61023
85615
40089
87442
6040
79684
18069
18154
91757
8020
69418
75514
38197
50262
75238
59305
94971
40529
9400
75240
15117
8709
47890
58042
13891
71761
13197
98062
64496
78648
87035
92173
98555
93607
12228
49334
34821
63617
85701
8108
28708
20392
42852
58453
14121
61382
34907
83327
46680
68421
29237
7534
63687
22013
16334
64998
81322
93406
57325
51011
46043
77500
83990
66233
82555
79660
38296
69335
20018
48646
41258
58495
84345
67059
71042
51748
29741
75214
47707
15071
77692
16283
62963
55957
99357
25521
96073
29392
82439
56289
79055
18074
83995
72481
22290
28760
1728
76447
44084
21803
77541
17986
1985
19760
6036
97231
77343
35954
47691
80697
11810
6126
92989
3327
17907
96862
40248
2330
59501
47255
34497
54900
6678
90621
3905
83601
12148
94352
47668
67911
63247
47710
25598
65130
19082
75903
23733
45178
70553
65039
16034
64126
54727
55232
59495
31119
27230
86824
26040
40118
10571
67187
35320
14295
85131
50307
43911
69823
77955
24861
67450
31834
3404
43339
61428
56117
68933
47752
46638
44043
65505
1450
59828
22264
11467
93459
30066
3683
47014
22830
12021
3485
96228
28441
27996
71982
364
64777
15229
73655
41041
65852
34973
39323
43451
4874
13097
99210
4696
98552
525
83157
50828
84774
16694
81698
30111
36228
32116
50775
85505
13422
74573
62677
54057
70185
28461
14572
15587
53795
11223
90718
51586
81620
28215
48244
82361
31987
68312
90132
29675
20013
9819
85303
49860
91454
36596
47915
66784
53344
33499
12178
76187
25677
14888
40341
81449
36198
78998
9941
74311
52232
31618
42394
99306
92314
62373
59377
61612
8758
64726
81553
15451
91899
89068
98342
43477
51609
50026
4671
66563
39863
95787
49068
80175
11054
4889
44404
55804
50755
70819
58137
94099
44863
57563
76175
82871
31627
69363
56149
1151
76646
97671
42966
76208
37432
46553
28850
47375
83955
45992
28620
91544
30680
28282
19658
35927
69631
86099
92220
48439
18218
77155
1176
80092
5207
43811
95213
15628
35839
1094
90453
97878
77049
84594
23900
93740
40123
83747
5987
28267
68842
74754
16249
49380
88243
97979
8023
58657
42656
53099
13292
5764
72500
82346
82754
31277
94155
18729
31490
37806
18804
58788
57321
97910
41763
15263
59738
59133
26975
44236
27921
1253
97093
83686
73326
30418
79108
8122
11363
55298
17682
95262
68584
6279
32513
96913
5580
58183
44814
97145
80180
73792
31146
72635
58632
52940
89457
50952
13452
79028
81546
67603
70439
27578
41157
199
51341
81808
42223
9354
99646
11315
35605
3395
38254
3083
16295
53861
24054
11254
65614
97757
11957
20523
85463
55967
75086
82686
27503
5166
7544
27161
55381
23205
45738
39932
6821
46958
13536
68637
62020
40319
76829
65241
46707
3111
41837
47019
6881
52195
17347
78792
53566
63722
51034
63533
36280
33003
95056
36665
14314
89363
85414
97885
78749
7914
76115
2645
96039
28218
39390
1775
42921
35051
41507
93782
59133
36202
76141
20094
22645
46735
46991
22054
76528
73657
88616
55867
14815
91646
19761
48003
13732
19762
90048
2836
58522
91857
75426
32122
40129
33410
25
8236
92570
19033
46041
66226
67125
61060
66949
96771
26641
55690
41567
80021
55183
40997
36000
46813
81165
32169
38803
69111
10006
48563
934
97581
84603
42885
46918
37338
83833
91477
42956
12364
62503
77085
51276
25838
38428
74448
2446
77345
31898
70938
51009
65120
23449
83558
98337
22529
79017
20705
68819
72333
60035
58936
58534
43016
46593
36346
84702
88415
82750
75356
10918
71656
90620
28077
13366
57707
19066
48919
92039
66853
31480
73739
84996
74101
80720
79266
14319
73038
64845
5765
59432
82686
33796
17297
94781
304
70817
10231
58414
75082
62258
88647
10475
69521
37245
14440
87049
55519
79569
35522
31639
27848
65319
47658
90514
79624
75201
77097
52282
8629
54537
19220
20137
41242
44468
3160
74793
8146
38955
4649
34139
2082
18955
8262
83646
8056
33827
73922
50898
20839
76091
62197
76728
93730
96513
75603
2668
49783
47332
91153
50921
57474
62957
2078
94680
85464
12245
47653
27417
26503
84114
41088
83953
16972
79080
96879
50514
39548
33698
44262
95549
52523
52761
28919
1391
31936
79323
16555
78534
80550
85681
6592
13870
18877
39488
64005
77853
22612
49920
78674
19370
27246
99449
93580
48683
36338
37705
54959
6617
19883
92450
49406
39817
2459
46838
25085
1568
95350
52448
50618
98104
37373
95260
94311
59982
65669
40069
35901
61421
19321
61665
54591
74515
89252
73905
12280
98541
38084
43028
71120
78262
25086
24343
34108
5848
23697
99463
31546
46595
76571
56448
9020
72641
26185
94428
98386
74251
32122
50464
29117
12079
25943
21936
70303
61666
89705
98650
56082
70301
52918
16214
16273
37621
58172
47735
78840
90339
55511
23254
68104
85885
40757
63754
74946
21732
69147
20184
89297
27607
55189
70696
80666
41505
18807
59810
60153
36451
20240
92115
43463
51978
83923
77129
84036
5865
17201
6421
29333
96361
81550
64766
50302
78930
54678
23186
24657
34861
69989
78979
88801
2455
9609
54045
81070
23159
48380
1384
943
64035
93745
37615
31054
34180
47842
94977
45448
5844
27770
76562
41962
77865
58817
1666
37917
27992
37043
71994
85871
94552
95904
5860
32520
64144
52319
89369
49482
13530
60711
29913
18534
63144
25436
34230
86304
56852
8004
10745
42215
17500
78277
10966
40147
88163
33608
5372
58085
28099
10343
13128
67982
19275
1391
58121
37619
66577
46201
97357
9555
7710
27677
47911
84207
68115
75208
64224
15490
66963
69512
11715
31053
82189
69999
14971
85517
49435
68930
26788
47886
67185
85200
17157
72084
75405
30188
55292
31555
31095
75774
18732
47309
92315
79125
8616
88787
137
39876
40893
76046
66064
8689
7682
94826
48980
2303
39186
34094
91225
68739
27844
34601
31962
43651
20702
45357
32974
90087
40389
80970
65177
16280
44112
7670
26659
45503
30432
82381
62254
3203
45895
43980
78053
684
46502
20545
14055
96675
36856
94674
51988
22375
80826
2372
75436
34683
71077
41441
60902
3565
54516
28094
60916
34222
15291
2126
85466
66837
55527
57165
27721
94232
88006
40686
89696
71837
64752
54411
28417
11970
34244
31933
1078
53460
21338
55200
56160
91022
56557
47265
330
62197
74552
95297
796
47502
22373
54294
93225
15872
25978
59905
64922
88982
72171
13343
77771
44456
55980
65622
35949
20205
94207
16608
70579
18489
89391
80833
43732
26585
33431
14008
86312
26661
81237
75125
61013
19364
64436
54555
16886
55257
44876
49295
96892
63353
84720
16730
28455
41875
96877
85998
39417
86202
34244
61165
9286
36913
19470
42237
14094
8269
66648
12530
81127
22647
73785
93199
15780
8899
81300
47737
20729
63767
87472
10547
78650
53730
88128
64159
26855
85902
84541
69374
34871
94431
76068
43090
52095
34946
63234
42849
43258
57569
64319
80302
99212
80149
46978
16507
83920
6159
720
3701
5676
31729
23820
89277
44322
95707
34098
43195
79922
64859
1129
68620
5659
20543
31978
55725
48080
55339
76085
19901
64537
3927
94492
40051
93446
83799
83367
52906
66468
68927
53413
28003
35606
48500
88832
62742
97810
16199
27165
86786
78291
92765
88082
2623
41470
5142
39991
40802
67278
20520
90813
67553
72780
66753
43218
70784
71831
22903
45166
61217
13571
47732
53135
94518
60660
94275
52647
95585
89792
35038
32483
27245
49750
3824
15907
78751
48242
21024
69139
53308
34433
42005
22594
31025
86826
99140
74534
9074
62248
70764
13287
30113
94683
65454
71740
24991
76299
25137
44111
80540
9454
86323
54323
4583
31832
60244
87838
62982
82560
57828
10779
57003
97330
86008
18807
74096
4509
39120
19362
29635
78887
55062
64918
57853
53086
79597
90132
98429
2075
57771
79198
51295
93646
12573
40171
61961
91631
52524
99586
69592
74138
72229
38787
43019
99920
45058
93665
3573
75399
88100
33285
63994
75312
22731
26472
93754
88736
14005
3486
910
40487
62236
25868
43224
71492
62059
63564
46971
85932
89919
94209
28889
68162
8963
85607
17783
79866
29535
35252
97138
23773
4614
75167
4375
59972
48259
26447
39258
27779
75931
61585
3783
19326
32122
34583
11003
83346
78923
5381
94291
74005
76177
3046
35807
26187
92630
28724
12632
92161
77527
37537
26897
72856
66067
5747
56098
6148
49117
64094
72282
7116
45490
13497
47029
90151
54346
82502
73077
64512
29500
61281
87626
91031
70426
80072
3096
40729
80821
20110
81998
44691
64578
24924
34691
39294
99844
58648
27086
44965
38327
83243
46607
52670
70307
75740
18987
15587
93363
69896
15390
48961
37601
64981
14367
90377
12153
1840
92132
25669
36586
18844
97042
97194
72212
98559
31091
80996
71394
3882
69354
78375
58499
8459
5386
85794
2971
53878
78804
38105
60385
25622
40557
37192
36956
82514
79393
36626
18693
61872
45762
59062
44709
43130
79545
9426
54714
65956
2609
92658
10922
52047
45901
31482
72580
79037
40892
29182
35139
83354
5603
45119
88436
57480
53781
76118
45137
93643
25789
56773
31767
98183
94565
29774
76707
65043
77338
76974
55803
20356
6185
2505
87330
50469
32602
33169
70423
37415
88654
40144
51930
61486
66998
41420
44520
41971
20596
35772
71982
23305
54872
83059
26397
89114
59058
67373
75866
30141
55646
18635
4981
22981
75714
47338
48668
21779
2605
9913
73045
99668
36888
46290
56619
44182
23988
4889
53072
83620
73431
4691
68452
94228
93935
55918
45905
7062
80178
43178
59984
47596
48974
76954
50712
78449
36135
64322
81368
64046
95570
5796
15633
63353
19238
33657
43129
73071
21290
15192
96757
83598
36092
20129
23019
40199
92700
14453
13949
81475
29376
25853
45888
74686
69324
19561
24782
16131
73515
54006
51768
19804
87597
86247
62381
36605
82470
39798
88854
99159
6534
59433
52894
84722
12064
94641
50201
77553
72446
14286
91553
13164
93222
17159
66515
38979
60037
12875
40907
88575
40341
14276
22484
79664
60373
50055
97739
58492
69032
55675
65783
30573
25169
598
24695
59998
89061
6174
62993
2670
62520
46463
49834
2500
33885
55054
84730
86072
63674
30028
10727
66910
837
50424
21798
8566
14128
16503
87001
68408
47190
57993
57299
90365
44328
98228
81445
83939
43202
94263
37432
16201
13318
8252
99426
74763
68750
83780
46765
30980
70287
88105
55322
19911
82507
51499
69685
11189
18344
76726
94214
43556
92881
7044
96961
49513
61235
438
10698
94206
49825
4544
8067
53030
51365
17737
60918
82295
59171
8411
93593
61706
90207
22480
37681
21824
82597
89481
42656
95056
64377
66634
29558
22219
49982
41483
40508
91926
85813
48374
41642
25563
65158
39912
57338
87549
96663
61474
90554
88432
82446
32913
86458
69568
18266
25096
55278
57582
84171
86783
53283
53213
61862
34199
56107
10794
7859
80905
30671
38118
35716
11957
19037
70299
88197
24012
23287
9320
26176
76714
46721
89757
12956
15662
78220
16920
48959
67743
66196
3895
34832
47419
99920
57596
48127
79588
71346
78123
84435
24720
15837
94043
1233
76616
71975
68067
35352
75653
8596
55096
91638
32178
54520
65447
32094
83587
27830
29914
84915
16040
69160
94666
5619
10020
93759
49847
53934
33262
10962
40912
27992
90271
33243
56284
58846
82283
16108
63716
32604
44820
49554
33106
84434
576
81858
46516
27582
43740
19215
96824
93982
31419
25001
219
72868
94270
8380
72347
63559
60080
14197
16318
38534
33286
57672
60471
39684
61609
13896
17835
44311
36080
69203
29757
67117
15495
28270
56284
97759
28304
83676
58551
67401
72273
50498
79769
86804
55003
97435
52127
53941
43114
15928
14382
33915
51735
98859
20263
62065
88394
53104
32985
56962
46224
89146
29229
85770
11125
85008
79011
24719
25440
40408
94701
44804
83586
91407
10943
94399
21523
61476
10555
98470
29744
84952
26619
94859
7976
22092
92393
22712
73656
91929
43306
85588
31740
46449
71794
25631
3010
22896
93118
34735
41310
29028
67928
75029
36196
18734
15654
56484
73711
98559
83095
61546
20320
74850
14895
12897
75449
25464
5806
31964
56700
76237
6980
75779
49188
58295
34743
69840
90645
64840
4602
96465
5085
94941
88587
79491
70623
61447
38086
21605
72758
33379
55690
86763
73685
80427
79933
43050
1462
36590
59509
31241
27089
29362
82452
12092
70639
72260
98829
3480
10085
56419
76818
56476
57477
28103
1816
11710
51868
10140
76597
55053
37738
25306
45270
20602
93743
18199
10215
79489
16079
30460
18896
23805
31458
75025
83420
22139
29549
91920
35331
98473
74457
43134
88051
41563
57198
49471
26588
19450
76891
15365
31582
88504
88810
34457
67762
7203
92214
83965
19322
82260
49364
95258
29428
33681
20787
22031
76669
92145
89913
62716
95510
85943
11353
60490
67600
51814
72483
98749
23590
36167
2656
61895
16104
89229
72194
11142
65767
93000
65503
56365
43379
20904
87066
80180
23580
45687
33348
9895
93003
78232
97374
47788
69463
78200
40515
93765
17993
71703
7307
3245
85159
50766
24885
29689
52553
8498
27039
8719
90412
64555
63284
48494
80386
34928
33346
27297
65306
50178
48089
3187
51835
71078
88691
41683
61712
11641
73704
40956
2756
54594
51501
29134
98830
98178
41188
21633
23659
69234
39680
62218
56817
32149
10540
34730
92046
99204
66216
21682
17489
3606
17659
50970
39634
51248
83552
99225
24796
8653
97468
96747
76739
86256
67001
56254
69353
85636
82298
25075
58471
88637
89921
29188
12671
81810
30852
32813
24392
12323
87626
93192
39826
66622
66924
9476
43379
87578
24206
78008
58375
54983
53801
24976
48094
55832
20154
41658
56035
8551
52442
98538
86425
15326
83278
59278
19306
94580
33451
63147
57926
72545
76740
89370
15951
42721
23171
81898
98510
88932
26686
57024
30181
17416
90636
24764
493
80651
9301
12925
86743
84139
36854
37785
54915
35700
44968
83166
41104
66946
15080
37786
64780
33039
66340
45687
9783
47209
41940
9702
4905
8819
23772
11996
60180
64449
6629
84290
75698
79735
24997
93183
61584
11585
21913
79585
61663
99247
68314
76579
4310
3264
76027
89239
13020
71650
95059
50338
59756
82536
1860
35654
68746
29323
10182
35999
87663
24793
25649
28746
55408
21504
84473
79677
6925
8847
7689
34421
70037
741
63416
75658
38329
65467
11814
8347
48200
64146
14807
78552
47586
59926
4703
23234
30207
36326
53143
5789
81820
6164
37496
56234
83416
66341
74738
60114
41841
45661
30246
34721
89706
92697
86816
14747
44178
43426
88959
54589
15361
49710
90585
20526
82547
25681
39038
51009
94090
2971
6262
71191
95187
4838
31747
87007
59905
66890
92130
32162
68099
9867
41544
51589
51605
21647
15836
66577
50918
24057
11961
81212
21516
9055
78757
24175
99302
47941
69586
65513
80582
56526
61793
60108
43953
7872
30983
42390
98812
47422
49685
23348
84298
47056
62431
80853
35850
56524
70951
86801
19472
76573
63379
65392
79090
54733
74338
36460
17873
45617
83843
82062
20975
42221
26233
55821
81273
25497
96799
47185
35944
38902
31757
85797
11801
5095
78059
77416
99021
43705
11944
46705
92955
27066
52945
68215
4722
37807
522
11121
45653
13817
51277
37684
20908
5355
60548
80716
52597
82868
66591
61406
18574
69471
53769
19753
3176
20207
70995
14832
31925
15001
19743
69440
57120
56706
19032
43778
22782
15631
9442
31118
41984
78087
57199
73353
427
41517
24562
24089
54635
44791
86329
95171
74314
75630
60482
52955
42143
80626
58544
47773
75954
45940
27423
87878
57395
41858
72662
65993
75400
74706
82870
4653
77055
59969
95157
94648
80806
74441
66721
15552
84013
20586
58491
57304
40708
16542
8732
98325
6846
74457
45262
23558
82379
43949
32748
53303
50602
5771
87341
48952
34528
73764
32960
18781
63241
51975
96791
92511
51251
47966
50283
18411
31352
69060
63210
4622
37847
90045
50997
24570
33682
33055
39949
89665
17970
92435
98254
47592
45217
24836
57723
83705
75237
22771
12293
41820
85339
19883
571
99809
76289
2825
25870
72003
95688
57391
19147
40355
1831
20599
35355
60049
83347
77853
61658
83529
35732
31175
13262
32901
28284
76414
16040
62995
32788
3779
71970
99117
84813
18535
23209
83569
6491
53721
1961
33871
22668
30079
66534
44185
70988
44707
92930
24784
24729
49971
90578
49798
55891
35837
11839
30388
25467
91343
65441
11730
69533
61867
45057
33653
62750
53434
41585
31488
40610
74832
5093
84264
97182
52572
22401
44459
43402
88674
28106
39955
62803
13309
23708
71547
80889
51509
59182
26320
34153
96653
643
74923
42496
19538
60276
43542
49114
86817
21301
56350
83713
29520
47685
33916
76988
49926
20679
14484
75779
99383
86912
38954
4189
88574
3073
39194
82970
36296
62584
77387
28932
73332
21137
68290
93348
63725
85586
53864
53307
53790
42060
9032
57541
39387
17971
72715
27962
16101
20354
17090
31929
9785
70246
97459
52825
28641
97908
477
18767
66259
7731
15490
45477
40273
73028
86960
9967
31094
67876
36116
65149
26290
23847
35421
87638
71635
13045
57489
73842
72867
36756
47571
7368
29938
54820
44082
4552
61452
47724
72636
64157
25317
53836
85946
36243
8263
55374
97724
66993
60397
691
15081
21404
85855
67504
36305
91386
35590
94342
85508
9034
31193
28257
33107
58094
66507
47320
24620
51990
9590
43535
4826
48460
68774
84186
57361
67461
42978
22710
49786
25564
98754
10424
71347
80768
60623
2345
53750
56441
89497
97866
27670
65542
71912
54870
17790
50850
7295
6993
54331
98400
93454
65193
26443
10182
34457
82166
37235
18069
96420
12913
36155
22614
48988
37177
2968
51569
4842
69823
46988
90910
99929
19163
79744
12610
75261
58366
91544
50739
71585
55032
10321
60008
11343
36529
22670
80194
16190
13492
22424
24065
65205
24152
13208
14393
12694
67068
81275
40811
3377
81376
49612
64951
76274
77033
84522
77622
48263
59750
38925
75065
33455
5507
6311
61203
76860
15934
93432
15541
86031
26619
95721
34170
87101
47112
60250
22617
54325
84255
21655
11690
30573
70592
44074
54698
75126
4332
89411
73726
94102
22568
58739
52727
88344
65378
24709
96326
61976
84674
43601
50936
38778
73958
73445
59493
65091
55363
43405
75314
92334
68465
22603
68136
56644
9528
98699
42455
50629
57688
2598
3086
95381
57863
80977
4170
82376
23616
59738
79878
91613
8922
52179
91115
65814
92879
94126
96234
86982
21517
83549
21649
2405
54456
58980
33862
54820
27091
8443
43656
63842
81444
87598
61422
73723
82809
7716
52493
12855
39588
77370
9017
7866
34977
43983
24187
56986
30667
50719
11421
546
30104
10339
72079
29101
37068
18945
11570
59494
41687
40931
20107
63508
92472
67893
95314
64552
17033
75668
35316
856
61009
10595
49430
87099
74538
68033
29656
636
36488
37111
82654
10415
45476
473
52522
10346
67581
40687
32162
2088
98815
45569
22928
36295
79963
24494
32736
24300
97641
14936
523
14922
94854
82813
49045
71188
87822
40825
8779
81272
11314
26179
67353
13835
66473
40681
50399
77812
65928
30671
7062
99724
9483
41922
96056
74412
86005
90447
67994
25193
21370
65279
43198
38414
82225
71990
87357
66475
40450
48124
23037
5962
37263
22677
84618
35366
86961
2094
33258
58187
37515
21453
57032
56453
33750
52064
67037
80038
40058
81185
76336
8014
1019
90497
46615
49442
74400
80204
83708
66478
93999
45714
27398
56833
9976
37405
89033
18969
93415
51804
88900
59373
29579
91003
59788
83130
90193
99100
9605
81873
41850
58927
25537
35353
38929
82229
79151
1311
93331
85165
13023
77672
21092
39874
37318
82130
44511
57065
9442
49930
24943
32970
51019
53825
94726
70357
57893
43589
32935
68174
51811
30219
62949
84113
72636
38994
76776
55376
93911
71969
44386
96193
85026
41128
59765
66873
86551
23916
84776
91457
99680
50888
49663
60809
83016
71714
28526
86467
49600
27863
6990
68845
90020
21918
91205
848
97792
73988
93201
23610
31761
3106
57317
79096
26360
87446
2640
26138
90449
9179
26779
18017
35932
88705
20336
40278
49508
17531
27715
5683
87420
73317
36945
32456
49518
92366
32762
24040
64467
39394
41381
38935
7854
27238
98404
36215
91592
98521
35172
43587
16089
98141
64993
71047
70173
87566
42091
69271
21662
739
68071
76790
47250
98058
63455
71342
69509
96469
16867
83306
46369
92005
95466
39040
1745
27265
94839
12533
50393
44764
7325
53827
82054
32575
80714
70120
32842
72690
22151
77837
62823
51014
55131
99540
95034
52977
14596
52579
33543
87470
34925
71154
27705
90863
85943
46209
52930
3369
74279
15845
30194
8844
25698
74849
91319
35107
38715
39172
62127
38534
62284
58275
74722
91561
61270
45255
56059
55561
31739
22986
26180
56831
20652
18637
80687
96322
53700
81249
33508
36546
25395
66118
50793
61690
90064
3743
12449
29334
20222
50972
98322
61014
68026
63510
4729
35333
33882
41427
76503
57964
36194
4992
82568
36453
3580
16291
58533
75
48881
97749
67954
78765
58789
59565
7989
21023
22379
67195
57212
82027
99518
60295
68628
75816
44902
2890
74754
32175
47984
30122
25468
97848
88846
43285
41659
56951
37796
97038
26498
75576
77692
72144
78895
33725
85576
51015
92498
2502
68582
14569
48926
55700
75279
93665
52623
49355
73477
6288
31956
52291
89040
63382
20579
62767
29740
48806
13590
47651
97481
80294
90102
30591
2594
83535
38618
9998
94570
78829
15379
21436
57444
51895
15140
41101
6241
62776
452
60265
54448
68481
47536
56827
85828
67713
7508
76723
58599
53693
37428
48280
43581
98728
47094
63906
15428
90935
43519
35202
12161
14129
97382
75821
11073
17385
7983
19154
34347
9218
29191
88964
35149
75956
69203
28750
40332
55779
28990
9164
97235
22936
9811
5688
20245
1920
7185
2461
41056
66786
22096
12804
75333
33091
34048
54735
90498
14131
52636
5048
39950
75019
40967
21825
46662
40528
40746
54400
66646
76036
82162
68487
75510
79598
10706
47173
85164
71334
90161
71885
27562
1069
14123
42637
76036
92563
81705
86654
82253
99214
17027
95058
94144
56454
78802
93598
73279
28133
71921
36883
15381
83085
99005
57300
46960
175
84835
21654
18065
92009
96952
15374
94280
75622
35941
44891
81616
27955
33619
96788
28305
87021
65034
98475
14792
86972
14861
16307
84411
77015
62377
99233
10905
66812
69247
31575
61998
45894
55763
10610
20104
64713
4273
79595
49313
36365
57307
36531
5100
85469
99328
52457
46806
21752
30463
62472
48726
21909
59031
69647
80759
67160
81463
65015
59034
56477
59283
54397
7740
83397
19168
58739
18118
56106
20579
59485
47586
93345
2964
72281
8617
62158
79421
87968
79547
37251
44178
14848
33979
10472
74775
25225
48176
11790
90267
74482
85614
14219
91136
55338
93485
57730
34878
48154
29334
25007
2412
90879
26910
6627
59878
4821
64706
38835
79018
37004
61952
48331
97913
42319
75995
49060
8802
34231
58926
53795
71009
89007
85790
9650
82989
82782
14038
22243
20619
66499
68593
54495
40854
92445
72177
97759
41156
21587
75224
36048
85633
33615
4468
37617
26698
14258
98681
29717
32068
76782
32520
24511
43021
55648
48161
3784
98445
42032
20739
46082
63093
58889
70008
48853
17525
42340
78676
95869
78883
31852
94583
86943
28051
86799
94456
51356
87899
85070
41843
18467
67256
14307
70716
57374
97736
62011
29898
1662
36389
18614
60691
46798
68239
15949
90894
56778
66833
17619
35820
32259
6889
95947
26293
48517
16893
95155
32586
74501
38404
20423
9606
35716
24908
37885
63084
36832
26960
70474
4073
86286
39599
39959
2587
96421
54200
52986
10534
41210
91993
53298
56398
19028
18561
16759
53187
9897
52393
7519
12537
15956
67340
2710
4941
49992
81306
32323
30853
52935
72203
83919
9105
36178
2402
43032
55207
34883
3275
85685
79266
49674
81940
60440
22862
98897
759
49737
63049
85507
86203
50252
19600
92978
57461
51361
28247
65051
99491
12466
54394
61943
65381
147
61335
97243
75454
99299
41928
54059
19168
98433
40977
87580
79123
28088
42584
16146
43406
45283
80034
12827
5719
68645
73252
23660
55349
90746
8188
8629
98726
23960
81669
39769
97044
66727
33850
35458
46122
82334
6900
23155
59451
80231
9101
29798
43715
2544
69237
57307
51085
24261
25876
13174
76553
68998
49824
21467
12308
69861
76927
203
47781
60248
24261
64238
56304
75683
56356
85273
50094
27925
68362
48712
56895
12177
91250
6318
75994
70099
9815
72338
94497
76925
48849
76163
93278
67677
35683
17018
7137
20950
9854
63679
39003
42006
66098
54482
52603
34366
92559
30484
45668
50610
27782
24055
59050
78523
95250
43122
16804
76655
59212
38879
29404
76646
35765
10060
87887
59833
71014
30502
77194
62295
52363
96634
6369
94466
12013
74453
83707
22276
64447
50803
47781
54911
54772
89878
3349
70707
56920
99625
720
98638
74080
6891
77904
41325
99160
38007
32911
91410
89925
43270
12296
87300
39429
96308
26026
72225
21300
69915
96368
33681
42247
89380
50774
3729
73916
32398
58219
90641
80114
34869
81937
15007
14775
45441
10233
88381
51683
92662
3968
79009
31411
62178
87158
97773
28945
44550
58891
53344
52959
24961
75123
61452
11127
99587
65759
22483
7503
13134
73850
77431
30992
67270
64812
86314
51382
45145
64244
28318
27308
27068
53220
75717
46535
71360
34513
62264
94463
97633
77374
10145
3977
13848
4360
87104
29838
35452
90796
23679
97493
72908
35853
44725
96023
74883
97164
37690
59212
73422
92784
16291
42495
12270
98341
61662
27658
29998
4644
33088
37678
33651
20208
22067
29819
10716
79572
83894
72199
17392
55200
18675
2471
95905
6072
47606
93494
45789
52625
17505
42066
84865
48494
64162
41634
98283
59468
34358
68080
32117
65749
21900
53872
4851
82294
39909
99636
81211
39976
33276
80030
36838
46310
73043
11694
40386
43549
82521
95466
50800
74183
59044
22786
71089
59639
51475
44718
60888
57171
92887
13717
1071
15861
52716
87852
63400
29213
48031
61477
16869
87490
790
78318
12312
339
88442
93719
96698
34560
29821
7513
28367
9518
2954
62384
338
73900
87921
81930
49858
22829
86897
89619
56475
85145
49543
25320
86366
59871
81398
85344
44827
27989
74551
63172
442
44707
53061
11796
93104
86932
94233
2783
60499
19379
44077
5403
50460
70761
17837
26517
47228
9551
67231
73571
27828
26377
28762
2534
60878
85041
91288
39315
38064
28897
24756
14773
23532
62978
74418
24417
54067
71073
36593
64294
49868
95685
99516
33163
75380
5516
88072
42081
24195
66747
5168
88678
9474
87509
63442
14976
62603
78478
35738
25
90990
47959
5228
75487
58811
65914
33278
39368
63547
99019
9676
29937
27478
10137
92832
44703
8819
71804
35271
94138
63378
78372
79868
50228
77410
88078
50789
10027
96226
26094
80680
33615
74144
27223
34738
46428
91512
2563
277
21977
36872
41434
89827
97885
50070
38725
87463
54839
65848
80604
40213
96597
51000
46093
77324
26529
97888
22769
9120
51256
49190
66235
55376
4119
33267
90342
87362
44334
75708
31385
8715
22020
38615
62563
82542
35701
72490
62488
4066
71541
20769
86039
65966
66652
55544
76944
77191
54985
20434
1756
4848
40407
68206
38118
94726
59162
31275
16548
23013
29150
15925
35228
83633
15774
39329
66200
31523
18545
15452
34221
16936
42752
12237
38038
83809
96359
9500
35271
43064
31721
68953
52970
19556
1727
97939
92939
61238
21290
54104
81434
25843
65813
34967
90469
98768
57163
25128
27657
10639
68562
30988
2713
81652
68605
73304
80551
70799
35100
28909
61
27852
71194
30179
26695
3136
52700
48239
55006
99775
23641
70360
31704
56805
60807
45544
85549
17909
51404
49873
4051
219
6014
28715
46769
86788
53622
71383
47071
90486
58217
10367
14881
11941
77869
14652
1256
22346
84685
52184
92007
64889
70525
67740
28623
15208
84978
66948
94321
6026
88614
67838
8740
44902
15993
94426
98030
85337
67325
54915
73374
23485
64443
94107
94844
50222
96401
71782
83434
98905
42743
4548
79251
51983
24318
78163
54206
35794
95687
45263
49764
94740
86412
4010
27905
18620
14964
29997
6075
86549
33340
74829
70235
97160
13057
11519
86093
11246
65600
98357
51000
37982
29997
21628
50177
69174
16331
30923
49642
79391
62599
42063
61635
98841
71846
48385
49989
21456
92613
56409
26024
19770
72431
80634
3490
64859
46093
83142
21218
33812
22435
29858
45601
16219
60458
50442
95368
87886
31282
83277
36977
91460
43306
59660
6277
80824
50913
30903
11774
79403
48979
71161
20890
54456
43530
33123
52535
32189
2546
18487
64524
19616
62806
59037
77885
71245
51506
42610
5651
90606
38428
44499
9952
92302
20318
6761
7310
17885
6098
15143
55835
50731
10324
93018
62415
70629
94432
38085
24642
82845
58321
55360
74665
77644
45032
73008
19647
80724
42155
94628
31746
10276
62427
96331
32963
11227
11092
47018
35641
55719
4286
51812
38726
84748
38727
1232
90966
97673
10541
79320
64072
13269
70876
76931
77046
94773
53651
19541
56898
8201
93298
74943
13779
38499
6034
94202
78868
36291
79243
65924
70727
53935
67084
20646
18868
86352
38302
87684
84800
27406
49820
57247
10736
5576
71583
35869
38718
82516
19711
84552
24728
97128
426
21615
60017
68498
6674
70287
4650
55391
34478
33768
11200
9545
50593
34361
9894
48701
36417
92764
3995
81639
2553
95533
9025
17664
89799
48429
49752
95252
87907
54660
45911
83347
65489
91581
95691
47617
29090
29325
77691
66083
20940
76654
70177
94413
22133
53098
55548
27528
47776
5229
37953
74304
18491
20145
4475
50896
83252
84331
84899
15175
30724
65860
17769
78203
57732
15975
92999
48291
37635
76308
32715
92840
87193
89836
75800
24913
67803
52654
40131
19867
70718
41291
56145
43040
45258
9698
60744
91530
96311
17230
61946
89022
11728
2297
21834
37472
10418
3069
93244
69419
30073
52779
65520
98593
18218
57983
21556
1744
13180
4576
74879
95036
96714
84030
5613
1088
75580
62883
83111
45554
52665
46176
94876
90809
251
83254
40303
60446
88273
72452
7157
33589
83745
32033
94600
5382
31495
85985
84704
77793
78061
10199
60727
57251
29855
16427
77445
21249
16929
73090
7345
82010
34517
17612
48423
56107
59904
81599
15352
86508
20679
4630
77575
55268
52538
73780
33514
35716
95154
29569
93751
74923
80702
17794
61329
76007
77387
69708
75842
53507
58699
15341
79869
13881
36014
71578
24187
55736
50612
83035
94928
60662
16361
2337
84791
5164
30531
81445
83990
21874
70408
32159
45814
27647
42370
66400
95857
44698
95312
81022
17422
53697
1197
28925
66614
77078
77083
45157
69102
23224
3281
36192
13193
65669
8150
86788
32731
34912
4370
31188
36175
5314
63397
8669
11389
35951
733
54949
22097
79360
61741
26753
35027
67489
1299
7334
36973
9380
98570
11468
89795
80943
5030
80245
32543
48670
30049
53622
41619
50063
76064
19000
36662
58051
34113
75869
65224
25111
63220
93770
2321
36598
6898
59402
96048
8638
6949
23300
75799
11637
7730
83597
84746
33978
29286
18712
23328
26092
21184
31618
74033
98531
82064
42412
72466
75944
53733
85122
82112
96466
55136
10184
23715
77910
18846
16909
81986
28647
17834
35047
64436
21318
51346
9270
3644
20751
29883
88184
61711
41420
71777
52253
32159
91968
17002
45175
30391
83908
17526
69340
53585
86271
5075
18824
81954
21236
81554
802
59692
16264
12789
92607
63250
9581
83200
10057
28085
49881
89847
19598
93224
69086
10046
32369
81003
38336
6214
39602
44147
47162
44444
44412
39444
38083
5623
90948
61080
17017
92029
26509
22128
27110
32999
61376
17139
69684
17183
84136
78487
5147
36925
16522
69244
54533
3146
20424
74042
68113
42403
27550
51089
40067
98970
31598
31547
259
80251
1754
59041
66662
58187
480
98465
32053
40621
59055
77284
38616
25062
95086
62123
6066
88155
29746
20402
46587
60273
70223
15318
25487
76724
23791
816
8767
24607
98334
65938
40729
50993
22773
85602
77491
64645
64972
10356
92560
39195
36816
84570
72683
20694
92931
7923
26649
46938
91835
6667
40492
53623
3880
628
90149
48002
57301
11647
92057
9909
79079
27744
35832
27116
64045
96050
78138
96575
17391
32508
25654
46858
42670
62906
1907
18715
60980
64749
1882
79546
39847
11107
14989
73549
34727
53917
41776
86400
4614
9004
98224
28413
4985
58674
20574
31233
27043
4220
41493
2425
97991
98853
76975
71974
82737
28069
27798
83859
32639
17745
89754
33389
42477
63850
39629
35087
10166
10718
76324
29301
61504
66721
14377
24530
58362
94319
57918
63201
15435
4801
78787
47032
33547
96852
41691
19492
42973
49713
5805
96283
75055
25813
66192
34237
45030
35684
22772
52755
39689
75818
43643
32911
46461
893
80614
54986
57619
12961
24432
74432
64928
72193
38750
7355
89061
72523
40132
39450
13320
58506
68207
11107
46639
95523
95261
11057
75918
52530
1208
88518
37021
73955
88213
14850
35260
86933
88505
79838
26943
32594
62130
83629
40612
47624
30099
71575
39892
72189
85164
46886
76487
94447
490
98942
27707
45323
95015
70722
36515
37078
38753
59093
66080
67209
34904
63979
74432
20030
45128
33682
64215
58561
29042
82681
48775
52822
8775
49877
76636
81218
70116
61560
97512
8050
90875
63850
61143
30655
26700
66693
69164
81803
83041
94018
96667
91496
59150
80966
6598
81680
59856
17748
92545
7538
44244
3235
2971
16121
17036
67454
58605
46826
54017
52950
82513
92395
20941
42667
54140
53939
80098
39267
69024
52722
14097
40121
2838
41797
44775
93905
89130
75308
15395
8629
67746
32186
68958
85445
91789
26729
27950
56504
87889
18131
29019
83390
82673
91491
18957
22799
51651
71280
27158
38558
74038
42099
77017
40488
9575
22398
36797
63344
91972
7025
50313
69770
18526
21942
71800
76659
11552
22855
97530
41873
145
6747
73250
10036
47666
80552
16143
53538
85539
68044
31704
82746
62242
79127
25704
71946
50930
68029
23049
80717
53296
14653
28387
5621
90941
8092
63076
19671
59443
88594
41917
85855
96383
80154
76724
11746
3564
74525
9816
80769
77540
15129
60897
6279
69275
90764
62678
84973
47201
56473
415
77276
22080
28070
83329
98092
66579
85731
99370
17401
67367
28502
28256
93500
62287
39078
17835
40923
32698
29780
75698
35345
96493
18417
41401
13790
27325
82129
25786
6457
55357
16471
80731
567
29517
41009
27593
77767
74512
9727
37847
49178
88792
71768
83396
99861
78080
81640
89587
50656
6761
87689
41781
96155
67725
24990
15196
72593
63533
54272
96526
39995
17826
55306
18377
36399
43836
20821
85951
90080
93837
89795
35425
10577
89280
72408
79181
73243
51223
59393
32505
45729
53480
18106
97888
9572
37464
37609
44125
60145
48552
61071
75853
22676
33927
16057
60829
35390
26574
34789
83173
38698
48325
32006
32942
84914
98355
22723
36687
37555
3947
64943
29856
6279
53521
61100
26410
75457
71112
33799
89854
41114
76261
82163
19648
43098
2597
56343
84793
84537
5988
50099
36954
66428
48895
34873
15790
13093
25597
76089
2560
13468
91387
48144
38560
76013
12269
49652
17099
52059
98848
54232
7880
3448
13834
2872
26354
3456
74569
87870
43175
14716
86968
48443
13080
69357
94724
83687
47917
44585
87509
76909
33121
23386
33299
15773
32834
47126
68392
95508
12263
12598
50960
94234
13211
24096
76740
29745
81488
28532
21748
45242
26569
92696
41789
72301
85579
55636
73708
50019
13417
19888
17505
15638
52399
13332
17653
76255
52220
50405
80048
11796
58643
75982
37564
84347
17345
81036
76899
99315
60218
30116
559
92648
78159
38871
17824
30214
69484
40324
46595
28245
56808
56619
61417
43834
56815
26984
34707
43721
4401
48714
39837
81849
99203
40621
74505
97935
80987
92653
48849
37130
6636
18141
78752
86345
28712
17807
19659
94498
93927
91329
12431
6834
50857
54064
21137
34303
19636
23951
16196
12923
3718
62286
56795
38062
33581
86674
4556
49396
63132
16364
86665
90080
93644
55014
69061
16537
12482
22925
32536
22485
28966
66845
53393
55980
30697
58519
82535
10571
17886
67583
38696
61588
71785
23767
84772
33387
18921
49429
83870
27313
36134
87908
25952
10957
88993
67631
68634
85524
99634
48229
52911
47991
69174
88882
51636
17017
72180
74774
78983
92044
56423
70365
5530
52291
52137
13091
66161
10228
47814
80376
50405
49093
13711
21864
78371
64705
77644
4930
50322
77848
69359
77259
91059
81887
36147
55509
9030
39666
4231
61280
66961
66917
18969
33205
94823
84277
41046
20804
81352
49928
71078
5414
89325
33632
72810
36619
24214
81401
36584
84549
1799
28121
22015
5193
16147
72805
57882
59782
34416
69232
5190
56715
26982
38869
79358
60450
43614
88502
34421
56520
49225
69818
55115
88149
93685
32222
15681
22524
66830
81283
39282
84420
55627
66998
99007
52493
18579
66235
13459
63813
24697
23517
51209
44294
13346
67511
21104
35808
5
1047
45536
17581
93843
23719
71709
90099
97170
26098
45865
381
28166
75135
50236
35091
20082
18584
66322
16523
48482
96738
14075
95939
32180
8
84225
40622
21773
27862
73404
74954
3137
36506
11320
99565
42278
14811
45634
39200
22724
81932
66304
92974
70348
47063
73169
86652
40239
85526
17560
9098
22502
39870
84841
8126
37986
2358
61941
85249
12857
38001
23434
58480
83462
4437
6442
93139
84455
20438
15646
46300
10503
86189
99597
4679
57791
54197
93126
4583
26996
79838
81603
25601
62742
368
92402
92991
18638
22210
1483
73784
89921
34044
72968
64906
9182
50385
29540
48756
31478
98489
81603
23996
45903
70972
920
77191
19146
2950
32187
25341
21486
13134
25933
24994
17921
84103
65337
39626
79461
83479
11438
30032
37054
14903
87692
30806
61574
14200
49265
42975
23687
53442
37565
58358
41390
87848
24731
19895
88167
50561
89933
53337
61340
27997
83332
31195
12817
22790
52988
4795
51600
13908
34779
14207
16192
86070
90228
2840
85224
45224
16917
11307
92061
35183
50359
12698
24736
41815
55480
47355
8622
83893
47838
53930
75102
58147
90212
87703
72788
49823
27454
70647
77165
14177
91341
41385
50151
19643
75959
97726
88874
9058
11120
78132
34970
32329
16710
98353
80942
22466
78899
49699
2379
32806
95644
8325
88930
36435
88703
98309
65990
86346
15773
14548
87372
25805
76058
78390
79183
93264
64845
13600
50643
65137
29511
9055
51294
41985
42527
41852
44726
11809
8155
15102
79119
27318
53616
17970
28992
11213
78735
11645
65304
42232
48892
8838
36227
78770
98365
76536
18004
27956
68645
11451
240
16735
82751
42835
62866
8184
54381
62942
85292
65628
68442
75720
78621
26514
79422
56545
71565
54771
74794
91918
90918
69606
53760
29393
1493
83679
78551
64907
74716
19043
82213
90211
82601
62383
14587
96583
991
24709
26391
42904
59732
42042
28589
2431
84537
9031
19256
35940
21780
33073
54323
94880
85467
42538
86873
38136
79934
72606
51260
69922
96643
22280
87558
11682
84646
93120
54000
92170
7645
22225
32045
67788
65805
80346
98618
63436
29978
71931
12955
99532
64458
80720
71643
88865
61837
79105
66198
24541
43353
20028
18861
29661
32625
68439
96629
36899
65575
73588
45907
73057
15760
29315
38674
60167
63956
32667
45183
64914
93818
9988
23142
18216
61743
91750
90395
64745
1561
92139
17918
12974
13505
8912
67733
77899
44773
19435
35656
42722
53660
34282
51958
25632
80200
68745
71674
14879
13071
74876
28487
9908
33826
87367
96112
93731
61106
8282
97836
18575
46443
95722
80044
37911
35545
29996
42686
70587
8582
87744
21100
18149
16512
88231
42750
94087
85632
92822
61402
70813
53650
46550
90037
78940
73921
35334
91364
58957
81275
2145
76925
24826
3034
52471
90553
13930
96866
93490
18585
10007
39132
51261
89207
55348
83527
72529
77598
64477
25170
69350
44712
23521
67661
98898
6550
65167
10013
9562
94428
55525
71945
46980
6379
50193
60517
74538
64952
79009
96966
23148
98731
49403
91793
69026
6840
47889
27304
8393
68466
18214
66483
38315
35682
74032
12836
35640
88025
9264
38512
33751
95450
35770
8891
95854
48850
54036
12405
29535
94634
50079
50895
40877
3568
18125
89169
1325
4714
28974
72757
21572
33089
57726
47881
98777
73127
84396
81478
53773
70136
57688
28000
39947
78900
19759
61608
17588
96947
37367
26531
82499
40949
65994
84962
70075
61207
65959
65114
54500
40452
70828
65909
33287
33814
87005
66516
71789
67490
17920
44581
27593
83551
74921
70933
79365
37621
67996
52677
70039
20769
43217
14999
74864
89270
23444
28587
56856
16922
16119
32102
66384
27842
12729
29208
92762
12332
83548
83788
14027
57665
59966
7949
82082
11034
33921
54948
10330
95742
71305
50888
70848
75527
93001
54749
69516
93097
79037
27788
66715
69475
21217
74158
33799
51901
95143
52487
63280
89905
10297
5950
44110
7560
40096
27166
27537
95620
54558
73041
31185
85888
35683
15888
93070
95945
50700
24075
26677
91121
10982
80740
68079
39588
97915
20627
39659
569
57716
45126
9571
33699
7191
78524
23914
56843
67887
79888
12083
65524
94705
77391
29521
56517
47780
75959
17831
62829
75797
40827
56751
83801
88605
32789
90952
48539
7252
64002
8091
76975
2649
56534
82181
20208
87607
30752
96468
93949
32673
59971
29608
89449
17760
17107
51144
31109
20618
27006
38685
54079
14697
21681
29026
15678
5518
1341
98067
20889
96134
39314
44572
23828
32233
39442
71475
70953
9065
96275
55918
18778
75936
70401
51339
76305
56182
74209
66954
19024
13764
32540
76019
1686
83008
32571
46020
66017
62285
65051
37228
48952
96360
83946
94244
70655
75136
93970
40081
13364
53646
76905
11010
27925
43154
8078
26755
38150
16678
56970
28893
63106
9417
30991
61245
54581
45926
20740
78945
37486
66060
69061
98450
59950
47978
91460
12464
96705
2907
74927
48581
83926
35531
40788
28218
14557
16686
26042
71592
26101
30662
48778
7369
75787
93226
86255
93016
50655
2020
19576
32580
22746
63322
43091
84385
99780
77741
35295
3096
75382
99700
74118
55188
20056
50265
23603
31689
96658
28727
96846
62567
89547
56974
51656
71996
14282
13182
33304
68506
23432
3285
76194
9022
39295
70440
68013
7433
74233
52105
15559
87537
71558
59266
99211
26505
48369
28659
41700
90287
45225
72550
76305
28026
50144
62450
2135
300
9412
49357
63501
73660
7261
27632
45487
43630
58629
80354
56781
1590
8984
15102
24390
73352
18407
42008
72985
20309
60745
69732
22007
6931
7660
50285
71894
84158
45692
43339
84586
88112
60861
52150
24644
23993
18742
12922
42138
67120
21666
18732
5738
78162
73559
50650
58425
47770
79314
50342
15012
70738
53899
75805
46257
19148
44535
91941
89160
1096
50021
71967
62519
35231
46557
86929
53267
28583
45732
78514
62173
44457
43197
46203
28239
63179
86792
38685
82737
87
26532
54685
52500
79801
63762
63631
71237
10249
46384
22614
34352
34667
58685
3882
48081
83162
39861
27795
69846
24667
64204
80613
38959
54315
62515
34964
41364
76687
40790
63992
31278
43585
70285
49979
58679
33289
20684
31889
79475
37989
37082
21744
8779
45576
27690
74673
96376
32659
68415
61238
47815
95983
17901
51972
5504
19032
29822
47423
77639
64236
96992
74903
43855
34185
94477
81155
37049
4976
72357
45286
86593
629
80917
71269
13247
21823
40024
78918
55552
24744
44170
37425
24864
3364
1518
67825
6783
20815
91685
75491
53206
72213
12397
88340
90801
3673
42602
49627
33082
2182
75
33026
62534
33827
45431
9480
83536
87909
4506
67388
86752
7785
59193
40580
17221
87763
89772
52981
55520
21134
13579
47344
48998
88147
96585
72416
57568
23255
24429
42885
25762
77835
34926
37066
82225
52854
96085
67599
98705
73927
32138
68631
49324
17598
61434
87400
64793
85727
78690
43274
77485
67593
26534
37348
72865
13010
99082
10783
2819
65847
12790
66222
92159
77498
18993
9864
2015
57447
44940
10951
72833
40965
85251
86882
30395
5028
23365
76960
57758
84829
70558
72990
69392
8662
69140
22293
22941
39313
37439
91718
3567
31737
29087
31863
26972
3716
54143
24216
70102
80134
63296
16565
7192
80463
55502
45897
54701
21734
31843
59799
56075
8692
4735
26621
67937
68436
97189
55276
71958
62771
8745
82934
71871
73478
94265
6660
11894
36979
63340
46271
40466
98452
73688
89852
66032
80024
55136
13972
42082
79244
83502
64647
12284
22847
56077
37309
82531
45147
35624
41760
93008
98226
29735
45243
18610
57260
21951
87968
9076
50963
4266
75474
70591
97194
77792
18261
94643
36940
19775
454
53784
34968
70478
18505
3996
84192
62859
39955
46114
55380
6187
441
33519
6788
34318
53126
50090
21540
43787
97900
61356
57833
97153
57065
79984
76557
35252
93130
47149
79246
49393
80236
11681
43084
49205
78322
50637
88031
52769
4478
27175
69860
56011
12622
80714
22076
62035
6093
61808
58852
6647
2831
40620
24325
21016
38031
66831
59311
47544
50762
81400
88745
15468
73374
79660
48766
32341
31592
18400
92033
71267
73683
53616
13038
10792
70358
3616
72006
99185
74588
22756
94501
74705
60954
31821
72751
1852
54163
98210
11688
46304
64128
50818
21299
63626
15211
91286
5741
85675
75982
17538
74777
45782
31733
87435
73316
33342
1509
2410
27670
88229
32627
48674
80680
17664
82530
84314
49081
34419
80030
47502
61773
18308
84763
79252
96123
3946
2164
26416
23258
89435
19562
85175
57547
17721
2922
38880
82758
58011
39321
26092
25697
58075
52257
22566
79600
28101
20271
75728
19111
77810
48323
73660
71420
23356
25879
56506
57329
23296
32316
30154
48521
29801
79684
90234
56885
74050
68938
55671
30759
68265
52629
82728
49771
43001
76497
15573
32138
81144
11157
40328
14534
17465
47146
40325
27612
37119
28545
9276
38998
9696
4292
4475
81694
54741
35953
39820
23591
20464
57185
15308
53504
42057
30949
85057
81905
63612
95539
89986
24294
48372
75516
94776
29985
8435
47088
39362
34683
98787
79745
42842
6793
94466
74740
30007
10356
44067
86701
41968
97405
25408
60547
81714
57583
2845
55305
51314
52386
39530
26506
70989
21592
9488
6571
3841
54655
52158
89662
73753
49038
30418
67886
42200
93291
39012
37652
61536
88657
28706
91519
8662
18846
18865
83511
52699
55815
34711
92920
29127
50409
62774
41377
96261
17293
33994
26149
59703
37727
5765
96097
54502
31395
19555
88855
43918
52195
64203
85945
86478
29459
21020
3248
3211
91282
90375
26595
37282
76016
38650
39258
61582
21394
66742
55773
56286
26607
41057
82455
3513
44270
9080
94100
73617
76283
28409
67118
87495
80714
67539
44737
4385
88121
48159
30689
39912
87279
77032
24386
10841
25502
15082
9674
19329
5168
26748
37075
37371
422
61795
15630
22770
75180
3287
9199
89339
17951
3760
73170
56030
92076
47330
54070
71026
84836
25676
12149
62876
99948
60881
44818
36822
99973
73595
45591
59070
85367
19027
59431
68734
65134
78320
80389
96325
17978
31742
36305
7312
77455
24511
65887
61941
94571
81101
15008
84543
31737
81880
4433
77606
32296
47968
25048
75160
84912
15204
72081
85530
6902
87685
36823
2420
66454
24184
27828
71019
52153
81078
46737
20506
74189
83131
61999
56676
59791
36039
3444
33624
2157
47386
77663
962
32982
75434
91507
36547
98370
99701
40088
57606
82199
26220
1393
7659
88104
66413
19888
77448
574
8974
75131
55234
3882
92891
57097
83306
45959
4676
59826
36873
10826
60841
76347
77714
65716
78687
48616
86041
4873
16592
13493
74074
67654
26341
84592
15407
29609
59268
77618
46788
98772
7896
14790
35636
70549
60947
64010
27761
24510
16446
85638
2470
38126
82064
30224
40903
54551
27355
55259
43806
34324
39209
9656
57887
20935
86382
9042
71215
49560
97592
96942
7569
69184
37112
69369
25801
22180
16477
40214
12661
23387
27465
46063
30893
12599
47630
75687
15305
96075
16831
689
50521
38233
23466
13643
80007
89261
15319
73831
74694
97334
15911
67040
11539
36030
94816
97736
25271
19939
27592
7440
11868
36785
42823
28464
42521
81353
17231
91521
76411
76184
25225
88300
72613
41676
70852
57091
55469
25467
21377
4741
18338
5478
84566
61142
95090
63033
82235
90939
55173
26115
29926
33437
12543
72592
2967
80779
43114
51628
45898
38594
81048
37327
37221
12211
82382
71443
25823
30049
99945
68592
2509
4006
52961
33122
93300
78632
69044
79566
69518
39776
92840
31914
5252
69456
23264
9585
51775
54350
90925
34429
11022
70887
63358
13493
34866
44272
9957
77919
49945
55169
46202
54123
79534
16202
65960
96760
32461
7956
80006
85356
97208
71288
70911
35765
50669
91777
69926
28451
47747
36611
12384
49052
7178
64028
50705
28347
7169
92223
36119
33494
44681
16428
85668
22091
40097
17341
5194
90717
76554
39793
85074
43885
60283
26524
99224
53439
76387
83353
35192
47725
60829
98301
86602
66345
84026
74459
37800
60104
33859
4989
10904
66120
55
25977
63665
65230
19665
77856
49428
90329
97032
43073
32633
66907
64413
81802
80170
25965
5254
98444
84561
16846
80265
88085
77060
67104
81039
65764
26132
19001
24581
21035
35398
60357
10533
58776
68026
90040
45492
5611
41994
31329
7502
72074
48228
2523
50063
38247
9131
66452
28732
81608
96625
51643
42240
86961
37347
28526
20376
93036
89759
19040
51809
82193
43943
44533
73728
27347
49533
3907
7275
2124
12985
42200
75922
70524
62786
67115
40333
94018
68796
85724
65284
29486
79876
7290
91894
83336
51854
88399
30637
97761
85072
39026
68601
8545
14375
5883
62805
74526
76497
39085
12645
78609
21674
50435
56191
89139
67121
49045
8538
19976
72109
63728
96357
55762
5563
82068
66634
83000
73585
35516
23915
22571
87772
59294
98487
23929
19470
94097
23409
80465
17259
56301
7262
32623
68365
45538
13542
74087
99744
33960
717
28424
5151
12922
16432
67206
77045
96702
16889
43054
84021
12827
31168
5574
78278
11524
43921
60544
45944
75537
32942
23743
18845
85320
31461
12319
16961
54646
40407
7097
91894
62716
32345
47331
63710
83020
37654
9730
10652
85960
6911
93397
34320
26454
12441
45065
29879
58545
67316
99774
25363
17909
16851
89584
87326
89383
35343
32602
28751
43491
1927
57406
53340
15297
12624
84172
99175
68381
78630
97170
60349
6662
89435
56737
29462
50875
4163
67493
26134
4693
17520
66250
12129
39017
73400
88496
84093
48345
74238
27023
20284
60928
2324
47108
59452
12185
19898
62070
49326
94481
35569
38464
61433
27831
92312
4715
2211
84136
17500
11591
25412
39442
931
60293
52540
85749
75683
82934
14186
95397
17819
93190
10945
20051
58861
55085
80165
41477
82509
29739
34709
35349
88919
15349
55234
74281
20053
75154
59161
13428
25980
15509
1996
43434
80783
92585
42184
20599
41250
16275
54060
19688
73521
55708
14299
21424
875
86423
23370
73944
91547
63447
14960
75180
1577
67086
26312
97564
96311
67784
32440
12079
6904
38268
34667
72380
955
52578
14072
71598
23521
75146
35611
67101
55161
296
77538
2560
25102
25301
68644
19991
85342
9459
38019
69342
48730
30480
20565
86355
22013
23008
6755
82463
97598
52642
22970
92806
1625
95509
16891
78103
53117
15398
76112
20242
67406
46567
80775
48942
25399
94042
95905
56188
6958
66288
21052
86896
40088
16836
84713
84162
82642
47315
84592
55074
42985
10887
61637
60970
65691
70794
71190
14653
41371
41274
64629
86337
5266
72337
16204
65202
79341
19923
6307
91565
63996
58902
18105
38131
75664
58931
89944
21759
13643
79944
49807
36484
7296
30873
21950
73736
87825
65238
47646
11377
95240
12417
39464
28919
52733
65862
83496
37586
97447
5462
56043
84095
95958
97298
31056
74854
75909
81692
88642
76237
24162
31174
39017
65381
3944
16527
93816
26336
90544
57823
13783
89588
93917
53680
5464
95259
54275
89063
9111
50807
59203
55350
5124
44787
2807
74508
1692
56844
30524
32788
44992
25382
94975
89250
59155
90190
42087
65775
45178
95846
28084
45224
73971
28014
24891
58817
87655
1631
39605
1170
40927
62231
44731
98010
86726
65048
54575
12212
3772
77639
97068
41959
82431
47477
61694
40082
23457
20921
32698
82975
28396
92604
7682
84243
26236
86156
91918
29627
17605
5634
75030
29834
46083
10085
5449
43054
56355
32310
10046
15743
92355
83015
76894
10511
87040
90413
90159
94431
42712
45278
63821
11479
16788
37166
93503
26136
32441
54128
86793
19625
27365
83552
64881
29995
21925
22947
88497
56949
98960
27570
26387
3317
18045
78350
31694
38174
6633
98954
58672
82256
33146
59889
27677
18245
84951
89581
47398
49806
10611
74369
34910
27343
65702
52613
31832
72660
58191
672
82856
34675
94665
9482
45015
56366
32236
36593
57680
41067
82405
60675
53211
36833
62821
61331
25360
1252
33618
97680
17564
62409
75007
16627
55163
98866
71594
67651
46995
31120
44106
72542
48175
98328
52831
98378
27273
29812
43370
82176
85755
17073
18056
37146
52804
90887
41418
98204
97940
81816
60662
59308
75987
40261
19300
23741
68733
5583
86170
12572
1168
18902
8193
77182
95811
83764
53662
60469
33523
88764
44753
45464
11439
23173
57067
14914
97495
27937
87957
12186
88758
61676
21178
27936
76252
98337
69367
57375
66771
40040
30530
86178
27450
82896
40751
61434
33666
9801
91836
25081
78606
96219
49921
69412
51711
68909
54789
42390
78849
48655
69965
11930
28307
1726
19100
35044
95392
67358
13455
11373
34108
91466
76042
18464
98663
7805
40981
36800
40311
97093
13439
1637
23908
18372
93886
16262
82555
4854
46928
76130
64549
59383
38733
64576
51056
29786
48678
62291
67051
89485
82510
59525
73806
51340
19794
79756
60617
46652
24250
46066
56625
19001
15990
20320
33151
16947
48708
2267
50911
41131
26787
20710
91704
97830
8689
53385
41628
54570
36691
74076
34797
51489
47982
51044
32534
94898
67779
91366
93005
83926
98574
3199
79551
96470
45708
51316
19400
398
86581
88108
70931
38026
57407
21644
49562
97480
93373
47369
55429
29940
61499
39112
2362
22574
72820
39198
98420
50755
80421
8430
27625
8271
57268
40011
99145
49816
34470
66425
35416
10382
91272
20469
49480
15614
19728
29424
98342
81611
21710
9846
74111
74290
45557
24767
13347
73843
26338
50580
1793
436
3224
39217
94246
39087
32202
81431
19139
39920
32977
43380
97159
53422
93507
3258
10172
49165
3098
50450
40908
97252
56696
76966
21933
39565
37871
36207
41388
30251
20229
71642
45859
5776
51568
86886
37899
95677
29743
76701
52732
94166
55698
34959
97340
96675
82661
17712
82865
65014
53620
77296
98885
63059
54423
22604
18298
84390
54319
38437
11744
13259
62065
60705
11675
95305
76264
71004
80631
23773
40729
33681
68776
84500
50630
62548
3310
91406
44641
51926
63161
15694
32378
34240
72287
85491
39453
42608
47916
95529
12489
55204
95894
87680
57720
9087
94899
43807
28609
59984
24505
5980
77967
81108
19068
39509
3359
1868
45695
31592
69321
78416
37878
16540
23605
71069
67570
74282
65889
18800
28532
99607
8540
66751
12574
81083
19664
1249
61878
34705
76188
13332
94806
71714
13914
45778
56198
33302
25734
96732
72600
80433
85856
66207
79700
12787
90129
82831
83453
61213
40130
24250
68094
7664
7610
25088
49331
25535
61354
89965
44311
94001
81065
95384
15032
5824
38878
86726
70495
72805
67175
76972
45620
41297
55995
30970
53448
25135
39760
94802
32777
80575
78640
46543
39983
15055
77366
15191
41705
50386
15612
12341
65094
55213
78536
69399
39458
27327
43521
5421
99457
34934
69794
6886
10828
73329
60381
6089
18417
84976
2271
89956
99276
25986
59029
30033
90513
96732
76016
29660
16366
78043
26891
81106
76984
83982
7665
46255
40399
18361
47445
75691
49750
54915
55080
48022
53569
42791
59831
1427
92232
21628
68697
19854
35882
35022
68143
21491
26249
87694
88105
2170
9559
40409
45608
26325
8009
79347
64210
59470
13966
9139
62188
5213
71287
57815
96028
47042
46261
26286
56055
66960
29376
20514
92881
61275
8123
78685
29033
4973
3078
21953
45817
84316
6867
89489
93988
80923
57268
30583
62225
41033
48324
46883
78782
41907
71784
33267
20774
17739
98659
81251
66700
33048
54755
76275
7001
52156
33520
86709
87956
9037
97593
91803
26695
65436
86724
93330
93013
62876
8039
61032
71616
69540
90854
85371
74542
50904
31364
49877
18064
43936
40767
27415
29042
83148
76718
75716
75206
63296
55034
439
10677
35968
41481
76230
41367
12687
80965
83205
95282
62707
27359
63109
37806
14576
51514
81998
78711
38001
19398
93822
51694
94038
38907
85139
95653
80418
49067
45656
15486
17539
49952
24517
97080
35723
69866
70624
84713
12432
73411
1099
7304
88561
27592
61866
33844
90917
44576
8879
20427
40408
86654
78443
87228
95803
39737
31884
87660
26331
39912
28587
82295
1003
30392
65229
22721
91785
75919
70903
37668
97539
63025
48707
97433
4322
23335
52292
34470
85243
70341
11702
59367
45832
20470
6456
83883
25970
82467
93649
71027
76765
46564
60940
78696
59244
33141
88191
4050
91509
44567
98194
64958
90023
39750
82884
63169
76341
20266
30841
99279
87672
12892
82998
87710
39763
8038
41131
51120
57737
78392
57816
6979
24159
81164
39151
59830
48676
9524
71642
4002
41021
55860
33122
53202
34987
86984
78852
30041
26988
98036
96299
72878
76307
22164
32098
65743
98897
31774
45261
78206
48063
66342
69459
95344
47895
58903
3958
37295
43552
5951
3182
11721
32535
50714
61111
53291
65169
38900
75447
11406
89678
37600
18504
96020
56354
13091
75726
34802
71758
15558
33876
115
23980
92763
81033
68164
86473
79426
12288
38533
73926
4402
78411
32803
99147
91174
86832
92442
86900
37681
44165
34580
41023
20251
41161
15632
77000
50864
21089
40088
99016
97383
80170
25992
11986
45578
37239
3183
90888
74770
22962
77705
66980
75760
18861
1169
57668
48443
81573
98244
77030
9447
55362
8015
49003
11343
79228
55109
64479
16175
69002
9378
2463
37143
70591
7354
28631
70454
3703
15188
34669
66295
87496
4489
19467
7209
99312
29606
96413
61000
9854
25162
83078
91998
54085
96954
99141
8298
64374
25384
63188
7535
20684
99911
54091
56834
71474
69183
19472
7768
39317
77581
70309
23128
84274
19622
53388
62909
35555
26615
59940
3500
80241
43584
49132
88401
37275
4722
36523
80731
6452
25926
91987
11989
21035
73691
13084
67587
69870
90746
20116
99579
49301
7300
16355
80978
197
11345
84299
98660
69349
99018
86689
13384
89454
95602
64868
59101
70553
36447
93353
70355
12113
18720
97729
24192
20687
91856
94142
90852
47095
51809
47570
21737
6570
24001
62306
76322
11422
2026
2026
2026
48625
8821
89485
497
87375
14521
42432
72224
76600
93625
82594
83927
75067
50661
85755
96851
84640
9117
45647
24392
36912
82213
20342
61130
93097
76239
78952
72309
22085
96042
49345
91203
17603
86577
97585
34973
54194
62309
45554
75307
75043
65789
35810
12289
77318
93164
82074
79378
51429
83454
57799
13154
83844
72823
87714
97941
49832
32161
28037
63538
76102
39062
63940
80396
3947
20293
35737
54426
84566
46002
36
51734
50841
60528
22384
1443
95688
45215
77076
64769
31837
66974
27214
78332
88407
18429
68368
22242
76796
59291
14094
4607
52316
87410
65629
2224
23266
11052
82882
27410
77863
28367
80393
546
68275
46522
6288
82836
56448
2488
6510
28318
76917
15501
59095
50341
5653
36003
74832
73725
20938
55296
38055
36388
19654
1819
35314
40060
35954
42880
5413
22618
7773
67774
27085
79255
17924
15594
6053
10493
19589
90891
85016
33327
4643
89092
1611
39519
32008
31387
38266
92956
52519
44917
45714
38106
63671
69893
3335
32684
47012
34527
62113
68674
12520
32954
32654
33429
84993
40842
14732
96206
63210
72534
85177
12341
82809
54701
58763
42611
16530
68238
87311
25970
71137
54901
29412
80365
9881
90734
17292
27414
54717
54440
15268
34688
58963
53569
32858
94815
45000
75937
8815
70024
49440
37513
17121
28355
65715
15928
60660
97445
96091
69178
10778
37386
14193
48193
96000
75380
62402
21428
176
38669
32601
20328
36760
84342
19412
55961
73677
93645
146
76306
81190
44370
96611
39749
48762
43626
83900
99597
4289
59941
63947
13568
98145
42791
57382
67304
16027
16684
85732
49177
45995
38669
86023
96912
58582
62004
15250
99209
93448
33157
89087
98769
96966
56904
34717
50812
17974
75692
74217
55388
38762
23700
3915
47070
80618
32656
22181
62879
43098
17486
70391
43821
16762
62146
29720
51368
33195
20448
67471
33617
76839
20707
34196
25827
94096
94559
11486
6899
96773
3807
17196
56672
65954
89158
81453
18977
32735
26812
58473
40883
87950
38049
64168
91400
68358
86623
45551
59856
67044
4008
64977
68587
22693
84850
83823
41436
35249
65782
76585
93676
47084
23750
56501
32702
155
39029
25262
32900
97314
53754
79332
39672
37151
99707
9058
62743
78042
6966
8238
49663
42289
98520
26837
32973
92989
11423
71938
41732
34030
46231
97036
3547
40365
28727
52267
5263
64946
49007
22688
47416
59235
10802
80292
30216
2310
15418
32621
71001
19867
40565
62289
89281
49489
58062
68985
67490
69595
1957
39156
81588
68195
18703
7849
39363
34780
38029
10343
16265
94147
18900
59568
44659
24257
47024
65299
70440
93548
85068
29160
794
11608
85088
69804
46550
24466
77800
61715
50453
4702
33720
31880
78560
39163
73685
26506
1653
11031
86115
24667
71115
36277
10985
74029
16203
41400
58071
49941
39394
7199
91992
36958
3631
69875
57778
77639
67739
68859
17162
84187
44159
17991
59292
69637
20162
38633
96408
87631
79622
89570
11997
27726
31147
2879
51459
23154
45019
55928
93676
33104
17786
18558
2028
38674
70489
91997
77944
56227
76476
69384
31166
63798
61420
96063
12746
74919
12211
29398
96156
73541
90868
60157
60974
10522
16139
94900
41404
87046
78072
92627
75056
51337
17892
78266
88753
66427
9583
35914
60564
89209
78710
40686
80491
32390
13920
51933
55786
1711
37024
18139
29850
69866
23513
35772
53999
5469
97748
38945
40646
7183
13325
93252
94172
95541
3379
83652
94804
52124
69439
57514
59844
67250
69245
36920
72480
14993
6140
93091
71420
30702
92915
46346
21420
69589
52685
26264
36198
88559
37089
66644
10949
66378
93841
87476
20794
37107
73161
49904
34411
84984
50464
60122
46919
47827
89233
99149
62252
7750
33183
85918
95092
28180
9224
35932
93675
33996
62742
65950
61433
75099
55241
25075
98560
2136
89000
80373
85812
43722
33879
9063
46969
19467
32513
59666
37748
61061
38785
8612
95075
91434
9919
2038
82022
69197
53307
66698
11647
39935
97828
10929
884
26671
84721
96532
1385
65730
95129
37418
86837
34219
1784
80041
62863
94926
5566
57503
78329
82980
79669
70880
64615
21942
58657
72769
8602
861
25449
40290
89490
82401
53752
58699
88115
56310
49428
9505
74445
75720
18877
86603
32075
200
32011
8304
9962
80931
69594
13591
33936
67954
7481
585
65904
40869
76092
81644
23622
85898
11823
8173
43889
741
45712
52759
30346
34693
75371
5865
31209
31175
91139
76969
38307
75478
77059
22264
5079
75425
47133
88478
55372
57932
31827
87403
3978
49524
25829
99657
90438
20453
86212
10259
52972
14334
67835
20536
65539
41312
16662
82479
48165
27976
19129
62309
45341
52376
26363
71525
58742
51082
50482
70669
82968
60345
30066
76510
30151
57931
74184
24891
98504
27780
42701
11884
68133
49342
73037
43947
14432
3541
52052
21886
11238
34978
30713
98967
90162
84103
68774
97075
96944
95600
20194
95833
44384
74765
15389
7563
40359
16043
90358
13590
26510
76307
37070
65616
52782
48818
4233
75648
90478
16340
37790
97923
12563
73197
84140
26517
31422
12500
66735
19775
37348
94815
70707
84580
8903
7334
8335
86451
90161
92860
3003
71111
93355
18360
62931
88461
92131
63935
5736
5487
11817
64427
71749
34642
68148
61594
29269
86261
55282
93181
33146
37468
89497
32533
46184
72443
92405
86046
36324
99328
51740
25
87735
90867
75581
28827
20481
92143
33180
60931
27028
83925
8001
86646
49176
50993
98607
57378
21752
61267
24672
47680
45513
49867
40855
54765
65968
96476
21192
14230
32969
40560
52978
83981
65962
15875
75736
34858
92615
39840
46830
53552
54705
14364
69687
50703
35255
205
25476
91617
39654
72547
66917
99970
24412
64664
10530
17299
75256
44575
38525
10962
39397
88898
27316
12115
49360
90240
78711
53471
12413
3423
71092
98043
24091
68555
58675
68281
70177
32319
99382
43275
85132
20570
17057
87298
11762
66017
61993
18150
65462
98645
90477
80930
39035
88237
58453
94155
61583
72212
66227
58722
7333
43814
66803
13458
34849
28553
1966
95320
330
67247
96092
63834
67698
18196
28516
62292
4676
62957
60333
53239
94624
60794
16378
69652
487
58196
86505
17990
51356
12311
2745
661
62725
93028
25327
83132
5955
81993
94887
67256
44769
32132
58424
8581
20843
47286
67239
14882
39072
52188
27888
53704
90529
41298
7345
63760
73103
44124
2019
72343
86228
68998
16276
30785
53657
85915
86689
90283
74989
88151
76686
91813
42758
8275
3376
15879
87941
96674
27986
40935
71219
34841
62479
59960
97499
79294
21673
55381
35969
34983
57889
11398
81953
4196
70816
28656
97091
27753
71824
43072
80356
48974
22342
8652
61550
39307
1641
4695
93087
17769
7019
85975
9165
48350
81295
36457
12721
70891
20133
16033
55662
56906
16180
41725
70608
79845
80087
71752
36126
64505
69441
4382
42286
64518
2993
74012
34039
85583
8846
71441
21213
386
69630
31542
8635
54006
3454
16835
39892
93405
16068
44832
81587
27464
61419
47887
89106
3039
5212
76583
15288
49668
81339
29460
98032
6254
31689
81052
13995
88229
24673
71640
39650
36690
92705
86725
14316
24766
35207
74025
4866
28447
13473
2320
55718
6454
75984
75314
52624
20814
87049
80481
44338
98042
88847
90981
96375
96586
99685
70990
41518
10260
21163
99928
41868
82788
49487
59062
14814
16371
10832
69980
71858
84106
12443
77131
41454
71666
46238
69969
96795
13824
14009
60298
12837
95524
78124
49769
81965
37254
75759
96874
14214
49859
80081
37208
13075
67710
13837
84481
70572
84710
1277
60757
50007
77274
74523
83989
34002
40683
94389
965
66677
2820
88791
74210
86324
4731
18691
49208
65195
2690
42088
77945
73272
15098
15243
94508
91164
51768
78081
47519
36576
10785
99408
43553
71061
24908
84018
33013
27233
93140
41122
81351
63826
83409
35676
4988
77181
91342
18315
41475
44368
95783
43970
30194
66101
33372
83270
31128
29497
34276
35549
86160
63327
71210
55029
25279
76551
60345
66023
60279
8272
68123
45107
29785
35576
20906
8901
63112
23808
65025
89670
71564
46747
98146
42811
17627
59948
91433
32125
82871
45138
98816
7239
16518
23275
34294
78855
56842
83877
95449
92417
86286
52933
16440
56312
87618
7967
69086
92177
21084
79883
33744
22836
79012
11992
19709
36537
31200
88037
28926
24895
43685
8558
83189
34386
35116
16072
30714
27780
51127
48076
16539
80415
40221
12167
36949
20275
50881
40489
74636
67229
33804
41701
97680
77693
4916
22657
58253
63701
91381
78208
81132
35565
18182
6618
30214
82159
81854
70353
25044
41760
25216
5072
38728
55281
20734
9619
49538
19757
44008
80520
89793
49188
19392
70968
56275
83216
32940
76647
96167
20318
72727
94984
7553
57434
95242
78707
8538
11854
8343
63053
82225
2881
25657
63039
2592
68683
3478
79258
21743
95571
50434
36738
46054
27333
59490
70040
28721
91431
58182
56535
22513
33368
74332
46516
6509
89951
2359
83655
90447
30158
93281
44288
6156
86438
65833
67169
36307
45808
75065
67977
46699
63681
17523
64535
25622
74608
63951
12572
23293
65658
65981
50756
61010
52627
15383
96177
41524
93571
64345
38283
16081
27429
3729
62623
32970
47133
42956
46634
20299
53585
53410
94346
55258
41112
52207
26167
45911
66945
11396
75324
52062
22050
60426
46064
41322
28409
55606
17175
63768
68743
43899
94657
28077
97870
26103
85058
30050
45914
88467
11969
33504
45035
4461
19697
84147
73621
76045
49753
20875
9399
17943
47618
55387
76892
97995
24614
88831
72869
9105
19351
77689
60440
66910
76644
66412
8407
97970
41141
1656
33442
87856
65974
19086
37364
35797
86883
88491
59421
56435
62104
71276
36763
76009
99530
75736
17380
23225
1931
84797
79381
68883
38780
94962
51796
15113
65138
58682
43195
87551
26534
9792
94480
99187
53074
21220
25732
62020
73851
31342
20804
54839
21525
29719
31919
61008
31138
93651
419
95556
95478
11086
43981
81162
38583
65423
81379
16576
79569
55050
32904
6288
15816
39940
61436
62309
7197
34595
53883
22255
67399
23550
68932
1028
37833
19953
20315
13220
38575
29856
12647
53886
98721
97302
44784
91561
42144
37379
37695
34549
14315
3359
17261
68253
37294
15557
52208
26889
90622
91205
97659
53805
26970
88907
29117
44919
49763
30301
87295
42353
74860
44155
23303
47544
50854
9008
97998
79434
7280
24707
36885
53397
38468
62277
59273
90802
29663
67184
91519
21578
35452
42696
10577
49042
62849
19540
34548
51818
39272
20648
16561
62529
9253
24073
4506
13193
77000
92866
29275
99677
87903
78283
99779
88373
57821
79800
14178
76685
70500
63692
2313
9956
91472
52906
53789
25701
6249
87980
80132
81398
21400
31331
38056
61078
75182
66638
12220
73924
85875
91347
74257
4779
76317
36165
98760
36039
37667
53831
59353
71573
53006
34573
6676
23672
4430
13357
86332
81759
3736
43892
250
27756
52554
16051
48407
63169
78197
97097
78625
28012
85058
63136
32830
75546
86278
16004
98818
39278
35740
27843
35842
62939
24986
84017
53218
59535
54652
30080
29552
80161
771
87397
47042
36349
34910
60593
83305
52100
92278
35557
89305
11180
10198
9257
24923
6313
49456
60509
13360
77316
16456
85030
13472
70854
2072
40556
83752
38437
58409
85933
49818
1065
86062
19482
74008
83264
26622
62773
37063
57012
8994
67319
7989
15382
59512
84177
10449
23931
28185
86525
74628
98806
20294
40157
15811
27109
75023
5312
30720
96822
11668
7791
7719
9534
60776
24171
82100
47238
57989
37554
76456
78160
24497
80079
74474
99452
63346
45988
8834
84033
38648
51941
13181
73547
24233
21972
2532
89528
68437
65190
59295
13693
65874
91179
39975
17421
10770
29682
89166
28385
9676
60938
2545
16955
8327
37998
49438
18070
80570
73830
10550
16410
52972
80575
43238
3378
22365
58826
89272
29601
58137
4356
64871
89840
94720
41773
36529
47925
20179
96165
25469
14222
3373
10261
27903
23281
4296
22808
96191
99569
97438
97076
44861
51181
58441
75597
79779
93655
77745
65604
91668
60214
28592
23177
90027
96208
55093
11269
73194
93291
8031
18301
6630
85289
14518
18348
58440
83714
49277
8203
82448
91849
75928
43682
56801
34387
16260
99785
24916
99750
87560
11735
26879
83029
99434
30772
67715
33152
52751
51418
21201
87493
8668
35234
42196
42633
40068
44685
50222
89116
40781
54859
1640
44014
75672
33460
95953
48513
56572
89076
62458
1116
4136
46823
32400
13891
99342
6579
77256
9092
20546
99404
54456
36653
90796
45736
88024
28119
25604
28254
20039
90321
43320
63444
74700
1295
81982
80054
60342
82813
48297
75868
69108
23753
31157
99839
63152
6190
5999
96709
84206
84823
376
3425
88533
62881
13292
24905
1127
90891
58682
91459
8852
54607
19183
45333
54111
79681
6536
70928
91994
53977
82280
92776
6405
51167
91845
67024
54626
19796
3305
26339
65101
10111
11660
87149
36387
51947
76590
93758
47715
69673
41806
42780
42918
15545
7743
63300
54844
3372
72721
63351
20807
41915
70676
12797
25946
30851
34968
75639
92024
71218
74523
51492
61658
7131
27954
42385
98482
5603
34185
97933
82272
10149
90589
30601
70685
28061
69652
45752
18371
7603
76681
18789
23255
42372
84720
53635
45413
32723
99167
61187
85416
91908
1022
13979
35457
8178
70171
65703
46078
26631
42390
41912
38649
62182
50316
64142
37297
555
33395
97228
21589
95802
19695
68437
59235
19526
45577
69950
47909
59465
40901
11703
67673
33199
69316
78900
74607
31190
13637
74196
439
90217
86798
16450
71536
62689
26099
86293
69198
46974
3880
54504
71569
37686
78239
94126
9957
46069
40570
80998
89443
56741
92367
49702
26119
20346
20900
8397
60690
23452
97716
20022
53554
79364
2239
47534
22712
83211
96997
9218
99187
38214
31127
55112
37709
94513
74258
30488
69850
56975
95645
89693
49147
41254
63143
27372
37712
52540
70339
81005
77523
54580
96302
18165
78916
39727
46798
32755
19895
95303
60999
9459
23587
3523
79682
7796
91625
38819
92998
96819
82275
31668
99599
79970
78549
97570
30547
27674
88115
64730
86552
71214
10113
69626
42048
64344
51585
53277
21346
28848
33956
25895
56899
3550
28094
69243
49690
94258
8810
59076
77427
19606
21554
18950
33292
28445
21885
80958
44413
76272
64351
40508
75757
47889
61471
32854
44024
52945
46255
277
58090
38217
59697
38961
32071
81270
97883
31654
8319
58671
39461
42989
20967
75032
22038
16939
81986
61821
70065
58571
77860
6035
51737
95807
26912
26401
39622
80862
18831
70673
48158
44803
4242
69835
12174
98426
83317
36153
5422
55670
87419
12306
63213
24360
59379
83248
52092
35313
98408
50133
37618
76675
84855
32055
74256
9359
8894
50687
68212
75562
44477
19880
73996
56893
63740
96602
94681
35808
6923
229
81657
81385
69275
34159
95168
7138
71789
4548
29561
94018
32594
14307
71604
53121
7742
94185
14803
694
27134
9766
7155
89117
4409
70209
63483
2482
79498
62323
4444
19572
68553
2219
75792
32911
15546
23549
62153
93123
66079
71798
16387
64271
69018
60888
77380
9560
87739
99424
17527
42981
59351
72790
36095
89457
98266
72917
35011
37814
5746
60243
97960
77126
66
20409
65841
43817
9250
26902
83207
27081
40873
19895
2283
20025
85276
99973
42030
74056
98691
13340
28348
45150
29186
54236
80532
70281
17098
91170
5571
6001
84342
22095
7994
45027
58245
30168
90957
43635
1472
22657
63150
93373
13056
56676
168
2331
37351
80286
51262
39448
83035
37987
39995
76743
76502
20238
62557
90532
62050
8261
52434
64264
25532
51034
28083
99466
69571
94421
89332
61056
8336
90582
25270
25580
16152
24373
87229
22653
77028
95988
61027
67750
51185
26169
82792
52452
48974
96523
11493
32045
87218
14074
36833
51861
30548
24129
3434
40187
97869
71416
24752
43132
67445
82062
54157
57009
34422
53963
67386
31882
51559
96975
44789
55924
98350
19484
94875
13971
82060
5295
34441
24061
63232
29652
74657
53685
30634
8818
69444
16056
11345
29530
68069
80767
95728
56157
42515
9709
73019
7345
4009
41983
77522
68825
13288
7467
54714
22492
85269
74891
99064
20513
59078
26547
44692
77774
43215
56994
71071
12090
54904
15861
13808
86039
291
60157
44048
38571
6041
12744
67238
58199
35616
76210
78540
48498
13710
16107
24205
71893
33546
95151
36356
5105
45935
8895
9389
8871
55063
95561
84033
1664
15625
69755
34104
90890
23935
19824
71526
94760
74409
28704
89172
16404
50091
73706
39624
70811
13429
88248
74075
2459
18615
12689
28609
88000
21883
3604
44874
58308
80468
39628
59891
97431
36944
93315
57976
9111
18048
48367
21762
93023
44013
14802
76562
93210
37368
72844
71703
46256
9859
82014
60101
79051
47150
22479
44796
83061
3088
71037
56256
31126
9182
27556
33100
74442
17242
67901
10608
79195
40139
87901
73452
55283
1336
48499
60697
5649
79153
4191
97714
16358
57380
63079
17713
62062
73760
92841
36702
66645
23365
36508
82889
74951
63708
96609
24672
74143
62790
61543
82885
27067
99164
17216
41394
91676
62106
14608
57379
72610
18775
33120
89070
52462
4240
62649
88503
70449
99957
93589
77351
72009
18162
55322
45965
10260
15913
16070
35827
4932
38042
63362
33864
73987
59515
34694
57111
77766
77228
59116
65593
76156
19177
82311
20595
70495
83608
98400
58834
90225
96682
60924
23307
29432
52645
10031
92883
80304
87410
63960
88982
81957
31288
76733
41841
84612
7026
21091
64445
662
9840
99925
80438
28782
73220
70819
45577
71659
1965
54227
77301
90893
21063
90658
92464
59946
92763
74083
83415
36618
86233
2002
15936
90383
27603
3690
30035
95550
8236
89435
60147
41788
81243
85068
45095
49584
82862
24889
82447
92742
48807
85831
28714
57344
43824
55109
31091
35202
20893
90556
94234
12971
94226
26818
49607
32893
57984
9859
46466
11132
39458
99562
91535
69111
30761
15556
13475
57071
6007
72085
71443
4079
51329
78673
79299
50980
87384
79845
37112
55475
67747
59532
75340
83782
25764
41641
66434
16370
80369
88335
16292
2127
60757
70412
24974
85181
82026
2910
51632
63311
32635
34297
29184
3344
957
87827
53340
92747
9113
59349
30732
76198
50844
54857
58320
3004
95843
87373
79221
37901
6176
91242
76416
31302
22663
90458
25376
3386
26067
7866
75684
77221
51993
203
86539
56029
72580
25928
58041
63669
79242
5116
9514
37289
85350
29153
88446
68916
50065
29753
66937
62713
82453
24817
96950
31496
78339
77055
30891
97292
99639
14660
47688
11214
55165
63543
77102
30950
28347
68359
73292
33671
44286
43646
1899
30756
57071
45188
64327
25155
22702
96783
31446
50337
45983
76413
76636
54198
79713
1227
5495
14638
8730
85885
19186
81021
80396
46869
26285
58484
36652
1927
59398
40420
76515
13100
38323
10559
88150
7134
93385
95936
4395
27461
26812
33902
63816
54235
64068
39270
87416
92625
46
26438
28725
4028
4311
77841
38397
29603
63483
44003
45590
97163
31389
26916
52754
37594
26426
48930
26622
42254
23499
99822
66544
1874
90256
59029
24250
39990
99765
50289
7676
70368
20573
85824
54635
82650
36290
17994
30590
86139
87325
77241
63619
20473
18216
29249
23322
79784
48190
20476
40043
35411
52298
51034
23744
53725
49210
54076
55352
49735
42378
43005
7654
96778
25354
53553
59466
46610
72084
36123
63115
76330
84535
91085
66798
5029
65195
16
33597
79388
59825
71351
83638
45797
61210
91469
18714
20343
65178
30177
41088
35814
20426
37682
13528
29686
66643
83148
51218
36955
18361
20110
25221
47435
42025
34748
80376
76037
85889
13546
63378
57659
94741
44568
50711
34450
65770
73630
43909
5513
6547
50589
51937
71463
33856
73914
32609
58902
17437
36705
95799
30322
27815
15676
34665
64526
23813
30726
50460
99882
95976
10491
88275
76188
29638
90792
10838
17754
26386
79500
63412
22807
49592
3757
66921
93961
88085
24524
11836
22834
13104
40080
36089
77117
84439
33937
40312
87254
69721
48404
47944
53458
12321
24247
84007
54215
77024
77413
10519
38534
10182
7167
66340
36799
44393
25948
31329
21240
78112
60135
64936
83033
81833
35690
56391
38216
40197
12311
70087
5129
70932
45159
39884
60106
9462
4596
62241
45632
57585
44500
86725
7576
80343
99522
18171
298
26055
31088
86579
63517
65707
23443
73126
67440
46579
50130
2268
37168
63431
75779
18715
81231
52762
15631
12142
75035
26517
87960
16506
62945
54660
98129
92194
70625
97707
18386
65757
98490
32084
35136
90634
18744
63489
44216
52274
48821
50183
61957
28377
39859
42001
88957
69592
79698
12754
24362
18034
74262
19271
14566
17362
51926
383
96527
2278
28391
83503
98103
55631
67527
51732
71546
62886
48304
89371
78114
33126
73577
22868
24009
36828
24414
10155
5524
85942
4820
75388
48674
95990
83517
4764
63701
2088
18810
44816
33224
51812
37169
29394
25940
30103
83076
18960
12063
41327
34101
19374
79638
56324
76791
30905
51696
92682
2943
87258
51610
44288
89966
75589
36698
6024
72322
14027
19445
55625
54587
69796
57477
41745
7948
77084
92988
87233
70365
4082
76199
71778
56736
9303
82723
58519
44064
82472
62365
73059
22564
52158
91180
58639
34292
25028
3844
69587
77524
95598
17602
73584
25382
25695
54526
11297
81507
77839
99432
53529
45263
92093
69491
46981
4718
11541
68162
2521
42533
22548
60466
4608
29717
58721
55440
32093
44734
49090
78362
69872
74540
82804
51794
28004
19275
33931
71328
99988
48446
23682
8644
90727
25025
64500
86232
85776
66292
80406
9954
23706
6450
41669
96082
18736
89964
35241
35238
43475
91613
70423
93398
50609
54534
49777
29657
51424
9484
77872
41618
33232
52047
29946
28013
64304
50303
89416
20776
94266
90318
10163
35638
35240
1626
59152
60647
59145
82248
2674
2988
74827
40181
59133
12318
13273
85556
3358
68170
98706
99543
63003
73240
62386
77603
9677
11804
98133
60194
26919
8662
65039
95628
47163
43022
96476
72712
20336
43513
51623
4028
70676
65118
10279
87380
16964
72031
18534
94992
67733
64872
98977
85955
97217
95637
95911
91299
93794
29282
90764
28491
68028
51448
75869
81871
16908
9857
43535
54412
5064
92552
56513
70264
69608
15395
3403
53804
41654
83488
77035
74344
69437
56099
78028
42078
55721
54713
58733
73005
27813
94232
55102
80503
60110
27117
83900
94138
20627
44731
84965
31165
86370
977
32503
52805
30877
87635
7504
31570
22014
35507
29757
66742
69216
67196
69215
34860
90111
77133
84703
13283
66158
67001
11333
68274
56181
32672
65375
77535
32810
33066
51688
18753
75734
65078
74297
33744
64898
37503
80832
59537
41011
81425
10073
91855
17217
47751
24102
57678
71125
93435
37531
78569
76259
6510
89455
29462
36575
96695
15112
83108
28368
78385
93786
15186
89270
55890
63880
95730
48248
85093
46707
24246
38710
59313
26290
35742
63120
93873
64745
71404
24890
10174
13007
50017
40297
98200
64863
89496
74750
53053
79051
34033
42456
82008
8482
14948
25812
78203
35050
69141
65504
61459
3196
17148
84859
30307
32515
38341
25882
42430
19370
37732
44081
54716
3750
45506
36985
62625
52985
94939
41236
82960
76169
43116
8839
218
13180
86403
48285
60377
9955
34939
73916
86519
767
74554
89732
54524
6012
2121
7687
44597
5625
46380
91217
4182
50645
45459
62193
68399
81244
12776
35983
15141
95029
13310
34348
83580
35989
91037
44776
55768
54226
9288
3323
57837
32502
67794
81794
68322
80774
9398
13854
95833
72533
98422
45115
91084
69298
35366
60965
88995
18882
73537
5194
66409
69372
56940
1688
98319
65085
58262
10770
61192
87525
45140
21295
41864
91866
10843
36726
56038
32977
58298
10395
26689
81280
43359
19256
8523
37707
27737
54440
31629
40042
32197
10998
97268
16420
38741
86736
83705
66419
48188
57884
30557
43721
58629
6755
31550
98713
46164
64024
10767
46838
75543
79832
91234
61933
68056
3215
41621
58465
34276
31209
41170
54721
47496
3937
66879
28659
10784
5000
72126
27712
39437
14090
99403
78786
36951
20846
83750
53684
50887
77158
18916
69528
90590
69561
24318
90160
93132
43463
29502
31449
83174
11130
46881
74356
5813
84669
80947
11698
4331
95826
40766
25269
40709
84086
74492
85670
8308
93700
5005
62796
95739
6145
36332
16852
38102
42343
30735
749
42776
65266
64578
35673
13992
53395
52365
79750
765
19317
59599
64297
99974
64088
55607
19174
11030
66934
45382
57680
79605
81316
80341
60525
91981
26217
56937
10500
38523
61830
63457
42350
87030
69715
65039
55319
97583
48006
51129
29654
2102
64008
97198
51496
4999
47743
71524
99826
76212
84436
35548
5707
67815
90183
30533
34733
93800
21892
1247
70635
7121
29371
20429
66099
82391
99205
57617
67310
80630
87740
56694
79278
62785
52693
4505
94437
93315
98392
40867
20289
22312
37315
94614
16322
5142
18738
96420
16108
38532
28980
53619
61342
93217
6417
94844
93497
69207
75349
82911
53549
68847
77544
97650
64974
77333
2926
42545
28056
88546
47301
20263
86304
75101
17252
54183
17756
30841
15464
4888
815
60305
93894
66646
13884
32881
4825
96536
25982
30019
21087
91936
58862
20279
18570
4167
40150
36267
2442
25598
56389
37755
93588
5134
49672
52497
64996
36040
19000
74247
66138
31711
26454
68038
83073
14899
13726
36268
62115
89039
40755
21938
65386
95022
1192
15190
86769
84188
65932
72813
39537
92594
33997
83834
1370
84246
84099
32899
55409
8984
3338
25285
88064
6929
73329
91086
60369
22485
48507
4119
97251
78574
72415
97253
9005
88745
22622
28292
5988
47863
36664
24104
59408
77893
91492
74132
43778
60702
15803
55229
81003
21253
22846
32768
84985
45108
74125
29734
45857
77169
45900
67972
42652
10878
17890
4049
3500
8922
42911
4112
49999
19076
43601
98430
38052
84412
5166
50604
11585
15265
36491
82697
73782
6192
7192
88554
97313
24956
16209
65464
17863
12793
9957
28448
50042
42023
61114
64571
31532
55354
7325
14687
91728
92730
89033
97192
78794
65169
69978
96366
44235
37356
8968
50833
31484
64314
42062
11617
4081
24523
10177
4558
6943
33644
73921
90983
44858
25574
96661
41623
74586
90129
54259
30224
90800
62337
66945
87187
51647
1400
13912
99015
83692
66566
99908
70094
44875
3029
1291
43974
91160
77090
41488
37603
20015
83915
58857
51804
75484
47485
93764
39009
48253
38390
11662
91305
91083
69512
76402
32047
22073
58019
77171
66715
51292
68944
97428
41541
17215
29204
3519
57905
21981
71957
13942
22303
77754
17975
23430
69711
94398
92359
17159
462
68698
83455
46101
97698
90612
81673
7745
23539
93551
57747
80158
27477
12703
45163
21070
86520
11767
76467
26560
45269
34025
34934
54746
90586
37365
88777
80464
24672
94340
54088
13538
93251
3357
3215
57612
65926
7875
33927
31829
68460
43846
70651
8352
84381
86933
19330
27143
66184
53562
5182
20709
18499
17221
74092
74799
74901
99512
31182
41428
16569
37679
56388
79730
6514
16758
52891
98843
62160
11545
55291
11567
47575
63984
93064
9511
61718
78652
56526
58398
10991
95277
63059
38533
63847
8841
96343
66991
78969
18005
95185
74511
67112
49138
33667
43744
6077
98584
81192
91711
27668
30631
5535
45756
36138
57032
77307
19111
48780
45185
84367
31963
57440
66074
35915
553
77732
36495
96401
93617
91870
75815
89908
40162
50738
58489
49215
40421
99772
97135
65581
1378
44378
52598
78734
45902
69418
11031
74933
61004
8320
5080
1759
69769
58584
19650
24680
24487
33258
26987
64269
49446
2705
77630
76986
94406
83818
61077
39796
29777
89212
30571
81781
47510
42538
75784
63107
54848
76076
53140
59651
16735
66757
6982
87307
78259
56932
27408
56129
25845
64996
90428
13645
6422
1373
29836
24651
12222
65567
32448
15705
23173
68836
29834
5140
60611
67913
7942
20525
26994
81721
24561
48859
17408
96185
42200
17729
50656
82427
37391
96242
40978
24463
18894
10117
33621
29012
11779
4084
42129
95927
73430
92956
92336
89031
40178
7866
92553
26820
18579
32339
78201
43668
48069
31376
84776
12614
94128
40566
64522
67501
37706
30191
89807
22533
65828
10004
44462
62850
77984
3308
42129
16830
41736
67006
18546
67417
67608
64276
95083
68349
91753
6447
3706
49798
38062
15287
15260
8451
70706
73641
13567
27207
73228
60893
63866
28276
4685
94409
59050
36370
94368
20427
47056
18044
60718
5053
27382
39332
74679
74775
27107
77740
10143
60382
18904
62121
15807
25549
54010
26623
4688
31590
98545
21671
83734
26216
52667
31234
36316
18501
95259
8919
34625
57906
87294
38133
97757
97782
67382
41323
55678
3370
36764
77385
41454
68481
7048
74044
50137
60126
92161
44466
69659
88
73280
4484
96242
2384
70943
59899
32880
38254
1680
41106
33177
75770
70990
24756
28082
72861
62994
85871
29156
67051
17815
10917
83671
71467
51998
74464
61878
52826
73635
77113
44103
19016
76664
44606
84839
42772
26177
6495
54921
71756
76905
94207
63203
73789
83117
35088
49924
8179
62563
34618
76558
17503
79489
81938
86999
79553
30795
59001
5774
447
26043
18122
63633
27333
31060
11540
69715
69816
64468
13100
38214
13410
8557
43035
83699
40498
55550
55899
93150
44755
96736
34440
46057
52501
77472
84404
14249
7959
95276
85646
51537
14554
24110
39608
83462
43879
55475
45155
77604
80678
19061
98431
9807
36006
65270
82971
38834
25902
82211
15476
22640
71462
95958
44722
50115
67929
3366
35246
17530
1139
94642
69685
77639
37991
80504
86736
10796
71775
49907
65390
72344
8591
60468
83916
13921
36072
17079
91167
70613
30805
72588
62784
64571
13731
45244
2873
19338
95704
84569
41212
53569
52380
50355
75916
73834
33868
7610
95730
71282
41658
98253
42903
98546
65447
34489
20968
61139
74821
9545
98711
12461
23411
19140
36028
14656
71882
11501
94230
43853
94489
87342
88985
59782
19958
44242
83368
48308
80599
55961
56766
8052
20922
24322
86337
88407
61977
43429
45048
1817
98408
31219
12180
69516
85741
57155
95584
18524
913
54121
20670
9383
34976
14812
81610
97878
39065
74753
70046
49765
98751
86690
35034
85834
65459
2748
70205
37592
73631
53268
39782
95273
76330
27554
49573
32858
80830
34821
94124
6607
87183
34945
86933
89461
68488
82025
10841
53668
18342
54640
32764
5531
2061
35033
75692
84544
11206
68676
20538
21173
67127
62522
90834
51821
85816
60027
90066
34387
22407
8253
7712
58735
43505
77210
61040
51115
72105
73195
40978
63369
42476
2256
1768
4350
87874
21972
5567
38041
66369
89449
40430
6751
12062
1111
22573
76669
35471
9418
97544
29494
42599
79877
27535
90643
7128
36264
27677
86040
75277
17853
97499
54767
63546
70827
46023
79301
59143
54182
22839
83877
97608
8604
29556
12742
81616
85695
4785
51657
88780
29499
295
43142
77698
46934
90261
75265
36141
61944
85873
16534
1464
67038
23910
70989
54201
79759
62071
75088
68513
24041
7757
28632
91530
13826
23791
25315
50600
73360
2578
36596
55687
41985
18447
5527
47847
37053
58794
89582
33369
20152
52378
44175
99365
40286
4515
19550
49237
79797
74774
48344
42720
28206
22261
62142
64363
17891
8768
93171
62766
79096
47051
89969
62457
62311
47086
55379
45800
20105
20524
89595
99745
21990
27190
69686
38835
74026
19775
41878
24800
26699
756
7515
28681
72473
2606
50341
17529
24816
92168
11881
2766
87721
59224
8032
42493
21900
89316
10282
9924
38389
63152
623
74475
77256
79007
39731
19679
99616
519
82585
25373
48683
98712
38295
83558
79300
63194
13071
20495
95620
30977
11671
65958
67833
17863
3091
50469
71314
5158
29166
40749
10993
87867
18615
32193
2656
44735
27386
22942
15962
4808
556
80073
17481
92040
82940
13560
87620
22585
50772
99901
81901
64979
20432
36162
76563
84730
81716
70047
4501
24546
32802
82141
85410
68126
84552
76246
5635
89316
14267
68754
26972
17852
34538
10034
95186
66278
15252
59966
52513
60600
71864
23052
88880
28080
55946
88456
46882
37975
28910
37134
66421
57647
10035
94296
34507
93484
39052
90529
2775
15921
88063
18383
85257
61150
76333
81837
13558
601
25979
92130
17368
12569
52024
70281
11862
78079
99906
86896
61015
51329
42314
50307
69231
21728
83372
26330
16444
67871
49058
67266
82461
73176
53189
5698
32749
23490
31374
59942
33163
3817
72150
71362
76126
89240
7978
27254
96778
15236
68797
34477
97453
44118
11133
95964
65374
23325
93778
4323
20533
4724
90191
71529
50717
38473
13157
40976
40979
53770
57245
71500
85536
86639
30611
95678
87281
16595
23132
78330
33315
80965
33735
66691
15021
83723
42495
8412
36966
72779
78210
70174
67537
77563
63658
94439
59286
71720
93125
49128
9934
247
18468
98989
52576
92162
97197
35255
55226
78601
63968
78038
3877
14199
29272
17757
66935
23565
4800
87948
51543
81387
72279
89972
14911
91487
75821
17955
85906
72660
6332
27534
53135
16572
70453
98930
63040
14648
86806
29797
70680
95123
62236
81618
12447
45017
70383
7585
67130
64241
5201
25976
66105
23264
69962
42046
44235
3780
79879
49256
68285
68771
88836
24538
8476
41355
84045
58973
45005
85116
94690
41686
39133
53219
4627
53939
45965
83832
42500
14681
52377
37910
78717
53270
42737
91811
96490
72685
72183
81927
93939
14653
27573
58721
10232
58925
49215
74384
85653
14845
44741
59237
79873
94865
19515
11062
50729
16464
95309
83480
18541
32104
10171
3180
47774
56825
16851
76671
75045
66527
46566
2691
1494
4168
57450
54866
7276
78664
2839
64564
77908
5554
56925
92515
39939
21724
26465
93785
62532
35502
15168
90329
72167
87565
10063
25521
84671
74877
19884
21016
10850
52517
94092
90596
41427
37407
38922
65705
30155
91419
8735
72798
63575
72973
8281
39663
92513
63840
3749
14140
20208
42374
58243
11837
10481
86707
60866
18843
86705
24943
86939
7550
46995
17908
63032
8754
61313
87645
21992
50593
20709
255
95952
99237
21045
87500
80966
63536
98173
47880
15278
55160
47578
38475
10729
21830
37598
47111
65816
16296
25843
49589
80355
80005
88988
16674
9907
43908
38083
9390
81921
78764
55507
86681
61708
26744
54300
32702
60518
46373
19988
39258
14852
65424
22644
86967
39392
83022
4579
47212
40592
67169
83411
39706
12278
11528
71111
30388
11503
14903
80149
68656
12548
28167
92893
81825
23381
53655
87958
41125
10162
63698
67029
20697
55898
57566
47596
39366
53482
96476
29103
47139
30676
53322
2425
68502
96337
12550
40304
59556
73024
75636
56667
19728
64339
10005
95048
72985
8411
47292
53169
33138
87096
29289
88175
44090
29550
68280
33264
19793
2717
25456
93924
47343
18495
24927
13138
3997
33559
58221
10358
32401
82313
36347
42454
10343
52821
92903
47329
42260
78263
89240
49720
28754
92069
52096
87648
73948
96996
23995
93065
40961
85271
49384
22093
86760
88338
69340
94194
55744
69614
1460
68576
19142
42737
71611
80784
90198
71168
66770
13708
82107
87231
24974
95969
69873
6828
34729
7440
80029
40901
93807
36012
6665
33657
29722
86752
89200
46812
42158
81193
99349
87576
96034
38382
64489
85826
8802
17674
613
94373
1379
224
30009
38771
86138
79697
29641
49559
64978
98249
34629
42195
27008
2565
14591
88251
31699
41020
14244
68791
99508
12266
49498
69332
92991
48347
75815
6721
30939
9473
62117
63211
89414
60390
85296
16052
33795
42592
94955
12443
49346
96243
37872
54298
21773
67677
92675
27404
24784
65875
11499
8589
51182
2315
23677
75863
28707
29909
18303
58890
84930
98470
34646
59746
11021
64335
37686
27699
81495
88026
80227
20833
90013
1975
51247
24775
86614
93237
48475
86115
88109
76836
92948
52810
20296
40829
86064
87227
96054
64827
45960
93491
79814
65702
21709
1418
86498
89685
30593
13702
72056
84667
53089
78200
84818
59561
86194
38969
88221
23323
13340
48567
28955
70285
36210
94196
41691
13551
77162
58838
51325
40773
44078
48020
1238
30345
25995
4035
55719
39562
27001
21821
10837
6939
35999
27097
57644
64322
11671
44406
8895
25048
9961
78506
5009
87954
49617
37480
44369
34642
622
46874
77025
31690
25366
35213
37940
59709
98312
25761
4783
6119
42268
42078
98137
59430
81374
56055
25367
5316
16529
30818
55913
35923
40825
72019
94403
88978
84256
62517
10144
84403
93928
26024
2458
18624
56789
67402
7469
38040
78530
4059
19226
13736
51216
58199
54240
80898
32031
29556
46277
32494
54032
70974
81537
99614
83819
58396
8703
46840
15385
52534
82766
32371
67734
20982
67411
77984
53232
89089
24020
40737
53352
93295
252
75814
88591
53833
86592
95093
44588
46100
58851
64865
11393
81334
55978
9487
31000
53288
75400
75419
58369
1329
64430
50120
56787
63981
2643
69270
23140
81731
1557
97280
69510
42931
85823
30392
90911
28411
10762
29792
77987
53646
77997
21373
14733
6342
80247
76080
83354
82777
47585
54425
17970
87507
22434
57161
98079
54016
38914
78093
95834
44791
53978
39778
85466
90481
31625
99494
22121
4134
93321
96151
44853
32440
75178
71719
166
71309
62047
38493
20919
21684
44653
26282
50183
32778
16311
58957
28528
70479
29810
91251
11041
16813
6580
48445
12503
48537
81638
77568
96236
58431
71636
18871
9212
92820
37994
79578
97876
89517
59892
89577
50134
75609
49840
59557
77876
34649
68107
72067
86749
356
85979
53457
19567
97025
50023
22036
4440
91735
99016
46109
42929
18575
59682
53364
33655
87706
43693
25299
82714
78005
28713
12327
46172
66640
57548
16593
63853
55505
59607
16425
31632
64650
96490
39266
7809
67404
66238
45526
77674
46614
91707
79588
88536
69900
15746
28508
20288
10081
70382
19280
95942
76413
59566
58829
53167
65358
89796
71947
70698
61219
96396
35583
26199
78111
42257
38558
3323
13989
31582
97465
17888
93876
96503
66554
59367
68865
89239
21209
10555
71253
67943
70953
35764
9397
91375
58776
82991
34167
4757
48031
59928
41042
40685
12750
18967
13970
35614
74176
19215
42665
7265
26816
13414
36575
98617
47981
99794
80123
2850
10504
99231
87858
19351
80905
91707
35935
41478
51204
80588
17280
12901
94941
50543
44827
30890
45229
97951
36908
26413
67913
3885
15224
64848
80199
51580
42620
89311
9682
50653
65643
64525
12317
7411
86164
32301
89548
45860
65242
48470
54927
55264
58379
15718
91503
44609
51544
86752
39320
60312
87309
52594
32080
16158
16860
40041
6290
17595
84753
22634
21259
77589
64777
59744
56110
61860
63238
7879
90185
78002
41109
81684
25773
67161
72813
84730
48830
21575
48736
47777
33319
20785
77078
67565
32965
23896
23883
74442
11789
12170
20212
42698
30479
32329
9307
50567
41947
12256
36518
37690
92180
49772
9672
33485
89894
61759
18259
94229
55392
97465
83151
91051
33204
53581
38927
86772
36868
53238
81824
95479
16419
91481
69259
96934
30372
77216
74535
56510
76867
78331
64197
51552
88891
29966
21627
29266
41952
98779
16403
77691
21790
70048
92203
12167
36397
22485
76175
48388
80441
57762
37091
3603
26798
79567
10348
39467
83029
74303
26456
50951
73095
66216
93145
51821
32868
27498
17710
51667
55430
43182
94300
78822
4018
98068
65425
96817
42371
76449
29030
80842
89837
58210
7282
90470
39266
3895
1109
53259
53668
56387
21556
71880
76310
66759
29560
90542
28842
65126
76909
34757
7778
2289
7650
68216
49122
57125
78607
96593
33510
64381
82177
63847
74053
36937
23332
41614
18624
33867
23879
24151
20268
84035
30174
51146
89341
42711
48747
64243
17582
84555
78096
27700
98552
38298
7622
95152
28450
92677
76564
48896
88110
69596
98240
3480
8034
59056
38602
83853
16358
37185
90505
81064
55318
65723
69786
9309
80718
59286
79833
73907
38786
99208
60397
5727
31102
48960
70557
45730
52499
31976
31207
47095
48727
25237
66865
3954
23984
89579
96520
28210
47777
61635
42554
31454
54435
61388
38293
17132
20753
44191
25561
39329
92382
8342
31526
35689
46580
6214
61912
98005
72182
39897
24374
65938
77413
61404
36327
22988
8159
81260
43349
31673
92578
71430
9960
43401
83230
2609
55579
65710
94409
95111
1626
98086
18195
58734
33841
22297
16079
65881
30592
73628
2781
35686
67988
34821
28723
93915
19206
74961
13197
29348
13384
33217
36527
24804
1522
33707
25765
11909
27932
13677
99084
60632
39469
32584
80072
68990
67413
49037
86051
7962
18838
66973
81683
65472
63969
98574
46041
62249
78566
88066
50910
91475
91646
73169
4685
26363
120
97945
27119
76412
32801
48854
9604
5043
68200
10943
34530
90512
35083
41155
62421
67049
5127
9572
70522
37141
60460
71233
398
78044
55982
59007
93331
71259
81851
23832
93131
2318
40907
67549
64866
74624
88607
78993
1401
23993
2998
99031
41531
61336
97535
15620
86663
93637
35708
65697
59631
94201
15748
96701
55557
20770
27717
72620
33895
63392
9541
97677
19730
33461
35247
31437
10108
94188
16310
60468
65024
22940
23625
8635
29791
10580
80523
72909
86851
14565
17876
14799
6337
71438
35602
79413
77791
18989
83984
35544
80267
2199
89731
25943
71892
452
74206
13502
34347
6102
75379
6390
50893
32758
42636
35453
5301
24470
10794
63891
27952
58360
60557
47368
14631
91318
67506
73342
97516
15750
92838
41985
60138
78663
71385
74545
665
65256
37089
23472
97878
25632
50990
7580
41241
91523
42694
12504
99852
75305
28246
15442
50180
28587
77651
88169
52250
31601
30982
12152
94645
87256
87316
74696
81179
10199
90779
53771
2066
70188
26562
47690
69584
78472
98245
5826
55377
72918
22908
26961
76791
42751
2593
64310
53756
11755
24934
42797
86607
29062
45546
91441
90655
22310
33512
22489
84873
57913
32645
72058
58077
95355
6697
30941
9096
34683
86505
39547
87098
27714
81288
64499
68991
29288
78731
37796
9048
86615
69062
49099
34246
15707
35620
38919
43436
76052
25434
39497
29870
45944
33281
98839
90934
86659
13192
11618
34052
22568
37525
23879
92089
80042
85133
67537
18103
88761
63571
24553
46821
28590
48949
44756
35266
95043
62243
5496
84177
88349
91793
14507
48539
98011
87352
80314
70129
65768
35713
4691
11565
85413
24458
83285
37860
99899
82549
50112
20728
10819
91438
20606
44713
52598
80590
98116
22775
10922
56939
8400
82644
58642
49588
55139
68547
89229
31448
45686
70862
66675
82672
55359
54890
26858
25738
28166
39696
82468
87963
93138
91818
38044
32726
66222
78538
75319
73156
26254
32377
45448
82879
89100
29839
16205
79692
2192
60151
27529
33208
82750
26167
75705
54114
13787
86640
25530
9137
53308
95442
84082
19154
65139
53198
80111
57522
91903
313
4743
87298
86879
65663
53707
80467
50863
31520
63914
25171
71644
10759
84839
80794
45114
17328
58877
50166
82271
19843
68608
60452
12277
40012
8542
74469
11094
1467
6646
66004
32842
75084
64547
53312
93460
45963
65325
67199
52034
47773
64075
85212
72454
6829
32314
65907
53107
81643
68947
30
7235
6130
7775
15509
47281
65406
6515
54999
89389
75131
68262
60948
64204
22065
8028
72821
39507
61170
80806
42106
3665
76409
34278
91515
99879
64365
62266
20842
1822
29844
27610
3853
39102
4511
54643
69876
77777
1355
41104
39277
7803
22633
78790
35633
76179
94869
32446
57580
99486
43655
8636
85562
4400
55089
23684
65780
41187
93767
54907
3138
66285
57430
2627
71636
79736
1760
28091
82079
86879
27579
24133
45450
64199
5605
12150
88000
37256
80439
18769
11596
83484
35611
99480
20723
24947
89233
11115
39068
90930
62423
10848
48746
88798
65440
33145
62582
25704
24136
31793
5120
68171
86871
36041
83224
696
61983
79956
30834
87804
41771
52344
28882
28501
63809
66325
51187
6267
29241
78186
86080
43403
33236
6191
57325
58654
48207
37247
38340
41143
5517
37572
9043
88445
80800
81688
1421
78513
75868
58191
36610
65110
39547
42553
21928
42483
77355
2924
78042
14862
12619
22337
52573
21448
82059
92197
60649
67423
1602
3539
58915
41635
15080
2026
2025
2026
12
24312
37402
22321
68037
85034
96520
20029
25954
89508
94403
40837
37604
81122
85952
62334
9448
75709
37046
42079
37576
29622
34053
24757
94848
21067
50974
10938
57476
80486
40937
52272
53929
34648
89454
94501
14530
92100
61607
81121
6663
87280
29638
65297
27529
5171
59639
48535
70756
96992
86726
83463
4541
55298
61647
32804
6510
84104
76441
56992
57188
66610
11565
30127
5149
13970
88560
29295
11270
43865
19623
78426
29797
85931
70160
99870
75966
43701
7303
89480
14346
92011
64507
91044
58505
65526
44052
45672
63411
96279
5165
75804
51013
45546
18955
12001
93868
34154
37261
31755
86707
62033
33324
73596
97994
22818
12132
66169
18408
6934
79626
6560
8031
62350
56360
98470
50944
94304
26934
80457
23819
13811
42225
35263
82408
85378
61407
89444
32914
18244
32999
42390
34788
21429
68648
18775
60692
54193
9044
26176
89942
35062
83559
62177
82506
31197
93898
10358
7652
97282
47638
13306
26332
59818
78086
60114
72051
70131
24461
87894
68330
65951
1031
90530
67139
20293
85047
6378
88455
89986
1727
12913
11963
13178
19357
68771
64239
40257
25498
9413
3942
53278
97235
55247
42654
75348
85269
54304
34272
63971
20511
45426
22622
75612
49604
68566
61986
78511
15830
30961
46416
9464
19962
26624
52096
44286
6597
42712
94049
48193
43431
26206
12766
15598
92319
62880
46174
28925
8268
12667
82726
75903
24280
90914
95988
91264
54072
50480
41605
79607
20659
44158
7823
81076
56134
65835
95995
6609
67628
5129
5184
50269
12340
22384
3830
86544
6230
24392
86903
20321
45473
68372
94008
12833
87590
13302
59529
87871
48627
51020
70880
92564
85196
9303
59447
23715
53194
902
6976
64843
59676
28831
65739
48767
61163
346
56233
93813
45452
96637
56894
52145
45459
49456
69866
41235
95062
21268
5753
89273
27069
61530
66747
86156
9944
74444
43950
74773
81696
90602
95091
50011
67932
25910
65594
86009
81359
14657
53447
49455
63087
80285
6100
12531
26162
24835
26587
76047
75952
38657
17591
55303
2875
50597
63837
60847
2910
63984
47508
65544
75309
25062
96570
1489
10728
34960
75412
75630
8347
4419
43521
46248
21791
28809
99476
18629
90364
66752
5253
9284
44787
5083
78455
19908
54530
17625
91722
79274
40812
14972
65295
13344
53678
83848
50641
94746
11312
8537
23113
23315
79980
18773
51782
66363
14201
67712
22525
42011
19480
9578
39078
76889
93961
49223
75272
92802
8501
24871
87545
90301
7810
54910
10172
19753
34215
12233
42287
67761
67804
42059
87337
764
98479
96150
66518
76684
37840
69377
53944
33680
88890
9503
91050
36699
20047
22586
81434
22871
43996
26971
4487
92671
45376
79976
24549
55647
24773
23384
61607
40229
96960
55009
10986
70445
64026
21737
29089
63055
66415
65196
7828
82733
73862
92665
16354
84836
90500
550
16979
28072
37251
57749
28321
13477
66117
44536
90014
21195
61245
26611
33283
58678
65730
40380
59193
36418
98872
71729
72264
25471
30578
19004
18752
2358
64823
57103
63289
66937
5869
85136
37630
70892
71080
44328
2739
10916
27835
67959
30395
3885
97143
93456
22738
56186
8678
37701
73116
24683
23469
5556
93274
18618
10518
71123
44498
60528
58403
9903
8039
28819
31252
52295
88302
91845
1477
87889
56984
12573
773
85188
67324
80912
9480
37446
66232
89265
34910
6969
96551
99047
17497
26730
90724
84692
43087
36078
16830
80314
48752
86620
98852
36856
24839
43607
92147
17286
18194
95113
73075
20763
42807
68664
51898
7178
90552
49680
38961
7073
431
97540
23443
60538
38804
6287
35446
38971
7881
3319
22009
57431
59227
42222
2173
2539
33032
39701
87901
7164
47554
82094
6244
43580
65877
89454
35936
9414
71775
9063
38526
43237
24352
96400
48024
22064
30674
27442
33378
89333
68874
97123
33137
54379
53839
22736
35290
71735
59475
85480
63621
90887
34915
68529
10609
2326
60084
29733
80054
22183
52841
73961
12718
66856
54455
39130
40133
36206
28293
93627
12938
61737
20389
72400
58244
56760
59608
18649
60172
65576
84707
44325
63640
48110
87063
99470
4229
25223
80778
25281
9667
8121
95092
20029
98727
69831
2633
15183
75803
40273
59805
37502
58379
73700
17130
95540
20037
24790
92820
52024
89100
68593
62937
28568
18900
78706
38960
1109
49428
25055
87764
226
70368
15768
38519
27030
88011
28419
26920
26590
98007
85998
88371
87419
78063
83495
76869
63427
84384
62383
87583
90805
75653
68058
83025
93368
60110
51722
65921
88801
82535
135
24709
51683
14363
72829
3827
64982
32977
63137
4733
45682
24946
4187
42703
65162
72857
4472
22480
58677
50901
51767
73191
99596
78484
89065
41597
5369
17451
93145
31013
91488
85878
18692
14871
95114
25952
67237
82882
5767
27163
19681
24983
56678
19802
83621
36258
44436
73900
96373
20705
88485
89995
92004
13560
82259
28824
89490
51271
52551
44943
90524
76702
14630
13470
73596
63363
28967
95139
79615
30835
46659
12564
69831
10491
62202
16978
74851
26130
84086
82958
6482
69829
7177
79297
77749
99958
53685
62985
18470
92938
12543
66580
99214
73778
56572
27810
78622
19455
38718
20137
8229
55365
98196
50926
27036
98980
29077
79366
47158
48717
60989
68229
51855
59623
5847
5239
23492
13402
25408
50936
77070
19768
10269
60312
49943
71529
11335
46348
93727
94308
96017
8427
74386
61366
76674
47638
17565
30423
71421
22434
83189
4299
92278
26156
19854
58497
68695
45817
31455
33883
96512
22329
4594
47611
8508
86629
15388
37910
56621
84723
66259
76961
14030
37964
52864
45092
51285
55471
3391
45690
2487
5544
81683
65859
89740
1651
71382
69065
87999
301
95535
85089
6382
49719
22351
67018
66441
37119
75950
8600
86991
58993
28665
46543
98908
38665
49746
74754
78310
21711
51281
3376
20474
37424
4020
41655
49279
41131
49759
88485
69928
27741
83629
20495
56121
82706
85827
84958
78513
29504
49591
1368
95447
34800
72646
77036
80237
85694
78569
70414
19681
20464
59223
92880
14583
39074
5141
60935
82122
82622
13547
30121
91417
59076
69925
35639
89607
83613
91376
84951
14407
12068
24836
61088
32611
13597
16338
50497
54769
79484
41099
70098
85703
16730
58797
23304
13926
65914
9486
83553
90524
23571
36963
86966
98721
66492
55437
67700
31582
81359
91379
43517
94891
37064
6589
88492
44135
53700
70715
69046
78058
81922
96606
76539
61879
13732
30915
71708
42916
90134
72851
19294
52612
92959
59739
13305
83889
45304
15049
64572
77814
58147
15
18035
73717
33094
71356
23435
80012
3278
76681
33574
61281
87608
65422
56310
45746
2795
33270
68510
93047
37172
65796
64962
2267
89590
97991
84272
11478
57454
99708
55651
89973
93364
76738
27030
26171
86283
40296
21514
58562
60812
49350
86884
67856
19762
90849
36008
29723
42813
36898
1519
9045
1442
97886
85336
12401
48101
38058
31817
50755
33600
20330
73649
89433
80211
98449
4342
74182
94851
48853
22453
23237
19374
91446
47860
59777
32070
22439
21503
83695
21771
94746
40115
93619
20821
41382
72783
43
77913
28275
38942
42013
88946
44914
35158
29029
451
70941
28979
64689
36495
56052
31915
10514
57409
74947
30983
24545
16527
47616
61596
60602
8926
80963
90471
60663
24292
71951
9921
72629
39215
58509
11547
44691
54978
28000
6499
60910
3597
2968
29358
10782
59342
45998
12244
37817
98422
82034
77203
67411
97036
38049
12234
11350
77227
78599
50292
46634
60539
90901
11085
64610
52053
22854
62748
7358
35690
16790
86805
15883
8689
25488
41321
51722
74244
4815
27485
69283
77183
79972
84265
98954
20594
38932
57117
45198
20431
74142
52828
94820
4703
65253
37167
12237
51735
58332
10526
27189
30902
85965
51438
19202
90139
34611
28646
19128
96787
21346
36850
94631
35022
25028
24815
98662
49079
6945
50985
16001
16370
75518
92835
65518
83417
57455
61686
64381
7201
87608
8967
65366
63539
81798
68642
36987
26588
27324
20715
19641
46319
29680
25464
26315
27072
19219
22617
3452
54332
9376
87458
47476
25889
30406
49965
55978
76810
49379
25104
7060
14180
9180
32315
91284
42339
57228
80993
44345
5128
25374
22796
63082
99638
83769
57621
98191
16826
38006
39789
9631
15955
70686
75102
62673
72183
50048
57494
2241
63405
97522
88198
90704
41775
9373
14676
61421
3384
66813
61265
44281
42583
8610
34693
62161
33849
71880
97306
83924
46393
31484
60615
50163
79511
37197
10224
33561
20132
62317
36065
11436
11765
21913
48086
53914
14153
649
75504
69568
43776
39693
75467
70314
68121
15681
90572
5514
85340
51447
9301
52330
16793
10136
17692
67670
32766
97493
8306
38114
14489
54197
97519
3665
60867
48766
93410
71309
12673
6532
77464
91060
5700
17366
52613
22492
70517
33566
31145
17101
95345
13486
48813
59912
90669
34446
55186
11148
87598
94614
16615
52718
92309
72025
94980
5333
49319
81316
48583
20749
27377
37805
28758
64254
83114
87053
46835
98161
42041
71256
99831
13368
45294
96421
15770
39210
71356
9599
36766
52540
80231
52287
23416
74758
20753
25897
72618
9085
44117
48236
98448
28337
24246
5536
61222
36942
8472
7259
67029
14463
10258
79279
57118
22433
34114
87750
70610
30885
13977
97186
14119
60862
30283
67745
4444
57945
22115
7385
1877
91614
94499
68079
51505
45044
72255
63434
78057
87486
22085
70074
20515
39595
99854
91925
74600
49427
38090
11661
82877
80537
108
14965
48612
92406
17603
98843
1601
13863
50004
88175
16914
53161
19888
23507
63285
54729
8337
66184
67238
87988
60324
71491
19359
1217
2438
88221
80353
42048
23414
37284
63629
23018
57032
64952
80435
63284
54601
65584
49998
75006
78656
57099
47244
66532
95382
74207
69664
84282
72689
37584
77813
72391
67038
6286
95425
10007
34022
49204
20306
36524
30809
69337
6941
7652
38545
20522
42955
31533
2987
64067
20070
46899
23542
64033
77603
23398
30018
25404
52706
62706
37653
5060
75270
64900
64068
30845
63162
57469
71582
38190
94025
28558
84308
35686
83277
15165
66761
16780
36767
57359
19762
71862
6919
61808
95956
82957
30259
65266
58890
84090
48432
45093
85993
35619
10353
59617
66885
585
74538
25591
57639
80658
12303
7930
84860
74902
26838
66936
16431
77302
6682
83658
24538
50669
18949
7785
41072
12767
558
43808
75017
33999
95262
51823
86084
42553
23427
54157
38035
59341
9212
95365
98083
87868
61135
73995
2168
69498
78459
62345
25248
6190
65014
11894
4435
95994
69413
80445
53528
53647
32480
15898
61246
360
59784
28363
8599
36571
46404
3901
79349
26166
8050
86834
44936
32978
35751
5431
61219
80047
36213
50145
21080
29666
69118
90898
59084
5709
87922
98324
1724
3578
84419
25926
19268
2230
60182
61737
31964
31385
41538
26232
37753
23583
19948
7485
2321
11579
56255
65662
42553
27850
96789
13449
1770
81305
30718
63559
52419
44519
48570
52101
85064
60422
63003
89957
49521
97066
34297
21300
17106
99106
70146
74545
71119
90538
69625
61860
94805
12123
73407
55694
21925
39995
1818
48944
75178
86661
72670
31755
15064
33055
11460
47633
22750
81798
41450
49551
61248
26072
80486
42916
43059
83582
30579
3031
1939
63701
40804
15753
64946
80531
29958
34829
37495
89252
48316
11772
75985
29084
50009
58552
17287
18207
14391
54374
30621
460
79125
70642
76018
96583
64692
22538
4830
39743
41785
7950
62507
92556
52103
22172
73662
11593
11845
59829
91659
78178
7614
57938
94220
70296
39404
89859
28987
339
35681
38496
21475
73195
58429
38193
92622
60483
91320
14034
29157
13903
2854
34682
18653
3301
75542
61276
59723
96438
1990
84861
52022
87353
43713
47989
34375
52235
19301
35292
25198
3097
50290
58111
58719
90282
16930
94030
9920
79537
80220
94198
99971
28387
55317
27740
30818
20808
9042
68313
4924
29855
55995
17108
82636
21312
54707
48222
38046
29446
75123
16741
89224
12579
10093
77018
23605
79746
26603
34646
14715
66481
89936
70235
66592
17297
18479
86421
95391
78823
20890
12745
13577
88980
40802
29765
9109
50613
61425
82738
60722
77303
57276
3115
78365
76141
52081
40268
25404
86205
62653
63733
29682
2623
3555
46001
11254
76758
7866
19832
74833
67487
33018
66961
99905
30988
585
68033
12483
58881
85228
12566
75862
63352
67832
48326
76837
75452
26716
46096
69063
67812
75668
4002
66863
34898
47706
3276
35789
16403
72908
33051
16941
62660
13349
32136
90707
95355
32838
47035
94565
50730
74942
98393
46135
83230
4305
801
55782
89849
54613
44078
30087
37458
96765
75998
766
63780
7658
38915
74293
46669
97664
47566
27541
59639
28095
67231
2176
16978
22426
68793
81886
22928
7862
95645
3668
38425
49677
77805
61555
21622
97751
93858
67033
19973
33515
84487
28258
45115
63189
11723
25811
41966
49096
80655
57577
71468
65905
76542
81039
27972
88308
78049
63439
39091
66049
19060
4270
36836
85537
76335
20524
70869
75397
29307
54005
19878
67572
23342
36403
37192
93876
17685
50997
23417
31965
18250
84409
58287
12403
57379
42561
82255
49563
13835
63239
23307
52995
77573
90416
33538
64143
26044
24218
12443
17109
56181
68591
45786
75060
29045
74346
29391
42605
37061
47395
38482
84163
18536
17650
78925
35100
10797
16971
85034
15702
24461
88277
88224
31009
94481
13360
64395
20341
56790
30541
96728
98761
29261
2957
99620
19745
31209
50539
77393
26462
50441
16270
22904
24520
88382
22065
79205
22681
25921
65557
6996
65780
66108
65687
92972
15270
72555
49295
19566
59509
12566
55503
43800
55554
48613
3008
45859
72841
23696
62516
23406
60206
8341
86584
51971
20696
76000
58863
89246
45137
96785
15993
80865
95697
20958
82377
69333
79407
55709
2689
94438
70537
51765
19349
59773
65431
33791
18061
18207
24464
76216
11972
32394
45899
92941
57852
27008
77732
70515
25543
48146
4698
28696
69108
58269
31163
22125
38660
41631
43319
37683
11256
28409
32834
31011
42937
15578
43829
30291
11406
67581
89015
63559
60018
16113
98287
97329
20353
30799
27077
35335
89781
16708
92156
33871
27648
91727
72957
4580
30205
87421
50859
53673
30991
63705
65856
12425
11034
2197
27991
58694
10900
16036
87008
43377
44428
93830
71729
94365
27431
43919
88499
53832
60953
23597
46476
82527
60176
57895
99270
42032
5886
71819
94336
32368
85249
72568
12355
44172
83220
85561
22368
8639
68618
84898
92229
41069
69419
5766
74690
63909
5038
60454
53881
25884
83082
81021
13735
7021
6804
48848
55210
4681
48356
77227
80876
22484
88535
62691
38364
95955
1548
21573
51432
30888
42951
18276
40042
15534
95741
94452
62612
8374
5051
80007
44366
24546
56040
9437
87869
11972
15239
59104
31668
48702
95747
25360
41766
50904
92204
67723
46067
42796
31364
14604
3942
22942
78542
43356
17263
92780
98362
71586
8910
9637
723
15073
25722
24997
44029
4742
69992
99077
98419
96068
22131
59426
94096
24335
39726
45038
40489
22654
45369
75909
27959
54923
3244
47072
26810
52501
34607
11419
80601
89472
51218
37878
96967
8695
46562
35865
55885
47192
95974
65281
56547
15859
56420
62213
65605
89385
97891
47639
81295
2005
57512
86856
88213
97735
37991
8523
56191
26569
24038
71302
60580
50394
67337
45841
55736
13986
32570
58112
10559
77042
80893
81099
64995
3558
759
41710
72239
93931
30116
35001
99889
66329
57162
43454
4749
59169
72111
57637
97430
17661
19110
22076
16597
6538
14940
65667
65481
90277
30685
76500
9132
28733
12638
57499
7620
45512
20483
56917
38139
85541
32102
74920
90322
48120
39257
34549
52797
44469
16252
91791
18437
65699
4953
1049
80246
9613
24421
1325
91129
9144
55501
90736
60322
75860
65317
7816
40265
5542
31868
9327
46573
71166
80367
21903
90907
53794
45486
75972
13012
38637
32080
94108
56451
52946
86323
50834
67467
68053
3106
71633
59290
61821
19215
9712
12028
75931
92093
99002
91612
41357
73552
85075
23788
7161
76342
56142
25886
95082
96773
97080
619
39454
23963
10644
97415
26611
66080
84099
48807
91592
9906
98629
73935
6757
18618
99177
50504
13863
38188
1180
70586
38271
88202
84261
60934
16102
39318
68859
2509
14916
45071
48868
13035
22192
85235
76734
46349
69155
10599
34349
4353
82632
32294
45351
36921
44188
12509
47565
60832
8202
28418
57534
39435
24800
90800
29215
37214
44841
5656
50669
45563
89392
89376
8139
3689
80106
96850
87931
94517
5066
82929
59877
69813
39319
15273
47516
91283
67379
40378
84867
72497
57994
48575
89920
41272
53882
94898
84441
8244
59112
7427
9047
22349
99287
96574
62383
73705
92349
48747
5343
72253
36207
18426
59941
90291
56797
83802
23626
44638
46953
21272
19450
27953
81932
67402
42186
48882
24009
82626
37765
2372
71157
3710
55899
71076
18109
90102
95609
77948
51641
21618
84016
48268
15358
12095
61423
77961
10963
6805
18129
20405
91323
18473
11580
71479
56123
38840
52046
41954
78229
11207
95612
69306
93198
8623
30853
23186
18482
72166
60029
77566
97720
85961
95392
15768
28118
50806
2312
32307
22379
4328
98490
25622
97361
49017
30745
8540
43442
78270
33790
43252
94895
13390
14143
38867
46207
75814
92432
33592
11871
90253
21846
13535
18122
22823
27153
39036
14696
35002
54657
58197
51569
86483
10691
39214
46674
9006
96800
56928
33832
55205
61796
56081
53424
15031
15602
29255
12055
73582
59788
60255
98806
97893
63686
61278
22220
30172
44858
20946
22962
17291
53165
26265
68386
15032
12208
91667
68929
39043
77094
3992
30983
98343
21796
48864
71043
59420
78217
95177
58379
68795
64443
45731
51422
38717
7520
36785
41045
52494
45438
63804
63859
42968
47230
85983
99094
24813
2149
14406
7590
56523
1060
81043
48432
71257
16879
45249
16146
55627
26909
75089
92156
59881
97164
58333
55973
37805
56833
80883
68551
36074
3233
12280
94045
5779
17183
72403
96153
17380
46325
89015
71898
22670
85140
88002
19216
33258
25764
59167
68785
65656
42213
83600
25179
57568
16181
21759
98212
48656
89963
15692
88687
61389
81458
80633
28725
92824
38855
79572
82393
28985
25564
83112
50459
161
10479
32887
80177
19164
55858
7375
55121
14927
32332
17790
33840
22551
78782
86120
73385
80430
74167
30053
36560
3741
17741
60536
48827
81753
19495
24030
64764
88516
23803
87808
65640
85828
42121
99096
97434
31037
87560
94144
56364
44191
5407
25568
59362
7576
32164
8016
17887
57152
78655
43667
71465
45165
11395
41666
47363
47442
6339
11133
89477
94096
60294
90818
71452
31181
41428
3937
94473
71769
87167
54274
91049
2673
53391
13756
57989
45270
98115
67482
55861
52746
31172
83071
60575
5554
86127
26287
68378
9616
11903
49461
21516
77214
94267
56441
12105
49015
83708
96178
50903
11879
96070
83737
10043
40397
52014
14023
33214
10694
73352
81826
96474
37001
12862
28596
26741
92215
95643
38393
52133
23572
53148
88195
71530
55130
31309
73126
93744
24687
95886
21712
73362
21995
95363
89153
39491
73784
81695
48514
73742
4236
46091
35781
85195
73891
52507
61523
63675
6757
61746
32217
25051
38475
41961
15614
37962
5786
16459
90128
33659
20623
22384
59013
66716
7158
94222
63325
23600
47585
73329
75281
68854
82730
55392
85317
45981
33733
32037
61352
33646
76426
50275
45357
55389
71818
62102
88406
90425
26209
32854
10086
95029
17050
23046
39948
46696
41134
73340
75159
26563
16750
17081
22437
55280
62310
75947
61397
5227
55888
95853
68331
99732
64534
13918
7229
59315
42704
29857
28426
19976
91353
46498
97539
41262
45561
68234
68812
52590
39484
57852
88564
21543
81011
40288
64661
3900
33986
84950
52752
21888
49013
77518
97738
51457
55918
43942
46482
82602
52686
24033
4383
27602
5277
82703
95845
33420
15765
3318
75438
17861
24653
51769
79709
84630
31200
45701
87966
25067
23446
61264
25141
59871
67833
22069
37961
6458
54572
49455
18122
43033
66574
96420
89696
70808
27452
6750
25261
19130
31038
25381
52900
26480
53470
94626
25022
30757
41114
85978
50006
40063
36586
84408
26582
41110
74233
77483
23757
11552
98650
90778
73339
97977
26682
83695
91690
97143
21997
9390
6038
36550
66179
89878
9277
71317
11536
10330
20983
3353
75123
48283
33766
21608
15436
4378
32134
50736
97606
14412
73168
37390
14084
69806
86809
39582
29827
23309
22391
75582
50974
74909
66317
48575
96059
12252
58248
25279
8125
3495
32631
68923
57030
84218
12391
547
16362
13804
99742
70507
48712
46931
65819
23023
23370
64028
30129
66731
80011
69875
57824
86563
42054
13821
71619
74525
28506
64930
18975
15131
43394
48263
68213
1602
59842
63413
92184
17750
28828
20279
75350
81965
59973
5043
43385
4092
56770
7051
31994
4589
64483
97563
41584
19933
5324
43538
24796
2248
76822
13412
6491
56412
77296
21418
44277
90196
55603
77267
45929
74853
7047
73446
61982
18965
32947
84308
23046
21714
37017
89073
33262
32374
12356
7882
94858
83406
79910
45720
18248
38132
64048
49702
69712
65514
91002
52350
91953
40126
36921
25390
2373
44851
31952
67102
32182
38102
19360
71030
87928
24827
72741
84225
73628
30789
8908
79538
29604
63618
61637
69412
60163
51229
53721
57362
14091
60665
35583
55626
81041
57421
92796
36923
8720
87703
91979
67118
39581
1068
5228
38713
80460
16849
62986
27467
36544
69916
51757
31861
4175
22813
87323
82378
11475
47944
54755
91627
2386
73684
73980
53484
45854
75216
44071
80425
6283
78912
35337
54094
65522
99846
8314
90701
46873
80902
22578
96300
54611
34728
31271
69132
163
70262
80615
97272
74145
18171
42700
41540
89735
64233
13808
10056
12554
42709
83240
47097
10054
24587
82431
31074
25219
84168
80533
40151
73541
81082
54957
84739
84438
82364
70122
30635
15627
42806
4046
92514
77197
63634
51046
63581
9919
74888
68571
1219
75952
55846
34346
18689
79024
25508
51636
39941
89641
6846
30765
9515
48051
14020
79834
45456
33751
62509
82335
24514
49628
94216
79669
87909
24201
68502
70272
20272
33106
49552
39876
56429
38594
25446
78149
92964
49697
64555
52144
34990
60255
10555
97765
91788
28859
39925
39178
98009
12013
5486
5368
62306
25294
91630
48753
37169
53953
63630
13483
49675
34885
191
94940
22577
37746
42214
51808
32855
19152
54486
48206
47183
2431
24489
9060
21203
34771
89803
49063
23626
65411
872
78696
29267
96356
20452
14630
83654
80069
16361
1886
78553
60185
98055
26538
39456
49614
24042
34231
51894
47820
25983
72570
94673
85749
64428
70360
47502
68970
47653
37097
67059
9766
51951
30735
64346
80560
41072
29481
43378
58295
30879
20218
6525
8860
27060
35722
65305
4969
89306
15062
28535
75023
79474
40478
23562
18654
16861
6984
14868
66115
6846
67041
25304
95625
513
80710
1829
46998
22627
65699
9486
82523
6627
72377
11347
58881
91102
24890
54334
70004
89263
42995
45198
36917
59425
76757
7913
43018
10066
47755
8109
70184
85765
872
69412
92550
33090
91740
36698
42754
52165
36214
86176
11031
37417
36517
22006
4093
32705
82675
55582
34114
12657
25521
21424
27829
82283
36106
9488
4046
42012
62159
59906
17617
59544
59029
17921
36083
68345
10636
55742
69733
29620
81700
56816
22700
61014
17522
47493
41095
54569
11805
73500
29101
13039
10692
21630
22293
3381
26693
29538
69634
19997
94898
37676
44164
8512
59826
14194
78359
93500
13370
81983
59558
32079
97061
86159
26378
83027
76969
35866
70430
9568
81820
23114
13584
43260
35790
90721
5335
29967
71314
44047
49947
44194
53288
29402
90262
87119
11898
22871
3333
34408
69077
6590
81111
5188
67442
74329
23804
26298
56817
71542
35087
44036
80076
77943
99550
53120
76299
99730
8813
59277
87896
59657
40161
95054
34736
74955
15975
5145
77080
7592
43378
87627
82459
24240
68095
80246
96620
28456
12066
54085
81996
72216
68944
39450
25397
11912
50815
84834
12429
27613
9440
72552
48882
30452
26549
84054
80197
8996
18624
51533
76666
85120
35410
86
1702
19630
58729
99015
87617
9567
67733
78896
85458
87806
56828
38453
3862
74383
5932
85052
53953
33621
64893
26275
68583
81958
92348
61716
86992
10600
91284
47539
49235
99755
65187
70319
29169
1245
7990
22562
69667
19967
39758
11391
99099
71275
77506
93130
54226
8403
44813
81369
1807
31618
37653
5541
87185
17327
83942
54946
68476
9738
72324
13687
603
86604
81533
99741
4059
28419
14695
88445
28049
1713
15473
85209
81494
11827
31288
56910
2458
74382
66021
42834
80757
30564
41457
55960
83675
3591
66389
93673
21648
48742
25348
153
71460
76626
51460
56896
11158
41358
39880
45317
71557
44598
27952
96768
44065
49155
51341
7609
8235
30798
91958
69146
96187
19297
802
10628
83453
43435
38121
42424
67843
27769
22215
70940
8584
35498
18664
546
37478
37077
92284
72691
8295
66257
53380
36114
94443
8611
63613
98903
83916
82219
67891
48182
8156
26425
98635
70716
69370
13733
19772
5016
45394
60491
77101
33279
27013
92625
54797
58346
77541
94092
24920
89188
2269
69819
6391
19384
87613
35609
98590
97383
65954
88110
45103
26855
67991
96657
3773
14743
9573
88263
62386
49940
82692
39243
79834
67064
52315
98301
42989
66381
56439
98392
20265
86757
21075
97850
60398
29746
4574
23219
40079
12584
93322
183
89460
196
55312
39823
65061
26852
84406
24742
25137
80270
59073
87917
16023
69971
34763
26220
4630
70293
81437
74207
55279
46539
3932
43003
32344
67050
59133
89913
43616
76128
30491
45972
36767
34598
40448
32029
54981
12206
18111
55892
68458
61637
96495
18019
11522
72944
94878
22786
1275
32801
19820
31233
33160
76377
46172
89988
92138
83308
30718
15590
27739
56971
66263
3314
11732
33590
73197
62702
32242
27232
77580
19138
25600
59725
21144
84609
8314
96421
20047
17186
55180
69346
10135
42120
79418
19118
2295
15506
77338
84907
77981
85025
14064
29738
37948
78999
34641
17536
50379
28170
64479
9581
95650
87425
98904
58891
74982
25721
49001
852
4613
23211
25034
82331
90353
87246
97056
71236
57163
95354
77989
59486
88781
71912
84240
53673
95497
81137
48997
14863
48314
9320
77393
92843
84488
60610
70608
19767
64136
87480
80678
30656
57954
70844
9174
35726
65978
1034
11207
57546
7158
76362
65426
32746
69739
56099
23596
27564
11646
18872
91644
26594
52142
27694
80465
33868
96317
17982
99436
24967
55146
79046
92934
5730
53387
36302
43644
81812
2026
40462
5947
78930
42272
27599
34449
99398
15105
16536
50567
80513
79056
88838
5365
26276
77358
86673
65299
47848
12911
98710
24025
50473
50208
88046
24703
88932
86272
3844
89124
95014
30342
65888
85595
28682
55404
49756
94282
67813
47522
83299
67465
40119
98838
72347
5652
25637
30173
99497
57760
18971
55193
73065
98617
48807
78828
73052
56403
36852
82714
19024
28324
61754
7556
18399
60893
42591
34117
94846
87710
76670
61358
37987
65795
82137
27114
93284
12903
72624
34627
79692
84236
51655
73519
73322
94337
92197
89841
62491
93824
27190
58629
70283
77158
47928
9912
73444
17715
81892
5
94409
36090
11100
58523
77262
82758
85389
73667
89282
95807
58732
12198
16751
97933
86899
439
93004
98786
37534
53043
8916
16634
36197
75686
476
67551
70034
84833
81299
24683
69741
8302
78372
61794
32317
96833
77401
28153
35392
4761
99856
61716
25415
37734
39672
48161
72866
47897
68471
7199
12704
18830
10372
56380
48636
76056
75732
7981
33794
17560
49869
68288
13147
48865
18321
13569
26560
42606
17079
82473
63399
76367
95973
37176
51455
6544
54822
90800
3642
14937
20597
63399
23892
9002
70530
82577
48957
8151
23417
13987
79073
11551
25275
5147
50774
12363
35833
43258
55998
44063
38970
37976
27520
77511
86451
65603
74272
38293
85033
95468
39143
35280
56031
94417
57828
66449
94307
259
44916
82970
61195
2423
37626
45967
36795
44659
56047
7912
72188
60032
74119
81511
26826
84700
35611
63540
1485
70266
33017
74981
6785
7732
8087
65436
50421
79891
27069
74621
47230
57223
2625
11986
26964
94922
33162
32287
4683
95826
50062
46184
58650
99204
52796
9017
80301
29982
26434
99966
3173
16279
37371
27241
83559
48847
70025
52327
70407
48242
39897
52943
62826
96032
30398
26801
8636
36574
75736
59157
88421
86488
6275
71559
52100
68517
10183
93653
80047
77534
49293
33377
50577
59841
22216
85280
87699
26476
49125
75716
84701
68470
82281
50875
89973
3170
54441
33554
22056
40158
39411
73412
75311
49387
7908
65964
69363
89577
36988
57418
56863
29739
27364
69290
6491
49356
88732
19083
57380
16911
17177
31610
32538
81478
21355
80050
68692
82249
44452
45281
67917
84822
96264
88133
85297
71810
98211
33567
58819
83472
7571
17800
39093
52705
98159
32968
63896
70129
86227
21066
14971
62544
83475
25559
39543
28212
36106
34803
26702
6329
67412
49754
49816
56106
2875
99771
93057
7373
74758
4496
75536
33790
25444
21716
85220
69986
90807
61076
47234
16495
80351
53574
67304
59241
48490
84193
51223
24429
65032
84407
55155
23693
3360
69969
91007
24866
90674
87150
16813
44912
69572
98832
62361
474
65818
12572
19653
2563
53579
57091
38945
24609
22022
45835
15356
27507
67174
9597
42120
6308
98938
75672
12408
34301
5353
2852
19850
80531
19156
4419
80339
88775
33374
34214
7739
2977
98472
65711
20237
63863
13232
5882
80624
38083
12020
86789
41612
60246
16243
34094
34965
40468
13616
55016
24060
33543
10808
35631
66290
66305
79466
92931
26057
55201
5859
4880
19435
40598
15889
81241
48359
48358
43890
26117
61369
83504
13159
17848
62310
74456
12787
36767
50922
12983
52529
55113
15698
49449
84745
22578
78309
67282
59100
88724
62333
63559
57982
8479
10648
78249
49161
65448
15557
64205
1051
12647
31941
87357
17473
49762
4290
9794
60319
41537
974
72691
12190
13778
24928
94400
19422
67146
28239
13574
94347
38118
1696
73899
8647
78107
85761
43446
78169
53815
4997
4646
14781
83348
68673
19089
99834
69105
79323
19578
89662
67065
57615
79853
85161
81770
60248
21049
51650
3807
84018
21080
95844
72319
21505
86648
41735
77276
30077
43964
83103
66324
79793
10998
27608
79138
88323
62493
88689
75226
8962
99667
11040
36187
52221
18483
82562
19033
77342
11797
14658
34268
13846
67030
59765
85952
55896
87917
60305
85061
94436
41677
84449
79358
30602
77097
50106
43633
49166
87156
45356
11175
58726
85706
39198
27737
56565
18436
98129
30564
22276
34787
8256
96667
38501
28341
16407
80505
67089
8409
34150
77332
23535
5856
22793
71152
64591
17938
51281
56641
66635
35824
41696
32724
69488
41286
30229
46773
97025
21401
44028
76844
60846
90404
94341
19647
1027
17
64007
27521
18361
31279
28066
91354
16216
78436
99204
69530
45610
48624
49108
34040
34307
4240
11147
44575
66302
43339
68728
62459
31888
7581
65847
18247
59895
99156
83842
56348
8520
75098
48788
76191
89129
21852
30381
69029
1434
65140
62528
88873
52524
60803
44584
34586
90753
9660
32205
92294
79450
27621
17332
79119
34179
88377
79190
58117
37246
98992
56982
68772
28327
87169
41811
5216
28101
26282
52385
50144
17542
50955
43465
13434
56425
65323
8017
71410
72925
65661
88672
85957
85690
41459
18063
75223
91319
744
28390
25354
71652
49672
18172
27209
88755
73178
26628
49065
15380
54643
9087
20300
79612
49791
4163
55795
88008
96884
73791
79637
91917
18612
72325
86011
56108
68332
29560
21938
63860
10078
6283
18444
55771
73484
90447
88397
48829
12517
49438
632
1212
72696
55025
67552
37338
49150
22571
15016
60900
47803
84453
64128
42228
71241
57341
95398
57399
91268
66862
36627
68928
17003
33629
50514
59264
31637
34582
99237
48008
11608
28523
19877
14144
51874
28924
14573
30753
12214
4215
10747
62661
2632
56938
24842
39035
22132
21057
43252
79682
15985
43786
22309
57789
46166
59647
93363
57026
50516
71742
75150
92061
95938
94931
43289
3632
98116
99918
44228
60265
11424
89816
16849
26244
12463
67009
76200
99929
16219
31432
44073
89790
41931
78832
97319
26056
35771
57868
42476
71173
8894
55702
23670
2595
99316
77511
47398
24782
61880
72012
4938
60425
18005
18376
13111
10651
37516
62497
62509
33389
75983
46680
89316
30359
74539
57314
1506
66666
15898
99453
73641
19964
34193
13375
249
55673
86462
84242
43701
8364
96850
73442
67926
44920
76335
42270
54961
45501
61860
39575
61995
16352
5982
84129
30238
68194
18625
75125
10366
39419
48066
58300
91372
30778
65553
14844
1464
9533
78598
5104
26645
79351
96190
4616
3547
81680
73350
23735
425
8500
51289
21217
30577
52462
2535
76377
43736
43866
87729
8475
82620
36439
86661
56393
90637
54206
99807
43576
83540
79043
88662
8205
65197
12973
56765
4485
71150
4849
99884
32788
49104
33907
25439
54222
41376
21540
5647
71827
76177
78883
66838
15594
19482
45306
43754
74106
40280
96816
51837
91116
51331
15555
17087
35800
47161
27367
31953
62112
10225
51716
5869
88542
86968
98384
26203
35750
83614
15874
59912
17039
52277
7198
32657
77704
35469
46962
50525
98934
56211
30491
22682
44984
51145
70351
7600
52483
14869
91469
39118
21727
29614
8563
53526
48032
3995
48454
5536
17678
71606
1842
36819
58277
99108
49091
37919
76692
63196
48146
85413
45675
76429
98407
46765
38218
15525
95059
97865
72201
21596
48223
92687
44993
11608
64735
17347
64167
47192
93681
88698
89277
44934
72210
4082
51882
10820
24051
15407
78423
37451
5730
95689
22644
40592
19155
36462
56342
58246
70717
922
3147
45651
83822
26711
11925
54169
5820
5978
32122
26129
18168
43147
8751
20639
37860
30094
95310
72592
19102
18984
13810
69923
64640
62350
47407
52239
26021
23826
71802
48439
37442
64561
94608
32589
33874
8537
55972
30297
991
86184
74274
68196
92557
54421
49873
66981
75715
18910
36611
93125
67278
2834
5123
84365
19500
89791
26897
38804
99799
65906
19232
87758
68177
40297
14837
36181
91958
6262
77854
1291
99820
93561
59576
23316
63970
35396
62153
69622
89870
78645
9818
32543
371
61066
69097
76321
85398
46453
79296
39567
81465
4677
71994
15852
18370
60273
70088
95181
35883
54738
3440
17811
85366
7075
69515
99796
82635
23240
23214
65627
39134
88881
30099
45304
76690
75701
34589
37783
9135
68960
68185
79847
94986
9224
6008
19341
86503
21382
70724
46871
6069
79055
48724
60776
8052
90260
32560
41017
20750
10607
35194
33225
41594
52682
49073
63941
86963
38581
46962
30662
19733
13285
34730
71202
92382
21508
96954
66673
86982
55540
31147
16149
81133
27832
57423
88191
21681
73044
46374
76966
15055
28702
14992
77705
20821
42815
37063
66212
83987
96008
35346
83348
67535
92923
20239
40279
16571
88417
13260
68278
61684
82363
92596
49651
29665
49556
99230
10282
39647
4351
82426
1381
62802
49696
11900
87209
90037
82708
71225
31359
56831
2022
26807
85550
47734
16043
67597
5568
50999
68435
47751
32575
85567
89175
8673
64208
22089
75341
31207
98019
67754
20236
67145
75715
5216
771
4564
91914
53781
26323
47631
93931
7865
9393
61542
94657
96601
74663
23860
89223
34199
62174
47924
55145
45384
71304
48023
62247
64823
36483
74946
61626
88486
26204
72795
95239
11642
85782
62788
39430
86329
53782
17545
29699
13669
95395
56104
30896
50058
76422
28090
89796
52980
70609
26679
98194
7967
65020
32115
51698
11036
54130
42589
33852
37799
73250
62172
12614
81344
74526
73290
4648
4455
26194
94729
12062
98101
56484
78447
64500
42789
15798
90255
89170
10513
88250
94523
42798
34035
34747
62501
39809
6521
84736
25517
3235
67752
3332
14415
80105
35578
48251
19332
22558
10909
65432
23230
4012
56341
46821
57636
39331
50109
99697
27362
36525
684
94735
50743
49615
76575
94633
51651
13112
14121
81687
80561
64582
50878
7437
37398
74309
60784
47966
1595
93965
27595
82870
84
86031
82623
36458
84409
44323
53843
96938
60369
14031
3622
676
31777
14224
16182
57398
84075
6667
84076
45340
97684
68708
53517
22198
25664
94530
72854
63808
17304
73543
6219
20752
37223
628
42487
60332
1521
86937
39910
30148
36315
47944
60417
72059
17967
62502
50343
41165
21055
97588
13744
87375
17814
7448
69579
41069
39037
68750
57953
38021
36591
81349
50389
14548
45018
44693
42242
40441
16964
92911
77798
36155
62301
91613
62722
78950
74632
45988
22956
12779
75457
21307
31138
68076
93291
88376
5586
29204
88408
12983
28137
72365
71048
18766
56090
70772
45713
87173
50745
80794
66833
10579
90048
60643
38924
73835
90678
64484
3596
69808
989
17046
2494
56474
94823
91604
59571
60673
3762
9359
62005
38128
15085
23985
52352
65633
46244
17833
59022
90265
92471
85607
87257
65180
4324
14692
86998
35271
79845
55087
16857
2799
29437
29075
8428
10121
72505
81013
7243
3237
70423
19062
31527
19874
1755
95119
47777
28238
77016
9708
4347
17219
34871
98985
9448
67524
38235
37355
52703
57629
78672
57369
52252
11283
38469
74823
89268
48135
96563
74630
60177
751
35859
38270
50112
39127
48279
79865
2261
10700
39156
88420
86005
84685
24433
52901
61812
64553
63688
68077
29658
65236
38272
53715
48010
73283
52260
62835
64930
58447
82184
49183
89074
38394
78080
34572
97360
49053
87671
70778
79519
4854
62162
86397
80558
2783
42445
13751
94603
59661
67800
26983
9499
25789
1146
13987
78213
62935
67587
67408
69220
42566
12342
21627
22814
54986
88498
91480
43662
89203
60772
47189
11823
24175
28845
98280
82958
9177
527
69140
28901
34568
40912
31207
20306
77416
31912
85791
75779
62760
91063
27448
48266
19327
60749
43807
39790
37163
90513
71296
21901
51903
3233
38632
46995
63089
52186
71396
78608
2973
80409
21493
30408
92449
89358
75023
5122
94314
488
7833
41643
3661
59174
30475
32080
69057
71381
76413
50693
5447
733
73385
57323
96699
68020
29912
95231
75607
61962
81933
71506
44078
37324
42487
13406
18784
84070
1229
74176
61986
39934
69195
77314
73631
61467
10332
90301
41956
74185
8158
34991
82176
46223
20495
52664
92531
79277
4499
42520
78018
43173
18489
63970
34255
26174
96809
28725
26097
71585
64896
27816
41198
52350
12194
97502
35785
56692
85863
7866
32505
64804
69231
46851
12113
41596
69811
84103
56396
80892
47326
55966
60949
63674
10254
76280
55793
87232
86304
30808
85076
86122
96258
25747
75628
58017
93894
63451
71101
75863
82149
34363
70023
30747
58462
50823
44689
22209
10490
80251
64873
80445
110
93650
95406
26413
9984
53137
5340
63448
34766
30520
34384
71743
34593
19052
67380
85664
94861
13092
61368
16060
21966
77482
43535
42044
16497
41216
32022
55562
24935
46589
13397
4427
32616
68951
29178
48560
69676
82970
3607
65438
60491
18426
89176
55198
36404
76598
50924
23217
29138
45037
7297
8084
19834
99185
91580
60660
19045
94474
35321
18941
87595
67697
7829
59791
39677
31615
75659
59478
87692
67452
62483
63318
32112
93428
72480
19425
45008
76523
63687
94088
74795
30266
23859
93668
17683
44607
67156
49063
64895
15093
10188
78110
58320
97683
82735
87993
73151
54697
57341
78284
25532
9881
80506
93067
80950
95804
96481
18761
57132
18725
1327
23904
56679
72083
35529
65010
58393
74602
9341
83790
59756
93099
24038
2905
39168
23962
15686
87491
91566
52038
92355
24251
80662
92303
39729
99550
32943
83394
36893
71881
93942
88987
83479
4216
8235
84980
42680
70158
14299
71047
64493
88984
94575
65934
29695
55571
3524
74420
37634
73255
22405
13953
55835
27415
77129
95774
23333
6564
43654
72390
64063
10267
9920
29836
40349
85639
28260
35420
40512
63231
48750
85614
37954
11718
70349
71522
81396
15485
45917
63043
1981
30883
52021
30389
2602
27031
77244
54420
44558
50017
687
83261
29733
83168
91582
87428
14584
23546
26476
10106
80129
18558
46144
12289
43833
11830
74795
51143
12269
70869
87751
26714
39374
98762
70979
68920
11250
78271
38225
4918
57167
66058
98111
82876
50377
23656
18764
2232
95334
44372
62525
34883
10918
89588
82975
71111
13541
85893
62598
59940
86568
7385
23154
56322
30
66425
96690
86579
51796
17886
91008
4843
83921
73729
98964
53231
21994
27101
73999
93501
5761
38918
62418
31764
12708
97686
80642
10630
16640
2750
92745
37680
42155
57929
9148
29748
93367
58044
23351
11082
34961
75281
47207
60927
6564
36344
70304
62098
35609
10446
4095
4734
55273
19235
95376
10188
87867
57765
19182
87683
31914
53051
16510
60508
36456
6285
91652
90400
34620
1456
34929
26418
44703
25295
6837
36216
87957
6927
1550
20497
64393
17419
17494
25003
24999
20930
52050
12013
12702
37995
88252
91009
91263
90407
58232
93501
25131
58905
15802
49582
38602
34290
67354
21884
13146
45295
59139
84367
64093
69086
48007
24365
37465
89172
90227
4489
63137
4614
7792
75164
94580
37856
20128
97493
98040
83117
83568
28609
82495
41553
52142
7360
91793
13760
16073
37590
54566
53190
2139
16505
59168
86231
88202
47611
16046
18685
31569
63792
78032
67248
91734
29349
46746
54823
93508
92938
4009
38748
42443
37252
3525
74437
61436
79732
23425
71398
39651
17063
40781
61839
41368
82069
22451
18967
73259
15667
98884
9607
48705
56710
11479
81519
11797
54967
67098
7649
23655
45032
91349
15397
62141
29920
12185
75977
8437
11809
60404
29583
95484
55036
31804
53261
7491
48900
36116
37966
49115
74017
1946
21116
38445
1031
74958
9416
49811
7158
33122
77556
95322
39840
97259
34952
52838
80295
22847
48959
45890
40159
62511
83630
5096
70495
94674
12169
86453
4534
3811
4113
87388
27549
80185
93491
58407
99601
28183
7638
51949
23431
51779
2714
16506
53739
58090
20375
88501
63015
84149
77464
81151
40607
59642
75364
40785
50925
9042
3272
7385
72608
66230
38946
14227
46570
67928
36254
77656
38595
49052
50919
61683
31056
74770
93876
19390
35607
25744
92015
62192
11049
65395
12762
57244
82619
82051
58192
14250
96604
98359
23960
82517
96389
18366
38384
6035
46516
38253
57108
8756
29235
97763
85496
79036
23813
29036
41361
54119
30283
85269
48097
77460
83558
34171
57819
62970
81720
58313
96814
54704
15589
96648
96406
24899
13128
67852
14927
48524
71182
98946
63314
34022
18720
14307
15068
48783
20161
81358
8684
17708
90635
34926
55851
93625
28348
82393
63759
17077
45455
46709
55604
67419
87417
4456
13421
40860
75229
89275
1578
7083
26870
49542
25800
49234
98641
861
77853
54342
71749
46212
19313
82337
71611
74666
29871
64791
69500
23345
59267
75074
3567
97320
86244
1052
16571
19940
19697
7050
14719
34324
32449
94159
45092
41609
62412
30623
98903
89217
27049
57550
64035
17421
58306
86631
9940
28942
42573
6602
62888
15304
45066
22275
87121
56797
97092
14168
2424
37503
91706
21910
92626
91389
87861
47717
85312
82293
60435
69004
95392
73994
87179
4570
91548
65226
75601
64602
98717
93281
69029
81908
87812
34755
50347
10769
9833
21594
5481
68494
93145
55679
19097
40139
55622
19280
24848
94284
20717
25736
76964
31592
42140
14051
20439
80073
6324
547
3722
63177
68269
13912
2551
97358
51537
62062
22582
41130
65996
69039
83943
43941
78369
1889
21040
84385
61632
69759
58519
85367
3282
51293
43041
56462
56321
28453
88378
47888
10197
47639
49519
92071
89968
25082
38142
31023
37174
80163
20925
89734
47962
95441
82617
13426
58741
156
90399
82117
66891
85722
33120
76697
29998
78309
2279
8590
46805
56143
46565
62446
413
43095
55587
35296
61873
49970
52657
41551
91970
89444
58363
53968
15542
42830
90619
71670
48116
55562
10457
50278
45125
21777
34440
59644
72157
126
35991
66887
28570
93841
45899
49872
99987
28461
13568
83216
15349
90626
61591
53381
6330
92420
10077
3447
54932
91229
15687
75199
95529
62138
90812
43941
10982
360
10420
12108
84711
33065
8878
2229
22659
42629
86700
7446
46869
27912
23042
79825
88287
77340
9268
43182
22276
38190
63825
90795
30710
17498
2643
3329
22039
54277
6153
32070
49701
35962
88824
21458
87374
62016
83869
5861
94510
21721
73955
20395
54224
93622
75706
83126
53238
80568
4433
32036
50246
13560
71636
27206
17804
18987
88964
15290
86566
28267
88557
9738
18949
39809
55291
20358
60282
39609
32465
612
1134
68311
95162
99386
9130
77570
33275
39018
84503
31864
41537
61343
86203
80199
45450
80278
88750
97520
89380
68721
75678
39870
6002
25351
90450
24342
82609
44941
39896
78462
48553
46233
35652
9643
93333
5838
22609
67242
9014
15920
53111
88447
72874
30953
69454
16109
83676
50109
21887
87364
35720
35727
36288
87673
14544
89577
20254
26093
7944
82776
92628
2158
43475
88035
41279
34922
88263
10792
27329
43724
67005
72913
46901
82695
42186
51736
79958
86799
95332
39699
49504
77420
94843
79619
7480
17044
70262
29406
33460
3076
18213
65977
69150
42858
28236
37323
57511
62526
45474
90972
71369
19180
55054
66209
1045
59543
90195
83185
67582
45458
97952
23994
56742
1085
76247
82449
11750
22895
19721
72021
60124
90258
41494
34484
31206
71513
20855
23915
92927
76828
45680
49654
95947
18442
37342
74202
62657
92127
85840
76096
22452
77188
87978
27033
92932
58260
28955
26539
5128
30753
84329
30037
63540
40408
79795
35578
22048
15003
67461
1065
49716
71795
75563
24188
21542
23312
24039
93775
18832
37974
30934
4100
4658
20384
23586
46982
54835
41666
24520
13580
51438
83297
13944
65982
28782
6269
73516
40714
79787
64511
99424
94634
94499
58984
3625
44051
36851
60707
5145
73725
65233
73442
94232
92463
91145
83024
64804
31139
31872
92015
2357
24041
32779
61279
4387
91559
95201
19294
84362
15707
47147
3978
62566
94050
65201
42823
78770
50968
4334
66234
6618
61598
33181
36106
20105
13726
9226
25358
74957
29136
44852
33250
77060
41434
99969
12040
15910
79870
35502
4773
73645
7343
52543
9975
2043
36441
64079
62204
30552
24013
98251
53066
48122
35340
37829
39394
22367
87030
48373
47408
51158
33111
27259
24799
70246
9129
13060
89769
75158
20819
82367
37334
6647
79729
61010
37503
64618
90853
46635
61854
18131
96148
13775
9940
26407
10663
34966
66629
57051
44923
11989
13454
87216
78388
27433
82798
82533
49353
34231
39225
24379
20548
81645
63854
56778
71397
18024
27661
89400
20418
67605
21638
70617
37866
40194
88501
86743
57678
23292
64794
84799
85255
3881
88057
28915
36020
1623
73742
28466
82343
73901
60668
20514
78277
9159
41851
38429
34530
58986
66183
62039
9919
660
78277
49946
47481
12699
84291
90890
15858
47921
76919
3028
71601
70654
73594
67553
14282
22764
40737
46442
74786
52345
4710
55407
49836
56510
5352
78222
30266
15283
75968
18794
45917
65955
42907
22428
51894
80039
31136
62489
90032
86134
58213
39881
19717
19650
25843
5711
85522
59906
72520
22047
81854
89877
21497
60854
11762
46804
17688
95589
89119
86747
2539
68875
49828
22202
19667
27475
54938
1935
24328
87844
84310
37114
10156
64061
58471
56227
53716
45573
8403
39852
46987
80697
42091
57247
98653
38162
40833
36226
35797
70803
137
69530
79138
63701
44757
10338
69579
47155
30976
10706
36258
77716
14980
94635
38497
7112
48851
48189
94566
70792
26728
12541
33234
26433
97530
55588
59209
89725
98653
64804
30817
44663
60956
62802
82946
31825
81494
36373
93902
15786
74306
79752
37333
54049
33832
60595
47799
85675
47119
57720
72564
31436
46048
58421
90707
49789
2214
9032
94260
20719
79791
12765
23123
25705
47474
72890
69262
7074
43559
30900
52063
89693
43647
65791
19492
1262
85932
84494
5954
12952
69378
63237
83344
68786
31829
90034
86606
46221
31036
50277
80431
38885
58951
15829
36141
65615
30916
87808
34645
82176
62715
75763
30741
59329
58466
58050
31895
85217
75619
59043
39169
20580
9125
57771
73035
66355
43253
91261
87820
63499
81327
23974
27052
6564
15327
66145
40286
15413
89266
28737
13742
72209
94965
9267
98508
20349
5738
68781
62737
81020
38753
99130
26659
89494
63980
35667
86824
5494
84095
41725
9916
64426
97794
64546
41975
96472
18213
28405
41271
28009
6813
58716
634
54051
78406
81451
93454
37333
51245
3302
87060
12139
1974
22309
74926
73047
97945
77510
46753
87241
45892
83219
16541
13731
74211
20864
49931
56381
2936
15424
97254
15295
85919
70537
71167
8698
13691
71916
30318
92290
14712
48619
44022
38916
18371
76537
81517
39552
70559
76336
99624
70962
69490
78925
99848
75738
11085
12347
62247
35633
47052
89121
44983
83923
67511
30335
90374
52388
29135
21459
48413
25225
96413
40431
84831
943
2461
27936
99304
69195
8485
30337
1984
2740
8955
1683
45210
85112
65884
40344
23099
23238
89947
16911
42499
98126
22582
59279
64623
62409
23180
13847
60613
41330
31512
87089
69551
67022
89394
37101
98131
83164
76110
27467
19396
57272
42979
27982
48013
74607
18556
37325
97175
71942
54109
61583
17637
46139
813
29573
55741
1782
2954
3090
21292
96351
4122
24131
33988
24447
57682
66467
31320
12498
96580
26946
63718
66890
85443
98453
54494
11402
1171
55922
62202
42893
83971
63906
14537
5557
53861
88963
64612
7459
45960
90768
45108
79868
60573
65398
74685
84097
31053
93447
36829
93385
768
46280
24844
53908
76723
82698
28172
72503
45610
95587
95400
1122
45010
90733
97760
17462
42313
82537
98463
77226
79556
22548
58237
45382
58777
12141
28681
41042
60671
39496
64488
6613
13026
96201
98988
41774
65159
57720
70162
49458
50522
86177
71143
83733
423
88302
35187
61197
94241
84639
69435
20978
7234
1134
88679
17315
84500
21458
48253
22766
39736
48300
78906
28491
19543
18407
59234
31468
54005
15226
21316
42463
56305
63769
21920
22631
54186
58099
91180
9115
33874
62495
39605
64107
82952
84257
6543
45206
66333
32086
58876
8298
20243
9049
43860
13964
53541
46417
74852
40773
8685
31154
4694
69864
57352
55945
12786
76535
8969
97603
52376
9955
4448
82214
8833
94612
57437
56488
66553
60900
55668
95628
25732
11418
58369
64605
10997
40896
3458
8747
65068
51078
35068
27208
69864
13785
20272
85027
86999
60058
19359
82764
78205
87490
43052
93370
97703
9988
15605
49187
55614
56737
64282
35925
81282
63639
2085
92653
10185
18581
28091
91420
44283
29107
66555
22081
23342
9882
24420
98994
64010
96279
98584
23157
78337
25039
23667
78904
67987
64782
24143
85982
86171
481
29574
2192
74956
38991
14281
83657
11160
27472
81854
8077
49286
8553
38807
85899
3941
56604
79840
50206
1179
82321
66007
28368
33474
32460
54833
66421
96726
80322
28288
14692
25121
34699
94473
68537
68532
92032
88390
66917
73208
14989
6699
62802
62059
22189
55714
82330
158
56011
12730
60412
89247
415
63175
44084
95796
65152
15397
13549
8490
18125
27227
37354
95593
74472
46177
161
3870
38931
44357
54651
38456
61896
22038
78734
54625
2652
59688
20578
13706
13677
1940
80187
184
95610
89455
37108
70148
41750
36709
57620
72114
59964
548
45390
75878
16350
20012
39115
74312
57756
45268
24233
33168
89818
4919
3499
2188
8157
45414
75258
82771
77803
30784
58379
80556
44473
31692
37497
61590
78288
60173
50536
82054
18736
26249
83428
30179
8399
90916
15563
75715
67505
77576
53344
98453
24846
39541
28552
96038
32429
6397
15341
7586
66931
12969
66564
25063
94293
18333
90175
4472
28858
69604
12050
91121
80682
71772
57157
83586
90305
96243
44009
91944
51081
54359
8416
41391
79601
50039
93886
30631
62435
75932
10744
74456
83447
11525
60668
8960
6946
21174
54455
1186
80449
12533
36122
96482
11051
19908
2988
38795
77524
42667
53297
99011
54989
19828
85940
41099
69824
85112
33474
23034
36364
16871
81585
32781
96476
32621
15454
8368
11977
24177
85264
13861
16447
1401
5101
1947
33311
17979
3196
82392
95966
44029
49877
94144
12717
72989
86954
65737
64942
91435
93488
56452
55571
40534
188
45617
76029
69657
9246
83401
64447
5927
57760
63117
24963
96423
999
58771
75564
34096
69137
10370
40071
56291
71917
98592
6556
65350
68262
94106
96541
15444
39045
68877
24032
6018
10112
92064
40687
88288
96538
77326
45872
71931
28843
48891
51920
97688
33887
42172
49224
27342
21723
70643
18718
81960
99677
29077
90600
53726
70340
46813
71907
30564
19713
12693
68906
84186
96031
64708
84265
63343
11677
70153
72052
19897
84787
30156
19656
71604
85646
71756
7175
48782
91653
70196
76245
11988
10071
14145
82304
13142
1155
34466
17995
49445
76318
82776
42232
85650
52668
43864
97547
73495
81044
60452
57146
23264
92302
48053
38635
24346
51508
88208
44058
95982
30861
44064
38361
66829
76094
97016
52210
17404
91439
51655
23846
80142
31887
69869
13511
88747
70092
12087
82540
24927
40785
11304
73636
68793
80210
3272
9055
20621
15435
35268
1091
56890
36234
61831
82678
66405
34031
44976
20914
66135
6014
33671
38193
64837
46698
59544
94709
19626
94673
30951
68226
10977
45918
64213
45099
30614
2293
6028
11971
7376
38559
55966
77130
8581
94714
45345
98482
4320
84265
33385
33377
22904
99432
21964
9594
52915
35111
71450
15647
16929
66574
37015
76180
18814
96518
52928
9855
18075
37954
13639
5919
11913
10203
64441
25624
64599
29520
58240
55011
78406
80358
28569
65257
79190
63356
26847
60237
64059
43451
85558
43132
43449
20912
31875
57219
60004
63058
51
97609
79528
37479
25504
9612
91995
27592
68648
48136
94284
58214
43188
41873
82772
62708
82060
4462
99113
9552
54158
86575
4816
4993
98041
23442
81175
64575
13068
4984
35981
14765
2794
88306
49741
47131
17023
63857
74606
57025
85526
44651
27820
49701
44377
68828
60086
27280
96805
26744
7559
16968
16809
94824
94512
51205
72535
53744
81239
48510
4574
75839
18457
50200
88582
88002
17865
37021
3845
45070
58224
48618
66740
64648
67861
90467
21177
98770
49499
29804
92400
49185
64933
46659
28130
71280
98023
58941
26401
85785
2196
58850
10462
45943
52756
78930
26934
20343
94933
1870
12353
40191
47515
19985
89994
30668
639
87759
24019
87200
86016
8760
72383
99422
21763
2655
6212
25394
9831
64294
74955
31356
70797
2
74175
70255
51713
20066
66161
32553
7573
93383
12896
2267
32131
72192
62181
7690
63153
44625
30037
97564
26237
93518
90874
91315
42719
18631
87004
65756
45471
53959
97469
49936
83869
79128
91703
9215
39942
90156
67729
69367
91952
41594
94726
33347
90174
19914
78216
33194
2256
73587
59095
22432
57964
27194
20784
23524
8748
21278
93541
50388
17518
45524
49239
71912
48840
4562
37254
82973
62801
91283
54833
55766
70687
75008
80245
64702
54969
44798
69622
1401
60585
88553
10362
16698
47610
5405
17358
44633
11832
7856
45209
11622
71224
12282
45479
76875
95938
22441
64669
6850
930
75995
25133
15601
65372
7535
81413
94933
22628
6198
39425
77041
77460
72941
75651
39478
35313
2972
89847
90952
99169
60523
56971
57876
73481
24208
78287
60863
77121
8909
9577
21881
99045
22164
47858
17293
83050
77920
86268
74805
87292
50255
3189
16861
78917
5474
49617
38782
65761
3776
91769
45856
82474
21699
90183
84792
92661
587
52942
65864
95600
80519
28534
59274
83598
14633
35665
3262
80546
44775
9230
26418
72235
51522
51646
18827
90570
25756
13532
27841
52446
75725
59325
27820
21027
52558
19776
36734
85176
4196
12513
47273
61961
58011
61821
44156
64778
32838
11428
80361
59019
2954
26657
35730
92502
68945
14309
95430
94196
9176
56366
93517
41973
51025
1802
66689
98790
19051
73139
55528
55182
79931
2071
46168
7915
79535
96733
3813
25984
36575
91655
91307
31764
35416
8179
11482
34324
51594
14741
62986
10327
67068
40576
3809
39192
38575
92277
91684
98214
37174
23628
45964
95593
15573
12254
92491
30296
17115
86646
58745
97814
95044
53395
9374
81419
72097
88568
7083
65576
27855
94564
16793
76588
33367
25747
76036
34187
57710
62511
85419
24980
87212
35524
90946
73471
2559
24118
57099
26186
30234
74284
50784
80720
20947
52137
15940
71989
44181
22990
96573
69180
52531
86602
13730
25060
17684
76239
30446
66194
24149
9496
36424
227
58542
28408
340
52431
90750
27248
1730
89865
53047
8358
95125
15533
57981
49824
25421
35064
34011
92233
74388
79584
32292
49098
22152
92790
48122
14481
66684
96
82437
64908
59767
10212
2105
73883
26063
27501
48386
33320
98838
55427
22547
95970
28901
57144
55018
24122
54154
43946
83644
53086
52138
85406
91425
59087
85310
44398
35001
33477
8199
72475
3145
5391
30731
21797
55120
26550
97612
2031
11380
71933
99753
25927
1387
39547
99299
71016
91074
57558
9215
50206
7269
61884
41736
62827
97644
33233
73733
2630
48944
58317
75331
43019
21560
59800
15977
31960
98085
12155
18954
94958
26623
38482
31249
65055
95430
81979
44191
41894
12794
31562
78221
59558
75849
99328
49326
71680
59354
52949
29682
61513
50547
89600
97472
47184
80526
13961
62405
41002
65571
16080
38060
91909
90529
15196
97535
42946
59648
41585
70528
88251
25736
55793
4495
33676
29370
1117
44876
79650
27938
79249
64716
17195
79316
88463
35668
80306
55576
28411
27798
14932
30938
35547
40319
73936
34489
58169
98364
57731
2259
31971
30208
14868
37798
18930
56754
57103
75542
96951
41518
38822
96569
47345
23426
41917
39463
47984
32851
83771
71041
28146
53452
70660
83978
59575
6096
54078
6208
89033
91863
36380
56217
26605
64259
92065
10655
88707
2365
16038
37013
66646
34254
14014
38888
67087
29753
51437
66587
47526
91908
18262
69699
32275
40382
93579
64843
68933
85452
4887
28203
30170
84535
22759
17166
29590
8732
54497
62738
84162
11995
78947
78084
37531
13563
14429
24838
22290
47752
48395
99286
3466
89421
57643
26463
32834
92703
31202
77555
63943
6089
38755
38961
84072
94949
91056
63391
66169
6478
39906
1422
32576
63418
1448
26979
79819
90898
58102
83569
27213
69473
55547
67985
27998
18791
12603
39607
8808
8481
26791
3208
17630
90230
43625
15601
53723
13048
33269
270
30283
49639
12017
80756
24167
78828
38446
40269
92027
88380
48046
98546
69143
6598
91702
57960
50945
57596
89487
77158
6628
24106
39207
46792
72476
16932
28168
91935
69761
42388
84269
27793
69352
97200
81189
68298
21594
67052
89386
65514
30156
92391
86941
93515
8507
56022
68143
22492
95077
18615
28698
7477
32021
73016
44478
53810
67102
54008
3131
28781
63339
88012
80351
6452
77175
39198
15092
26535
96910
84417
61274
57468
36858
46087
72675
31581
31228
91461
49518
98625
52998
79945
28715
43394
90412
18299
55605
25170
33115
59847
63451
33184
6801
59468
89489
83324
7036
55658
66698
50101
52721
11272
11694
30427
41048
94802
24669
47441
6378
5762
52152
52545
70975
88950
17428
82214
49302
41688
53343
1286
8992
61560
28830
37733
54325
74153
69499
51024
52763
62596
21085
29449
18183
44809
64521
60608
35612
46019
78168
63298
74709
18829
10190
87191
26374
93321
60487
45806
30750
3120
15458
84928
63868
48754
79369
88145
98564
52385
9632
36741
68861
46773
80278
58814
32493
83649
68097
39654
18473
40577
69024
31055
27037
11552
466
42687
43766
49220
70634
8953
44573
54944
94809
88791
62339
82405
76665
72926
98128
94244
256
76238
45723
33588
66252
5650
71987
36851
58315
64679
77475
45329
96163
21973
6231
10028
2136
62740
2877
38499
5604
48433
13850
66596
99629
9532
35601
21462
31847
69008
94835
66273
36775
39276
28628
58101
95747
56015
61070
69077
11600
33864
72343
15415
43800
48538
58145
64224
89855
96579
8706
91068
51735
17795
95851
25166
24054
57237
19164
13775
42019
12362
87878
48176
69584
38282
23468
94838
20307
27945
42635
65958
29593
81738
20749
19095
47464
6349
34326
55421
19677
61259
48191
69173
79310
10121
26035
42456
22780
29523
2488
41400
44317
62324
48516
89188
22735
314
92965
18361
21853
18152
3299
80297
8685
82661
3302
39275
47933
64249
98612
15394
53037
73641
5423
9316
66947
88756
56451
60600
73843
89735
72264
27903
83835
10296
14573
34866
58785
42226
97572
11802
24509
95707
44136
23244
93024
83020
75171
82459
64370
28981
89358
26076
71225
78477
16414
12162
94593
56815
7119
33323
19350
39011
34954
38575
24081
70368
15927
11440
15717
98410
14785
98643
28322
90264
98711
67562
16664
42401
60820
88879
90807
86505
36477
62883
99317
99103
52355
83255
31154
39544
75312
68859
83917
73264
80170
67483
68634
83726
61193
87474
82575
1053
84898
59679
26145
6022
54700
95831
98063
48599
43148
93606
58121
3857
54936
26955
82379
30327
28484
6641
81487
91375
8872
26105
30616
83595
67126
33485
14484
96312
59142
35328
53841
21083
88870
57953
204
38611
54069
40274
60500
58736
69649
1568
17981
72070
14773
26802
38370
4994
60750
1066
67892
24447
11263
70687
60321
72242
29391
99229
37487
89483
84383
62866
93670
90800
50935
59311
55173
31279
94226
31460
86549
39012
29932
62998
66971
11832
40944
11021
46600
58045
12121
98636
4714
60871
93840
64491
82158
26903
30840
54750
89677
98031
97549
71165
52760
62304
46523
76884
97412
25368
77866
94184
26947
10620
9048
10383
79834
12835
5478
80264
49948
83497
49123
96659
31173
89206
19980
15741
79469
36377
48583
92535
17197
27157
39185
73866
85903
63319
45142
16056
20092
97845
88959
34263
98029
47581
12278
61794
58703
61802
31180
58559
52145
67381
62511
42567
65290
50172
55115
52387
85171
79500
11673
4825
19267
24428
9197
13480
21572
96029
58481
76949
81463
90870
27325
43478
14546
14608
31099
51762
32255
38743
48744
10479
58923
40302
62136
12035
78187
74250
12639
36394
29372
37777
57559
97299
93828
62119
66397
15546
57081
98204
26833
38294
68039
10389
75117
76942
83724
89338
20885
87406
29538
10848
80781
13441
37466
23910
16158
85816
49131
19941
33743
86699
79909
6266
51754
93107
4286
94472
84582
60637
61784
39664
19810
44580
42190
89492
93367
27257
82572
23140
55312
17644
19671
79407
44791
35924
60166
13788
59787
48034
19915
71931
68874
43325
70034
69197
27929
46033
41984
11692
26699
8455
22755
13304
94197
9378
21633
82119
45066
46238
59519
21713
48497
39981
33547
57761
85070
26268
31369
54109
47243
50103
44187
44074
53242
4166
32095
23534
77794
63079
83117
64418
66886
77174
20015
53289
95512
43137
9023
90272
16349
13745
6476
53472
24743
66919
57069
99509
53561
79125
67084
5694
47105
51505
6657
39306
68097
69592
91298
18638
94621
8626
96703
27761
96259
64699
85017
38765
45270
6807
52801
11288
94866
82642
64792
90974
63833
2694
64017
73182
84398
27823
42078
15377
76470
17880
82958
12534
17962
3458
68167
91377
30407
37888
58947
68550
47233
23885
65830
7853
87100
64645
32858
66249
90980
33667
65260
44405
77751
93465
21579
23143
85309
30213
37173
29238
80171
66680
20467
18356
30132
31084
98077
32269
62862
28688
75147
12571
89099
90942
82792
71422
64639
42010
43120
28142
5903
89599
19392
86380
37625
10817
34562
21873
62424
99121
14601
41766
41313
65614
10467
57879
5220
55635
86608
20144
39075
18782
28793
59892
23877
13274
65957
69926
35599
29785
83905
57731
75238
4826
7205
27376
34049
11352
4608
93101
29097
95685
30211
20208
65009
74086
95332
46405
78347
65061
74740
65031
43651
11116
17067
89073
79280
34892
52345
64025
78759
769
92552
30396
49646
18882
96026
44462
91678
79923
68629
95344
82145
44676
47753
75164
95028
32383
40676
99856
22110
72206
10520
55487
60013
24554
56264
33071
30902
65337
36853
40495
85291
91464
7444
26356
53137
82586
25262
90386
26572
71668
98062
29859
46757
91416
47636
92329
84208
50377
60816
81650
73165
24041
71475
54444
98634
72645
10882
69252
26954
13417
94414
98037
70484
91654
55168
70962
49247
14768
27355
6899
48897
20302
82262
94021
61778
63548
40220
87850
74887
16778
36323
82879
53972
19209
13659
73557
68782
83673
45078
29816
50430
83480
86401
84723
13018
41756
69877
45910
30760
3329
51141
31139
39240
30628
66220
9775
72041
39803
55299
34110
3146
56262
6517
17366
96159
47783
28524
293
52702
22460
26782
6884
74514
56368
23790
75626
86475
53875
56221
56387
14350
58258
57200
41034
41301
19186
28403
65249
73536
78918
10153
87575
80064
76280
75227
82389
71868
57659
90955
11330
77635
70933
80391
11682
2390
18762
42140
23877
59169
7920
24979
3202
98379
98822
22225
36320
65466
10013
74052
55049
83375
4312
95163
18263
21826
3417
32783
34735
68425
90364
33516
5016
81878
90773
82844
91493
73290
25656
36820
21557
74657
45602
92860
41805
33972
39558
12318
78402
68321
63867
48553
23969
799
41987
606
79688
91075
11744
35987
66487
39643
80490
73141
97010
6739
70747
76485
31872
97961
24259
49985
74639
37998
42813
98875
12097
81948
4712
61817
4299
87149
56576
49812
29986
7364
76701
49446
1055
20396
51533
75784
90398
11836
26101
33321
18431
9401
69455
77236
11914
35992
66540
44175
39585
10366
14903
69834
47843
19166
31669
1371
42225
55199
64551
38249
75257
29466
45751
85901
8434
74017
78869
31848
70183
93269
13279
37002
51558
76175
51968
55737
96210
91534
17863
56681
88230
31511
92868
46084
33281
73324
99658
4858
95703
29245
39504
352
31429
13582
14382
26428
99553
50101
8194
41595
93720
82721
41310
29855
52674
4478
61044
10958
38917
66674
88639
59782
52714
58851
72933
27313
84228
66195
26409
72501
34472
50875
81301
68544
99089
83158
51230
38167
81978
70734
11852
97586
36409
61511
17820
86411
74287
32673
52688
44418
1503
64378
82479
44581
88625
27289
22220
93869
35519
58894
25973
32307
40449
27711
92250
71648
28929
51410
55592
39685
69602
86056
57496
62005
33000
41726
499
49990
30923
78580
53063
75483
59724
50194
34550
43510
68247
40755
79256
28678
58690
61262
75488
62572
92428
88769
79787
11260
74363
88343
23883
25629
91270
14304
20822
72412
43345
83836
25805
9246
36571
89178
19659
306
25709
11814
64133
47582
45013
70569
64862
73788
5167
43870
42751
3472
58179
34770
41836
48473
34793
43334
30565
3852
3667
78893
25158
70167
19790
10648
1389
59881
70695
63376
2350
83637
90470
57513
17138
86717
19680
66949
85350
91753
75854
90741
75479
44314
68731
94555
65327
6836
21878
82382
6205
61972
67013
30360
53215
11908
64211
35514
70421
81387
12895
29894
20097
72595
27774
56532
71161
45855
46360
5069
70189
71287
54673
59498
43932
64300
22741
59916
37884
72271
29975
58813
74491
18859
76689
52374
98281
60853
20949
2857
74897
34948
41217
51990
6978
52825
37347
94308
35450
77065
56643
90039
33850
93024
30220
87342
4938
18031
94883
76434
33564
42290
53009
38894
65612
80608
89544
98220
37303
1551
66237
61300
4278
80886
50683
32387
67889
51296
37051
27307
62304
71049
36017
77969
69383
10587
86068
63293
66364
35628
67549
30813
10379
7267
47327
968
28816
15797
81884
75801
44425
26801
9233
46508
20440
90235
91113
13927
54338
71890
21182
67700
49317
43708
70345
23844
49196
67538
38741
87967
88382
83041
83156
86429
93419
15287
30205
39597
52955
63318
20920
48468
92858
28449
75638
54820
39043
21012
79325
46741
88946
59865
43449
1919
68795
64025
23066
96014
83049
24213
77118
70725
39938
38782
31668
4325
61879
49793
57152
41336
29916
77986
1232
95518
41502
67308
97239
86546
12375
39904
8814
2213
34767
9460
44553
91302
16732
444
20718
69191
48847
43757
40950
5162
41337
55377
90215
212
58866
24815
53096
60020
86060
72970
66851
14872
18454
8802
55369
55674
98084
45756
93811
56479
16638
90698
59421
80047
17887
95915
55286
92243
65908
32128
49551
27421
55789
23992
28275
6732
11760
5201
116
72241
74874
1808
48265
18030
72795
36145
97576
91868
27943
58139
44080
45120
2607
19449
82638
87804
96586
43281
6506
40761
17842
31118
22383
18008
22863
1194
2415
16426
76787
82677
50167
66941
95145
60238
90878
64960
72510
10702
93599
54011
31065
24127
98307
40531
65269
5726
21590
62517
9074
25046
22214
62749
32947
88190
72772
99457
84455
50617
13342
89938
76620
62364
26064
62935
90411
14690
71268
83674
19459
44707
28407
96346
88377
55913
25180
55667
22654
22395
32710
76707
72655
35127
26446
20541
62823
22618
2912
83378
11625
56100
85539
40996
23077
95267
50337
81394
76753
75930
49090
58677
57213
37823
21565
16755
4558
20126
23340
37495
6353
24270
54501
68599
90423
5482
6283
15739
6889
44707
96263
68941
98597
87609
20919
64280
6810
71339
79788
24963
36842
13476
99416
95893
21361
4627
93059
41623
39122
58192
9994
91577
43265
71917
49951
72730
33037
70112
79014
89262
61145
47994
22979
43998
7731
98202
4849
43512
81175
7712
60699
78620
31936
86457
62746
87779
87308
57277
31209
75672
4196
15355
5710
72865
34622
64795
42112
39733
13559
31614
83750
89350
11901
6263
4236
3152
53054
47329
72372
80720
33119
57102
89052
73614
55625
99381
18474
60754
60967
52560
53876
3365
33400
97681
70263
14646
40980
5139
40786
64222
9127
30116
16598
26147
53101
95354
51519
81627
82859
96519
12790
63268
28848
12532
16821
36791
26801
11370
61022
41467
64540
73454
45336
94711
37700
41535
61367
98896
40432
69922
92126
4813
42419
61191
68989
20358
59189
45862
85826
51907
30899
27892
13089
94766
4886
99719
42561
42860
66109
43163
55833
82598
9818
98577
29294
63144
47915
3918
82152
87433
62333
61685
62925
95207
2829
24709
30949
16196
23302
84957
24562
95763
9481
77954
7845
75914
31255
14112
82826
12413
42358
61766
81225
57804
47797
17590
68485
78355
85675
16483
2886
72905
15479
36926
64746
54781
58020
43704
52864
17141
35419
56751
30505
88806
90021
38349
96721
54408
64665
25964
6353
18629
40361
93100
32065
29446
11930
4861
76016
22797
70385
20146
64682
90999
70771
80873
653
7948
31499
35128
57878
31067
30143
38743
46493
19152
97075
47670
46766
41636
35705
19889
49227
80998
64095
34331
11240
66483
60935
20397
43744
10813
69531
98639
4465
7866
95570
46044
14768
16355
53667
51796
9251
93324
81616
40647
34484
55090
38386
48100
95658
63936
54943
64247
82726
36160
234
95980
47284
38318
5906
32759
56785
73132
32302
72990
44095
57434
86155
35703
88196
6954
68656
23176
18989
16866
93017
96243
50048
92199
84895
84109
94789
69444
88324
61430
28878
45380
32231
54263
70837
83971
48646
49071
96816
76859
9010
92072
56511
98493
5417
19010
18247
41107
67517
26741
77074
65200
43987
48307
6650
42684
15321
78521
69899
67149
75679
47583
42669
27626
44004
98127
14043
60916
98669
39844
47190
30077
18942
31641
18812
59825
61619
1056
25136
96855
90039
68878
55254
83364
71310
83676
65178
7913
22691
79003
58347
53423
90422
84131
6072
48648
99936
18575
37707
55561
69321
16042
58946
46161
62857
95318
92952
96219
76571
78330
10857
68672
50488
66022
16379
60011
96679
41032
10759
62560
56102
22531
90951
1187
63414
86292
50438
18543
52407
30405
91428
81007
71943
38947
72095
70132
27485
47568
99833
59707
14296
14862
39063
10430
88811
51906
6540
48951
91145
68098
62298
782
83720
46698
69715
20376
71046
58587
69911
29212
88768
50147
80641
95569
23089
53371
17074
40475
69448
51997
58686
94744
51644
23260
8360
40321
24243
92999
4779
62360
47406
60315
45712
65509
12637
36420
86402
16523
75550
69054
44677
82936
77911
82728
55738
86410
13613
20648
68966
32869
2320
46726
11113
8897
34527
56949
20840
45672
41989
28167
37128
97015
40893
41728
22053
10076
704
57573
55632
22823
76771
9565
25485
22123
70478
30977
77777
63817
12620
51196
98991
96555
62593
73559
93003
18665
26761
7999
60064
3411
61221
79181
4816
54760
2098
98317
17600
87248
52007
26122
58292
79324
37025
23005
60335
9823
33597
15365
70545
56729
51575
4445
50816
51531
81632
89072
8760
59560
66596
20990
77471
17166
26845
55466
65822
80591
66733
21901
96548
17945
24418
15802
12793
58820
39519
80319
71542
41385
46955
47463
91218
57685
70712
15847
98563
59619
11159
86559
80327
67440
73416
78225
43322
6298
63711
60821
24429
7217
99397
25552
5026
53752
19519
47754
33109
34741
27344
25936
86208
21822
96241
78923
98552
54342
10240
29891
94163
5703
80366
22319
56153
42477
77551
73644
24581
7687
36339
55786
36700
18668
13910
62340
17039
13975
95271
37196
25307
31630
41504
45019
81397
50585
17854
37205
73327
18868
7458
46975
94795
21789
10983
64172
25928
1033
7630
56442
26055
57505
89428
56461
35262
31339
85468
46434
77432
53145
83182
64585
26023
43732
24388
35367
94435
15965
35277
1187
18182
58225
10544
70429
5800
22895
55809
46827
40897
20059
13389
71853
67206
54680
95958
12754
70542
59489
7863
75725
67475
65639
76852
30670
90984
46884
30764
57379
6884
82211
31354
62998
45066
53111
70445
67831
36318
77107
42259
76991
56883
81126
97773
29720
45952
54092
81944
19448
70328
80521
37981
36075
14534
46173
71668
24089
8348
41306
95601
6849
16880
19418
22138
45355
29197
63691
31327
28343
78088
21153
27202
80858
84681
84819
93370
40287
42867
4701
78068
42120
33560
93273
5497
70049
38174
44550
40816
43466
96763
10777
63873
93905
68095
82510
93954
21680
26485
4162
8015
10553
26038
28399
97103
96614
53924
36618
73741
51907
47668
57523
85513
31102
90735
7669
34639
46117
11968
98276
91109
42838
11755
69418
11472
23258
80564
80735
6617
94493
69812
73332
35917
42289
648
2366
21938
46547
10170
86091
79854
65775
78291
63790
78353
62961
7687
40183
82021
70800
39007
7536
72324
55959
65747
6750
36363
55489
20805
34420
55893
1100
78731
20314
35063
11937
28084
50022
84754
51699
67907
14090
96482
96618
33032
9334
23168
16899
90446
96907
99539
85155
86999
42546
94906
26432
26202
98444
33408
14360
43715
22978
21444
35866
28421
86194
11010
7095
88274
62376
24912
57221
11528
52762
70571
15513
88829
46873
98647
99778
79904
323
76033
5026
34601
96520
18648
61340
62632
17194
68359
73548
66038
57469
66986
58520
24163
7081
35115
95060
28389
65882
99768
72354
20771
11292
3905
50256
81666
20496
4199
33412
88965
35545
51078
19968
87233
18794
95730
32270
29646
41845
33395
73762
45407
37647
31880
78832
14975
87070
7313
68203
54594
85297
43295
31435
40367
37167
19661
1127
50824
2185
71856
55847
64153
29967
63629
75437
88052
32660
36847
35323
18388
80129
61468
43486
31878
92840
14449
45749
37333
78200
34713
82643
1389
11187
42318
75555
43583
11988
94212
39635
40412
52176
24410
65255
81798
23461
58541
53177
45714
21157
18377
71641
5848
37235
12581
58181
47095
40577
2346
69149
350
92936
96594
40486
55216
75804
29472
10209
43124
30285
78800
73624
48259
13755
54754
67207
75575
75795
18309
68721
26331
48431
40958
81741
72230
99516
71335
48763
46404
20941
53878
60825
42101
90599
47865
31193
84740
25074
91708
8371
6013
25660
55970
25689
22799
76116
49687
13508
19325
82026
76815
88044
26903
46879
16033
4826
96914
43176
4099
30238
54014
11209
65289
29424
52722
36125
66774
12589
8229
36945
43287
30893
74581
40581
90467
8952
27039
99373
82618
20087
42918
87577
12097
28543
98932
14848
93277
9083
95139
86105
45515
68799
58102
51350
21412
84982
44321
2172
34986
88480
86769
90814
75190
45469
61621
35038
51954
38501
25099
51336
16201
22501
60312
56108
25200
53080
26195
67105
25583
39284
21544
20703
10790
42554
82253
26395
35337
98833
28534
72235
75974
23975
18194
95884
82798
87374
15911
47908
36768
39974
85849
89322
16028
67425
80179
82895
24103
80365
89464
22025
37525
546
17554
51384
90332
1999
54038
94903
47027
36589
17103
27652
88375
30767
38257
9433
71619
17821
49689
61883
30703
89070
56570
10856
72630
41122
83353
70545
69746
18398
79509
22991
1721
77545
305
81308
72487
6044
71090
80286
69841
18596
44357
60505
27096
41068
90325
32055
97339
58819
88730
65807
45559
93752
42231
81335
17512
59404
92429
47983
72330
36284
41188
2642
52153
12311
59749
47527
29344
72121
61557
22617
18005
36919
51343
18951
50151
46156
25364
13614
43479
73218
95914
16241
12682
45207
17975
34311
58685
22262
60875
8284
4087
32821
66719
72087
7832
92091
99063
45773
54158
83093
97244
88527
1511
19425
54513
97977
91640
9327
80766
6368
58931
79997
19031
91532
15964
79778
79999
12698
93955
81650
45694
25468
77016
30756
71183
96195
66605
72049
58601
5716
75918
56388
5654
38620
23935
65388
18776
57900
1601
41969
35630
32325
36176
38038
83702
45651
8973
50872
32329
88787
20064
50404
41144
57084
34697
32947
42004
67636
42520
45249
88350
81220
62429
92082
89577
73763
96640
27519
71146
43868
3627
3247
80699
68680
19879
49983
74478
1706
58087
58427
35151
62133
77761
10383
93855
2581
60846
66722
56546
80387
39516
37726
9443
68312
91554
56812
982
92416
8520
15898
85005
76099
33998
4511
58258
8099
77126
44266
17876
23720
20544
29341
38157
79537
53899
63071
53839
56209
31458
79935
3884
86650
48917
1256
6250
68352
37194
86509
12456
59262
77559
88675
88273
9096
22859
33939
81530
90309
59418
53651
57027
62572
66889
74170
83718
32674
12892
67871
30008
84108
15532
76389
29138
67026
32124
71135
99617
4199
14714
895
35091
26036
82565
87552
59397
32845
31598
58231
52723
62811
73146
95740
30391
7696
2177
61726
74559
6408
2990
2987
98408
72140
87397
63542
97928
11269
70876
45564
31330
6001
62399
83500
44874
83552
88659
68146
31792
62090
47632
79331
34842
37338
61238
20099
29522
69512
56308
70367
10495
63848
84732
36608
56860
37845
43913
65498
73989
91399
74237
87936
34441
28074
21813
90387
84465
59218
28085
23904
68630
50830
42515
24631
36354
96332
54782
44904
69552
96037
24172
18078
17934
93146
29810
62582
92956
86165
20621
71630
50188
85488
54318
68745
95429
96793
55315
83677
97649
76023
65081
77189
70780
4128
42159
90292
33703
39027
13153
16033
39153
59217
79180
1837
44955
15969
48409
34696
93365
27724
40560
39145
37287
63603
72893
16725
90212
66313
65973
63662
79215
82607
7539
79973
80138
69065
59358
39872
74216
17679
43452
68434
89271
40991
97223
13059
99150
40423
12177
60046
59907
46628
89062
29106
47252
51247
14337
38878
98056
86447
6506
99843
25711
35954
57514
86209
5243
9292
49561
92962
61344
94189
3779
68939
26222
7621
98329
17897
91180
45214
67688
31344
51927
44381
61287
95631
2716
84185
33281
98758
19803
83687
21919
99155
30781
4912
16674
31195
97723
85870
26179
60415
88921
32733
66809
17478
18077
95249
58249
30600
50737
99
90685
91416
36590
63027
71677
5844
94883
41343
62219
11149
34541
22927
45742
83697
82361
17101
28902
71994
66392
86156
79942
23825
39604
35588
63439
77149
59024
76990
46985
37359
19330
96585
55738
59914
9043
98631
99912
16239
44016
3463
31152
23297
54579
23641
53103
73603
26704
31832
10446
30605
47874
58689
85498
28815
85053
40988
84449
58123
29080
36404
70535
13312
39601
50427
43937
88934
8086
4221
78535
1253
34327
51901
70921
63909
16342
80077
80011
33340
57475
54835
57219
63631
60457
33880
91768
81473
67480
63332
37759
56538
57045
7165
59370
21488
92636
80654
88204
19296
25598
89133
80549
59927
42612
55856
8056
13940
28089
26794
43354
61791
82815
82532
49875
43842
1934
68586
46006
96349
86338
69423
13552
18919
54790
87611
41606
9956
56303
72188
23303
84115
14020
80347
43634
71797
18494
88145
59906
33053
42183
97606
81749
21849
40407
68976
93296
72474
59917
77232
96399
74844
88383
50000
66678
72925
33973
92074
3582
65515
30505
99214
77720
20336
20528
45468
67706
870
41058
63968
76465
77646
43998
91507
80129
95599
26591
13499
80147
56389
64242
42963
23121
51087
50034
8771
12204
83646
95193
58373
73217
37559
69824
24469
45303
43878
24227
60921
25585
94842
96879
30654
31410
87442
30460
67465
54085
64979
18606
23239
97740
8237
86319
57558
61417
81147
47924
57956
51446
32725
60734
18972
52192
48833
13080
85917
43280
96069
7698
84566
77020
27277
44944
39176
12853
72568
95708
52761
48513
42199
18580
97078
34480
5747
92377
73660
44977
29501
77922
6280
72885
97378
57479
319
23020
58393
26031
54387
60393
18684
59250
24845
99306
28955
83947
96420
93978
80964
19025
71013
20523
55122
480
4488
48006
96807
19971
64492
62692
51965
58288
32448
73206
26670
39505
73430
85105
6838
34601
39573
87927
33348
61942
47271
80359
56432
57879
74499
4445
56699
76988
87088
26135
3068
82536
28613
83183
93595
7791
24027
48592
21602
58695
65456
92469
58807
86499
19767
27153
97699
37803
26211
43707
50535
43433
68112
9438
16208
90113
20132
9410
3165
46451
78797
57230
21043
56155
64168
31200
2956
87117
35941
89497
90705
9917
13449
33072
80016
47767
26613
43963
21417
14841
22820
63024
16591
34660
12576
31546
37097
43733
60523
30202
63862
88967
11243
29635
76514
16449
89076
42499
81123
76877
74354
82246
39579
64425
32627
84229
53450
8873
86420
80696
63270
96753
74017
32274
56006
46368
78159
14569
60640
25806
15038
70276
24150
22101
71536
72912
15324
18721
94932
71891
40929
90785
44536
46532
85052
38197
6731
18713
98427
53946
54409
18072
98777
45393
6972
62757
24212
6105
2270
89699
40622
12200
40551
3944
98069
82858
66508
93830
6424
32166
71030
47783
39075
87516
20036
44360
29757
16102
97112
87192
68238
67380
96465
21234
23488
3548
16034
74257
69160
28163
21270
10395
940
6455
66591
85207
82519
5043
83767
34624
36702
15182
39956
6248
20329
38241
44549
21516
89377
71008
43284
48384
6266
28107
8930
29489
19067
68110
72436
73470
7459
41759
37140
88108
10514
46988
95777
7757
16112
63100
13012
8700
1529
55708
17058
36386
58639
24105
9933
19431
82005
42761
88808
69797
38313
86182
44230
60495
35878
97203
54815
62379
1284
54893
60640
53846
13188
18078
27720
30844
774
11200
21362
41183
6480
22817
64380
55797
17683
88053
44104
1334
18216
81200
39063
46103
4624
99585
95237
33225
3237
99328
52623
85031
87264
20848
20105
14628
87699
39416
11125
23325
51820
64226
42077
72004
70113
32754
89014
38026
62275
38053
17310
50871
27297
89773
18703
59770
58149
10690
41483
45197
99705
82050
69248
14763
65555
44118
19399
61394
97576
35708
8487
3219
93031
52479
82792
12538
56958
99866
98574
78630
56075
78429
9458
33740
7982
1522
95087
40480
56727
66999
84952
16265
46217
53295
12103
49570
38931
48790
5086
11689
58472
5467
79901
15141
70825
97059
62661
81920
4982
87510
12071
28233
82574
69940
3427
69529
18530
94668
71991
62887
33915
34145
47107
83470
16034
547
28755
12866
59892
50833
66193
45721
5509
75892
56279
35547
75785
74847
14372
86068
47221
92084
21404
88998
79989
80123
45352
97377
34201
46355
26450
95743
72940
62256
74968
23298
29519
97957
40344
22760
34264
53477
67312
62529
60416
88913
42237
96871
10472
76908
83672
38582
87287
44696
51522
73689
7540
78553
63839
19818
11600
83890
18775
97575
49094
86397
40188
770
69666
76543
93901
92124
23552
68099
58025
92494
39727
11125
92373
70902
63344
26867
2890
94090
14412
91235
50703
53302
53845
21058
1822
40508
12890
71058
43560
39090
69310
96937
55734
98778
65612
9352
49243
37327
65733
81447
37374
34275
53272
12603
45529
18322
73178
24884
55573
40058
89834
81781
22304
12446
71372
57829
80829
19018
41151
89412
47124
49448
28985
92774
13906
60919
56034
31184
33638
58804
31407
19214
87211
73619
7304
88966
2026
36499
16810
45325
90040
20075
91031
93658
56254
7450
2026
28689
61435
49597
37544
33773
99748
18660
11890
31313
64967
21638
1828
56170
97595
7040
77637
68631
45861
21083
15809
96007
69226
23309
19649
50838
38439
83006
2026
2026
1662
88957
83794
71013
68494
60177
38395
91816
6363
58413
4595
62791
21216
81326
66528
95311
63003
92684
3311
75005
23376
23732
86518
24083
41510
47350
27432
25347
48137
76485
36217
67208
89718
60753
90155
52247
90740
24068
98866
81855
69108
99427
19307
55262
31823
15391
53618
29358
61904
38152
35616
91204
29865
96759
79789
10866
23008
67452
69543
33841
25797
50880
15104
86029
23630
62534
24570
46837
85801
60308
16135
71511
23334
14020
31600
51881
25489
56764
54305
60056
83797
53881
87072
23930
34356
71397
30229
15273
32181
71582
39364
74150
58862
84594
56149
96424
23205
10786
87613
75285
32480
25152
52945
19154
62518
6199
14165
98725
80305
49347
48504
52588
24326
15050
51310
21666
97645
58774
22420
2308
79357
40753
75320
23164
12746
71030
17136
34949
33414
40699
44136
91786
9691
92171
65102
45841
94785
93853
53572
31735
80163
44287
30737
9652
94662
72905
1303
93904
84349
33541
99188
99017
95987
65518
80269
85518
76142
95017
64701
80481
99736
1883
28108
60936
93793
57681
24180
44278
21254
84066
47845
24484
2555
54419
86082
62547
99409
97492
46562
93257
90732
21698
53121
15276
24531
59228
26331
21874
97178
42128
74293
83850
29757
95027
12889
51141
26054
56477
32873
92100
30394
55529
73917
76413
27260
39658
39369
91396
34817
97491
91413
13950
9236
40359
40354
57412
18921
80651
50720
43177
33168
61006
87538
7604
65996
67384
7276
66486
62305
84641
23212
81974
37065
70243
99961
327
8858
57982
97101
46263
23099
12268
91545
25141
52379
81933
15055
48749
16259
11018
24398
66098
12566
26113
32877
6884
30304
40775
71445
44263
251
27714
93130
45258
6024
86500
76751
98423
69006
23605
56920
73084
67588
88245
32638
99352
70864
68528
23142
36075
54822
98267
97691
28653
41905
79366
17832
87346
77722
86481
74884
62116
96530
18590
78540
35925
94722
91775
57337
24394
38494
22741
40694
79956
98310
64419
95313
78206
1684
88081
99381
78559
7993
76792
28054
80348
99514
96667
18566
76878
64127
13772
98672
40747
91548
30216
45665
28157
85624
77933
21239
34273
74004
15520
22935
26494
2453
2310
82011
77374
175
78636
31010
13370
41103
72229
75886
5840
80752
68564
59562
58184
32497
46268
75014
16286
55625
3839
26326
54635
85685
21410
37800
11880
59997
2618
68267
34583
1457
95652
86976
89940
45622
51271
3508
28449
81900
64630
10515
78809
61508
74185
90414
79156
40165
88585
16890
20423
38394
86146
93672
13829
91991
88058
6704
13483
16047
6868
67668
10055
89034
96560
62791
69010
6394
81994
99997
12084
6457
82953
84976
19758
79867
10798
40342
93510
2208
11111
18916
66941
85239
76077
41860
51275
37597
37362
1383
11903
46451
95730
98600
55581
67938
77299
67092
45064
86411
68967
86378
69
50377
4584
88982
48495
38120
61677
27185
79798
14244
11330
96553
46933
60706
41013
1641
39054
55113
34502
85970
78494
19895
15170
84997
3307
37690
9426
18220
49762
43031
98632
14286
98014
63460
48319
6387
29382
69615
76052
95394
78790
42972
93922
58153
67699
30161
56346
57951
14158
98926
50414
63651
77786
2157
52044
59068
840
91955
84779
61211
88935
15267
43024
14679
25776
41580
24198
34180
76594
65917
79091
34117
87078
27114
11737
2425
31108
56222
32995
90073
88060
56708
2663
46933
45243
57062
77449
92892
65440
65475
57274
58707
6722
84258
71696
86716
91437
67325
85567
25012
55558
6008
99637
31289
14156
44720
5321
73007
94181
21507
35960
47375
12413
63677
66684
68408
58986
42150
26951
91347
72245
70193
2111
83326
89673
88987
41909
19301
96378
56207
58591
88152
86791
21127
98146
53083
86741
79697
7732
13
78126
99227
75185
35130
3824
47378
76657
76668
71276
30212
65860
76131
68170
79930
85207
89298
91299
23263
90590
10183
64105
73631
42661
69566
50482
93385
31704
78241
57045
5929
36884
40732
36941
52075
28585
53067
23409
20434
15404
90092
64632
98946
2077
27188
22699
10773
22527
88885
87708
10187
9253
57520
54505
33739
70407
75414
45040
45624
11937
92577
19718
91105
52041
75503
62948
32468
16990
92285
90329
84407
29201
93402
57115
90183
91093
71522
63877
82193
35635
89869
68759
34191
11988
54221
62506
24368
37496
10542
81355
84485
46365
15790
2170
95014
39935
17513
25474
72627
60246
81092
91978
85114
50380
24773
34451
71024
4337
55869
53235
84450
37180
91872
34644
48499
52941
58143
38595
90875
94696
69582
70020
576
69655
26951
21436
59759
74371
9995
11748
15545
87900
54858
45030
42192
50144
94021
39292
36084
27988
26730
67643
42541
42305
82101
20741
83517
57926
53127
72458
46775
26656
82882
10955
12666
52319
55016
78117
38648
50577
90681
62964
29193
83766
93611
41800
59062
64461
65586
90817
68506
91340
47193
81202
27422
7324
34416
39721
16024
70152
11379
61895
64973
63604
52080
28409
30847
86927
53573
3131
45585
87574
64180
31150
39695
97344
12540
74328
61437
18116
46980
79847
67139
73338
18724
90578
44699
18731
85015
66885
684
47979
56705
25451
73902
70895
42084
81036
47746
61880
89685
46751
63187
26343
12922
40770
5669
47133
53619
34112
50397
6574
22261
40258
62991
2321
54359
80982
88184
28613
72462
61035
95913
34647
46779
29788
18996
18112
49102
83738
78819
52416
49115
58407
78608
52985
35089
53925
1224
97098
82645
62490
55380
44167
58577
97080
68756
15594
82159
42713
67715
21878
28133
11918
17183
32350
17598
79084
18946
38266
52714
40736
3712
87938
12326
82157
7301
87716
18440
40954
81956
42679
15735
44067
49698
82260
28598
87297
22680
66060
2371
49335
39068
13539
60527
97263
86323
63846
54737
75451
11632
81431
11998
51873
47426
27841
29717
9587
57858
63326
74441
53038
69522
27954
70948
95818
40301
74615
84239
26648
15608
3197
69849
26292
53472
62590
314
36330
94338
27476
32449
60566
29847
15813
28091
31491
25848
77072
1129
26224
59420
97106
25829
75509
88394
54336
6524
3622
76824
5673
19813
60972
78247
74177
52366
66690
87293
13063
23817
6996
5579
43600
78805
65419
80494
39673
22183
53548
69695
53094
32342
68009
88476
9093
11717
19114
15095
57782
19108
44747
2732
10265
57163
53133
83332
89312
51307
22852
60932
64115
65030
74599
84978
81377
48078
37499
59145
29205
69669
46002
36779
58614
28594
68189
25562
15180
4490
52782
10934
82473
89660
21227
36950
48471
86280
43423
94996
55990
74306
2600
75089
90884
77048
34738
23853
4380
15655
39396
47763
99046
3470
72658
15899
67132
5413
46891
2557
59984
26001
77682
26918
96375
22429
20866
96992
49191
68989
11383
29466
39258
47818
11187
61744
7372
62546
43896
26306
96178
11111
22909
85849
70056
99537
16528
42872
63751
93763
91120
723
7083
6246
12838
93181
54860
13458
10154
82610
55682
56825
49713
35575
41174
92676
77553
47613
1310
81728
87750
43958
46213
85489
68568
62647
93298
64036
65901
90772
69382
77549
13084
42735
92077
72376
71776
69497
21401
70421
52505
79585
41370
1072
29025
75427
81541
74877
75165
78090
30989
51017
22819
44052
5549
46225
70064
84887
18092
36773
43639
14797
57496
88581
90231
2204
32770
59473
23469
69613
17883
30566
54727
78280
59298
59871
44262
63469
68143
40434
2631
53218
75524
92805
96917
89873
93124
2277
16962
94218
75848
56942
80135
73745
81086
1083
46381
85738
59818
65146
85550
25695
64179
14348
78314
41667
55989
13438
41003
69238
61722
21552
30738
55744
51262
44621
44431
36042
52225
90523
75151
89215
66477
11667
95865
3740
77729
44612
61307
67466
98603
65394
84874
10469
61437
11909
28027
62523
65635
23472
69052
56242
86147
16109
86528
40504
98384
10789
67627
41704
19220
61251
30734
97804
3190
73938
32486
73321
6753
15073
189
18076
31396
12051
62823
62759
41065
31690
74673
4165
85877
31499
80143
42604
93959
10742
13631
21809
72296
64441
1125
5666
84491
90308
46526
87941
82730
25113
70963
20554
19564
56772
23776
51854
68259
92627
49653
33351
41809
95616
26477
28878
14821
5534
73118
42945
5535
89295
30510
34936
74520
33543
90133
73972
33396
11725
75780
79574
18265
38309
37077
82029
97956
84105
79228
11004
56539
92679
95040
55159
54646
47712
25695
77388
76887
54939
89638
85795
35423
7695
50608
15029
90631
7512
81975
14360
57786
3680
47078
60589
9468
39599
4640
65600
4188
37708
31228
84420
87038
77038
62409
44402
66215
56012
52947
12514
68184
14658
25799
87706
43317
86734
89625
88655
89627
36751
84711
36509
94053
27591
41570
14715
32653
37871
55684
70701
49101
63584
29849
42547
29520
58693
23322
70068
38418
51718
69071
12130
25876
61005
731
33598
99963
42804
18505
62256
97055
57790
42775
83134
42855
79732
3045
80695
97409
2570
73711
21890
20184
22827
71646
39299
22852
77691
13189
13245
78064
66196
38367
64740
3540
16547
29414
21247
55554
34551
91229
92723
84766
52677
16326
88930
81071
66600
59458
89538
705
40226
38994
34333
34353
67783
40143
74282
40386
79740
18892
8001
47347
98595
57377
65585
39905
30100
20474
24127
41928
82859
38412
34999
13684
19084
72662
3869
65493
41491
32070
96438
79120
83850
18009
34456
51108
32355
60515
48420
3763
3395
95284
43241
1543
25127
73055
59737
85596
4834
9312
67727
94850
48662
27214
97752
65575
68966
35415
48087
11899
77693
14908
6163
5133
1151
68205
8178
26571
50258
29509
11414
42903
79485
16105
20812
24397
47095
83830
67762
38106
3389
74052
77486
64343
8000
6182
6615
33995
9240
80586
86253
51321
1817
52604
46621
53456
84917
77275
30003
90214
8816
2607
44266
364
12154
6303
42934
85916
73362
42770
68490
23603
61186
18714
35727
83804
35504
41989
3607
5347
91489
41109
63929
24357
60045
93602
15592
38380
15741
31120
51482
87330
26938
42399
52619
55442
8403
36898
7644
89935
9977
98017
4111
22507
17369
71289
78533
28080
72800
79909
87713
57104
78521
82712
33065
52807
3542
24008
60194
18003
23617
23337
19691
82212
50366
97126
75569
99958
492
93880
98824
61080
34238
15243
49044
70189
81236
77674
29129
16084
85352
23531
96232
34624
50710
57577
92441
78132
18187
52909
64487
59300
97639
7404
87393
32304
10910
62563
43260
77310
45500
14457
84782
28815
70240
51270
57344
28751
51468
61001
81068
28722
1906
92262
12736
83650
40300
19564
32633
41598
72169
6440
69319
88945
604
1358
61442
39833
60196
83065
10238
52496
89443
76390
59281
54501
86534
66897
98995
62387
48338
57064
60730
41354
43566
53047
15971
88212
50561
61711
3453
45442
92887
62974
78818
13837
18158
85366
19009
33172
75590
56188
56475
45423
33265
261
76621
31481
17694
4226
5939
75735
66245
64589
98972
70383
60093
11779
48536
96335
99439
77543
21901
28192
13330
62035
97295
24901
82562
28781
3417
13043
55808
3420
82536
72321
50101
89617
67184
93877
72710
94641
74642
85804
54861
90831
33226
97140
93914
76140
11522
14557
47381
82366
49851
81403
82267
28339
48873
18159
9306
58304
68005
32684
46313
54604
90693
96830
71373
93631
79538
46423
53855
20079
61963
78002
4828
26782
51623
34448
19884
1215
94276
98490
28607
51923
9086
53307
29066
82202
9093
54948
89290
46949
7755
4102
63994
99289
83555
59380
22481
5888
65950
6903
76489
69661
56583
81809
267
81928
387
96826
54384
72496
22712
60002
42663
59439
331
69457
67811
87151
70225
13663
75694
6333
52304
20690
13968
74784
46347
22030
34592
83149
47317
29283
97427
80996
78431
28608
78009
50580
76083
34343
16689
27150
10473
69687
18169
44918
86446
88746
926
24696
79177
3890
90006
66673
25402
66073
10662
22033
2787
73373
24485
18071
19691
8415
40802
74657
51095
1292
9749
62110
53300
70930
55196
42609
62056
54256
8781
32855
48524
39462
7960
33274
1458
51263
26849
76527
4830
68474
48868
99611
13663
96142
12620
95780
26064
82341
18815
5258
37920
29073
52993
17761
54862
3912
93925
56028
98724
35588
62724
51772
61938
75650
33619
32760
5663
80149
60747
45227
51108
23211
58961
9490
94038
33073
66015
89154
74117
54951
11504
86133
94668
59527
64948
23057
22505
96578
97430
71595
18781
1691
52420
12541
74554
64108
98200
18126
68716
80688
97688
56956
51585
29148
4016
13805
83516
89608
15100
70545
52783
79852
18385
95419
60059
19207
38923
1303
9622
20014
86865
84496
67879
41822
61747
57173
85174
84511
21553
56461
50624
80206
85384
60170
20123
78540
66778
31453
34513
83467
85310
35471
59525
75591
19293
37476
94286
8555
56063
67930
64410
8936
58771
88112
3266
33353
78019
46329
53962
67417
80618
39275
74270
45485
8964
88304
47652
57600
35561
99520
38160
77577
51738
43018
73947
87348
40371
17416
12137
52551
35106
25359
76813
16665
72379
40502
14437
6675
97429
4346
19976
64550
85684
8900
24384
58885
85469
277
47870
93734
16425
59712
54406
5657
53392
67960
30323
65912
65093
69356
25793
46033
98161
11121
9341
80143
47183
74524
22872
49681
88656
54801
18838
92653
37584
90281
65706
9429
95914
37664
92661
43745
56798
86844
61533
51609
92891
78266
63920
33420
44770
70827
85653
4373
29138
33973
11303
52326
48480
4322
46616
3789
22470
56381
41648
5952
68077
89085
95542
99818
36741
72354
76737
42057
42993
12469
19538
40369
84865
5187
81012
18429
55860
57746
39377
94451
5671
60472
99689
74016
409
24769
29999
18943
2880
26456
55603
2679
28837
16751
20761
65973
93246
72299
17008
91388
80172
62680
1549
83644
78922
54105
61412
62560
54925
77670
43014
10612
18213
64261
20325
81369
19750
63579
93570
34612
18715
96250
73694
19839
26544
87193
27973
24865
83991
68576
4209
11201
95469
92184
61098
58137
43554
60719
5584
24538
47973
73720
75848
28903
45503
73688
98356
12307
8054
16094
82949
72979
56655
74800
40206
12041
78527
64848
17728
54386
11382
83970
58609
43651
44973
87295
75178
48552
40308
86625
85727
92415
42152
36263
67152
47365
35276
51999
11967
86724
15014
52204
9153
84521
33948
48061
54298
52122
26111
40601
84007
7869
6960
31153
84019
71060
78274
49953
74472
27640
16968
2627
63560
21257
24004
25510
94650
22673
36430
889
25461
81298
2367
95995
54896
14847
63009
68496
73367
88481
60681
39592
32277
14536
53939
8777
72090
31372
93092
44187
81187
71719
76548
56784
40468
1493
71409
7514
91522
55461
78713
56643
83674
1248
51496
62847
14027
39793
64733
89135
76733
72421
32984
70804
83497
95382
94801
59668
89906
28951
26226
21919
5208
98625
87328
46984
61365
83796
83407
63881
60317
5828
83101
20301
26018
32874
33083
82848
23036
45461
14075
20871
67174
94099
15095
20711
36653
48369
40072
4716
59212
24809
18344
5264
68158
70822
68641
3193
19172
95895
18366
26609
38926
83039
29862
93391
70061
50830
45415
89372
16452
70572
73864
78019
49285
6249
54035
49873
64737
28576
40801
44025
4654
55282
73551
473
30066
15118
91130
27970
96322
31635
61431
90285
62308
6748
94085
31043
71727
8084
17631
88942
71925
86195
2313
62825
5938
74062
96465
76616
207
48087
56409
82761
57440
12577
93965
87212
62999
57245
63394
70347
31629
10486
64794
31288
89362
64548
70924
78668
98851
43063
50068
84945
35291
24505
99636
13842
56836
34964
43955
67864
68047
59726
98618
87637
85056
48709
14603
14208
39337
48874
44489
62781
97223
68912
92306
85499
44669
19252
73877
25334
15435
44490
99156
17062
16302
15295
9622
31306
21039
29607
76178
5765
37265
33275
19222
36249
19474
80096
77964
16304
76457
24351
71038
27857
29747
49544
62519
21004
1112
71179
96308
17781
93486
59833
59396
7007
71133
77351
12622
65592
66902
64774
61653
10562
27250
32664
53728
64194
26230
74409
25651
78997
2464
15868
73819
51007
89173
52575
4437
60035
99178
88769
16908
48430
33229
43178
39767
51710
29414
34727
69784
13238
75686
19212
80631
87779
65261
7843
75998
4222
69968
21344
49146
58149
31060
68977
17938
68223
46832
26347
67982
59575
8584
9734
84708
79474
42762
16836
75190
80544
35471
75750
32963
95324
50806
19504
38324
8561
50448
2748
53157
95331
58183
60146
75198
93014
44975
32561
36963
59061
89788
42489
27687
1107
584
58947
99675
71203
22737
48186
31294
31340
84290
94063
13641
75427
13732
22225
91159
27390
27674
68076
30161
55988
49865
7608
60428
46395
78013
38565
33070
2255
513
78390
13599
32623
5047
56931
41887
63586
79428
42645
29277
90092
97013
24588
5566
66031
30418
31151
78597
51825
71215
66103
98439
93696
28003
4185
75478
31101
14341
24945
17176
63338
91128
21455
76380
87805
79387
79905
45151
92933
65111
13375
85356
29068
19361
61692
14004
71311
95076
41124
73376
51230
8881
1502
7677
94918
68092
50337
42859
61853
4397
3454
94266
55066
77206
76325
63985
37854
52259
17430
34888
71102
44109
71917
40154
32722
82727
82402
97499
44662
31077
38828
44085
81319
78081
75150
99412
98763
20146
6684
46326
56265
65892
68099
93774
18832
62195
50498
59975
53949
91072
51288
71732
8184
67200
47964
42468
80846
76124
53560
12491
90203
57150
62178
62564
53481
69452
41164
61941
9168
52353
76737
36781
91576
19079
91552
23526
48358
53065
93464
38665
948
59046
64398
71168
1501
80253
94639
92246
12815
91345
86392
97124
92713
9714
2283
23294
93909
78899
26794
4445
99743
42846
31082
34588
6599
20183
85402
49226
53526
71606
33689
10980
60934
67784
77267
60229
49201
24341
93100
91735
69759
28332
86802
82239
46469
59451
69119
1677
14966
30937
30620
46620
4952
7738
6210
8452
89374
90416
7800
49914
63604
45455
91006
53595
43988
96675
32084
17045
40136
88401
80227
25408
91212
33510
76703
80344
65544
49778
88207
41738
22432
26117
28126
63067
54881
86240
19935
64490
56151
51292
29971
62504
94750
99236
82804
91925
76466
85701
87395
54782
23601
36553
29091
82998
63400
23681
92175
47154
79186
17979
23525
28704
32355
2612
4135
59904
24048
33524
11287
23221
77838
23050
26940
41265
75473
58503
44121
61976
25525
26570
6201
10617
10961
69736
33475
94572
34173
52909
71097
38777
20191
89673
16899
14142
59588
11882
44394
21486
35286
75359
64331
55716
69716
49319
79168
1965
16437
44994
83241
98634
42300
3334
14974
22760
76810
41172
23501
25376
9252
75366
58760
46734
40251
73791
73294
3285
40369
97193
33263
94463
19830
14080
98789
65808
25540
24785
54615
65811
7891
55235
81973
44434
22688
45702
5326
51204
57819
82377
83455
83013
76616
66997
20387
51210
73803
78866
76273
84122
3911
62070
96479
97811
16324
27200
12204
93502
79645
7847
10536
79946
70940
63512
27467
92341
40490
79366
77812
16937
66712
87533
64211
13639
14840
10291
45927
71287
19077
58740
59902
37661
33236
43868
37195
53148
10314
17950
82379
35767
21410
10147
99440
158
40288
47493
10888
60816
52463
27979
58524
87968
76480
91965
47093
53358
98688
83017
14529
39750
45973
5614
88382
57206
55371
73243
97519
61502
29237
89189
41092
1906
99906
30707
55075
80365
77692
98384
43022
88385
53365
26109
20684
19517
35801
69362
54893
39096
83226
47967
82009
21179
85078
30033
6599
15990
83634
98528
69911
56392
15120
84189
92099
23660
58872
54803
3983
79288
60591
12566
25677
10466
87696
72322
47207
21025
31364
63283
94413
98540
26682
51753
29453
26721
77121
1637
31903
82279
79839
42382
70738
9438
21457
29798
39165
93510
33245
83572
24603
71274
32626
11809
35591
78723
68993
99354
2330
69587
29910
72732
96887
423
33433
61684
25644
67915
27296
32098
95368
67921
20951
50684
37754
24088
23696
36300
30060
73022
11450
88530
8191
62739
46165
2314
99191
96495
32681
26322
30416
13582
29661
82860
36354
15061
26036
49582
15930
85572
19514
7117
83494
98641
78557
99882
48332
55863
98908
77714
10703
53477
53566
321
18880
96972
80497
95089
52232
12827
28063
70706
80972
86236
75624
46305
36092
2385
41070
3393
12837
11232
51668
5601
57291
26933
58737
5950
82036
80245
49980
8005
51886
85616
65821
82567
37200
15857
14369
19409
65489
60801
22658
61048
46849
18064
62162
36190
52890
50456
89946
8934
34406
67301
53325
29154
38381
78288
62557
51152
68420
24552
64518
15152
32600
66263
30165
98470
83969
97841
74723
37898
61544
44850
88363
78189
23903
44515
3915
82530
94008
97287
16499
83975
88590
54892
68629
99323
21968
77679
35196
58742
79829
72688
7442
50613
91848
57284
1101
64418
95338
99267
43150
65190
63636
95102
76182
44608
97328
62242
74464
3179
93704
29701
30886
60611
6075
32258
89128
83373
84488
79080
9977
50639
19081
93110
93135
60904
17842
31605
17698
1725
64337
68988
7943
48603
73444
35069
13445
55661
544
55555
27234
23632
1156
98618
43270
83423
32486
61148
16203
53430
77479
62491
39467
84364
28101
66896
94470
59699
34881
85043
76750
19835
5556
73095
48568
28719
14470
63121
59971
25570
35872
45150
16049
70960
59696
30337
43231
94437
1037
32297
94714
64481
66444
32323
69447
24439
39389
49376
37609
91982
55149
67270
38693
76080
33573
20687
14285
56611
94700
95730
16799
28816
52928
98766
98647
10147
53536
34833
90648
93053
87256
62344
96110
42148
96652
27040
25109
18468
44409
95534
73733
65410
45240
9939
54299
72801
85823
8739
36430
91160
71517
84246
59883
9662
60718
1824
77595
75611
95991
66906
89743
41487
54937
56114
19263
93491
27361
97470
48848
41212
37195
78657
42486
98484
72600
3198
99518
37349
15292
36332
75520
24135
19923
70793
68962
85571
56935
60120
36815
32026
16617
31911
66697
22212
750
86582
99922
55340
89177
15822
61871
70338
63481
40890
50372
8513
24575
38461
89723
91362
30565
57584
67058
47061
22730
63663
71043
57047
8407
12082
28626
38508
48990
62357
54233
99866
18133
66500
2959
45275
90320
71037
87662
53823
42762
1144
28656
79734
29301
12900
91920
61337
68947
36670
14319
51077
18438
17789
19353
70158
34861
70456
23570
15846
96054
35381
42675
31195
69393
85520
23051
63879
74918
81898
17693
85059
30676
62561
42559
16104
3775
85654
58840
16672
32348
39119
5906
47638
26252
15979
56872
46163
40041
63290
10682
65521
24151
49844
95060
59380
36918
90357
41986
3378
10726
36457
75137
56144
44619
3431
84454
11711
48170
24209
19963
90370
16872
32811
44216
56347
3149
43954
944
71907
67181
9121
48534
93819
27419
94381
68350
11597
89599
31456
79925
40619
57309
39970
92244
20264
98283
74327
29156
42539
95098
68587
88007
38818
77305
23407
61377
80482
59203
79584
68645
50545
52512
85766
57290
7896
9636
65746
30960
53982
17789
67469
96385
51245
22554
45647
35375
60052
86393
89547
2536
26303
33538
26458
12728
6114
27499
76370
9647
94725
91293
63776
59996
2642
56877
42987
27690
33602
36009
84205
13311
20674
74814
65965
3527
56912
88614
85336
72406
6715
7840
21829
43230
97102
69590
87631
48381
81077
38602
99352
69477
30519
58303
98274
43479
21532
72638
69924
64241
69670
82116
58753
55795
31334
4030
23528
44090
80085
83247
51625
45956
10884
1787
68361
77076
51346
13938
8672
89359
95942
36168
1875
19814
15144
70767
27236
2027
80586
44656
37038
87168
82994
32168
63006
98408
35489
14088
18550
63377
22231
28966
11032
14772
45144
9345
49304
70193
27913
54011
66919
88397
13939
36292
6067
58092
22243
29704
99660
99104
34263
22296
60648
26170
75665
56785
77680
67975
87801
25216
52516
33448
79565
77729
73144
94251
52907
58073
68465
605
96662
69690
86337
14109
58091
64421
1972
98244
45807
23907
68006
47641
87981
17038
79971
15262
77612
5306
21835
97915
74612
38356
12076
88728
36136
9871
94716
5868
1672
38526
70433
29245
69368
4601
99274
52435
94255
97798
39035
91479
55060
71583
62598
87354
41908
48105
74515
19231
56849
13805
6273
94992
20505
19267
58791
43739
86388
16593
63844
52902
84551
53877
34389
65257
99807
92573
56756
19912
99605
95245
8489
47056
59671
33782
12387
94303
11069
29694
59596
76600
2360
890
45404
64895
91125
88856
9963
96715
82561
49426
85522
29359
95189
10294
66023
63886
80477
65795
40529
78785
6597
69058
78371
97129
9917
91454
9231
99559
53994
35897
98805
36997
43256
67348
85844
73196
53203
60765
91771
38744
5717
55030
37339
93499
34581
35091
4389
1339
19081
59226
97866
47017
86551
81306
78131
34524
88361
29317
10589
57056
56935
27065
58275
86583
51044
56054
27056
78181
54368
1769
91207
24889
95018
5908
55529
91186
62268
59375
60087
76402
34582
60931
83424
71973
19903
30529
41923
37894
1288
57110
49676
46334
67769
98150
63743
29928
51471
8946
10386
94758
34949
26279
8461
3656
81917
86549
32967
17322
86477
7514
78476
8176
18456
84730
25564
27092
49030
36675
27325
6285
45934
64631
77671
74107
71109
50859
55158
44620
76007
2315
93143
46283
17229
80678
94476
38497
49998
85003
54110
86391
28277
50738
20126
86974
13358
11811
73327
9821
60468
593
59693
80592
54853
80656
62973
15630
34395
78706
1912
35941
13695
70635
30263
40814
9880
56959
77996
21527
34883
32418
39019
31401
15626
80514
97677
3604
49476
87525
9529
37799
13349
82796
45368
82264
62695
87333
78243
72354
20158
47375
32702
21696
56880
15946
83103
79047
20755
20716
43428
64862
53106
66564
30245
3696
45666
96365
92765
71587
68399
56634
85017
44719
53832
91392
37905
48917
94765
32362
69726
51954
27629
37351
77135
68549
8540
11316
30832
11432
70316
22273
37514
43043
15761
12890
93907
78999
68299
54809
2845
67019
49155
53131
75943
41843
61116
17821
24203
78265
76822
8050
56991
26363
94381
42699
45624
18006
50436
31101
41982
75114
41189
61421
16484
10463
69569
46034
99440
6419
5703
54385
32635
68005
24890
74553
83776
22234
99609
17222
73322
49717
89810
83408
34001
12531
13035
23103
72877
9982
77774
58451
95113
68132
87851
94434
89460
34439
40248
60699
91114
23144
76427
55371
18228
40962
21197
49696
60888
89069
52847
89452
67944
12520
20940
73516
64844
867
16427
9621
43563
5080
42091
82826
51367
35079
74221
65548
69168
69371
73422
78816
26024
85201
44773
78858
56011
29766
16491
57190
44087
66661
29604
686
15567
29771
16611
20018
12987
42338
72764
61396
942
75214
46024
82292
48003
68470
45893
92211
7662
9038
35764
42714
74776
11150
77978
84920
72868
72206
97484
10682
20129
68732
4805
23442
63765
7461
10609
74085
87846
39402
50448
62295
78277
79611
93602
4589
55029
17552
64435
36003
93395
10768
60187
98098
94769
2717
70971
77956
67900
84003
60935
85064
59518
49871
6263
75885
64136
5545
20986
89074
4499
6127
68255
21314
48396
30956
12606
8195
8568
7077
98314
31281
56749
9247
13586
6738
49331
17122
402
42054
76911
72526
53413
66303
92684
36722
3042
31583
31329
46566
31644
31502
1193
91477
89281
55502
5694
13414
74136
1740
71573
38920
72183
26192
16034
58992
48321
87255
6685
30809
7721
38826
31808
57681
49871
36664
79523
98302
28358
31337
97562
27889
76967
78984
15777
55146
86644
42886
68383
6029
71711
24905
46770
30633
4024
77287
76771
22215
14490
11516
31933
53004
75798
6800
70857
26396
18694
3300
97792
77626
81506
86785
52151
60614
36434
51898
58809
19938
49721
13848
69190
80493
34342
20715
32196
14528
67169
42316
21873
65653
88371
13011
27990
71135
95239
27054
61684
88561
97545
66641
75884
73176
9189
34251
54079
54388
87027
38945
40772
55080
22895
3141
34730
75750
35641
16606
65046
133
57193
76478
72512
14399
1064
7386
25758
40192
25645
60330
59521
14004
11404
64799
51293
73569
68156
25649
11155
45198
60628
19148
87143
27735
64377
72666
17653
10232
89814
66659
42031
1388
15757
64696
3444
90913
14013
74962
40544
7271
49585
94871
86295
71016
3131
65484
99240
55094
48752
49152
9329
58975
18739
43712
94823
54193
59744
92160
20573
74786
95771
32696
98532
46022
40308
7058
34800
68827
7147
9377
12204
79005
60212
15535
35742
57290
87108
13368
19382
62871
67698
93256
98641
93028
26157
89708
93472
43797
50058
31529
13425
93685
53927
40155
61412
32875
45047
62846
57152
97895
37216
70476
14322
65902
97023
34631
27445
76375
60433
31351
63466
15549
97815
47296
76624
6833
88390
36184
24023
64365
79180
24812
66223
81812
5726
10036
15666
75028
51448
4937
48408
12060
80340
47258
69334
61180
94282
74463
3470
85895
54331
28076
47749
23848
42391
73067
37310
93028
80801
3594
52944
9881
80791
92637
15866
4245
34091
73481
17917
24230
55459
8475
25601
24278
71664
96797
49326
23586
15119
57224
32075
5250
36361
10393
95391
71702
65130
82708
21403
42352
45840
50323
2542
25203
11994
88878
95320
31664
90548
57287
30055
48527
90595
98814
22115
40902
68625
89898
2901
14435
77700
51532
33712
16371
19263
44556
34879
76078
81556
93165
92536
79331
93201
42383
42686
77551
83189
958
5551
84904
53259
96658
16884
13963
41951
23012
4442
91243
78048
16105
18779
50526
38969
34350
85732
32398
21165
74534
16947
5400
50134
65650
53588
79380
80069
82250
31659
26051
93681
30364
31448
22352
62851
30788
6045
86930
75059
45594
76630
21045
34464
66180
77670
4963
84271
60314
32227
26818
44541
46211
56156
54691
76346
4694
89636
89532
33656
94572
92457
32488
27434
32184
73985
83416
2951
21588
25122
42355
19843
97582
62515
73287
14115
74607
82373
30055
99728
64842
91100
76783
75373
97980
92370
63186
25024
84141
89646
17709
88443
8708
98034
70789
1786
38502
52937
57743
33257
39113
35262
35179
18995
61890
77499
9725
62396
67890
48273
29005
99857
91937
47343
83718
69842
82969
98087
99046
98928
74293
23661
62218
80793
61818
56263
47453
1752
57445
74441
37599
59339
66023
17973
44819
42806
94161
42892
2844
62840
60204
8653
44078
22941
39990
73241
94586
89830
41472
91593
47331
5595
9495
31887
88906
13650
34990
25724
9694
61694
54151
65670
12574
11882
32493
88747
55273
54396
1334
26317
61515
71228
92475
87218
53263
52897
68945
18962
12503
75636
72705
3478
3355
55486
75678
54199
10017
70947
84690
71531
94258
67178
97379
56440
31151
80018
71881
36469
24697
2896
10504
85291
61782
50001
61130
2884
1439
47282
69073
67687
70440
92761
12583
66276
78131
53558
82322
71473
61541
87498
64140
51343
5010
93200
88412
54403
33084
38037
57703
4559
30883
37577
49619
74726
78231
32477
77375
59847
89091
27616
93893
65036
43660
60772
84289
87201
79847
12905
49738
97078
79630
19635
30485
47938
7163
90455
4675
68339
33685
55069
55281
74484
26824
5850
34363
29427
90075
90332
39044
84070
77247
97131
53894
20815
49311
64564
78641
19656
73085
5889
32230
622
86622
56024
34503
6061
21709
69047
62906
23721
71120
77319
2562
40509
61829
23679
68779
56447
85228
73656
21382
87906
89556
17487
921
93898
84382
44597
32304
58728
51597
36462
72092
28091
13544
41426
13874
52311
47885
53249
58139
61242
43960
79065
27454
44448
72139
6836
22804
73251
43168
17678
92988
23968
54425
28944
2126
54577
94969
46859
61805
29663
88438
62831
818
60322
77420
73606
86361
42973
95878
20208
75141
57388
57569
205
17103
25589
41187
98450
53397
78166
49355
73957
80313
86614
14395
81228
34908
60412
15677
86977
28323
35067
35836
9794
5228
86363
30128
42147
13964
45639
28791
26200
63141
77918
98914
40678
82685
24551
35483
8112
79199
79376
25544
15162
3863
35891
43948
84525
46043
51848
85865
12315
79937
21980
69787
26012
92448
48070
30700
86961
70890
39226
9710
99899
13180
62158
51074
66534
54343
69167
29293
93956
1395
35958
25065
58543
64877
78957
43197
77121
38068
60733
4490
45934
22311
11553
24782
81605
67046
5841
37511
50593
12527
78769
79156
923
19444
20726
42724
60676
85322
85952
69711
48382
3972
18148
3856
77310
60356
49611
38281
40758
55639
49124
76395
89315
77656
87645
47545
75804
48225
83357
30155
48828
93809
8968
28272
81984
54455
36130
74349
38696
64358
58035
43492
3722
90491
21211
12300
41926
47926
18063
79177
75516
48147
3873
26048
45233
38522
92025
70736
67078
5226
79214
80068
42331
10544
38354
48804
43916
2524
85092
54699
53337
79887
45574
86486
76891
95194
218
20786
15985
17266
94431
11844
20184
55544
37415
76471
13427
71814
73864
21031
52012
29550
52367
35600
2026
38344
20381
80219
57469
39095
49643
39781
25503
59432
64752
49832
87333
66797
79028
67970
13199
35707
67528
93909
84026
85421
24069
2026
98166
37955
42559
36443
98636
10056
45782
76785
36226
99426
39871
2026
2026
64364
74532
6422
65671
60692
75806
16973
10124
48235
86877
23554
75701
55205
75092
74322
34539
54595
50140
85217
64161
87134
50766
2026
2026
86620
76423
57944
69619
62197
26801
14066
26763
74437
80194
15753
61404
52536
24917
62648
70441
31373
45877
80690
78376
61748
59096
41194
63745
22393
28018
10938
59620
78273
11455
94664
21131
60652
99441
61769
4424
76034
76392
49077
16528
81181
73741
27255
22479
87682
40964
84770
80702
84131
65851
85192
9172
24094
28012
52481
17953
96344
64701
99805
25505
54425
85905
80020
45315
29590
70568
85742
70283
64479
87886
15607
25311
90329
74406
73826
99813
55494
33069
51812
73054
32369
67220
37526
58090
10857
26076
87973
56379
21314
51259
35997
37718
71783
25464
17097
61672
24298
35410
70691
21241
71179
85247
8444
96385
25056
21500
32027
41192
44443
65614
66996
42589
68136
95810
83882
57959
59687
99272
94556
7600
3381
30350
40388
45845
59000
91270
89876
81770
97763
5378
21673
19963
55837
22786
75753
22673
50124
60348
25201
14021
7083
95612
70074
46263
90173
68015
72560
8222
58160
48320
9631
77161
36596
14248
90079
81451
5325
7236
44098
5062
13015
64630
27326
71098
79559
80033
10047
74793
90609
74413
55770
11783
17137
94766
88473
9849
85428
31388
21770
6797
80685
66147
51936
79206
968
75936
75001
22901
97803
45268
70955
93040
36554
92824
48033
96741
68054
95745
22641
6589
78633
68416
70205
41156
33590
57382
92552
1173
50002
60433
1422
86702
5247
38313
64351
78040
66895
63915
32137
11019
27199
78599
31498
50431
50047
85216
99937
14971
5402
50616
86187
8736
45801
73890
77776
99576
55114
42718
59063
53376
86224
46120
46241
97709
94709
36226
97123
82636
42800
63356
8225
66662
42135
80288
61136
88463
92056
16052
42321
87733
88672
94673
81402
17167
45058
99227
89840
35546
44192
6384
28136
71902
2299
74944
10437
83728
84292
16365
99840
88628
88877
29216
78354
31800
83170
46673
15069
71586
35809
97989
17908
11682
35526
73916
54359
97466
6279
94018
48105
57934
86358
28898
82257
44042
81865
82924
62278
86366
57374
4742
5486
46965
25202
33634
67081
36324
78292
74863
25682
78467
65012
23599
166
3764
6633
44940
56958
45891
74456
20339
32602
53268
21784
93618
49487
99133
74245
80747
27369
77426
39079
80644
86877
88159
1896
54866
60758
24079
56771
45267
45086
35701
24426
33544
46470
15211
72161
57668
19737
34372
53587
84941
47397
84271
29188
34303
4158
62183
20989
70821
34264
40024
37102
97276
56075
46012
47254
80873
62511
79915
57950
3109
17302
15936
26159
14925
65019
87572
49481
25496
52272
44238
39191
64179
94346
62477
35442
41930
3897
1055
16240
87828
89710
34116
99445
25584
74890
53639
20660
2264
9827
50274
17203
59346
78080
70560
66157
2411
88109
25843
21493
49852
61920
39104
65796
41504
21268
98444
28197
13416
66000
90031
27604
29912
85576
16596
79117
11299
58422
17491
97604
71410
86318
95798
94578
99533
21244
19880
1326
91694
97286
25278
19088
72871
95010
30735
85937
36786
60762
48295
79034
99282
61038
28755
23260
38712
85056
32221
24269
88895
11008
11337
82511
96216
65400
3428
68670
9292
79113
51620
2136
31382
20786
48336
50313
41468
31357
35
40164
32337
1921
86044
18924
97098
80639
59717
28762
78543
11053
96623
70477
28677
76591
44723
56446
15287
70284
40179
72984
24535
92460
58336
9182
88657
6320
79877
38440
40767
90786
96602
85875
22305
26607
71901
93005
86195
72858
10569
3361
6423
36348
88366
71068
17194
2713
24639
60103
74557
79709
51577
10230
1502
13139
3498
38425
23598
63001
17398
63019
63609
84806
59682
74667
64772
45737
74701
11162
1000
65966
68097
22551
74456
99701
21385
91055
12074
34935
99439
57326
2413
5795
57815
27168
25329
79055
74089
1732
75402
68923
86767
61442
37662
96209
53111
23380
79447
56916
51780
62194
46791
89462
81411
21234
84520
33998
96715
60176
57670
82803
17299
82239
7818
63556
33006
56887
52538
57249
42635
57747
60099
67770
44264
5241
15572
13785
43475
40028
5672
75800
77325
28714
76888
64036
74990
44440
71342
60105
50404
55787
33731
33075
9837
49770
32477
66813
6730
74022
24874
48648
96189
23250
95800
41689
66956
95076
89111
75002
16801
32935
89555
3863
80264
60547
7666
46318
75974
82339
52905
29269
60618
81232
89820
54483
91715
11660
75389
36538
77543
29294
36847
28679
39920
67782
14396
24403
99779
71248
9100
52341
19192
55560
27610
43834
91388
84532
9253
92429
78570
7286
45134
5512
31944
48486
85861
31808
80402
88006
86876
15664
32590
18070
24475
12347
23075
5020
61696
87273
3477
54882
2142
79215
25981
2586
68116
6276
48069
5381
28967
70802
75241
56856
62645
33389
65550
4829
87654
36811
48789
61520
95600
25173
98481
42560
87647
20143
90331
68537
63281
36989
443
82511
95099
41999
69363
55181
40645
1283
79863
65130
50205
6413
60182
15034
47405
39653
57529
3073
2948
76977
61187
29421
46034
6923
37129
15277
77799
18943
26128
94754
27108
76146
25750
9507
38362
75694
49046
31349
6685
85912
22593
22501
9263
53747
38823
21348
8688
91269
78566
42506
14439
38376
38996
71233
82812
67969
28216
2454
20649
17232
35378
13966
22037
36208
49045
65641
37614
3380
77596
67159
54776
85481
4774
11911
95635
17335
69155
7852
9334
69385
97946
16537
94841
97944
73265
2116
57396
84497
35213
28525
96086
73840
81498
87341
58941
15815
68292
85866
89915
45355
42634
39759
74292
27912
94793
12061
65862
57775
92684
92457
99852
80492
75782
83369
20050
84576
4432
96117
83447
1742
32343
42365
38920
52346
65259
66212
26846
57857
11742
78412
34408
17247
33198
57717
25643
95236
67209
68016
22324
13340
1808
24169
4367
48046
49907
94488
17267
90358
11562
77288
41850
81728
73230
17794
35220
8262
17758
61
56140
4659
76235
52471
47426
18810
62166
5883
38594
51804
64708
30239
48303
68665
37798
4344
69461
5518
76900
60549
58199
53293
89900
89554
84627
10214
84083
87003
96282
93100
25769
99082
65691
21684
75763
10805
24925
65792
22933
67757
1337
17970
35943
80506
21711
49615
49458
50624
14829
4546
40724
16726
19359
64118
4465
77597
69262
98525
65298
18254
75487
3406
11742
93170
44059
20138
20666
32187
90112
15716
80816
68015
55670
9355
18371
89556
87497
66909
50820
54233
26032
4669
22039
47195
25389
10442
40903
2139
20115
57722
66558
81860
52466
33516
93169
23001
21199
55209
39702
75090
78182
36716
98715
47072
65191
38846
39054
70256
82696
66899
27589
48615
41729
80944
53740
58621
41066
88373
72432
4345
33563
79972
6747
16842
25961
77856
7407
18680
20911
39136
16693
37888
39128
105
6940
20802
94950
48024
48349
77225
1437
90342
29871
64364
63544
8810
97133
45918
70235
68014
53914
77861
11942
983
69119
79869
83157
87944
33792
64162
40983
22212
87529
87360
16756
39324
11935
98980
46715
6206
12528
25186
28587
50851
65231
47997
93275
2157
2201
2252
45080
4580
18754
80938
34670
24435
13032
32539
48221
79591
74535
57397
97003
90624
4103
81218
98194
2717
91509
52181
63564
27093
89283
90162
8712
60887
33162
68088
8483
78229
52
14869
50859
9598
64415
95659
56838
86747
17605
73389
42151
75096
18486
63875
64116
86770
22590
82996
92137
71075
26863
96812
34469
63075
2942
12470
80077
50870
78007
28131
7902
23037
9803
82202
73726
48130
16821
10868
15503
28112
54515
95102
44071
49891
41047
69190
87234
74967
45006
4606
19652
33239
517
62449
35659
10126
58252
19107
11162
85215
44890
50315
93503
27779
81241
56688
64687
7276
37149
37836
74815
56837
96748
55627
75201
25687
28276
59969
67740
84519
57695
80632
31142
92170
17260
3923
70317
98182
95003
76658
60443
64194
58042
63083
47936
14537
50391
88996
92087
86819
31692
60870
63706
96705
78374
60003
47416
99324
72960
1367
5643
20966
27238
29634
35974
14467
94265
94341
76810
44000
4188
96606
37855
80553
46235
69096
54385
82577
79259
29147
12040
87522
33739
65244
81749
87099
70344
56598
18657
8067
86852
43889
31441
66521
48671
53922
31364
25250
63168
86062
70105
45360
83847
39523
77986
4981
21706
24820
17600
26099
16175
92022
32903
10545
48918
54070
95098
65568
9796
25044
16304
54013
42439
30058
31665
13422
70057
72572
31000
4115
95386
44513
27545
50803
35880
13294
59015
90161
263
37188
61252
28621
76168
58519
6007
90592
39066
7000
78799
60919
76634
87766
50948
23497
15971
31331
91389
49343
37889
8951
17403
54756
31881
69350
26827
56327
51843
29705
56877
68709
23808
41299
5361
79603
90319
273
75000
92118
64061
53179
80408
35275
3702
71401
32134
47964
62898
60184
5024
28163
92473
74596
29708
18244
31485
96973
56220
71572
19983
31316
93664
85912
12673
84315
12926
36183
2531
88246
43187
74360
98056
48331
7365
36447
49072
85826
81178
16468
25281
13215
57460
27200
1247
8369
62056
57375
71849
30473
24528
10138
33127
97570
74453
41112
66428
56335
26301
31413
43371
60060
21368
5542
16763
77665
35334
13042
91798
71604
47728
51773
2010
63342
56477
82698
59167
7651
16236
14504
41478
55228
95520
58714
96547
45490
94094
80612
9355
46230
7056
84573
32113
66246
3135
13772
12997
18889
52959
32309
53550
47935
3588
12028
22773
93369
22083
27522
20298
5623
67819
35218
824
98878
45957
6664
94650
13281
13240
87738
49701
7760
94730
63046
76230
46711
69717
35366
50599
19774
8835
46697
36016
10708
45732
43779
84309
82281
1531
61806
86198
16363
12094
58050
45954
13471
94007
39530
22053
9640
66268
73172
25017
44596
38748
31102
16264
64807
56883
58906
27833
37710
32516
21813
27156
84559
96057
17935
28779
7031
30870
48178
38096
8361
20700
71824
9288
56994
74974
90580
52792
33078
81432
31436
81904
47793
49524
37032
26363
71001
28156
42193
98813
85926
25474
39469
45291
89045
4411
45316
44252
58951
74252
85293
21377
1461
27734
34685
17925
91937
14787
65041
48743
90631
95712
39152
70702
22865
18680
40119
44151
69145
46425
22274
5606
37544
54812
49775
9357
35547
58019
6953
720
49820
45229
15415
18144
47459
94902
57147
38358
95436
39327
86524
5243
86235
58459
82926
87793
5887
97094
2107
11897
89433
23321
43248
19747
29749
71935
80096
78682
22703
92414
146
11542
92828
86106
81771
14504
67467
83761
53773
44656
3638
5721
19697
47925
21620
2172
3815
14117
63962
93700
46490
91523
68508
64254
15155
54272
66454
16900
38369
6790
42718
58770
14329
64338
75616
63087
96066
58263
65909
60154
24547
31287
24511
55851
6374
93758
22734
36752
25829
94796
24165
9237
86966
75155
18388
53505
42017
47161
96250
13654
54099
30802
12280
44900
48357
29594
8594
36648
14037
70229
61388
49988
68937
28983
86620
16900
2260
72013
6583
81976
46216
81304
39608
29130
53262
69111
71502
84424
28476
82605
12565
60154
73733
22468
96005
46504
27920
52593
90266
78056
49672
83075
36481
40843
2715
8265
8612
55874
74801
26500
33437
52327
6133
89138
94660
55539
48891
48794
98924
252
23584
24649
23781
30814
92046
68699
30174
30081
38331
54764
70694
71326
38693
26003
75009
11080
78314
55755
58272
61154
68883
30715
90914
3175
93662
31709
1193
29408
62756
2111
18482
30151
95452
93364
57233
37598
61106
66852
14777
97582
98748
1497
60522
11766
39749
78852
74735
36955
81464
65470
91214
78107
36540
96619
33256
36207
27762
41972
70149
78904
54012
27540
97018
60770
73614
81642
65240
62767
9628
14434
39911
33902
83695
83584
4877
26345
63245
28093
67367
4529
90219
79311
2861
88772
2684
65557
59001
18908
81076
80793
29680
53395
18000
73502
59956
9333
9322
71793
33914
50993
69540
98913
74789
56988
31924
66785
77641
41004
33229
90727
57598
43566
6654
34565
31302
96675
10687
83655
74788
43928
80876
94275
87486
22097
75645
66808
4167
69182
78991
33254
66250
32333
53285
66321
47241
27349
78931
35165
56881
39432
13014
81385
80503
54401
37650
91979
34081
71530
65561
28040
14105
47756
41593
62889
41458
8130
90210
68253
67261
17167
18485
50275
54722
17993
10109
56007
22463
49468
5620
17353
15927
77262
76548
29360
49465
67707
68332
90793
30523
67563
71342
57256
13610
69603
86146
81852
29456
17795
33700
19642
57754
43951
51657
81908
8081
21247
65483
53399
42852
34763
11642
15099
75242
74010
76344
97081
20900
28460
7050
49988
70764
82030
90573
88790
59469
71656
47335
61327
52782
96340
73349
56072
70690
30062
44238
77536
55151
53213
45336
75760
13994
42793
13780
25798
15453
56916
3775
32193
48872
69275
29493
38429
46443
57565
81577
70201
85456
43125
99909
82536
5173
49894
1477
71803
61964
83980
82589
60812
96655
88393
6592
49951
19919
37095
70714
76200
97350
73745
12738
35742
18269
77672
60107
91758
95911
90290
95050
48230
77780
7583
27173
50104
96634
65099
21325
72869
48404
82102
52049
50002
22679
10329
64060
48577
78568
10753
70961
51238
86439
61299
34570
6674
84470
46839
7770
84609
58506
42095
77204
67025
81174
3244
84151
52413
82371
30327
6825
74824
24573
17451
60847
56895
65220
3743
26371
85521
9093
49376
24893
99613
69962
87844
78627
27330
78045
23930
95915
86533
87904
88749
38619
66879
56921
29596
36360
8478
28240
72925
21947
18395
16832
59812
75942
80465
82517
36653
28801
13280
44069
41761
82664
11926
34255
26818
25825
36419
41365
76326
92972
33711
95454
58029
5226
84823
10143
89381
9462
81030
65390
71568
4137
88538
12652
59628
56650
75180
23350
34932
282
37548
98586
47586
18500
12657
39120
95713
37628
31342
20399
72996
52635
36185
69759
70346
72995
20032
89566
68120
18086
11831
30947
97523
20071
89998
67971
4884
18298
30480
42109
39745
58885
77089
58815
5236
29617
91606
60361
55848
48040
87137
8274
95219
81523
67559
37708
8925
76132
95447
28237
79421
17788
44969
910
85322
33347
19231
2172
1749
84778
70423
61387
74281
67847
93218
18008
39999
75336
1480
63033
34510
75597
28399
11249
19179
96921
21131
10766
59366
93150
12413
29887
53894
54766
61875
60378
93959
45781
44112
65890
12441
30910
5540
6622
44821
96266
67848
80558
9961
75142
11186
17895
39898
21434
29215
72976
52726
22302
87139
43547
67278
16402
43517
43613
21727
73799
14756
99604
39243
17697
28127
36622
17560
20456
29355
81361
34527
17171
46313
33159
72846
74688
54247
24062
62934
27739
27856
75740
76602
39399
99154
88425
69459
84478
2655
79937
57849
49191
36128
62556
43014
17904
28025
97542
95845
4786
53546
29625
48649
83670
45259
87979
96845
40771
3040
12864
70384
23710
34227
39200
64944
70433
15406
75218
51619
9521
24813
2291
39779
56269
14440
8915
85335
91295
83219
90370
35963
99386
21420
38203
13781
25829
76857
74853
45220
10256
53192
74174
30017
32014
5471
79378
28446
37684
98180
31165
76696
18320
4382
5360
44259
14052
28975
29214
93638
81843
3891
59835
94004
24074
55044
20092
64287
4257
98667
54884
54701
20129
85756
49045
93763
8778
9095
50573
8840
94902
96972
15485
24217
81761
53372
74668
20822
15303
78298
96336
77513
46999
91725
94243
55592
77309
29348
8442
28638
27548
27166
99425
62665
10255
78277
18253
65346
44776
51829
54084
72762
51825
77641
12733
74704
88147
89239
65904
62798
25016
74220
48551
38316
43367
33654
68918
5961
73795
34491
5733
64536
28489
87212
92112
64610
67585
92787
4873
19606
87403
8522
17937
69497
85634
51159
60012
43618
91517
88488
31837
88273
89643
5391
12680
93742
49972
38384
29987
87526
5751
99644
37585
96674
62718
15162
57957
57447
33615
61801
48989
88238
271
80926
79086
44514
10248
38544
77396
66970
26784
73796
87113
65232
80816
90292
42958
39493
18805
68844
36857
70601
70976
5429
56975
82297
84348
85576
96450
61540
50078
23167
33978
48388
19788
38670
91935
55268
48920
17089
63130
28473
1719
92156
77824
25290
17921
47492
9310
75507
83485
64943
26234
51602
85492
98247
60443
24183
32653
2915
77131
48311
79793
66951
48637
91957
56895
37788
19499
30503
48179
53798
77710
49986
37263
47005
17528
78751
55061
91809
66277
38144
39132
73173
17790
35367
83897
5591
28219
91784
26736
18225
11496
80062
1629
75476
42762
40857
27541
11662
506
9422
37345
57527
80658
41249
25537
88581
60398
52162
52699
38614
5064
12955
54347
96
85308
82649
89102
77152
78669
14528
53764
81282
23903
97717
77663
31142
86284
35770
22200
9055
59027
54898
92599
26339
71808
98877
97245
52674
82930
70752
8561
92018
54584
8877
41214
35642
49353
10509
46345
4168
62896
99396
28742
36848
71828
51299
95131
10651
5290
22839
20454
60732
46470
76132
71264
72965
46221
13133
82506
42579
59100
95988
69732
45826
22407
24121
54571
95351
31319
76554
48897
83694
25590
89305
23973
54095
90888
18688
64423
4849
22910
16662
11969
91369
79754
82923
32322
29957
63189
17466
72082
98521
33024
38871
56034
76806
29636
20596
86487
92908
6308
88942
10715
8470
9323
69540
43227
15989
47076
44697
17587
65628
32166
80375
64260
32345
5595
94329
92482
55070
22981
87473
44215
81760
21319
20219
31302
21292
26267
84014
1340
985
90976
35698
80065
34627
34173
25246
42222
79566
26125
61743
91153
36561
88242
1216
82555
36910
52194
76268
75574
23399
15538
7642
81851
73461
4245
3192
25710
46616
51388
46781
53763
69481
20457
63924
79952
38733
15878
64345
67835
75854
67069
90149
78323
60648
85907
51017
2912
39145
7768
79278
64147
61268
14052
34419
11481
48328
78479
52485
67284
96289
16957
4328
87212
21142
40608
75310
22211
24257
18584
28649
71316
77897
27629
63555
53064
73130
66655
87819
97896
3230
80285
15239
85397
48869
77535
42073
39394
1219
66866
68663
57571
13936
77143
65510
40353
7094
45642
49179
31335
51773
73880
86334
58628
40291
56219
93029
55794
73671
66786
64520
36073
71717
49844
25110
1452
83887
41240
14079
65616
41660
37126
7304
74669
72793
74857
77711
83746
74513
35063
73798
43406
60060
28473
30733
83863
96706
44980
23267
60030
87922
48030
58930
54161
50521
77386
956
72010
48422
65093
95661
46155
15953
50459
48824
36253
11897
48899
10809
49253
73767
48137
50131
78208
94659
97457
73554
14629
39084
41832
27790
88663
83860
66437
47035
27159
3852
42545
31199
94870
46989
64319
575
91249
95371
47180
4101
11379
60975
27606
44154
27388
95523
44472
1611
30568
26452
12321
46668
17189
85657
70300
57076
14672
2616
80242
72121
91968
66530
81178
68188
14921
15919
48692
94966
56671
34736
13862
45365
7064
19499
89127
1042
70794
97274
94369
73278
24816
53314
51558
36885
9416
37175
65249
26954
89002
90368
56920
87631
11006
86968
11878
19406
18162
35909
4825
45749
50540
97825
61442
30786
47184
15104
21539
94154
97648
81594
40780
52158
48855
67926
71757
30767
5591
42499
52069
20615
71373
40252
57528
63873
3687
76789
15152
32996
58186
73758
80828
17201
58842
17035
43128
55064
67111
71736
43802
86203
77317
22857
49486
60285
91587
71402
11099
47375
72549
30513
10289
93782
81003
90822
37815
76168
6611
82636
72185
28850
8608
14949
14565
24268
97952
81306
85766
88007
80160
59515
89412
97545
33092
29456
89030
25033
5593
87550
23015
79000
79116
4925
45092
63007
66210
51908
68720
74704
37065
21256
92758
26017
74591
54803
390
52022
432
19189
48616
10494
54699
69970
62429
85900
72258
62771
36932
58170
32320
98740
62314
63983
57098
13970
51190
87644
57786
87292
78346
35993
96274
17313
52076
34205
51129
38409
17269
27281
15260
15732
79213
32824
49731
96963
97742
80290
52678
93785
20884
80400
38498
3735
79909
58227
93999
32959
63647
7773
5741
64640
83043
97743
96995
37141
95805
76555
16014
15935
84047
64563
38184
27884
57315
17121
2231
24611
19298
73509
92565
74525
6609
93552
32535
81045
71748
20659
3768
4896
46738
16633
29174
38287
45232
33556
67549
1580
87573
63994
52569
81048
21522
43641
56387
13435
64565
8980
73367
93978
29223
38302
8739
6817
81284
42117
65894
16673
66388
94845
58579
86231
82782
15194
55583
15138
18545
23356
59091
92098
1804
79530
58030
12096
52875
85620
75432
98043
1753
20624
51778
51909
27884
7320
25080
69409
62366
93019
19675
74098
86438
22429
56482
39527
25726
32913
96552
73681
52650
92299
35594
92364
45030
84133
36421
27606
31136
31709
44946
34999
42694
60579
13520
29320
48939
54942
15683
20764
95161
91178
19042
67889
6853
81739
80214
69267
76535
80775
83514
84153
9034
4116
34508
36009
94183
52870
61868
47012
43842
89521
55511
64128
79544
31302
69602
19644
11216
25199
52305
66486
3852
68661
59223
12684
75653
38088
29889
2170
53006
94639
3916
92765
26635
7560
76840
15400
54908
2300
23217
12915
49493
27907
52763
81710
40721
64567
67027
2594
68584
39724
97328
42901
94331
53978
90930
44437
17854
60743
4655
93488
43999
17139
72227
90127
90181
36455
27766
45098
5140
21
65584
82090
34321
6014
76643
23571
59508
77177
58749
74758
94125
89907
76452
80600
72459
64562
81733
64326
39536
3592
97082
97454
67265
60753
36150
2755
49868
61545
62599
35068
97985
27987
11356
98854
27831
98558
44618
13473
61050
33945
15291
75891
17749
29916
51287
8947
8138
6868
57024
2401
90086
3386
58762
4207
94515
43507
70843
91253
89275
72362
13326
162
96512
97381
50357
96717
292
17658
60521
56905
58693
35456
80682
50030
46758
88339
15875
90111
37681
90719
30612
72221
12793
84841
5809
24677
65033
92354
57822
50755
8224
66851
52414
88219
24124
29026
97534
72149
11459
96460
27443
31867
89893
93258
29502
19559
52597
78581
83030
44234
57316
71086
327
35743
31821
61217
57630
99162
22277
72196
98507
67553
59561
33975
19811
71008
19446
93783
89293
15862
94535
7540
2039
65039
19646
38515
99805
92324
33313
67227
62941
68916
16856
16876
37796
88872
11321
53763
56828
2698
56772
67037
84404
16180
50075
11833
22991
3875
68165
39289
28189
96047
74558
48753
91284
60221
82340
26245
10822
77242
31394
66289
52946
96898
5165
59243
3660
42608
98830
47176
66335
893
34097
82026
49778
67770
33046
25443
32046
4474
19197
71294
41672
81328
185
79900
30202
88431
49084
16319
72783
74297
95790
47440
93502
77399
24781
84758
20830
87995
75817
29958
49042
47091
74483
96732
53502
2746
37434
85008
33114
6898
51769
72290
79243
56027
49160
56221
56585
94535
61599
64642
80234
39683
82418
97899
24820
8238
44290
38660
92077
46501
40925
29681
404
40163
62418
64613
80818
30524
39603
30898
57756
59271
26501
32261
94117
96134
46215
44099
6009
27966
62768
95061
19032
72088
79667
55317
47901
9028
46584
62886
48649
74251
10007
55229
8823
59031
84088
15971
47349
61665
3905
95986
60065
91835
13620
55308
98318
25891
34645
76648
95035
90698
28971
40290
33393
56717
54029
36160
18244
25750
76586
55221
34094
50707
91793
25446
3945
2625
69452
24375
58597
64186
36930
31599
18300
44108
9108
93822
73824
36502
90665
26764
71507
43893
44828
34089
73592
28226
65653
22844
19378
62647
64310
88117
98776
62521
21439
58810
53615
4489
14589
86634
7507
80946
42587
14211
318
80222
47876
54864
10276
39067
67886
103
2521
79380
28306
82266
45514
37947
52129
68103
27453
55508
66314
88090
48128
80778
37646
9819
67246
58021
86491
47696
92044
50435
18195
19465
53367
10282
92274
82642
37321
68393
91897
6321
93584
13939
36084
42122
85702
59953
63061
60696
5370
12923
99125
19894
82544
12235
84952
44135
43787
68329
39925
18549
70113
76621
77855
25541
87958
70228
74201
9386
87232
56727
16686
30543
98708
28472
11037
46161
28425
71286
14970
10896
30633
5567
25829
37483
42122
82562
97954
63202
32835
22570
81407
64538
740
66616
19013
95789
55328
72789
60627
46864
99852
99278
56684
77238
55381
2998
76300
40850
35681
95045
46100
81228
75055
44712
54339
56260
10348
23691
60343
5375
98522
67301
82953
55939
71136
59740
54891
14204
41314
16017
33074
21845
59147
179
28954
69028
23412
49196
89041
51615
23202
93879
67627
6871
64361
76443
3293
33501
95628
16511
43109
93058
4984
1273
65165
13297
49753
20944
38847
82979
13534
97798
46537
79414
46497
83501
59182
80781
72309
72777
58763
29675
16241
3405
9889
37868
32835
70482
50905
43129
56545
96900
27524
98297
32869
78042
28853
799
60423
64794
77783
65318
72286
73632
9854
46962
79075
84922
64889
49036
59377
13200
96400
67031
82751
80693
59926
29100
99496
68323
84487
32836
54604
64114
60593
91751
46801
54619
12777
3457
19262
12186
31468
21020
84624
2023
33998
55501
64735
35125
12617
50579
54858
83745
47725
32715
13637
8744
61189
7670
37125
22821
26766
90703
30655
8637
17818
31769
89396
76137
43795
25103
87113
27672
45868
41902
52128
64125
47490
37091
16065
8224
9636
46292
28427
98674
45134
97507
63132
90474
71373
52228
26125
21860
35407
75963
82479
98732
34716
83429
89200
67861
81663
52353
39334
15752
4183
41373
17054
43998
1518
90040
13418
3478
26401
94142
48877
78192
53897
99387
61491
43423
82351
2063
29614
23642
51896
91374
74661
53884
61511
24822
91278
27290
72181
39982
25957
56301
59905
12399
97259
71363
41244
77905
63058
17333
82430
95064
26080
25886
34678
78511
41817
62745
58963
47865
57055
97000
21564
1297
31727
53346
89644
86027
28444
55181
78324
73931
34420
79852
57859
29889
83482
61779
28378
36550
41557
6921
64236
13830
70428
18846
72150
42282
55575
38712
48063
79541
66214
44246
50051
90470
54494
92298
11775
63423
92544
42727
15304
14824
35238
95503
2595
7188
89111
38605
87965
98648
86717
21412
52943
67506
71027
75895
13162
34099
99192
74647
64296
34606
44178
78827
50968
27189
40524
26384
46650
90994
35023
52009
84871
2729
57001
71576
7578
47626
31856
36121
58326
45957
472
95571
48906
9990
58631
5667
35642
67071
87568
65609
4029
79479
33299
64332
70073
84567
11735
34494
50148
12898
98879
1136
7559
44730
28770
92550
65870
87539
75896
1503
5082
59883
55231
13229
71155
68637
6703
56540
17674
89116
41744
40201
69380
41734
18767
68595
38835
8665
86147
93829
78446
58583
90189
12743
29002
83301
52028
37845
58016
43627
28714
7966
78085
84946
53514
33863
83714
30917
66323
19635
52773
83971
1332
13033
65351
55415
21670
30843
18881
51928
57904
16788
56200
79122
84488
64009
96973
75426
15716
44310
13824
6181
36753
55427
54318
80709
62426
55278
61021
55277
75482
89841
12162
12423
57803
96281
4249
85010
88120
45313
85698
34393
23112
45717
25042
74582
76613
81767
60975
45083
63400
86127
6349
31737
73581
15364
1281
80986
87784
7609
27934
54691
88719
75141
55122
65045
80713
92879
67746
55177
20058
68658
60275
73301
38316
38254
95273
8344
49959
89735
55221
95610
12659
70431
1696
33885
38266
82713
53836
26648
83368
52959
84218
66143
55711
51511
44677
74343
62659
8554
40971
25250
18237
30833
69157
82622
8342
22074
19761
91238
43909
69423
12675
24231
65212
31711
44018
74476
79460
25736
78354
87898
43153
48062
10333
64728
53090
13606
9408
47707
15059
98885
75521
18508
57771
42012
73419
40286
99035
85028
23324
1626
80473
15501
70150
37154
60642
70602
12948
38555
27039
83484
92443
98254
96956
29830
68632
33495
9939
9961
81053
48166
98721
95979
62204
29420
84252
28241
74604
98768
82266
85757
12191
59181
24271
3763
7411
11188
77333
6022
82188
59768
96266
99983
35548
83631
37394
78620
51160
95049
54047
80896
30069
35158
52813
33419
1342
86378
53717
28627
26022
66813
8635
21889
48357
23862
1879
57109
98266
50590
87810
47416
35851
58340
40965
12144
73541
7239
90960
2962
7146
75193
58958
40654
7976
60141
34816
29694
17084
13665
13692
95978
3887
23435
69706
86017
92252
46057
61843
63832
54274
20905
17264
53179
51954
95692
68030
42225
35201
79025
61635
57949
94447
39593
40429
35877
94298
72038
85631
90525
89734
14047
24508
68623
23260
38976
48491
30425
85309
22645
67151
65619
7904
47268
82002
27053
90427
95272
17429
12470
75415
11415
80901
94915
28242
91616
56046
15990
69905
35694
68418
19977
85308
85774
62009
96979
35943
95732
28874
26780
31213
79071
55743
15438
92653
4893
66254
65119
93704
26594
21181
17543
91347
38947
40932
44765
79147
484
4466
99812
58568
20799
24268
11081
78135
16932
71647
66138
62564
72938
90595
21467
66683
8803
32680
22243
67283
25869
68423
47629
26017
90326
14600
23247
85008
38554
63373
34516
55945
72715
94646
84539
5333
5500
82247
14805
96860
11307
36077
17694
71434
23786
1364
90169
25768
64824
4780
97190
502
76830
72675
31291
34815
1836
11796
63469
72293
63034
10343
56839
52678
32674
19450
40980
39014
39856
98570
46166
89471
54824
62499
97721
76250
35995
43699
10997
12891
53152
46155
85263
77379
35572
77280
59266
71538
55747
30500
86128
11710
99721
40685
10604
38925
32976
47910
60352
3779
31690
86940
47621
910
6023
48919
57937
2087
67216
30021
27550
64147
60585
89725
85688
27654
5685
29820
36695
93585
87647
48099
41820
38248
28487
96696
68609
98002
67678
85508
86944
10651
27094
27514
35561
81268
14531
87637
97103
96359
58547
33710
43649
22568
95110
46926
66023
98602
16145
60903
74166
71362
71963
52232
91117
82849
12068
32116
40936
88816
26748
83583
85457
37875
39949
9874
5521
25845
20695
26344
89569
63840
19974
1269
27526
8641
43113
47645
28524
42745
98936
55888
91666
24467
23234
29453
8857
12123
35275
32289
32158
632
53887
15511
33935
34325
35324
14072
7483
69300
82196
38286
29430
63437
2091
52691
82387
81917
29904
47568
4867
41369
80799
47595
54784
20801
92976
89728
73397
44547
62501
2391
62411
95642
46581
24926
5192
39814
40950
12834
44360
66032
26960
76665
62225
72398
96272
11676
36196
63859
28280
65958
53322
39445
19941
73142
5365
6762
48994
92808
80970
45139
90043
90616
57592
49924
68521
25164
38957
56502
63915
16988
40548
58371
96227
22128
54345
82400
58001
28785
37895
95624
60638
98634
40611
26609
36905
96559
23745
7288
75922
84190
53498
21351
94322
51967
20001
56246
58877
82427
9547
97073
77758
57269
14756
73313
55813
73752
71657
86758
65118
3432
70560
87310
1476
57654
52821
57548
75412
64178
62733
90085
21760
21276
45657
99060
65576
80811
55218
90005
89277
75664
68563
73627
39416
44582
22820
5521
68284
6119
78675
79328
74961
77791
90031
50863
32600
41418
64931
8303
41789
81486
56965
87336
51759
25259
44829
33637
83981
49627
87951
29090
66955
21653
48672
98043
77148
16
1113
31528
66233
38191
44910
88730
75287
16504
10442
93620
76796
84288
53823
92885
72629
22767
40969
44353
89249
2463
38668
38307
33246
53419
35363
42040
99577
83258
866
76755
40257
44156
65403
41528
86050
63551
33839
36784
25625
89990
95822
90951
10123
35126
6906
12434
97238
9735
53350
17979
11386
37802
20537
20827
33099
77287
76147
72672
49701
97287
95083
66604
97268
43748
62416
9190
28220
88216
48885
90047
89421
14192
61520
37980
97580
5936
50505
13696
29151
86523
62806
84674
46696
21601
66332
9470
28863
8478
56351
35890
70707
45680
4051
43982
21852
1336
57957
14236
21344
26243
2540
48171
49648
72706
54564
87549
17447
97463
46907
26968
92174
13451
36911
27002
2484
75437
63881
28769
57897
84545
33891
37453
59564
95857
52359
93105
16233
89073
86220
38976
75811
61431
50725
44124
52290
96458
32339
55959
62942
13352
93348
91769
98682
94670
1651
90223
71368
1106
70168
97677
12894
73211
51305
76276
32876
88405
31388
80654
79623
29180
31558
83607
71191
26771
64066
37538
45657
56371
42326
85969
769
45433
41710
83992
79409
3240
74113
8287
35239
39450
86409
94346
80777
43521
23979
73237
82130
29869
7774
21639
82423
38847
90187
64968
76580
94652
54286
34654
18358
89837
41965
84670
8648
84849
60346
42405
23398
78136
43891
5128
2360
82755
27893
28792
42022
76347
61541
25828
24117
29443
36495
7907
50597
75225
87284
38170
87309
88978
58633
68486
20495
66668
56444
85630
63909
96420
7624
93579
24108
88729
6703
28173
17475
72675
77756
26735
19626
94662
91924
856
50593
47484
68207
71792
30
12131
87289
8530
15523
23568
58033
88292
77610
43951
52886
59900
70028
11298
3761
13699
28056
73757
15023
25618
77554
6647
20868
77135
14965
32782
4784
11353
535
81858
65211
43035
56170
72224
5791
81138
61569
27922
18630
27676
17896
16762
16860
9667
46695
66224
30232
76005
25999
99012
65549
35132
98590
57772
48370
73399
72662
90174
72909
41524
99172
18941
78192
6143
32747
59162
9005
73219
26369
80757
46983
77821
22702
49574
53673
90790
72895
65344
36576
11238
49749
78511
69191
99024
33614
43725
97842
59987
22857
29030
8807
39245
22096
13052
38753
25587
82841
51623
2799
85351
2161
35088
5174
60023
64376
8263
85958
44971
42046
78246
43028
57175
6778
44353
46010
43730
28997
35314
35539
44027
36640
8959
72746
32521
542
29819
25514
75006
42025
98174
74294
40571
12740
78254
66103
63954
27875
12268
61015
72606
27865
62508
63619
35793
74288
57887
51912
61847
29032
11370
94335
93610
24056
48119
5265
76414
88249
58494
56213
83555
27259
67695
50277
40040
7084
60397
9039
51713
3204
43045
36674
86224
87102
99516
68040
37349
67166
21374
33591
51213
23504
29385
82637
7085
94260
14669
21817
82423
97340
75043
2117
84810
13540
54294
77833
75746
92982
96061
74499
57259
34351
50676
50242
5785
65735
2106
14970
90335
18271
7442
20511
9979
33955
10120
72267
4291
55908
50058
66305
57726
92177
13542
58365
55903
87880
48641
69750
23492
28096
1664
56437
75668
5205
51823
18343
7832
58466
33004
78448
88272
43399
92858
25693
77261
11360
74332
81020
86429
20373
1475
18919
720
91106
2073
39449
60123
91207
17916
86959
46342
2045
67470
30972
14945
24556
31509
13778
65021
46463
39345
88452
11452
51249
17350
1066
82223
47215
84431
77210
11532
14165
72311
91567
96272
26139
97451
22252
82227
52430
15391
18455
40858
62093
30674
96309
84091
62312
97891
24848
90130
88707
11680
50057
74751
14869
12351
16546
92148
61602
29706
90313
19826
6344
62602
87396
63457
22743
92019
84669
42335
87662
26782
39093
49466
30159
27828
69288
3077
93566
38323
64848
75884
82156
83527
1192
47158
93132
83560
50640
77186
10016
45579
2447
65434
9740
16923
5528
21081
65384
45827
84285
53402
5021
23490
53235
37411
85436
92081
72975
88898
87990
95422
13365
18967
94923
7111
68888
63982
51452
80372
40162
72682
66015
32564
66683
8277
79812
47260
98717
21888
12303
65114
26929
57556
75282
12411
45483
18341
45538
38950
10870
86597
56788
5782
73722
9028
86310
26610
66229
85196
94548
26260
34462
98008
74745
8505
18288
98928
99495
44710
41977
59202
37397
62942
88009
23961
9584
41812
89210
74814
93944
88240
50155
19137
2793
19021
11471
54977
41147
29518
49245
15288
74634
62825
44634
5955
34618
43603
38569
12305
61483
7462
81343
20400
70772
62363
51163
89636
87832
52082
65233
19450
12245
92933
39123
64107
10359
15859
1605
3375
92848
55797
68716
31441
23251
74167
78079
21079
71929
76073
7789
44076
54296
31932
5525
33310
19005
39614
72943
31098
31714
67009
27590
98474
89372
53041
97819
26383
61335
91445
91960
16824
47979
10292
12029
3760
54601
65908
18119
38642
91611
28823
45342
47809
89510
29865
20571
25980
11354
71642
35506
28969
33640
9671
2133
849
65995
24079
52988
9532
23392
30588
93295
83123
18962
24865
64335
9666
77085
53527
46697
48929
58392
16364
64345
95348
2939
64475
67580
98330
79291
44094
54458
14583
16564
20235
34037
87558
25006
29226
56324
69156
60659
82048
46266
67077
48219
30484
42930
61188
18514
46579
49792
6277
31328
50964
62158
52688
56029
31688
7231
9918
87019
30086
28689
67957
75425
51548
44464
30761
33242
80914
60025
95052
71779
93836
71257
58551
83970
31776
83995
30401
53569
19059
78482
63479
48496
27524
64465
31188
59426
65005
52925
40616
9769
31688
7114
37088
27057
59159
29797
43570
68440
9604
74451
49935
65066
39193
25610
32477
61645
3939
81427
79015
65299
25446
42150
28237
44623
62245
28198
47796
21026
87221
58547
15433
22276
95027
50010
1596
27809
29190
7654
82195
14841
43095
42599
94634
82840
38663
48602
91035
52870
54124
68509
43298
75641
46739
35230
2357
49804
16774
51385
57450
2039
78211
635
27500
67048
58286
19696
7476
46189
92158
38046
44432
39935
10289
3974
85369
48859
82711
24651
77049
22500
42676
81764
61600
17963
89300
92654
85468
34268
3201
25133
22673
31175
86805
21944
4805
83773
55141
89248
39069
31865
85114
85655
73426
47615
34671
1155
99050
42959
96701
39913
75076
90459
89717
18870
88385
54108
16106
26504
89973
69649
10463
87909
59699
91975
30674
3284
57450
82163
80664
98604
56799
95610
15567
19792
20726
20707
90748
3657
32006
92850
71289
43149
12011
85858
80150
95965
34742
95047
71268
38755
6127
94960
82725
13735
94565
89111
48597
53615
56932
39363
33450
39482
54329
36277
8939
22349
43990
42009
37541
92519
63273
26980
39293
51661
68873
22512
4700
71490
6374
62866
68244
12045
78079
80147
31351
3961
29221
14506
73648
71139
91274
4948
64774
13475
84455
63582
47008
66225
74642
72902
41695
35873
57939
46764
16809
48696
30605
70985
84373
25524
70731
16775
51452
33287
27916
42907
99819
13480
96676
88074
49635
56814
7847
36597
65755
46618
36700
38882
38786
79962
18439
37998
24287
67499
39707
79887
18522
16508
47596
36367
38497
56871
94835
90706
25855
1310
17893
44764
55729
38113
29768
54822
74101
66230
96908
86138
66334
29341
84030
71144
73028
50109
40867
63775
99390
30830
37997
39444
25562
28829
80993
2619
50258
65676
44912
18893
30720
72344
18434
86891
2558
49048
62512
60690
80387
78696
76369
80165
81695
51644
50952
85221
65512
81841
87572
73895
28686
55344
2742
30111
76504
62853
35066
50464
26488
67286
56486
35459
70214
22809
82572
30295
98459
18485
30205
84638
90911
28788
19003
34540
79647
53125
39967
84639
82333
17277
89253
78250
15616
614
22587
55141
51438
10133
7796
73638
25802
9636
49722
56854
94978
16201
83312
88561
83003
98345
31869
60649
48127
98455
80884
89933
86346
13371
3537
63694
20619
60101
91313
89624
22404
22784
21899
99361
66222
11534
13372
73581
81731
3319
49074
9808
61314
5298
36106
35781
30709
91353
67691
33124
4584
60031
9564
1458
98566
45899
81384
77440
8678
47421
38894
59124
11622
82331
36464
47441
55644
53445
76650
66765
69042
12377
77778
54826
21546
48323
80622
40664
48604
67395
79236
57783
64379
52672
8007
99760
38686
18276
9020
67127
30808
87156
11254
88448
43463
41404
86690
3287
71565
93360
85910
95045
35853
48560
78700
46687
22035
77683
30417
43825
45415
65775
95757
27144
59606
42612
78183
55845
83211
87271
92084
29500
7167
22605
3401
46728
74712
28906
68217
19518
65846
80825
91672
18611
65096
85067
92718
80789
35440
44199
34881
55513
9055
73996
5213
51143
83245
82741
69519
73407
21641
92274
76818
886
24100
6789
7434
85608
39566
20089
66001
24177
24263
24537
42328
3424
17647
86832
54579
16266
83835
50499
95112
47282
32556
28330
72259
80424
43038
12858
14460
17465
32988
67773
48547
44706
69499
77308
44699
97910
70529
54781
55388
2005
60494
70786
77146
39267
46106
82149
38541
93762
68225
58212
59482
54384
62343
20679
49098
1845
80160
45217
38322
47776
27524
79541
89510
52387
26300
48909
50567
85199
69564
65684
22469
93968
68070
61623
62178
87082
40512
33088
36831
99121
9945
63903
42741
70058
54627
28175
51070
7598
9810
97533
11507
69065
63550
94635
65506
96430
23470
53326
5878
16389
44876
34779
25791
79833
38825
70881
83453
23651
11835
85950
45379
32966
30803
51844
73309
89823
19363
4303
40449
34226
73973
65398
65969
92363
42250
42129
82421
1493
9747
3541
57782
74699
57702
66421
52474
98482
72844
85398
14114
52659
91363
17204
50094
8385
63092
61739
16103
53308
23222
67435
47322
94494
96024
51790
18987
31474
16747
58310
21650
14433
33288
76805
91044
68764
83170
95867
57906
45022
76748
40215
14586
43541
18208
46980
21317
83465
30366
77939
24000
23333
91100
31490
87272
19397
66913
84235
3656
37620
43982
71623
31372
78323
31734
9281
31485
61549
19572
87803
63724
15869
42120
53813
35426
89128
58302
89625
47771
88534
86309
73302
11359
56412
1614
43261
1306
82471
44402
67853
18493
84672
72884
22677
20506
72695
55450
41830
38750
87391
63833
6130
98702
67020
96013
29794
88229
30755
68601
76442
72315
39066
65065
29309
21835
26
38669
84079
94373
48600
51593
91148
58670
31409
22821
50204
43336
53233
39076
73653
9222
18607
36207
14300
83374
3941
25432
36500
73497
5585
4445
61488
88299
57178
66482
44090
44819
93053
81522
58234
12815
34602
77644
65129
49877
81165
52380
89897
84128
28331
74176
57488
87864
65114
45576
31659
12461
11443
25245
49138
10231
72119
77312
71113
5607
54930
68682
74002
51056
35947
38759
77996
57046
66884
3477
87626
98759
30490
19790
1781
2437
81840
99444
85223
26851
67409
21765
9182
21998
85792
25843
48076
84073
47482
22251
10475
5497
44445
26634
38439
11431
51347
95313
16178
66840
98846
39017
31829
3997
60815
86081
58100
40920
12992
5742
36025
35261
69946
44303
67396
8513
8442
86476
92747
63980
14360
61718
58648
27738
36007
21775
13797
60389
36905
49704
55524
17471
89507
91051
82455
66159
77429
18759
88135
9981
27551
22012
31415
71994
5454
28464
82797
9388
78563
35353
88025
23161
7292
28794
89963
78265
19374
36738
57223
60156
41043
45549
21053
99564
99122
43556
40308
59768
71790
21497
77216
38919
22122
54728
45716
92916
77119
91142
96175
8245
76460
74607
25996
91414
60780
80755
6628
4035
43165
43427
16181
95613
68949
66339
75
18212
84436
61117
181
7385
9323
32356
57545
31527
26734
76802
48095
22416
13377
19481
64536
36640
51613
34380
70452
87555
36074
31034
8124
77629
70458
10925
40143
1646
80893
80013
5866
59212
66110
13327
66707
48851
44610
56148
90269
21793
87109
98144
83028
54817
42269
23885
73166
9460
81816
78873
3044
12681
13312
14353
58566
91074
43492
82000
96254
1019
2042
72238
89888
60610
25226
13988
10971
33918
86240
20194
78201
19903
54303
36627
21692
45634
66613
22636
17767
83280
53363
28948
8262
68044
37154
95023
87811
75336
60074
76487
25769
12442
65714
37584
80707
36844
27637
69928
13090
54891
85185
39094
50660
91476
86695
27940
92115
76019
73044
9737
41486
45779
16940
72836
15553
46823
74965
68312
74232
35662
24937
91210
84452
6831
26372
49180
39339
12105
55074
40430
85691
84879
90435
55076
37178
31584
68810
76650
29836
64166
28753
65758
62115
26720
23633
68374
91272
51963
92902
74177
79117
81329
54749
30019
65989
93489
28321
44471
73302
96608
98434
33128
94644
84240
68367
22868
62721
95924
75318
2401
57209
5785
37216
88216
43515
20690
72032
70627
43154
68228
19518
37556
91791
35456
85036
95949
6949
98677
36413
22315
72467
58122
96661
19343
29539
37769
48001
75254
58811
10691
60683
42341
22397
14155
92030
72426
95296
59233
54200
38759
97599
75979
4913
7152
97995
64039
64789
88046
74276
21720
97264
99228
25995
86256
70494
44419
17481
71597
37722
35432
71076
19065
9125
26578
91500
58382
51200
3671
57838
44623
73795
31926
71451
11389
62654
49310
16544
59877
79450
87250
63675
34997
48499
23074
51019
75126
72500
82008
93160
58409
59087
48870
83630
75380
1484
11995
55756
67385
23935
51902
50967
87470
18124
54444
37887
9545
8078
27641
10234
914
96888
69722
33795
60118
40499
63816
60332
67146
64250
46481
98822
61990
44699
80485
10456
68336
13833
26528
34976
70303
35972
88291
99511
25485
40124
79005
61722
12182
6017
5402
84778
10524
81422
9661
62130
43558
68516
53471
55926
33564
31355
98379
76704
54873
42842
79228
10011
29950
90628
60771
78562
22450
4879
97523
41809
15910
20381
92177
48505
94077
9890
25172
89482
24387
83258
91051
89494
54661
99105
61490
98385
47777
94087
49218
10667
10300
5255
17634
83896
40203
55737
48162
85541
69276
24974
62344
49098
39123
68259
25988
79506
10945
2557
69746
25068
18895
27578
45241
16619
86905
10550
33759
948
58294
33557
39332
68394
54065
24197
95394
51266
81240
24029
94970
46665
16947
70315
38660
48825
75069
94416
80326
16377
98196
10303
50832
62189
4081
82055
6066
2716
91473
58436
11828
63212
2364
8936
42667
34173
83646
20729
26240
78604
97384
95525
19626
6568
35807
30169
25571
42149
15980
53493
91950
405
33993
62396
81165
14458
33138
65082
46347
27234
43189
42909
38095
63665
80624
98213
5500
10633
9592
17478
15436
14386
94972
31200
24879
91135
12443
18178
67030
43647
18685
1025
22235
8239
17927
52639
73251
17344
27676
83780
4249
19872
47457
23759
39831
30086
63236
45318
47818
32591
3000
42988
33566
15914
99775
37388
26187
43851
78654
91600
87716
10321
91710
61318
99841
90813
95154
38666
39102
96000
86998
42223
75707
67935
8350
48065
33954
31849
53788
41656
57264
47842
99133
13330
7864
98868
78401
53312
19912
50900
84005
31819
73509
57798
32528
95053
46341
61280
21933
14576
15500
98592
62870
4421
12657
7320
96256
29161
38574
57506
52780
97758
18444
98541
18383
68579
2740
17893
32724
78623
26239
83489
22176
92381
33343
80654
5352
79369
23231
65178
41280
33719
56524
68564
19072
46039
37418
59522
61970
47376
7450
99158
94475
355
36085
63312
85005
94403
71927
49794
82039
83233
5140
40698
30299
9989
40343
54131
74526
35044
92647
36934
76317
70942
43993
71113
98201
48342
32134
16363
93322
74069
34920
55630
30332
20452
41102
8793
33552
75268
67654
37390
7024
76661
81286
35572
25059
33094
70341
57867
85073
70637
20725
99948
78452
63496
32372
71299
14212
83061
8674
72943
49307
99692
76384
48063
13862
52351
42369
85346
17989
94850
73288
55095
58915
28673
70667
23079
40996
96437
57580
18474
56842
69161
42585
58887
89860
80985
62095
83502
70706
95553
30705
20076
48303
33553
90643
35250
61475
69024
73720
81134
54601
2187
41909
57183
33840
11709
95168
44717
34167
74450
66459
95936
13685
81106
61090
62072
21940
70030
77003
21646
64988
27590
14165
74342
70893
80820
29301
54921
44982
41011
48054
53324
34261
16815
18795
99345
99233
10637
53975
91237
70118
29933
9357
22558
89237
52222
19368
95924
18467
80745
88132
98521
39664
78787
49190
54247
49738
68409
28615
54787
53991
88298
19145
70811
6262
32679
28073
5111
45429
64078
25115
23832
90436
13010
78144
90973
84420
94339
21726
51046
26550
63179
72157
26456
2827
51562
75618
39741
53546
90855
91096
4307
18252
65792
97167
21859
10974
32769
61211
13920
58063
38798
5313
2646
44695
16948
21406
56633
72198
80735
57705
32842
59294
39355
44950
78757
96346
88545
13330
57607
44076
58368
82016
60640
36910
2210
88971
12982
31521
35193
2503
52401
47718
77024
94295
3162
50626
33735
28618
3258
7986
65954
12361
79670
90912
11068
67047
15203
72473
94471
74707
16061
57609
2367
95425
86066
32014
21726
94731
36798
38238
53081
59424
23528
21956
79167
18613
41322
44870
36883
60418
73882
82530
73363
75488
45257
49188
71744
82633
55018
75346
71954
72007
84755
81488
34111
15036
18168
29470
25967
59034
38635
41808
77708
17470
41553
55596
81804
79191
70077
97448
46695
29051
11147
11630
14384
77459
68616
29627
4708
62392
57063
62451
30136
38628
6866
30865
28724
60097
29461
54650
82429
34060
66822
38842
71465
52332
20152
14303
64701
66743
15094
37337
5279
33127
65347
49578
679
6795
56855
10864
86222
3229
71229
97614
99190
63068
93665
7844
26476
65004
74997
23832
44010
56571
36077
97546
95078
58293
36325
79558
13784
60415
59748
31100
71884
17294
77189
77289
95374
75772
68524
61977
4557
77931
47154
20931
38386
67696
36673
44792
22204
1016
33144
80981
55899
49548
90786
94506
47245
91990
27941
37863
79504
72639
40542
35714
52332
94688
53514
10209
10448
80561
33865
26132
60173
86510
52556
84320
55277
38141
32893
97835
37109
69820
91169
72060
27332
35615
96267
96140
74398
52059
51180
69943
73509
29963
61242
14456
25395
78029
81591
44674
1063
40809
33553
34683
47134
10377
13539
88294
72051
65704
35902
62299
47549
66762
35047
22782
41282
49171
72632
67975
21677
61167
64173
86303
98061
24073
43941
39491
20143
24571
67715
26868
25755
13583
31893
28480
24847
71680
23639
31494
7486
62543
42926
16312
26231
1201
83496
39812
24558
46358
19799
31109
40707
70017
94016
64601
39229
59836
94152
80682
7687
73816
54085
16033
40530
68957
24267
8231
86974
47533
51350
86277
32203
30850
16332
3382
13251
91671
50288
17536
90789
24429
77103
99803
45350
30571
84669
63799
83120
23934
15417
92021
34059
76227
79125
78945
77919
96942
76272
99887
1031
6862
12345
38136
35809
48076
90159
68167
35216
8737
43571
63043
33831
32363
99600
11973
41094
61084
59962
35280
27365
42471
65936
58015
95839
5705
43203
25222
89372
4893
15145
86514
83322
64448
69287
65535
27041
61818
14351
94546
49410
25253
53797
42995
39389
43849
65863
20450
35251
70196
53404
96141
21545
35825
51632
58177
98373
32241
80280
38709
73021
56344
38043
37390
69206
68107
71242
77691
29783
26857
42752
84379
81156
70670
5516
62143
70457
71634
87884
53321
59229
24734
35757
38469
65826
59083
54040
78804
41186
59670
74307
74791
7600
52910
74739
97689
40840
26994
66598
40876
70116
34899
70439
35609
1627
81491
37693
20001
44855
99400
31398
58994
1515
64978
51986
34120
70184
32169
91070
32387
39391
74497
42745
89653
62539
15108
96831
58928
70728
43743
89667
12071
45890
71406
27212
44396
84025
39668
94986
97297
74725
40066
86523
49552
36910
16108
24910
91657
87141
45183
92683
36148
88008
90
4108
61241
70736
87850
30135
55266
18671
67661
97179
98513
80059
87747
76448
63722
96439
8934
65852
22252
48499
24007
62027
95873
22603
50827
89058
96273
45290
68677
40695
66192
34602
14761
99849
89047
591
18930
99921
52483
92333
9074
59
29114
76255
47781
64627
66419
91387
6776
5264
75599
11945
14650
84849
98133
13416
5650
88924
46557
48447
33719
87400
70351
72522
99561
63523
42794
81940
88547
83479
15426
3876
19056
71932
39993
72133
33903
58612
42256
77573
93372
78774
89244
88859
31224
11839
57054
42952
76814
81968
81048
47952
85653
80830
15117
6493
35155
98797
55270
81230
53835
89742
97898
74300
76671
32986
68483
54238
7785
99821
40874
18660
79744
6969
99735
52076
54099
27275
95780
333
68642
75123
2604
19246
40995
38126
40888
45433
82977
80882
46612
96641
89079
55355
22837
76991
48513
11660
93126
92815
68102
67468
87537
95672
32354
93701
62565
90507
25524
605
96986
10197
23718
41695
54020
94946
61335
79049
98139
27118
36254
86362
38871
82565
6283
96123
11964
4968
35592
82014
30304
56266
50499
71890
15170
24296
65277
48547
5218
23133
25784
4712
45087
41289
19488
28549
34191
20208
3625
83800
71380
2210
29260
678
40799
53373
61104
1873
49505
98420
52918
71994
66771
24869
127
46575
22316
54910
72754
58811
99111
31992
17907
32126
91701
3712
93047
50896
39798
82254
29748
67509
11293
13605
78883
74429
87309
43778
87794
28127
41642
5339
34236
83038
15489
68012
20876
79589
31627
43498
12856
38656
60855
543
78221
39627
1652
11293
91530
14411
14895
10548
41501
2160
1486
71774
96129
99025
3399
47645
85993
41932
14425
94449
28262
40372
40079
78261
31524
35305
74839
85582
63601
14019
82265
26480
69716
40892
14583
24135
88903
50319
68064
65753
17159
80992
45566
35419
56603
10328
5152
23440
28066
99094
17494
58646
31181
25058
54053
73689
98525
88901
69524
76407
5251
36464
6027
32271
8999
40887
9982
97931
72039
90617
81411
65584
34099
70205
32289
33181
79400
48979
43617
18640
24158
74173
29137
71840
62956
69866
70790
36957
46235
35259
28579
20175
81323
33777
75115
14607
10846
92749
84881
89219
94410
46695
16406
41030
15477
46044
1997
27098
7047
22850
30747
62014
56598
71595
89440
77742
88092
15566
34894
37412
83443
15216
24932
84418
63844
31041
84596
12826
12664
10363
57212
15522
36117
20691
60849
92591
48964
95893
52277
99182
56220
30016
67096
95483
72579
74021
41513
59894
19135
87384
39187
65252
97216
24749
75876
15341
58425
24162
8368
27476
80919
12583
90310
7996
80495
9341
77428
76741
92609
21589
41746
11499
30640
2569
60222
66543
30515
45328
88649
65219
40379
67490
98327
43439
71983
51678
82129
91455
13226
26455
90877
64069
43506
45588
30840
48546
15992
41602
5859
45968
13487
52461
85116
91069
20063
37194
44763
46246
61391
64431
1067
38705
79574
35109
34281
25212
98257
37187
35061
67425
59119
33285
70122
66743
59300
92995
84788
95477
32213
91208
79102
45671
68372
93692
88737
85223
34163
49311
43714
7070
2469
73250
85511
67199
30463
53103
52587
13823
540
74353
65867
93327
68000
94787
82200
57658
37132
39058
18397
40337
96703
35694
56307
58010
10475
32936
57941
21551
54577
92745
82330
37746
78995
41290
52025
48010
67842
93126
36667
28619
27517
40818
7308
56485
80063
13833
81965
75803
38957
35524
29864
17749
67074
35515
20677
71895
1775
1305
82894
63799
87125
33638
4590
74237
61107
27432
16822
29283
87549
70217
25751
55135
28484
63631
74575
46404
56969
44540
40846
58586
62469
13066
29402
82703
70022
17788
64454
73326
70635
97660
1929
93149
87040
84532
61070
28440
70467
53106
70451
5666
92321
58843
2839
18010
12800
80447
18221
35489
34899
97020
58181
15834
82276
75744
66248
3373
73217
69333
73422
27252
4614
39700
98845
46519
72773
16468
11395
93292
22257
71254
1526
56130
87786
37436
2769
31945
38525
85286
40094
23924
17207
32143
71397
64689
24436
48851
65293
11897
25452
82270
44125
54063
76834
22462
63152
78860
27923
11102
73946
60803
92306
812
60383
57310
1788
28697
52735
53212
24363
2129
99759
24121
64986
8432
32473
43588
41849
99691
31024
56301
40123
51622
6831
45396
73652
62388
15775
3343
142
38022
23176
25224
57564
99791
1763
32055
10552
73595
40493
69575
34231
99485
78717
42493
43645
95462
67165
37727
67727
38717
22614
69913
76131
12035
93920
11303
94914
51677
34382
70007
87468
62624
89375
39176
9389
39068
570
54276
12485
75141
61363
62349
36181
29315
10930
59404
94508
52562
35954
65173
99674
81929
1779
43390
65152
23235
69388
40423
8218
43238
6166
51483
61213
39106
18721
76336
158
5228
50092
22091
53163
72840
26335
12620
80433
42130
17585
15204
98669
27418
45601
40921
9542
44827
83611
96039
42833
34798
47950
44141
49369
60280
37083
63903
59385
54044
98177
75568
16851
12445
23633
30263
91366
84304
31605
69860
73835
83176
6338
39387
77228
5736
10991
72131
77474
27736
78611
39289
70579
22498
11892
86826
89196
41111
49868
37016
46923
20018
93533
18364
28103
40491
85151
55471
61925
50868
80746
49245
71775
11707
83654
70571
59179
40545
54716
45213
46654
44610
14167
71655
57219
36309
73306
53337
6120
90281
26107
60447
49238
56186
5691
28732
10353
57523
50314
14494
50803
62170
19278
60667
74324
10259
97485
7859
84351
49548
50339
10457
3663
45690
44526
36334
97794
4460
27402
5954
12293
36429
11032
38335
68616
31931
9598
23547
29528
19343
1252
60521
6484
52134
18887
9343
37778
71316
82874
38724
8959
43101
66485
72799
60923
86604
22832
3061
77472
14832
21071
2588
85681
7939
93608
1880
81856
94036
46317
6990
67836
54790
22777
5005
71498
27554
31320
49742
77573
69921
55635
48775
24497
34948
8131
55403
64493
66947
42427
63499
27681
57490
77708
33478
11286
89357
53290
67321
63183
28086
86920
61224
37757
86166
41911
85838
2299
45338
44697
49213
29829
95235
70918
31741
58457
26354
84017
97375
61809
70744
6881
59390
7121
90427
25143
83675
11184
56786
18891
60183
85831
61345
73725
88800
43741
68262
35672
61570
31738
86132
79864
23019
89918
62586
17509
57147
13381
53219
32417
67791
69669
61969
23184
86965
41190
23464
4606
30757
80453
75963
46874
54071
69766
86053
89780
1452
9240
71255
63978
35565
45585
36689
48978
40438
18069
57870
45722
82448
45666
57136
23953
24935
38744
75974
74089
84741
25660
7534
79218
96305
34532
7001
71588
34849
28074
32967
8151
58295
71898
71785
1001
48068
61244
95803
77053
21698
81890
8184
21180
32011
19715
28421
27680
75506
40990
77338
75022
99416
48686
46786
49533
51218
62464
61073
66447
87193
11318
16514
64720
50009
96691
69401
86305
2274
18438
84866
55590
18722
43947
4994
99251
19343
4328
85413
22344
79248
3165
36018
32717
464
67992
78009
83373
97590
58566
13273
13115
5026
5850
46302
48196
99470
16899
46773
79573
58028
80471
97658
62656
31723
6006
23992
60780
1410
73236
10183
80777
48887
84407
13597
90434
45849
21193
96179
24285
43233
65408
78196
60730
8418
19283
52918
98205
15469
72130
74261
40009
66754
58115
43783
17056
46278
96067
46349
89795
54289
18603
76343
86963
79768
51952
29656
94580
13833
32958
65315
77868
59404
45897
20781
34929
89461
23668
50878
80912
2629
69992
5529
42521
70571
65625
9618
31297
16650
56244
34431
66155
19665
47064
28863
39990
35016
9337
61076
77408
91590
18647
4435
39546
23364
20576
45594
49207
96953
89849
60200
90987
46801
46216
78426
9739
24014
87237
30990
88949
34858
88457
56275
35084
65024
14770
8084
756
12819
7664
30099
75175
20222
82714
50118
15338
72930
45079
37960
64856
97540
46817
68642
84307
13314
2481
28528
99056
87628
4757
57651
11137
49339
86229
96279
19527
72268
65890
99135
35040
21865
4415
10018
58492
41511
91356
64944
11693
59992
49838
30433
62445
72480
87716
36774
52333
99839
9775
4520
34683
34712
4515
30120
19370
45336
89239
22803
79342
94074
20782
69391
21097
95219
15742
96703
31914
6681
33235
74394
91039
65238
55048
4890
83720
71328
81390
70876
91950
24129
25859
84508
83823
93252
9672
45309
66306
71344
63217
46149
7242
66596
9558
33577
93199
43861
1003
11977
74133
18284
13248
68864
46988
24511
8033
90570
91757
76853
26006
67963
26415
69851
92174
40491
49165
17222
26444
37922
20223
13682
80404
95719
51952
27393
18039
4002
17893
13189
87301
69602
54222
94440
71378
22295
20989
7420
49868
4940
65317
21802
12466
90023
43894
94349
83860
89044
28449
55100
94334
239
56109
35512
73562
55165
80075
90850
82236
40810
87159
21300
10174
45668
99820
62939
1378
53923
37129
8865
34436
60205
24052
70171
68348
79842
82887
44919
99894
95829
98255
81588
73085
85771
18639
96427
1242
45175
72340
36609
672
33697
53868
67421
82223
33075
43030
5929
68894
72408
27081
57401
23471
89571
94309
3042
89551
9972
17509
18756
78304
5258
6526
94647
83629
66433
62135
87034
58508
83697
37329
41705
41238
24924
56686
77770
88547
69888
61341
40856
45855
87702
62560
8024
1397
11756
81192
21001
72806
51321
61377
993
67500
66986
29563
69592
25969
66827
86270
40534
7969
41912
70157
39410
31765
34305
86660
94681
90866
77346
8929
95167
27674
82609
59083
86834
60236
91255
70761
72524
13569
43379
22195
64858
60221
8
19682
60402
14706
82986
4009
7083
59815
33382
98752
57924
63384
89119
57634
63216
54618
88148
67799
86542
87369
70363
65980
9834
15025
51808
59464
54171
29047
23551
61851
84250
78791
1285
7063
44533
97266
17408
28018
88330
8222
69511
25749
55125
37669
44664
19828
71498
29098
19716
14983
38077
31934
79790
41589
83270
4405
55621
41691
85553
16690
51958
96856
12070
87639
22764
1749
67129
5862
93412
2051
90858
57587
30184
96928
14398
19637
66240
21743
82817
35494
78612
26326
22697
72278
9129
58654
99534
29655
46123
7683
87476
87169
98928
25298
36479
21280
26317
26948
74454
49862
20399
32795
24824
92996
90047
57627
51006
30923
88314
93601
33627
21250
33932
52999
64271
30178
61437
26863
14496
80997
22467
87285
15838
25740
95207
22642
85161
46061
38005
28757
16270
26027
26065
8257
26905
68439
65923
30373
79929
15993
55328
8499
67173
15953
99752
82766
74087
55464
32365
65463
33689
93181
63178
29753
29884
58287
85516
15830
40343
40560
32777
8486
67959
57972
77471
66365
38964
27214
67975
27767
44052
72249
15410
22386
33736
54720
67924
26873
57026
55149
50180
50160
3232
50491
40776
12951
2887
96685
88857
81401
73545
69832
62516
21644
40864
8198
84371
18527
79454
92733
30871
34443
38656
84495
14308
97835
32202
71301
52560
71015
18473
9899
79812
23090
23791
22218
54727
6109
37212
86503
45934
83656
6900
74206
70249
55812
62422
94802
4794
66329
13500
1650
19578
14767
45997
79937
1790
1727
95781
64440
13974
58606
52972
48522
857
61471
4540
52654
34778
65767
10117
49726
26986
83754
54190
1278
26000
72084
75483
74235
95254
68595
80061
8793
24255
16811
61042
1364
28289
34248
47349
39251
9814
79405
68019
22294
56145
77101
17337
74696
29465
83438
5903
16751
3112
23261
7602
96293
28715
85115
83038
83179
41261
51906
65010
17365
86181
4286
19570
49696
31219
84598
14213
88918
944
91802
91532
92310
48271
26111
37718
30894
91672
53882
80217
85883
91103
59380
97077
57211
57442
12092
62618
46392
22745
93701
95878
75355
45379
26739
70372
30135
87939
26864
30501
12335
33432
29345
43015
11735
29925
88725
19327
29792
61662
21352
47543
94896
24644
38800
7700
79388
42315
82757
71759
69977
79159
537
55559
79825
13938
59094
85065
47182
15059
74777
58280
51510
67857
63140
13759
72256
89500
18
71330
46876
20671
38848
16892
13441
75585
79000
63990
27121
54718
93905
14671
61496
24976
69757
48885
90790
97419
29308
99667
55916
41707
54092
62670
74214
2376
32713
61213
7412
38797
15443
184
730
45096
51181
89174
10199
4938
20090
8938
13517
84454
85449
30834
24382
89567
19656
97426
41611
88623
93476
8189
59008
72730
77077
85415
38078
80612
41807
36296
26465
23515
56126
68490
90070
57122
65591
16582
65092
42243
62529
87718
10351
11525
38886
84086
26510
58408
32509
33788
53499
84112
51181
25749
64421
75319
13745
44516
48676
22626
32055
94100
89574
50683
6895
79480
45715
2327
31791
29014
65098
55449
30588
27151
59776
30684
20638
37663
58974
94975
32447
56320
16601
26965
81425
75436
29775
37118
46761
58438
76127
95562
21096
6726
25715
18977
68119
32793
69257
86339
1822
86121
68460
40561
96905
79187
62305
64416
97685
39299
81752
7059
82533
51368
87978
54894
41433
3402
763
11721
82618
68385
53414
17576
33672
98683
45173
37505
27319
79345
89367
96606
5345
87899
76151
49681
62005
98912
45942
78862
10372
45695
11771
56789
61120
46459
76903
26390
69932
99658
56099
98935
40238
13683
47363
50346
41139
57194
47567
53237
59998
47155
38087
14093
72414
88621
38750
48038
95926
48329
46179
92702
43893
65079
41035
98328
71465
39007
93794
7185
20157
23261
58182
20423
23220
70828
45490
44572
16249
99373
73725
68849
47326
14868
12228
80620
30721
30736
99854
25959
55396
623
21100
18322
18943
3318
15800
84495
79902
54770
90897
18382
37648
13057
59212
45201
7608
82849
10365
5052
97866
8464
8817
55723
58228
94499
125
55672
32691
13391
4762
16269
33021
68523
63938
1574
65959
43524
94032
96315
63482
97343
96077
21249
86163
96089
63937
71513
81085
76819
19612
29645
11042
98931
93451
20562
51083
78860
82030
15926
31101
32950
56638
10791
11129
97645
64121
11740
18341
78837
63797
99864
95694
94170
83145
26939
52676
58660
66664
4705
25869
58736
92772
81294
94859
74853
85938
44400
1239
72590
85701
88302
64823
51040
65196
50846
95027
82047
73202
7454
5589
88966
48708
24937
93734
38721
53956
69676
43003
84989
761
43321
95781
28146
19283
97755
52549
64513
45991
33357
12684
12810
79039
84609
5491
41671
88561
5359
69895
64816
30439
25774
59911
18523
20254
36042
15082
60003
31134
66421
77932
87950
65210
49359
28920
11520
8743
48513
60051
49349
72327
41104
24428
78368
2609
76155
76558
26067
1686
3078
25454
69586
18095
11289
45853
10080
44081
38907
42231
18128
53883
25396
99988
99255
48179
94619
30863
40334
82908
23656
90610
75456
36297
84223
32746
4198
75444
46585
69829
77906
86922
67178
68460
31379
38081
92306
74822
50279
37687
30404
20189
40312
57330
8514
10598
97615
4115
48331
48605
83713
90352
59508
44437
34673
42608
72602
43248
31381
14377
52819
64622
96947
69234
21614
9958
61543
38312
5640
23677
99597
91247
42671
26337
17163
96434
77973
68449
18913
50763
91651
97275
5554
14594
90406
97382
58796
87292
1450
27264
9641
66517
46767
55610
4140
8329
90535
40048
8869
38251
64356
13967
59730
48993
43225
85909
87983
51177
43284
74499
55792
56776
77033
27785
55763
70788
98485
60644
97997
78456
5146
1931
99070
39961
91688
22936
58329
94855
99139
72031
21036
93092
7238
49786
36610
38418
22681
15345
31822
52455
66301
27431
71431
50271
79254
23505
59567
11021
59264
15741
91498
85173
41009
98720
95906
20836
48525
12644
72369
42313
79725
50202
3780
9511
37544
25312
80982
11313
14272
98272
73506
11118
15030
95007
8992
85884
48521
24597
81227
76747
93362
10070
45426
63355
74228
75012
13533
5469
77173
34152
52631
61595
13184
28315
96630
28598
3484
82033
92064
67925
66660
35242
2874
60320
78099
94997
4517
20274
40608
77780
29340
92442
18370
93284
15148
4051
26418
15083
2971
73325
43538
7764
4487
22703
63174
43355
15385
73256
19287
26195
32588
47710
87482
14480
19497
58753
83928
30640
58261
6095
87835
2422
78774
46015
6642
68612
29870
45980
61530
30035
48547
517
84828
66370
77302
70372
99782
94368
86639
95443
23085
73400
30655
73446
76141
49805
158
72002
27357
3619
36464
93546
40440
11051
16012
5071
11084
40395
65487
12312
63970
6932
93232
24262
89247
3276
65024
23221
20917
56516
28681
92486
7173
53437
70962
70121
91480
49742
20980
35510
10511
22180
33083
69228
88801
39699
39868
50779
71437
30803
44208
63893
22396
32573
34916
97546
25807
34237
53576
64967
88710
78807
19196
62542
2599
92098
42228
43342
70505
18679
76933
16346
43718
45852
90648
51193
89415
80985
34313
98089
13786
11782
87199
20849
3912
15726
90632
7476
98242
61354
18645
137
95915
91080
63335
93923
43592
61493
61274
51378
86399
23776
46755
42379
51225
92197
2881
19399
8029
1596
68692
53750
53114
21082
40050
72529
92307
57549
49102
3427
52336
6315
48376
34006
93749
7295
46554
37291
4826
78753
15720
61616
23449
31554
9520
46371
1510
43523
15484
93977
35928
69585
81932
19226
33595
83353
79443
60621
609
25083
28785
85187
9461
24778
61928
73513
62433
23670
92985
31497
39635
97869
82999
31209
22798
60554
96470
15142
62271
92313
84295
86335
28155
79897
40339
37532
35338
8616
36756
81458
48348
74020
31141
29353
83771
42636
97060
87392
77550
73270
2807
56284
55801
94634
93773
81643
33598
27359
39109
850
31130
41087
68056
87980
33450
6396
53487
57054
46505
53123
39583
20846
97490
9535
86861
87636
7460
96819
30076
78448
69150
65263
38133
81993
96039
76729
70406
56034
3996
57050
2775
71430
85880
51690
94633
23903
26234
62844
74560
45971
99144
54290
67459
66777
14378
81945
4631
13923
66244
83583
97675
23172
63957
20478
66216
52237
70395
76290
83875
77090
37329
74015
64667
42027
72633
35374
48089
82293
99932
23294
57041
34777
35368
70759
16690
99662
14722
8158
16548
24162
46507
33865
19068
91640
26425
44621
52366
52037
31061
68752
57819
65915
7580
28082
67755
94096
32438
61846
74165
8723
37104
22442
16083
66687
92259
44125
45242
20782
17206
59566
66888
48995
32454
1408
40401
58751
44277
57057
5092
72544
22541
92352
16525
12366
63245
30746
34274
83428
28774
13852
75075
97449
66784
85991
15772
34978
7159
95241
46632
37495
65235
67858
27573
37722
87732
95746
44575
99454
47147
13457
78005
19888
41559
77292
69770
81404
6332
21512
65362
31945
10091
17549
96710
1176
83291
1265
88656
88320
94586
71822
81330
97739
29429
32819
44397
14236
59082
54613
93794
90927
88385
56513
25075
60954
89446
18475
55260
49928
53291
367
58075
64754
91259
76207
6286
58037
88847
46958
26891
29478
96993
40407
5375
78128
5987
42615
28479
72162
30654
73725
96804
88184
57015
8473
18990
48376
28944
48451
3886
34021
51691
31707
7116
97220
58159
13904
6424
19773
6091
92322
86953
81014
89394
45988
82430
92513
76650
96111
17209
25185
72456
8499
29992
25193
17352
84419
81117
31808
59278
50954
2122
97176
89599
56063
13271
38778
93987
86303
36777
87795
18856
37144
70912
64358
34223
17280
95460
97504
20022
54299
29387
62413
80850
34765
44418
27812
28110
33642
67375
81109
38219
16244
73926
3537
24621
69974
41198
86201
80830
86246
68498
8060
80201
79747
63380
48180
13048
66860
97206
7861
82786
39280
15888
79142
60497
98726
6725
83513
19757
31445
16638
69153
3942
34375
1962
41012
31166
27945
77250
15495
71042
17780
39816
18688
43810
87783
67786
85347
74638
92992
45184
74800
88663
11803
10878
33530
67222
84184
45039
20698
49105
80858
5841
36082
84428
78852
69552
47518
72736
21483
70554
44920
19402
79773
94031
88624
29706
15526
82414
52563
16086
80863
9413
83667
47982
60702
4610
31233
60532
14556
77216
63719
85311
48402
19911
76092
88358
83860
86090
24770
30537
23583
49299
10620
10674
55849
29837
56172
57474
41333
61791
15015
38565
25681
6550
86129
57985
82576
78018
15408
90640
46305
79808
18595
49673
56871
33389
70497
46452
55438
77789
11670
95712
44978
1693
80730
4631
33055
7956
11274
61366
83947
44849
15662
44719
14709
2584
91596
91130
85088
51392
27201
55080
40293
60149
44562
76145
72154
45450
93547
49117
91490
50465
526
77190
33737
45125
59570
16309
31641
78424
98079
71893
94843
16874
14422
68379
18622
5255
98541
12103
98160
86949
13065
80820
53297
3762
44401
70205
82856
66931
37504
10379
61027
34766
40643
67697
41621
20503
91437
56376
88163
2875
2176
29640
50373
41945
21170
8997
96007
27179
1027
34617
68027
43457
98369
978
61359
26219
8578
10595
54688
74163
52353
26918
17537
57597
97932
49333
43720
10308
63289
83850
72721
26310
9895
52612
3425
85603
65908
52033
71520
54665
77336
4332
85712
77528
23292
73842
16353
58895
9475
73037
48182
43901
52343
62764
10050
14034
20885
12804
43405
63604
62606
85585
8815
97155
97749
79580
3189
9140
1260
57912
38012
10891
85807
55697
90246
84330
82920
71694
50638
73706
67389
38702
20576
61834
74825
41500
58993
18147
80933
7972
69286
38409
27167
31469
85056
54974
53454
61609
42680
89674
52
47270
78782
9995
9619
67322
23765
6496
39044
51813
15305
49193
86548
62196
74352
9374
23602
9925
48994
20545
82068
71200
16852
32877
34649
13441
54643
62529
76407
65586
21128
82300
87067
34917
17589
32185
52408
13645
19553
31026
73684
50956
63771
66891
9584
97151
63805
89602
72285
47828
69450
63814
27769
64386
12716
1245
87384
42613
86826
40093
42504
71047
88771
5187
51587
35839
26969
98490
2213
38719
27343
98659
17706
997
65902
91616
68267
65789
70796
3663
24118
48863
79014
24411
36990
11157
13304
24627
16410
59610
26093
8200
9472
89862
79608
70524
24976
44986
14912
67835
61810
44693
60777
45747
23440
48507
4883
76226
45312
14218
14963
23290
68140
26911
2770
58995
99999
87857
88062
62343
86569
22785
57632
24839
45412
88192
50940
51383
88999
87715
19368
46307
43680
38778
34622
33359
49571
95933
97121
3732
79201
38227
36791
51058
86826
81047
73972
75297
436
56345
56189
56968
74781
70447
64340
58177
14758
59578
98438
88330
93299
98107
23593
66496
3660
4570
32047
71965
97500
59547
68008
80073
44571
91471
43616
95092
60260
14590
32833
71608
22385
80617
51439
20702
41102
34712
17842
12117
50407
80867
87586
23165
18143
55581
33044
50708
75935
86033
73952
28052
49031
67417
33680
81246
21533
74715
71240
24972
11544
66959
12266
30335
28672
40111
28438
5074
74307
48598
19023
96460
79127
12990
77457
93559
63568
51251
53413
45412
3265
89518
34544
30470
19106
91688
67058
86552
59529
55650
59052
57708
93892
68382
37594
49420
66366
35973
39368
36389
60276
89137
15560
55748
18683
82989
38486
89805
79440
12762
43561
7803
85570
66188
75796
46618
67725
15911
17724
27139
23252
40602
73178
95093
58456
57151
29261
95426
67851
82589
90808
62160
36323
64849
70466
79934
47872
45451
57043
12666
87684
86244
66307
34456
4051
46476
83279
16898
19281
16410
52055
43489
1765
51057
96084
39942
30996
10359
70565
70181
31962
40411
24133
20037
50949
81240
58805
97052
27397
87368
7975
97062
56992
28707
91277
7255
79157
97250
30452
21829
53227
44093
12108
62384
8230
92970
45529
8112
33406
51920
26797
29568
63122
52600
98148
83869
9685
50224
85164
63021
98487
7777
10742
99144
13752
9632
54604
62664
34799
15264
9599
33661
72115
88976
22926
34476
7373
51931
95878
3039
13684
28760
34950
30752
48126
57091
50802
33147
95795
62875
99356
76628
2894
3440
73282
51742
3514
96160
27151
49209
90306
83450
1581
43350
98251
76653
53561
33799
16936
15559
74772
51655
41795
34475
70559
18498
5181
42859
63324
39986
86978
58979
69878
94868
8278
38935
88102
35471
1230
14365
21960
51951
40344
32919
97785
14988
11286
70662
93912
94276
46352
7013
66654
68047
63178
41248
16400
55713
38375
76653
67805
65255
17763
65599
73177
23875
73539
97132
73909
47831
61269
63072
35380
11656
33284
21860
85770
21962
43415
72470
58939
96875
24087
66380
34870
84739
9031
98295
89927
50733
49478
70542
60498
58152
84930
19963
82007
13007
15945
65062
35445
98788
27113
87574
9008
93258
39210
97735
67748
57551
74802
99761
40372
12968
74103
26788
2171
75536
6717
97218
30212
17079
91784
6691
81795
32003
60370
59416
53588
56481
62865
13264
71028
89548
10665
36370
25341
18288
10983
48908
76791
26569
51491
6511
80442
40383
15795
82860
53211
35719
72211
17230
82410
66366
72078
72831
88286
29552
81923
24136
45327
18367
13634
64828
1750
76239
66551
28273
8689
59046
35275
12399
76993
76609
8155
81354
83593
18335
14281
94787
8754
92728
54203
35839
1513
2940
92944
41952
50581
65804
34505
14867
24858
40092
32456
43497
44188
73001
49280
41887
52916
69797
85226
22462
86066
98723
26620
34836
62058
72186
33191
53616
55652
79055
23618
64358
76312
12574
81614
4912
45092
36144
71987
2481
28174
51839
6574
96296
45729
44843
62532
77101
82835
12346
19520
40380
55731
93418
2026
80288
8669
41425
89504
7240
9175
32532
62553
37636
59935
2281
42482
47162
2026
87044
28314
36231
31624
77180
28719
22538
56471
7200
68151
63727
9748
61574
99137
99937
86140
54059
24676
11497
26135
95219
99964
81235
92966
4668
27753
3809
30859
97016
2026
43933
89539
7256
74120
55992
66484
98130
2026
2026
17674
83320
7324
83867
66165
90454
96943
63741
83357
15349
58868
89471
86514
92421
42561
25160
96933
53670
42196
87537
16900
10176
48728
868
84842
21744
24089
1515
37246
31766
87515
2236
47516
6199
25616
30359
61019
44382
39959
68159
13540
45695
12435
23565
33099
13085
1265
88767
65415
40036
50185
17996
25065
99818
99517
33077
60610
40872
52357
37687
3020
19171
48709
77073
87277
47537
60843
29437
19096
4096
69226
9399
94907
16496
48960
52687
70414
77544
40141
70946
70623
18101
59173
78174
13904
26098
98795
92953
59502
56180
98888
62487
7216
88247
14926
91294
83187
7216
12135
13179
84091
97674
20874
12227
45149
89517
87142
5427
61911
13145
95540
85889
87910
77143
46310
75270
46428
9037
38329
16110
13753
42201
53179
2379
78613
37966
36060
94189
83551
97331
70912
40694
13010
24737
86181
41198
21359
9465
61036
41937
20588
71748
18495
18788
31479
63122
35266
46681
19933
89865
1207
18117
75382
10717
22803
84565
95703
59870
39231
52007
41252
78412
39324
15550
43778
6278
45570
49603
89642
9202
73233
43639
27070
32621
34116
32694
36758
76802
72327
66104
28137
45019
50290
36580
58166
45528
2624
17424
766
89097
15088
16756
15489
33805
57873
53922
87638
95281
94514
863
66036
36739
82358
58888
42946
6068
63398
93403
23271
43988
44708
61332
90693
72585
1685
69839
37604
77325
61027
62620
1008
90704
8363
96485
34514
78681
36937
3886
66164
85394
75423
5536
70712
74180
26967
66060
87773
70452
42174
22323
83463
79413
26010
71045
74179
65325
71132
93487
14482
13492
67608
20592
38945
6731
81971
11848
41830
20291
27269
56798
35090
63479
50836
10730
78242
15325
2583
46872
90992
14563
5066
8798
44208
69849
385
31834
25093
41843
61399
31682
92590
40593
69450
60376
95600
26273
2205
21097
49704
90132
23381
79339
88968
14121
1688
28938
31812
14402
5532
57813
83116
53971
34914
50034
94887
86840
87987
37865
34610
4522
16401
5404
20699
27184
45628
92491
23203
61829
60773
12211
75584
39935
69681
14822
47728
32252
80116
91385
57144
2163
84727
53860
34313
54189
31172
34403
83397
87669
9353
61947
55917
16871
45489
74239
21764
85810
95885
47491
40107
97249
57882
7448
91490
9412
49967
30222
83365
80022
18982
96885
606
90805
25544
47439
5086
47698
34375
72214
34512
86261
38572
15338
96325
55822
29888
10878
75113
74686
15864
28442
31329
1284
26120
51643
357
23630
82846
39271
75818
5288
18596
67445
51397
86419
92753
10090
70811
69869
8953
12908
11877
65191
41680
41688
67956
60360
44918
46069
20302
86913
11657
3861
46765
51146
17851
32584
56903
66341
91504
59689
92530
85778
57942
16793
64447
63899
26109
31225
37830
48860
81210
67051
77391
5542
69690
97999
1464
14655
15025
21383
17391
41608
94438
65729
73525
99704
32187
71090
99097
50050
78754
86741
41668
54378
6376
51796
13093
435
34371
98434
96700
76645
70023
16160
62445
12790
48038
65676
53213
41843
88399
66983
98675
85800
80386
80857
18286
27958
84549
99912
13825
37970
74659
38897
95306
60108
33880
21218
34132
77443
26802
33760
54987
83464
91247
42592
47463
63247
15513
10438
6734
44875
99543
82948
69122
34794
47845
43143
88555
99691
89499
99690
1919
30794
32553
83341
9313
70322
22899
92513
42132
96294
36627
88547
53649
33393
99142
34470
99698
21133
32782
31990
82724
41719
1281
37427
52879
62657
11413
18791
58297
96354
3803
49563
74308
74267
43445
19242
83241
37401
51226
26188
9574
67321
45152
67248
73906
35248
96113
43685
36711
64551
75398
58036
1385
30429
62819
40021
67180
332
90603
59969
48565
43839
96223
73363
90516
93300
70638
84498
42185
40978
66950
33384
66751
44228
91960
37239
12537
60216
88800
83162
43257
57220
28940
7448
34992
41336
76686
77852
22893
69931
3495
19914
9393
99852
44684
45555
16845
96480
67253
44405
85371
69637
96603
95459
24109
98671
92628
22984
37451
50388
13713
69721
73897
67696
69378
44892
25584
55458
21184
16952
871
98844
32305
8643
58877
90824
70066
20391
9464
13754
69461
42153
78867
86866
90006
59261
93155
76958
40097
74279
55466
92052
52973
30463
80788
83607
42221
71280
55593
47008
6359
22226
55727
32868
46059
52384
78790
15435
7917
17793
88644
12126
47553
42729
69551
2734
13784
98455
78465
94821
20893
25935
43929
72831
53983
67481
28670
32046
20514
37719
86838
78946
74959
73865
42256
75604
8588
71865
9144
67536
67539
6171
12676
14138
44875
96714
96824
94285
85667
94281
63575
45259
38457
11679
12061
24171
41484
21532
48851
75165
69336
28438
61020
72467
77739
9053
2418
72464
54602
16672
95758
24610
46798
79055
13199
57323
34752
72317
65697
24719
98961
72513
10949
25953
23779
7550
81092
75398
87378
39082
57125
85914
89883
64937
39675
14222
19827
8813
96874
72186
95114
49386
83607
74016
62741
64952
64149
54952
27850
46229
34933
37350
98417
16423
2510
91204
32845
76594
81431
72096
74772
19228
20867
43372
23543
47979
74677
71402
64912
95537
94642
70614
17165
7003
60384
76790
22120
15923
61846
64322
86631
45698
87051
15799
95445
81894
92955
78036
30115
23017
23086
16030
3221
62736
41268
57294
54512
34639
20510
50349
45952
17083
95146
92601
90403
49987
56225
63288
10518
74663
9187
50764
28316
32077
43366
11797
97227
49988
81852
13223
33047
29015
67845
82659
64282
61799
72443
23403
63346
57682
19165
68470
69566
43897
39530
85067
71507
62130
33781
51435
25978
71141
98315
11601
43219
65401
80237
23200
51864
61251
65672
14480
84132
39317
88829
32558
28320
30361
98386
51737
37859
7578
93879
80157
10299
96980
11976
61288
42112
82023
72942
27819
80708
92696
74708
40483
93571
49639
78981
2090
32168
44680
14413
38418
26349
99987
63423
18696
29345
1678
2993
11652
23784
67020
64365
47102
93846
45685
86965
46565
4889
4825
85386
8653
65547
29593
3031
59512
96349
36946
83328
70610
43073
80211
71729
89229
29257
65606
38772
18370
63628
4793
34487
8519
95390
10153
45217
65494
81193
6906
59053
72069
77577
38018
95306
28002
30080
56836
19115
94840
68920
33951
72025
57492
43704
23701
98611
45590
11331
74757
6699
56756
89377
46682
37777
51861
1666
2615
40433
47605
70019
56756
51625
62281
47944
53782
92789
21142
42163
61221
29919
79381
10824
87046
83381
45029
79399
9737
22024
59309
18907
88113
65143
40012
7047
82587
68469
41404
27078
80136
90002
42677
47765
90888
69600
56441
90929
6410
77266
57992
99549
80543
9767
15333
77900
52610
99404
8505
55157
13925
10043
27837
6969
28221
1766
18243
89917
45969
22685
21853
46069
13502
1878
16690
39024
2663
5358
56211
82142
45199
959
53137
71066
72743
60753
3899
22997
20678
50900
71880
48559
42812
88232
86394
83494
17273
57579
23106
67898
33918
61978
5486
41675
34726
53313
91005
34031
61758
51872
22475
73623
21369
83143
75561
74991
64464
75921
54596
96683
72048
96487
18801
847
25580
72080
46622
30944
72143
5854
40742
33447
50526
24279
48525
63415
27667
66233
23115
47626
12818
84915
17857
64796
11059
17554
3119
65021
46458
49662
72272
51884
79991
21301
40825
83127
75664
52049
2422
96260
13047
69973
35001
6333
5143
94449
73962
48586
81252
93069
68972
59711
7655
5761
25929
97
76696
63961
34046
24442
26170
21976
70466
97554
75235
46856
58909
17707
62179
14056
10490
45341
53337
20946
57980
44375
41992
13547
8789
16088
86804
87365
55950
78925
27607
16444
46755
92372
8767
32533
83860
94888
61995
91435
72462
35551
22024
93581
51731
67428
45623
60626
62785
39143
82973
57593
29439
76831
37008
49814
37729
24174
73066
60679
91004
22496
75395
58177
27610
5993
74447
54230
91049
18023
71245
1261
94940
55601
38680
94964
22212
50726
86115
93831
37116
52475
92578
81638
87331
27132
34601
85875
43645
30143
98498
92373
37878
23450
68094
58360
27476
72433
76625
66369
80760
13927
87636
76728
72537
96525
13182
76484
4591
2974
45887
80450
94635
33987
76264
91247
52963
2199
89963
12640
79420
28968
36424
78759
90695
62201
71915
80731
555
17598
45711
66330
46772
72102
853
57549
17083
50320
49107
34852
54315
43921
51607
4569
3513
86612
2196
87850
41564
26798
36892
31835
3482
95413
90895
12760
80602
90711
53542
87717
1093
28415
54456
84500
70598
35372
10973
74828
81980
1216
98545
86589
56310
58141
73908
93877
78490
17584
81908
14955
59629
73125
78534
24074
98694
10050
22440
82205
61701
76051
95447
55958
24945
99030
71905
22123
1931
41679
66809
63190
72822
68348
13985
66458
21313
47964
82125
89749
25933
59971
28912
96854
93885
14978
7349
40090
53602
92041
94607
83160
79865
43557
86569
2157
14033
49586
25954
20922
33433
90538
4681
62337
40780
23380
20040
11474
90495
20257
14127
182
96708
34397
35793
57606
76144
97
17676
87913
29640
35332
77897
49545
99026
40931
63513
50941
33446
23249
32030
36900
46670
63302
79818
39707
22839
96354
45351
99228
68750
44800
57412
64642
55117
61770
4536
55043
49825
62054
85156
98736
72785
70839
42671
69701
12059
31865
56034
69121
87864
21187
46007
51464
94811
50427
77499
58446
59631
26568
99
69827
1444
99190
64020
87585
10370
21458
33693
51643
85764
91941
81498
72810
38751
76335
4047
52198
85370
57642
73761
38157
15400
42253
50075
19451
83021
82734
30881
57762
55328
5802
21447
12190
92143
74937
98902
82498
36114
4179
94645
66482
53891
71346
44623
29457
47762
15911
80945
44863
83452
12127
3653
10736
22814
29171
48541
25977
10337
95291
53042
45984
8760
44606
88367
49997
87187
71106
55108
16619
6607
53561
37771
744
94458
50598
25167
85270
98465
81576
58970
60253
69194
82636
89033
35465
91923
5647
42940
68638
90766
67668
61047
30785
38644
77164
24827
74193
73013
27572
96405
85818
96809
84450
33505
16226
21678
49503
96412
62962
60539
19082
63999
16710
89011
79845
10023
34439
22585
51970
13922
49116
48792
60132
7411
22324
10207
96266
80319
38409
58645
116
34305
9261
30498
86083
50606
1886
92969
83792
76665
22825
19551
71486
59280
31436
53108
62526
34783
26436
37050
58455
69737
78250
97419
50302
5969
95741
88765
81052
62268
75240
35785
69149
92896
30249
34730
19988
20098
64146
65241
19562
63807
18057
96302
11468
43264
94508
87542
80841
86001
97697
96081
91309
26623
82140
92627
77244
5117
14477
14569
42457
13604
28198
78688
26956
92726
394
69579
83267
56683
99823
42089
7724
42341
10372
2769
91291
42864
16574
43645
80357
21452
34587
81436
56894
90043
8215
86455
89906
91299
99508
74193
58994
86676
32822
74750
56071
92925
61536
34594
31096
1559
93864
39653
39363
64698
36614
44462
48257
33759
88584
20726
89271
53054
38126
22486
63573
71638
30491
10738
93201
65015
62080
95842
71965
33827
91435
66592
34292
81762
57323
42305
90149
96349
55601
80589
60415
8822
5775
79916
34041
71988
78810
58273
63011
14269
23601
74171
3995
77153
24492
31113
23192
68007
90699
38947
33060
54275
10543
28935
82482
49366
56777
12828
38092
29997
76868
23081
6246
43588
48433
4756
40643
69315
63141
37807
88031
6022
61191
45698
35097
97172
65531
44988
18695
79994
90608
57004
82125
41711
3281
23747
23375
8738
91696
92928
33207
22734
99805
23746
11722
82957
69178
36256
70391
8761
38251
17808
32952
84125
67241
33897
84760
74349
10715
78311
9930
50804
74391
51192
16526
35362
6626
6261
51826
64327
8829
68307
43619
9693
72830
17942
28697
55875
29836
28692
40592
22712
60508
52661
42983
26671
61231
22262
49974
69610
2394
23501
26885
4322
21905
88856
25727
40195
70671
67792
48851
81207
9254
72998
17853
92408
41063
83816
14409
74197
19220
77674
48726
87785
38633
90764
84185
97012
53679
64358
68601
77498
71851
2876
18774
80025
22635
37086
50841
12560
50195
45317
34052
62120
18379
1044
49252
82138
85243
11056
84886
56279
62968
62329
48957
94972
53843
37848
33985
98805
68096
20460
22940
14844
88802
79890
97037
49053
63138
43947
58490
7927
338
63702
47433
59546
41305
52792
83191
88745
57795
28587
26146
713
40615
5706
86398
94237
84360
82710
93641
21854
88903
8149
91920
22749
36188
35394
358
47250
54967
51847
76134
40720
5415
92212
69790
26414
75989
77931
90633
21930
46955
53735
9210
14200
70409
68991
33884
32028
67564
97476
25408
16765
37485
69732
31642
11618
60606
95756
58704
94441
45066
50145
60583
79671
6549
92479
52872
16739
55618
21074
49970
52031
21583
67423
38606
59024
62897
20387
46736
62124
21252
35379
53029
98539
10644
82403
8734
2615
51960
70266
88959
44939
14558
56829
67631
99658
89823
65273
18568
42389
94116
44954
44299
21882
74484
35063
25771
81597
99189
23398
10721
84253
28147
23258
54823
79029
56368
61023
23025
6609
20946
66732
32079
65525
86765
83878
95633
20655
81616
85622
85577
34166
71899
20687
82161
28524
36767
24934
89034
83340
16258
55715
11871
54764
59753
94921
54064
69741
9219
96671
38640
90048
45380
78864
20565
54461
87991
65047
76092
68631
86240
75534
100
73890
61576
77676
41975
58554
7991
60924
5795
43964
20188
32624
79686
37240
94184
84224
11611
59290
26706
42811
56797
21289
37876
33290
41154
81173
22743
26781
54545
79039
84285
62449
62838
88241
44416
20060
23846
10778
22409
94939
62544
25313
6169
26459
33182
22583
5879
35449
6715
28739
51721
78216
41623
30658
25780
41499
40443
38507
25685
70877
59370
23680
13806
27567
66939
52740
59141
28449
99624
65296
1214
48535
75869
90902
33476
36290
35233
475
6220
49965
38871
68678
39059
91369
52996
24048
78568
58432
56355
80420
32800
51491
33248
62649
69299
40084
78816
82796
53776
71942
66913
91613
28849
39346
40165
28636
63201
24145
7236
73738
65177
33214
34477
47029
96670
94761
86410
90330
54218
91952
73498
68872
44658
78461
37409
1472
4225
25449
32149
10199
82503
79662
88350
3182
16802
79419
55927
60109
23246
93345
52046
43364
82777
37697
67616
50241
51101
92845
37869
27013
86392
78937
15318
89668
51667
17463
75288
59359
24571
12437
90969
71630
11966
31208
43801
6600
84205
89986
33993
67230
82515
66513
36609
81804
94308
43514
25935
52727
39170
87498
16213
53212
57480
70174
39608
12379
93683
7214
41653
20335
25131
95242
91513
20892
98236
51835
11819
63937
39626
82433
286
96297
11768
18554
96735
63794
81013
71824
96721
80332
99450
4248
74761
89269
25852
54243
96146
23779
94168
21770
92815
35903
80561
89617
79945
79201
97705
62884
50906
14239
35289
69493
81688
44479
11670
79213
54126
39181
48665
96977
22079
2111
401
73008
88191
9354
64926
9094
70590
64291
25663
92090
51862
81937
29963
39365
98896
71913
43394
84452
64737
26964
73672
3327
56567
69538
1145
81137
21978
54496
41175
87293
89658
66864
13114
5001
39768
3638
81351
94943
85626
84877
99113
83978
49944
62012
18501
89569
67072
49997
49902
40656
87123
81937
55564
50164
68914
32100
20234
75715
16478
69355
82004
11484
41808
10636
77675
3427
77215
97497
44482
43579
37730
53569
48687
14608
82133
50989
27597
23959
67151
43151
84370
94969
20703
46368
30196
97317
74308
79761
92095
40675
29434
9714
35354
8101
19300
79579
72130
58602
25527
22714
99464
62870
1655
58813
51557
86898
69550
36343
88021
13704
45750
20572
36808
93250
43286
78448
5199
31236
89067
7386
14275
86334
13348
53740
71135
30535
91195
4233
20060
82704
71080
58398
7899
15002
56241
36981
467
96716
77397
98116
2146
31488
15041
33652
21514
30876
80097
90725
62703
45095
66822
14165
82074
26727
91386
72679
59752
35899
86171
33457
6207
18531
33848
32359
19969
34445
43656
38121
13246
31266
118
46568
3984
87163
88179
89522
61835
80934
97067
31346
32926
67157
45359
84762
9352
86885
11883
5183
95540
5936
2772
49682
620
70463
80395
40356
86270
34953
69431
10701
27127
56903
12728
83618
56601
31215
84533
64586
67940
69264
63818
74267
24353
69488
89544
44223
53280
72356
39619
89598
75703
20201
81205
35085
63741
9743
94769
85186
63425
34108
89681
75598
28011
56510
96711
57857
68532
83501
66222
36135
52501
68423
68558
91748
16495
6558
67247
83287
24143
96116
24407
74351
60841
40559
44930
98309
3517
85859
43026
97487
53378
43861
22962
50228
76620
56854
63262
64369
27785
25440
5319
71773
46336
91608
64561
12567
97168
68460
72022
79108
41845
24125
42390
3498
67710
34104
75620
11855
47175
18540
78000
60543
71020
2584
90243
28092
41554
3878
76131
44193
48853
40938
11683
37863
74622
30078
95934
61296
83305
3169
72752
79249
43494
46712
93290
48045
78324
802
78295
98026
75425
41199
16211
34104
24566
45440
78987
51739
98981
40850
13485
10796
23179
14155
89857
55871
86217
37613
79982
1900
54642
39246
81269
34616
20217
45450
61648
43692
98050
31766
42673
50197
93030
18830
85192
13825
69808
45086
73666
72208
38387
62558
40901
37417
65218
91919
55737
6302
33281
25542
98396
80649
1830
46769
25753
41455
63699
68737
94220
16557
80172
80964
77274
32690
55570
65989
18030
87515
7368
27943
882
54668
99976
93437
35624
41903
52357
82266
48332
80218
15154
5220
33809
72884
5789
39937
35158
56930
22152
94138
76828
45911
55787
76038
19575
82520
88460
94357
43743
49618
4907
74773
34967
47275
31085
43904
53057
56476
92386
21565
23402
30256
84857
10292
40790
23427
87891
65055
71147
87534
6902
53291
87990
52945
15661
64626
3943
15096
45880
27180
50553
30223
9032
13133
60290
34455
59483
2340
44003
2859
41122
47301
93440
65939
33233
63495
76494
85736
68330
52092
34049
39868
89097
38655
19739
641
17618
4306
43125
51005
47497
43845
2144
66538
69732
8601
81741
30017
31931
86289
31801
56957
60133
37071
4036
22884
56318
66106
13922
6293
83492
46570
83411
37578
42335
47784
27954
53208
45528
8477
73077
11953
54107
27030
16533
41592
12766
5035
22720
23228
22020
29316
81325
40336
58535
58571
85897
23232
53494
22100
28440
24362
76993
59146
31336
72010
63819
50775
60833
80596
79191
20369
29651
24083
45271
1476
61719
82640
63509
15117
29435
66951
51084
34312
89762
99378
96044
98282
95778
49337
78917
49558
39358
70677
11330
64521
13862
39940
48701
34571
62328
37191
90513
93297
83069
17515
60146
58619
92552
87878
34090
53923
90541
54832
19577
18754
18049
26545
15678
21673
56158
51434
10347
59087
65151
64059
41353
21375
79105
61356
82911
19939
66635
83585
38150
49636
34031
64032
69129
54381
43038
56782
11072
76456
90162
15737
74551
7742
14000
52687
45651
21087
85454
64282
5188
20248
93374
36117
44280
72984
76564
40553
46196
43003
45427
55242
52533
51696
77790
99605
21052
54345
43789
17869
5742
33355
20348
73456
65346
59013
21830
65510
89888
88681
50876
25909
73954
74202
41629
26691
10067
95293
88090
80159
44908
590
45740
44629
3844
90289
42772
14229
45156
25629
20909
28420
9084
18121
22034
84144
37535
43886
80272
76518
36863
58320
2422
27267
32965
2742
50170
55120
2099
2858
18222
13698
71249
75369
59976
50973
84083
41239
35998
19370
12117
6145
68179
60017
40616
53153
70772
49801
96695
19700
42156
98369
86950
80276
60887
86216
78034
72427
26769
94550
99616
32873
30504
59900
87627
32473
97057
8511
90822
53374
88231
35697
43767
8400
40553
86574
34917
27125
75931
58840
54806
18101
96400
34798
99282
64714
5596
61696
49960
40683
74607
80554
91136
5647
50139
54871
95646
9641
4510
19252
32079
35408
54432
44229
53186
17604
55654
44546
95873
97393
94761
87110
77521
25142
6716
6415
50688
54318
6745
25847
13859
66228
69672
92728
28063
67792
22553
59065
59779
68769
40174
80684
21074
3041
41997
77363
18990
31568
8208
82639
24492
81042
63386
72162
14931
2781
98732
7644
28029
25686
43631
71986
71357
92339
31759
50883
22598
22781
12858
3832
1019
27793
8159
70686
51846
11270
66077
38422
32219
65314
88016
91981
75160
33468
33373
68201
91177
24347
78252
58619
30728
88197
15688
26714
67866
42689
42883
64000
42363
98447
84381
72598
53182
18653
64154
7282
13532
6675
75124
772
27008
84688
87319
14855
77034
15347
77716
13509
19987
20211
83896
79159
55900
42270
61974
98979
25862
15850
17258
13464
92515
34295
39843
57013
65539
37590
90143
31419
11501
84965
36788
75321
47207
7707
86485
29562
19186
39162
1125
4744
85574
30912
16915
55504
11436
57181
38486
91660
77395
10793
78872
31281
67426
46555
13188
42562
20874
9566
97671
83670
41703
80766
11262
16114
76590
18010
80782
54655
97350
61921
20649
16650
60945
24663
32119
58712
3258
87640
56890
76970
45275
45930
12041
87718
86259
66120
64392
88206
36841
11374
33253
84646
22587
59969
52404
1325
82668
69504
15669
30132
64167
81586
52322
68589
3680
15393
95322
70975
64916
46665
47139
56267
82603
88684
97168
18672
68895
84853
44615
68624
52999
88644
41916
30804
63379
16996
22515
22415
35178
68675
25037
56003
79263
87560
38160
29765
80828
667
66131
18137
78853
79771
41784
65475
55797
12948
12041
14947
35193
99806
51171
41203
39535
47902
26111
9364
51190
98361
93881
54909
92198
5966
46168
14765
83424
70138
32030
56367
32140
66609
47024
98023
1518
79299
54886
48252
53777
44101
64787
75576
66962
78072
23112
29386
19183
39647
85441
82594
32909
85843
88649
93949
99579
29016
99672
14706
96096
37589
73496
81613
17973
14801
64602
92051
88462
48886
66761
10959
82629
23497
70508
80908
53533
86337
21409
96740
1900
73949
79251
56335
52797
90238
77534
92137
35326
10969
73222
66344
37436
93973
63349
47291
95316
77358
48060
80866
70660
23806
66157
86882
42127
89428
17136
45984
553
32781
62459
2469
13585
21417
12158
1505
85918
42808
63690
16757
27107
64921
46479
50393
79924
86507
88001
39527
91406
49491
55174
5261
23825
82219
31141
54775
49110
77011
91109
79388
21583
9172
79089
37746
52977
22748
17893
87153
13037
76967
37764
26882
32723
13273
53402
7828
60122
88441
15825
44113
87005
8397
9306
43100
25392
49007
4767
97374
13132
60683
33763
4468
72374
50088
48198
82241
83069
53017
32653
24536
92445
15219
87385
13348
75764
8
71970
72431
8926
34891
41095
81301
69465
66042
27828
94331
59548
64151
39985
11907
4416
91487
39048
18966
55808
88249
52776
55315
5864
43350
67676
68176
95831
17285
74035
67046
7304
10733
98053
68704
88367
91926
81927
30539
31881
77398
67413
1584
75952
69970
99946
5366
65262
46523
56591
31786
11312
24293
3321
62974
48260
34945
40931
45891
26844
37531
8927
9475
25892
46360
71849
48369
32628
51935
38819
27383
97420
92951
43430
86196
73778
21686
35781
13886
67946
80577
6374
89828
61848
98318
28631
1150
87568
33238
6883
91018
51676
80210
75359
78436
79356
94221
36672
89589
88479
86527
14162
78764
38968
76213
8042
2621
93170
22089
25917
65606
61130
23536
60501
58564
91842
76842
7527
30647
80186
99092
77542
91112
50043
31315
50970
97493
81375
34818
1141
68435
1885
53721
56027
35194
97575
96141
68250
25571
60222
54394
21673
24928
52228
66367
43193
50499
84198
91337
96684
5926
70972
14310
94480
60674
98258
63487
59335
25906
86396
187
26005
8283
3940
92525
55997
53450
40795
80235
67027
67559
95293
62917
87198
33401
95302
28587
82491
29355
87836
97147
83210
33667
76705
39773
52886
2373
35385
26942
80359
53362
13101
49794
78564
52046
57388
37377
6567
81151
54417
13283
60164
4861
18997
9834
33034
75808
62178
53653
21062
3413
96898
51257
98723
88121
93688
72573
431
76175
74333
81448
84073
54278
68785
42659
65254
79288
42014
93220
9045
44678
92521
28745
23101
86665
69953
29057
68676
9683
77264
45674
44362
91301
81308
64255
47339
17833
84728
52834
1252
47527
35986
95953
79141
260
75399
60077
16512
95337
75915
12297
35555
17812
86857
4661
73710
97611
90155
11787
45699
45413
46749
75390
63850
25642
21599
5021
863
1207
11789
64330
58384
20069
18841
93753
73722
67764
21063
75413
37527
90134
39803
4434
86201
43351
35180
15032
96502
18165
47405
45115
81554
69321
12433
33345
72345
34018
33373
55880
3150
65317
98604
14857
97466
10402
6726
55286
97459
74911
62439
51768
66335
22648
75644
72614
54744
92240
97457
96659
53556
22183
13469
64620
31445
58739
98234
36430
37780
37989
46284
77410
73793
64100
73850
93275
41417
10453
7502
59414
10353
9706
4291
6223
817
88693
61130
80331
38653
364
22908
65351
1694
12860
75866
59913
24959
85764
86391
87567
83887
95906
44035
78288
25717
22036
79877
78326
27705
61113
83086
3608
7723
69308
86596
30554
59918
71058
44229
56929
55810
95322
43883
94100
43664
26471
81103
89519
42759
34960
92115
15427
68780
55241
98297
32142
10892
15981
15994
6581
56453
49988
58419
71612
29846
50808
28503
82528
32174
19776
21258
13482
70974
12554
60440
80517
17393
6934
85156
76231
78232
51576
57555
93591
44091
34116
36318
39251
69550
40705
86684
65443
71408
81106
45545
9779
83967
31436
27822
31642
78170
98646
72601
20942
33612
82248
83670
15985
38238
36983
19889
38454
77075
14234
41660
53548
16870
78809
74133
98844
8375
86335
60080
30323
20285
70030
82440
67069
53885
71069
80353
22220
83309
46532
19424
27187
32192
21480
93646
81460
94041
27548
49438
81107
84749
53768
2122
28484
37768
60375
49292
69002
76921
36881
69788
51362
55578
10400
34669
19606
92609
67871
99270
72043
53058
10071
32016
39286
52273
88546
63832
59700
41688
15540
77796
30207
11004
36158
25732
5609
16408
6522
26857
71840
13456
59080
27245
51947
9155
19837
22597
61750
29746
24411
71662
41766
39102
96690
97363
53516
87861
651
94447
27085
18897
1663
67578
55817
12719
61321
74450
30786
67521
25348
32599
71406
61870
50273
36718
43633
49991
83709
27440
94531
36201
46358
77359
13886
83231
8259
26251
34143
77134
72242
92074
8125
25823
37248
28942
24503
11987
19868
59206
25001
14901
84414
29788
93316
99687
31670
52878
28816
20071
25075
43225
92921
71045
42587
89736
7589
1687
2023
96374
73330
55135
80713
62108
90906
76156
52298
88264
66289
89207
77090
36699
19737
93684
4105
79405
14730
32176
84985
28548
84746
78287
60474
29190
66065
88253
89616
1541
43035
11908
73527
52517
86082
1674
87987
50791
85361
52299
94064
22444
30237
39398
85557
55170
38871
66330
70976
31174
93672
58894
16660
49866
72021
55379
53695
78465
47550
56655
72657
69605
20300
81729
90918
2172
99518
53197
87338
5364
47764
26651
14896
3630
67080
86496
4830
23823
24872
56744
54307
72756
47623
91788
34865
65506
52848
33576
3336
51106
30031
64805
94781
38181
20111
81580
59807
47734
63252
99109
10397
22951
77347
87543
71964
29495
72373
10197
25126
50158
91857
77996
82731
4878
27482
45168
47146
91489
39650
76276
20065
83255
16290
74189
58636
80700
18052
92257
26759
65500
98006
46525
63012
76829
79464
95416
94168
3819
52037
33426
68713
58425
73841
13445
52104
37728
15545
45930
36590
33583
81785
74652
19357
6464
56424
6972
71286
15879
47424
52325
58919
17165
43585
71563
43834
51002
14482
43865
95361
70644
57259
33097
83577
39918
53299
45665
34419
36412
71417
83170
59045
58100
71579
33844
21240
46033
19893
41629
85177
43133
27797
41329
85808
45153
96947
38217
17933
9424
18787
23541
59397
60312
51253
20448
11025
71885
52573
95620
61346
38139
65815
45638
65718
97142
19633
62013
18941
4883
69073
38636
90461
76383
49992
76239
26565
39209
93437
63169
80367
94549
51077
51898
65209
15028
64284
35171
39403
92049
76610
46928
82849
77339
84851
51499
38154
68424
39133
72794
30323
84687
5818
36388
18959
15715
24163
89495
92263
3834
5685
47007
1856
3972
31067
26763
54460
40838
37601
10878
45381
80613
83810
8395
22843
28342
98472
39258
528
16073
31041
98331
66949
35897
49028
65559
76036
62479
25621
97444
22485
87790
77712
20023
9238
94368
84781
24757
68227
98977
42228
7472
50789
7594
96004
6658
17142
33111
94369
87263
12258
63414
89516
38696
98257
81949
7408
95514
72733
95070
66320
83628
5846
82583
86198
37548
67613
10199
25616
68573
91454
69872
12666
79259
38237
46351
9204
19456
59639
10130
14583
56233
2872
55448
87312
99150
31738
99169
16040
54659
83307
76361
69573
30874
89508
26498
88317
31566
14056
79521
24578
20404
44509
65454
66778
90568
13007
20580
42646
58009
27343
38676
55824
8739
52570
55262
87231
95005
67562
34328
25910
86480
42147
89940
11072
42971
83962
94755
33862
57299
4177
23576
23541
2542
20053
78514
36378
68822
5436
80360
54551
67046
57281
56156
32591
67342
36055
79324
41645
35738
10276
26692
40999
85740
93604
32780
51416
54232
41467
44837
94214
86465
46387
40085
21068
66956
27352
53964
45057
14126
15884
60267
65040
56096
59951
74138
74059
39658
96860
81029
53669
42287
500
67930
39031
18628
47905
81119
31384
4599
99771
28736
41127
51972
96911
73482
52713
735
26780
34417
68082
53132
56375
76209
20329
22293
4142
46536
85845
53085
60487
73373
74507
2825
6860
99684
48381
14079
86854
80527
46899
93596
81895
59279
84401
43410
40351
67375
20379
38793
39945
12246
57707
23494
98669
88013
41534
93789
59908
4046
738
3311
95883
77599
20294
47812
14829
22202
11680
96898
29113
65687
89521
72146
50526
51497
6069
10683
6359
20474
40703
39517
897
39533
22670
10205
99240
70669
27360
27604
6741
33974
65389
51655
25166
12806
32593
40072
94732
87987
98805
99315
30860
9894
90452
55982
66189
90639
45299
84999
54096
32747
47886
29410
10752
63695
40970
57157
13446
25259
9219
73704
95110
56738
40334
58259
77170
56453
68093
73026
48064
23529
52858
4643
36628
41581
72312
35923
23213
70923
12045
24862
81518
15597
39453
69253
9921
14387
34631
91526
98546
57136
82075
66516
61429
84494
68939
10188
57657
71596
57369
90226
51388
86309
91254
48505
15363
53373
23879
69638
91450
73894
54168
83086
26621
69422
21966
46379
46464
46858
18255
23724
79690
77648
87445
12863
85425
542
24022
67043
79089
94709
16416
76764
6545
1274
22964
5669
9052
94260
95354
25570
43801
20011
72484
84756
60873
28859
45196
14434
80902
33264
38296
21421
97948
64843
78862
39246
58650
86109
13725
19569
73384
32501
96722
64207
90714
87638
69686
92499
37436
31207
33818
70231
41381
19973
25127
96967
31637
34298
52729
63061
23845
96500
68810
99019
74189
22355
13230
31945
67551
21261
83722
41825
46588
96153
9539
67295
24990
85127
57786
72350
25436
32002
86199
36246
32391
66742
6426
10521
64524
45845
17502
90090
14961
92794
55631
60049
4807
88667
47767
770
2121
61292
14810
67025
22570
76496
96043
71393
57246
24397
2206
45168
76775
11084
65647
20924
94566
88784
44737
54671
5686
1000
96836
65299
37943
79196
52759
58227
11364
76456
29568
94290
99106
36389
22414
47120
34230
44890
36408
38915
49301
33481
60547
32526
41551
67223
51321
14559
59715
8193
96539
11525
89138
89110
92964
94
45542
81947
90203
67632
50953
21341
26956
78154
56899
82181
45650
710
33622
61630
9003
25404
94872
13981
34623
84171
85680
53288
80080
92858
36633
73550
30914
74211
98074
89911
38878
25736
37419
39283
27204
78468
12449
84957
54322
94594
37895
59188
26046
7943
19684
77577
24186
26811
6968
88709
49882
51076
23932
67396
36105
32260
84779
99479
13865
96418
97461
79855
83961
28987
37145
44276
96942
49668
72665
24532
33157
74746
89961
74399
65527
24866
31645
14892
36965
11242
7257
40699
57465
47101
99039
99828
20789
28077
94296
99448
77668
41045
81458
12654
82073
94431
64130
28941
84178
89411
90377
81787
35548
29154
54298
99349
51077
197
49229
16716
35885
25541
83272
87061
11242
3090
95787
54755
88769
93912
46557
98090
61887
75317
88557
21430
33053
67625
33331
73657
23038
43944
39576
42106
61578
66771
54787
54577
77996
79326
71548
67776
23802
10226
46862
78607
36801
8803
8393
57050
85337
77249
99624
75701
46879
98130
99659
94839
68661
64765
32141
32548
73360
14940
23735
20427
69780
58145
23270
43592
33673
39992
42765
66469
24518
29015
60177
64593
27138
23528
83264
92033
68737
21895
58315
85942
80097
80458
79985
35975
94760
3042
43245
66478
77020
34094
79346
3055
69298
43458
88169
91190
68103
50047
34692
93084
52298
88718
66727
21922
16291
84103
17468
60672
35822
12871
8638
25736
96496
35716
4954
91082
61025
34886
87805
3224
12864
57427
62957
41129
50906
9090
86266
13072
63872
7656
96977
80516
63298
17172
33707
31197
72317
52613
83338
16043
16853
25576
42462
46196
36387
53806
84909
10184
18345
1231
65321
7413
48294
90900
10242
23232
78578
16258
95995
62126
79363
48924
63331
12755
81393
28384
86899
15576
9287
61538
25181
54853
25432
34034
27986
13432
62634
96767
83296
84780
67883
82954
96691
2966
76886
44189
55012
25932
92833
20883
74211
68342
25024
21055
67554
65007
51301
83627
22627
47153
6971
10242
73902
10435
45064
36246
86431
89007
95077
24429
32959
42662
61744
25225
14563
55825
21751
76115
86645
80685
80459
80265
42494
58225
50468
43540
76040
542
43071
7137
73182
93407
84134
20736
85236
22850
54885
86087
85371
37340
23437
77553
78320
17325
75140
83804
36850
59778
42966
85134
29287
75379
32656
16303
54525
83441
26556
90323
5533
3811
88954
5561
1672
23620
35711
88897
9691
17711
28785
66751
99617
86662
13649
53403
11226
37931
22110
43534
74035
58525
31629
77092
18497
27755
81256
22209
13823
31238
80721
29417
13836
13014
85585
90266
21442
26538
817
59010
55431
23445
17611
24577
97656
86905
56804
40914
19207
42567
22100
57908
4897
96087
39224
74731
97133
77728
2702
50862
45349
20186
29313
43373
1108
53566
59120
97013
63388
8644
48638
11979
30467
95724
83705
87549
22883
41699
18221
71633
67675
68176
17273
82599
24068
59677
63307
87218
57988
58406
4919
84708
92122
35457
49362
72029
4150
51266
45318
31610
10909
75493
7327
70504
69767
55933
35689
23503
40223
13624
69210
64003
68834
72655
15313
46708
3105
22081
36123
14003
9604
10186
4093
32206
23951
51805
47126
87928
61210
91260
23935
68279
41834
31067
11302
28803
50023
11850
16347
36740
45166
77041
70335
63457
36010
18490
96238
62611
35261
27347
9859
95363
20905
28993
90495
90226
93869
9215
96956
77722
46955
99433
57026
71362
49301
81911
43130
48398
47733
98416
70551
44899
32272
5598
62381
66645
90920
42643
72830
63885
28539
3903
47994
31328
53717
63255
631
37794
91289
55380
14341
66784
10748
36840
21736
65157
21218
41174
11510
33555
18959
64241
34747
62071
45009
5397
50300
25873
47279
72002
41634
80572
91195
21667
44230
90107
35568
94392
63636
98951
33473
4256
78225
53243
98931
55863
70311
3371
14566
40277
97668
53982
35744
59219
51760
16329
55655
15138
85615
45163
84194
85465
68064
35095
15381
82112
29323
99145
89363
67036
9878
3343
30723
69119
81742
39572
41543
68729
42392
10937
42381
27069
63080
8881
14834
66227
65350
11099
82241
99968
1693
96897
10350
90508
17676
11714
42125
62639
19959
48144
52909
41818
72116
6746
27705
30577
37790
58292
17937
66589
24493
55156
64483
52490
66377
96874
38850
96071
34068
31792
79920
14157
6405
54777
54777
99269
29258
75397
78752
17461
87553
42326
27685
48143
47990
36752
52631
54149
15247
94217
35324
80063
66834
437
81340
3013
2360
99508
37202
80564
34118
85170
63900
77590
11364
59010
55104
64884
48966
55689
73958
90966
53406
96258
46354
31097
9079
70650
99564
78188
36030
49019
35751
4420
71944
45886
75158
90900
5308
62256
7596
64654
96140
59350
22945
92760
69373
19533
29834
42652
83081
30187
59043
17078
72211
52054
67524
1051
90179
3612
6588
83064
4021
45458
2027
271
25355
96089
23766
45089
58095
48541
1730
71585
77115
17507
44925
44877
71827
18830
20092
53457
63750
66719
66517
4900
77101
81608
86076
21446
15995
69946
23028
93034
20912
43753
50309
11211
66213
46655
19985
9707
4162
89057
32183
63004
24409
95156
84955
89772
88093
58342
60127
1123
89636
70976
59160
67608
65444
91803
36573
1503
58730
88757
47404
59753
45142
12324
23760
31287
56987
32626
38849
64265
63696
94710
59368
69498
99855
14000
34687
4514
84269
90535
6749
33343
33900
36222
16756
36978
7637
79342
19977
73734
96720
28126
72557
60672
76055
88030
9734
30357
47446
60360
50731
16451
91147
19086
5191
92015
46476
4067
97805
77291
9549
37101
84054
31056
87117
44265
44622
23198
53394
96186
63071
63008
44584
60297
48399
89372
98081
27977
38694
25036
92649
74022
97741
88306
36691
56946
92575
25738
59891
24319
81539
27361
98487
52051
47847
41879
33679
42025
17791
42681
82344
82777
2513
7779
7540
65934
62337
31463
2880
22336
12055
62169
70907
81272
63066
79492
83989
95685
37344
78360
48168
56961
12740
12491
55028
40747
22702
18771
68234
47481
93291
55554
53334
20638
67365
7006
54553
84058
57834
13417
14503
87853
72179
97379
27995
19430
24799
90396
35494
24609
66294
49924
59580
54813
42095
56799
18914
70901
19860
50004
59185
90233
41682
63092
65568
32489
58068
17981
94795
34993
88257
39237
92436
30081
64864
23949
6992
86873
49495
17257
6283
74043
94374
43442
30902
72791
11076
23624
99751
90868
75171
33878
26038
21677
11068
1723
85200
18456
40336
26911
87343
48619
45265
63222
18737
34660
83620
31221
63535
19078
30944
33728
5724
22227
41172
5240
13547
21081
72930
50206
67705
72344
67390
49612
91102
51959
17519
60808
30324
60670
83396
70454
69761
34785
1070
1801
39100
36322
46147
22847
59215
83049
9635
11031
47860
26094
27407
56483
88095
4105
85267
18686
87882
8352
6676
42800
43781
72928
70762
48302
46826
96127
17881
93309
73687
24216
89045
71933
22508
10078
92323
32139
70339
41579
76686
48355
38926
67342
65907
85927
94570
54871
31748
13291
7202
35622
1625
44475
40215
39107
43962
37497
46194
90965
77323
9954
8147
22583
59793
25357
55931
71350
73258
85747
34016
26778
56322
54709
14659
95052
26423
48930
75169
24957
5459
59723
48778
93851
6722
91062
51537
71526
13256
20131
23156
20896
19376
893
63695
54906
41273
94664
92639
7122
38532
94175
67953
1834
30057
88305
40049
24107
38947
61054
34695
51295
22581
32791
24991
85379
20450
71818
69930
86255
48853
91329
73230
76966
78342
47520
68784
19801
76247
91189
24557
91705
44084
4344
67074
66306
33322
5736
14200
57975
41237
71231
14037
25427
11607
14727
40465
13738
89831
35211
82257
2097
98787
94880
12306
7734
732
65806
8162
69521
59737
60213
91761
2115
64931
85841
47812
23026
99988
23505
50678
72550
80488
470
22525
5160
65620
38804
7460
23038
90374
56873
84829
86209
40656
45602
45096
53528
52526
44063
69599
49936
13712
3007
86934
53181
36799
54445
96110
31962
17988
73766
28810
70610
5660
83194
54549
38353
57563
17652
65837
88958
72179
86719
11700
62072
245
58678
19982
90215
12349
23523
34527
98031
63864
23566
55933
31168
46128
29518
45587
33006
23669
65392
67830
68858
8063
38518
40520
6569
35650
90095
19981
5063
24156
86573
58328
32822
14430
19376
87867
28565
56998
82728
18529
65790
31868
88965
6526
47434
85497
5848
42261
96658
68043
95491
78804
15117
53136
12654
40880
33568
65469
2658
51305
9559
71023
7151
70144
89100
12831
11819
96038
66054
14097
2484
96851
13158
44337
7904
55883
76618
80802
93386
42982
56900
12698
56852
28205
22780
61973
48189
64369
35143
10600
90933
85571
81801
50340
63073
13940
70805
4692
18888
82703
355
87845
40680
9269
6216
64483
58440
58845
97460
7285
13454
77745
33310
62499
69654
72063
48713
60462
96469
82878
93741
70648
58258
37545
39517
11086
66205
10037
26979
23439
97684
58957
55742
32773
44016
97926
34588
96478
57486
23537
15865
9410
47533
33257
15662
36514
89879
10588
45648
39775
35777
76194
43032
81639
27201
23720
5135
25698
491
10974
93613
52087
26611
35461
48762
75826
1059
13275
70642
93395
94462
92382
78633
46451
91853
36228
5983
59691
88336
25446
64934
53840
86895
73694
21921
62121
8586
73119
36527
40219
73424
4715
49495
46240
4842
47235
77422
6166
99233
86975
29276
35529
39844
18907
4350
93683
4625
95106
53954
71693
66081
53532
16962
24431
87140
34540
50249
35811
93906
40795
39682
33483
6124
74076
67448
27754
18348
59713
38729
66300
73116
85253
84157
94387
52921
18547
31143
60325
31530
95825
28475
12007
38766
93647
55374
76684
88690
4112
69058
38735
35452
18640
4840
29591
93534
31148
89555
1809
68660
82616
1002
30660
15491
83843
86687
36186
25734
55212
26526
38840
98564
22683
9836
39253
20373
46638
16710
11169
65937
22843
43272
15403
95141
59136
16690
806
78725
26088
85303
53509
50103
77030
99140
84602
53124
1736
7507
95141
50689
8234
90976
45479
57648
77734
2486
26362
69161
3930
83829
82352
50959
8629
40815
61738
99773
17296
95909
49008
54358
87424
91249
51897
61344
4118
34263
43216
57173
47366
40671
18211
16182
1402
90918
80722
1682
53169
75586
30752
8393
90902
31207
68640
33388
5600
21716
46003
81779
13198
74838
97641
23701
17588
23030
18010
44778
71280
61646
45710
51518
98431
33336
69318
28054
31161
66978
34453
21565
83833
34819
61030
61307
21727
82558
6381
24245
6951
67641
55033
73769
20461
25779
3573
81692
6455
53028
98166
39958
35343
86358
17756
55344
29417
77349
71022
38374
9108
63534
14749
96754
93894
41938
51412
73945
24818
79395
56518
2070
36132
59277
4835
80399
16915
94186
32615
67826
1406
89204
31338
39950
61023
30471
32925
12516
27052
74425
68991
29112
37250
75549
58332
43969
87103
84577
15606
44788
1024
70231
15587
10612
36682
43533
64392
95544
40724
13997
42002
16756
88946
28213
33344
51816
73782
63484
28365
24165
45075
33282
32606
33080
29994
93399
45434
14409
11101
5885
9808
41239
22357
81735
68532
6622
93285
27773
92569
23103
91978
48647
58588
49932
44516
44037
99219
34301
43498
43925
3104
57915
47246
78744
72017
11594
63276
70944
95615
32380
16965
38872
64271
80806
75061
82715
16407
37265
68032
32846
88689
9535
6445
2244
42328
96934
86770
15957
40831
40473
64962
6278
80015
5815
62381
39988
85918
91717
2929
54793
93093
11184
5594
89188
58278
10375
38530
63618
86832
9811
64724
13128
77131
36305
59906
49317
75030
51521
18710
61975
3100
59881
97387
74360
87741
63863
62092
66405
35052
36335
38866
96819
14951
94263
30082
93099
15890
78956
72386
1005
70441
25178
59370
87328
94056
83254
18900
2662
41266
79662
61726
92661
29049
6535
43364
44248
81613
16791
47336
87621
73518
74244
36992
40618
41409
60520
69857
19171
41846
81619
60005
78595
93702
1304
79965
68576
86079
18685
20614
12663
56435
94913
93021
76058
682
21285
56541
57028
31870
86022
11886
10246
52726
5024
98377
56703
48946
4847
97442
4944
62135
46953
38898
23666
53958
30111
1513
2229
89253
55423
83118
86378
99735
75830
50911
18380
93978
92080
68293
99342
14558
98463
37521
65765
27436
92534
99270
15344
57912
58117
49200
34353
44546
50664
74658
10227
80804
85137
4245
68039
11385
56341
82055
89697
45709
83185
38010
27167
15194
33651
44199
85588
45125
96426
74290
72944
97751
34441
60210
80287
54882
48867
32794
88024
12609
85618
43742
82379
27741
20310
50603
43628
83530
98883
61657
68028
36954
15938
79679
86205
8854
939
89577
50461
81190
30486
18156
87006
30677
36631
60995
89924
56694
21021
16408
99511
42493
54822
85322
57649
96203
93401
55677
75756
83628
15007
87006
32124
13474
34287
94946
12370
10122
12702
17869
43560
93534
64329
55323
28204
25268
54628
16401
81514
41610
63445
13004
96464
43702
42750
25906
54296
33636
62897
625
54325
15877
58068
89534
92372
13481
90321
49453
8702
55237
27971
59172
11349
82741
85340
1330
86550
93731
2890
67503
34871
63986
71207
81743
2132
77587
74203
22957
41413
26890
25903
99915
99693
63615
58137
77749
98177
77786
14773
31287
65642
55020
90637
17383
81733
1081
39343
87317
75376
54146
53519
4027
60910
19186
54719
9793
71624
34813
50220
36983
89492
34868
99178
49580
71220
7360
2247
10804
3964
21842
49084
11573
68166
4202
4760
95957
35284
39567
48015
22164
30470
65612
54158
73721
48430
68792
13865
75227
73521
9406
7405
79257
28849
56347
80831
61752
97165
98332
22764
44526
11538
93156
72761
81125
68897
80088
32720
47823
11460
57261
39562
27616
80487
97436
37964
32707
94640
20315
46927
33743
51092
10342
65337
89715
59192
56421
96005
94072
29468
26664
78742
29446
29440
22445
19151
34802
88396
48221
28719
42398
84214
93584
56332
18451
38744
79401
24759
76842
18401
89482
83293
8358
21068
44212
81045
73528
84000
39300
70147
31761
82196
42347
75130
72673
79013
22097
84298
9799
53419
87136
32600
24197
91199
59888
17367
45221
71275
86458
96052
28135
98107
18876
88508
72880
88323
49067
82132
49027
92496
27946
49020
61615
92207
5062
26887
60654
22739
22793
3553
50812
37441
556
91672
50011
70988
22334
81156
24590
5337
54796
24119
65200
82851
93084
1187
47299
76902
79215
13242
84809
29350
16313
56230
20750
76103
64762
728
18327
81745
49376
30487
94580
93794
56060
38252
27629
6387
57157
81382
467
98284
53729
46250
82693
86200
17676
2076
3166
51411
58758
5793
95243
61598
74675
43447
94993
93205
45809
545
39538
86604
77548
6616
2717
30771
91556
19485
17962
67331
85662
6779
63519
20124
82082
84139
37642
6776
17169
37667
50469
58306
65876
21959
97971
52409
76862
1009
61617
42537
57592
44333
32514
95090
67407
54612
89359
41253
86607
3038
62139
1551
7891
67559
314
70465
81028
61138
16489
86034
55457
40934
95104
72111
21900
91527
54692
95923
92499
40129
26600
74969
40913
69531
89660
18706
98690
91763
15591
17749
70805
96696
79129
64192
6454
41998
50805
98944
97045
81407
21851
38541
72294
58575
68101
48991
66970
64591
23459
51235
63753
79470
3867
43980
52946
3176
91571
44614
37567
94346
93588
10454
71132
60913
36863
53672
84841
37026
47861
68145
10974
82347
83785
42073
41359
47072
2858
41305
1363
84394
92254
99202
41083
47517
18024
98010
38647
20286
70148
61734
76763
5240
14169
31587
18
49860
74012
48941
45577
36825
14855
42016
24966
29057
42302
18559
77886
80996
56649
62209
58598
95816
26630
8581
66510
2538
69710
48399
89844
64281
37784
85238
89557
76939
26908
6542
61689
40222
38950
43725
95531
33922
47161
80443
1408
49868
19719
15223
94473
59106
34462
62055
6365
92480
57212
9238
57330
66662
78619
26458
64366
42626
21427
1400
17974
58027
17678
68338
1610
62901
82686
26396
76781
9322
38527
82214
60235
6526
19114
93568
13420
43622
40321
44617
62022
9311
88370
75883
71820
9445
95485
80196
62314
82443
47986
75089
80239
85574
87922
69617
48700
62990
24715
41914
10393
53574
72160
38552
20675
7644
81537
47393
34379
27195
65613
90896
55837
32473
46013
83965
85210
32526
53978
59450
28983
69941
69951
66615
21025
28088
62314
22480
17930
17574
73163
71188
48503
94167
20067
56569
25027
13972
25554
11558
61949
45145
26844
40169
79743
19287
12782
81897
19892
4114
70617
12230
25833
46965
56204
30688
62624
54927
9235
10251
72598
42878
5608
2103
85895
29774
66246
98621
41990
17522
27791
83440
91588
87022
26101
29867
3574
12500
50240
41376
83839
37336
86408
60174
90108
32369
13450
71727
71549
15465
785
84958
10706
89748
82675
95672
80733
92117
7572
77210
21761
34243
15771
95733
41494
70626
32385
44550
40908
89540
55934
27298
12588
93966
50505
52063
33761
81431
14883
3684
10868
60906
75164
47841
60923
40463
10321
35707
56082
56172
5677
14348
40103
52027
62095
53119
12849
11878
18720
54853
31086
59879
63707
13148
77095
19260
92241
97729
33215
26785
85672
73157
27383
57889
46097
51902
66011
6645
39271
68514
49958
64619
76802
61268
55590
54439
35416
49018
41169
34947
6560
50078
99485
93009
58377
8876
1032
42440
81863
10811
94741
80994
61180
33872
60822
2288
10163
93685
11390
14751
11809
7511
78412
47045
24347
99754
90077
17024
24803
59263
3310
83259
587
92010
1607
21299
66087
9797
31739
571
93798
37614
41867
92472
97898
68074
65602
19885
85839
5827
43912
49614
46098
59523
42744
48302
8505
70415
5860
75603
2385
38042
45421
11206
15998
45843
22134
70458
63394
61343
28113
11136
10680
22877
9420
32115
13513
85935
66681
5371
21725
17530
90005
77525
33026
87562
83556
13813
52892
70115
22088
85009
76830
10927
60449
35113
27740
55710
33967
28932
3625
11967
60061
2402
17314
87467
61676
36545
59743
38980
6166
21365
72381
66319
59942
95584
75682
15554
2959
90332
38821
79769
9534
82545
60636
77657
92009
22979
15125
99027
50472
61898
32197
1649
77935
9440
36298
63094
48495
15011
40720
54593
63383
56140
40220
81032
17886
58199
76106
29411
26056
46611
61773
86604
76654
26409
12401
69389
74370
25684
11770
1459
32208
48719
67958
57496
31080
99926
31566
27561
45444
59881
53359
89599
6292
10803
63662
22010
87946
31444
43305
82748
69274
17000
40704
71204
6582
88500
88955
24486
5898
8034
25349
37134
31468
8844
81132
83283
38492
28131
59091
46630
79210
89553
78844
25151
69640
40932
42495
93616
43181
66371
5586
86552
81012
87694
97945
4901
67749
18719
20989
56610
72259
63079
13474
29430
77212
17553
73189
19683
6594
28752
20523
4421
9866
85000
63834
51648
5342
23112
11228
8896
2644
60181
2081
86848
84582
33049
53538
81480
52873
34839
15807
69784
27759
19805
10237
90188
84041
62312
87525
40526
25864
48757
38660
73562
22511
86964
81952
4020
15163
80165
25527
76914
77863
61400
51367
19852
34655
521
44872
46000
35309
39812
95568
78074
66821
76292
63221
72400
42970
18224
63624
56894
17624
66318
97954
81324
93284
34365
65386
51446
12469
35041
29496
32849
91202
73421
57739
93294
38669
15157
86910
53244
40735
84960
26212
18102
30881
65862
28500
87425
21779
64611
54774
80136
58605
46008
83422
51671
99384
60160
66863
16617
26465
35134
7786
23287
98384
99544
70975
54632
80785
45989
30583
80817
89345
36356
85640
75538
6193
51238
89918
3576
65225
45236
14180
28155
9620
12644
11835
25017
12750
36035
13365
30726
76952
76633
1597
21294
20169
25584
6434
65285
94595
3843
72961
97220
41103
6457
71691
3397
67364
82225
41927
75627
53367
50302
36722
5649
44497
18086
77473
84794
25859
99902
87755
60182
70025
84094
22369
79217
26082
16346
68580
7680
78448
85170
39672
50892
59066
19205
95374
59523
52248
66723
90493
88367
11437
31815
33517
71766
64909
58168
13101
15592
76360
49383
47285
20930
46374
6951
24552
47432
54076
18815
85007
55832
43388
57440
56406
43451
47420
36145
66042
49700
64376
20718
70995
77713
4902
71176
21339
4891
96482
4476
27298
24345
17559
82547
76409
73255
12281
46
18875
22770
57982
31124
57408
33360
74071
31863
85706
57457
81386
53833
48066
24219
32772
40826
99528
29966
6885
26204
93771
39634
10844
16716
6548
31393
93
60583
36284
96603
88120
9729
58636
7831
2749
55375
91124
54523
42310
91895
60930
27911
8151
59117
37869
76141
18232
43826
71523
31985
32281
88633
43950
60312
6477
43838
20332
60214
44975
82615
39962
22014
22403
50869
82194
82558
66899
43631
77366
29774
39527
78429
39457
742
44228
73772
48063
51690
99234
82466
42019
56962
59149
53804
70836
32536
66938
34735
72356
2950
98965
38521
34831
58283
33170
14434
21893
86886
78261
76050
74896
64982
29573
65458
38658
28481
82385
43877
4433
68503
75407
76793
35336
98491
73930
48919
68594
88717
3019
86464
7652
29521
25296
9535
57649
94432
4114
83495
87296
86042
42081
1466
97814
71290
70718
14347
41381
5565
33005
63151
68425
70882
83547
22405
76093
96856
9975
86627
21874
92601
22679
83751
17140
42024
76295
30692
71333
24561
29969
39968
20269
14980
44430
23160
72573
66340
49935
61484
41826
42135
65869
30742
50439
6664
37755
23670
22533
62453
48681
25398
98155
86264
71625
98938
83578
50064
5629
30664
64274
41030
93290
17012
46454
9936
14230
25355
32062
85593
44243
71155
93277
62999
65277
68037
76414
16199
16673
7048
47307
13858
8212
11917
66841
7859
56092
23420
63699
41440
13891
72903
55864
95552
53889
58175
16140
12699
74482
28468
54512
44786
34337
94469
31768
74727
7858
6875
43724
24277
36645
89752
82134
29950
18470
30818
64558
17544
31242
85674
64902
39856
43704
25189
81115
2546
35717
39821
9792
31600
44361
43854
82156
88202
40108
42842
98058
32918
84382
91375
36968
77663
1394
76509
46188
17519
41164
33138
33232
53929
15246
13308
8269
60122
88216
82672
34321
59142
17152
65034
52797
56024
678
46777
58648
66549
40573
42943
15865
38982
85740
75666
44427
29729
46817
17393
2761
68313
18555
82609
33307
28105
18723
81873
72406
73865
41019
88876
80289
21663
11832
40913
23896
25700
60130
48948
14990
21090
63324
50279
84758
48035
24990
40455
82927
83937
41093
17637
76180
39271
35341
64966
45468
46564
2932
31794
91658
92407
20409
19668
12447
10612
56634
14682
96898
59384
72285
97305
95758
23700
96819
11144
51216
90518
14790
41398
22973
47303
67736
94808
42817
31341
1214
73047
25527
76296
55863
89789
56171
19146
96967
97503
46343
2113
72321
18100
78973
12746
61035
86156
35237
90363
22912
50428
42832
33643
26303
86710
55928
39886
91102
80116
23395
5719
1252
86833
47805
99750
27020
21370
71372
52184
10817
44917
5542
34557
98796
7467
52844
15382
80232
92880
89421
16856
18022
582
12146
53040
42443
14579
34909
20528
80790
47342
42452
2914
88946
9243
35959
57780
65158
78832
15580
41487
29993
39110
87028
73164
19728
92275
35286
89407
84332
66011
70601
61056
77748
22999
67872
57132
70307
63765
86719
90818
39184
69480
79437
59328
33563
28658
75678
73015
82672
44138
34830
48669
99238
40783
27373
53941
76791
3179
40632
21089
48970
91152
64651
2223
8217
57638
67561
63829
32822
92503
38401
36580
28551
35910
12099
47891
68958
39525
81991
53383
71657
28437
80879
94125
79630
47070
42436
38586
73645
23894
75434
41045
23154
3069
50126
63944
32597
61174
65374
40499
20781
38270
88446
8543
70733
87318
67004
81781
87925
27455
67472
53700
13225
12717
72240
74383
21550
93893
93720
37405
30283
37987
29459
37335
92298
79939
16256
1202
37995
50778
31001
57391
1045
72641
92330
76793
59571
47329
56590
28255
3047
86903
96448
31540
36225
20650
317
55921
98766
12156
22022
79588
8420
50331
98178
73492
21228
50267
76990
64589
11175
1604
70954
92000
3827
85419
70620
87681
25359
35287
70589
13857
81626
67536
63769
42774
59481
76637
61841
40849
28673
30746
85056
15077
59370
88108
7573
42773
36372
23215
66543
68613
49079
89107
21087
54835
28689
99679
26908
56507
82425
42127
38421
78157
51346
63249
44905
98852
13515
71183
32408
26693
40231
67922
27
86570
78310
49256
20469
639
11362
93212
46425
76487
95684
22380
397
56813
97790
67617
85291
77390
94348
3826
14270
50910
741
74870
42543
68167
47830
11114
15005
13067
33144
20032
21502
1293
80000
82161
46378
54587
68561
32553
50436
53821
68046
89143
5168
86632
23467
99802
26704
8487
90805
3127
21756
4189
2056
72767
1427
11146
45342
30471
49970
52741
10594
86758
76163
41885
62141
33846
53580
90645
23145
27910
42185
41611
32027
55548
98026
29829
25813
9356
83470
5384
4034
36200
10774
41221
44281
36847
37098
34042
37419
13026
58078
71441
9440
5692
98649
16556
80229
3809
56012
89591
98067
22352
3259
38594
76946
21060
32274
40318
62350
19237
46695
44597
86078
54299
23753
33232
90071
24847
91895
84965
74278
79503
29621
92792
75524
52229
59394
96780
91430
29677
95379
39010
37193
26041
24710
23908
27407
45988
32353
71118
60837
21456
13108
2086
46772
28818
95048
82879
81765
58861
90262
50353
60581
1550
85591
26354
67287
60990
49511
47609
19349
30931
1140
65868
87742
51847
38550
48474
57428
13542
96784
77542
37641
90709
5652
5771
18889
57443
88547
4536
60558
56317
12812
14676
75530
55170
9581
76370
56997
70931
92652
6928
43494
90154
49943
96297
67209
88727
70549
71550
51936
88954
36832
32758
47582
72659
64682
97201
71582
31794
48802
51866
56349
71351
28979
23220
87299
67816
64001
44151
6673
54956
43381
31452
62241
71374
46608
42177
25482
98310
96997
35406
99002
78391
40518
67781
1636
66030
61845
80108
26456
67862
35155
77687
46222
21526
19700
61732
52102
3954
15951
21057
1714
50131
83692
40329
44724
53528
70458
31976
52686
13959
75068
89799
63983
99873
97666
85368
48172
53027
30087
77556
55985
21227
67227
26359
16920
9269
95866
706
54827
60959
79155
92104
64805
68678
47151
25373
36556
97472
4861
17886
11779
31641
6434
62721
33928
41599
21806
79774
24189
58315
94965
789
50710
55756
68074
64458
97879
64312
19204
83870
95781
43579
22857
34292
88371
39314
46443
91525
91585
39044
88252
31253
69546
7955
33064
74451
9062
16807
16910
58926
28692
88174
39643
99736
3328
16043
90847
31437
58346
61548
49269
10801
90436
96902
97384
37807
23014
10587
70147
49300
72712
53835
22909
95164
70798
39060
72687
279
76552
2895
12580
307
10637
28712
8065
54922
78088
35557
9129
9927
69536
57805
60551
74414
15160
73067
18978
34739
46449
62595
52840
89732
97196
65332
34722
71813
36993
94572
90998
91312
41513
12185
18969
40368
44148
44657
63360
41786
81012
11912
44112
75255
76474
61242
53808
37258
53548
4192
5098
8991
50407
46691
28681
67009
22993
20166
10727
97608
33598
44581
82224
7223
41390
4343
48313
2401
18791
26776
70208
54635
51378
84728
430
25438
10237
6764
49672
94429
27550
50050
44462
92679
60286
40882
17347
57385
90402
6005
31985
28605
91364
3360
85727
59606
30690
57144
58399
1679
67930
16099
22728
31439
85895
74334
87768
9930
29866
15807
69860
62974
40381
51213
12986
5615
61896
82522
79337
85811
98353
69611
78568
48520
77014
47120
95691
10604
27506
31909
98068
89595
23730
47401
37048
55474
72077
16054
91020
55113
62781
98452
39264
37967
23617
87702
96200
6776
25703
50587
79355
3739
24015
76141
52348
76377
71661
57620
16751
43040
47442
1908
88763
11404
83574
49184
43918
43966
34767
25370
4260
81541
37011
80084
48990
51541
3382
82244
3910
22805
98818
12318
7150
83425
28674
96661
30860
75302
30752
84756
79612
1969
83962
19871
86190
87375
87615
99428
24321
31066
55127
19488
74296
71167
32434
50053
83961
92877
45229
68877
64925
49069
67306
4303
39621
62316
2338
51410
84976
23215
34585
39571
19532
29672
15571
92270
60705
266
78326
2142
81971
47606
27473
37462
70781
23921
39673
34439
80941
1203
34881
51070
72362
26768
23363
21319
2857
25751
68008
70410
33626
62783
15517
36013
40754
77450
83828
79312
53528
28040
57723
9030
10030
78311
57429
19883
32915
4927
22208
43237
67573
74698
78729
16793
34656
64144
21157
89758
23891
64165
59409
41150
63741
53149
42797
64037
66100
33778
82099
31160
87323
37207
25427
44128
77590
6140
23512
70897
64118
73540
44029
75016
2847
74131
76905
86131
92075
51257
65487
37174
23708
36990
1183
33979
13825
7422
2948
7453
24024
96355
44557
83550
16304
47829
74507
46362
95265
36182
87209
99482
19303
33392
58904
15918
40463
88468
68390
323
78234
33911
88290
82444
13371
53739
30008
49435
7479
4867
84685
82208
80933
50772
93335
90752
1754
58711
31377
45004
9610
662
87749
3233
87298
34733
28563
25701
28022
42519
78498
41619
22941
31868
55845
25002
44317
27825
68783
6980
4541
37103
35082
53202
9491
4446
31813
64857
36172
20230
61890
3649
84769
42439
52364
30901
21573
98987
40794
41307
26283
55290
97429
38487
71802
72924
97547
26688
16617
51256
662
42126
28078
6097
41637
19772
84627
86915
73207
14765
820
4912
36679
7671
64823
33086
61611
4117
33221
75791
72896
86359
31961
98176
58486
72718
11962
65525
43727
93371
18376
4457
87673
84655
94609
89524
76985
71876
92326
56467
91022
15108
60207
93921
24160
4006
1368
86015
58688
3654
91463
44125
88604
68101
56987
30047
9279
88775
33209
23752
35494
35631
25501
21883
54107
72613
73664
19044
52710
34954
22082
7956
79525
43740
53063
55184
96844
45200
69274
73769
89119
1882
97741
25025
70341
60018
55714
23228
25783
40782
37758
39940
9365
68981
49870
47890
73496
41653
84595
19660
13341
59295
21448
68596
24796
61954
61288
85567
74679
3768
24001
35292
9427
75830
98911
29264
63218
38457
63121
4932
93921
19678
10216
51212
67091
56767
10859
91942
92771
25023
37886
35646
51898
24226
41597
94657
5718
7868
88574
68308
54748
48246
44293
53751
43304
79785
78244
13926
20291
6904
11870
53253
21695
14262
17446
95432
49196
29695
74838
21597
18816
67775
37472
7375
7925
73263
85453
21820
35245
63188
90154
40802
83362
73222
90504
4531
58941
69717
25454
71730
89091
40038
11660
21443
62089
96225
37602
20996
90936
53399
37377
7030
66862
2376
85379
39667
57348
67427
82916
51675
61794
39136
2876
95708
41337
11629
54826
86823
63655
31553
76217
23763
79233
19294
33702
51744
24196
80282
72866
36752
56479
8758
81086
81407
36606
508
89443
94419
71160
72824
97866
64088
5230
98465
38041
970
87665
23264
10018
56205
12452
36982
33320
22827
74235
21903
4675
94365
26396
44705
58776
22381
66863
86488
53861
47609
14260
50466
47104
14603
66532
3005
40529
52150
83791
4748
13698
64767
46405
12183
69947
7843
4281
31426
40660
31471
47697
27251
98372
56112
92475
47291
78383
24791
83909
7224
26586
30301
51661
61928
98429
70338
82943
78154
64244
26930
34641
90633
21029
8036
33574
84998
5189
8493
34144
92840
12085
14611
23996
61999
21899
56875
29072
19159
95974
18498
11148
98959
52306
23560
14321
84759
19241
67813
8379
30173
2845
98881
85285
50874
88525
82060
61726
80910
90308
57386
52296
52885
44081
14655
67858
31173
60679
87264
21532
30854
27109
43651
26472
89799
42832
4673
5420
31803
25593
20694
26853
70453
12839
67277
29213
27382
21477
20149
64498
28452
60648
62018
99384
64819
43772
34540
13983
56247
67896
33646
90998
24515
58370
37242
91426
43726
78546
40056
55585
50709
43696
9745
66374
20927
73103
70216
17687
80789
87849
96736
32594
74389
16900
8480
31150
70965
28186
31718
61456
69257
59581
48448
99651
4226
87490
41899
218
58584
26542
89313
5653
20540
28088
22743
58844
20898
70557
69898
12311
74767
46431
20649
37593
89134
63093
43651
24290
95540
64592
96161
36479
71632
32519
20044
74175
4291
16295
65600
30761
84972
71705
93257
52435
99780
52726
18038
62034
83021
48785
6079
79220
92865
99711
723
48923
94504
89767
50969
86492
3664
39937
72572
74536
60031
71845
46295
13477
2662
94544
27858
20563
50263
99101
49349
51422
33128
73418
24777
55779
46679
62086
83036
45969
41387
71546
32546
7717
45908
5352
48646
1139
38177
43433
21027
14775
22896
67787
45087
11891
35445
40293
97094
87109
86765
20453
50646
44806
79883
22250
9316
4291
71439
73562
1402
19973
55457
1656
24073
33537
42616
79111
9413
36464
39927
42156
73637
30500
93366
62888
11157
47227
6783
86202
62114
80493
3772
45460
86212
92882
97712
88463
74619
81142
86587
67005
84858
66370
49337
85943
13343
35757
97691
44172
45238
8318
73293
98789
25057
84001
97836
88263
41992
61805
72294
29609
21109
49584
63881
12203
60258
60564
44323
89889
44988
78028
68760
75454
68422
11942
58160
32660
63481
95124
95655
58369
63595
22933
51346
87164
36000
15561
35011
55701
27827
11822
50146
37093
78206
3139
79294
65926
99680
74109
98988
3874
54497
86645
76252
45943
34245
81139
72105
13771
36625
17551
37573
44288
88452
26839
11724
75231
81013
70044
92767
52436
19750
78795
52066
79715
24965
6350
62335
3458
75916
43597
38473
57428
23131
51658
22796
88172
5879
68800
87491
47034
87533
61490
58615
79718
69761
48176
55430
93358
17780
64600
39025
42145
3000
75372
5790
33383
16255
85300
50192
40167
1803
84286
40595
73890
62094
28665
76242
71980
29571
23592
26277
79139
84263
81762
54465
81464
58403
55837
39727
9951
21235
37487
5923
46788
59533
10921
32673
64093
81345
6997
93460
47532
39943
25310
74922
70027
62145
72264
17665
51839
26530
348
65963
57181
54080
45408
66824
77024
53194
90190
16186
77652
50668
56105
5707
28773
17733
90244
44672
22215
32132
41322
425
96284
34417
44465
30896
47930
73824
67313
98886
54174
60524
55501
40654
10543
89838
6280
79145
68139
16610
39054
28315
94472
86335
27828
32838
31963
93313
14268
78794
15720
34639
44493
38006
53286
85337
61980
11551
28646
94816
14297
64571
54932
31740
70383
44167
7978
48607
18081
87370
47252
74859
74906
67724
44607
61352
11135
47624
50543
48546
28310
56621
87066
33135
45434
57656
69480
25831
64316
20391
79937
82156
82943
8010
45661
38083
22062
92791
60954
57151
41923
61104
29954
39854
81027
98509
61471
23432
37938
9027
57694
25504
81803
30201
39101
13455
62160
2193
1431
86952
22869
80524
39320
42533
42579
84119
16520
47390
1118
92566
97114
23286
15924
8554
44095
77651
62314
56711
92647
31132
14129
46678
44123
31297
48644
16914
85603
10587
44228
97447
22494
16674
50496
51605
98322
3506
43076
17491
38192
42007
1240
69247
28241
74062
57782
91972
90131
85155
4069
46674
34966
49132
48744
61822
31022
36240
9880
42165
2688
18704
30251
41005
9315
88297
29470
43400
3626
14132
11430
26429
98887
22198
51008
73882
17959
60689
44166
36627
53801
59809
76374
49999
1951
11215
71749
79550
72955
38883
53659
22062
93966
83039
83599
19817
93755
19046
52188
20514
89300
70307
25407
16225
13139
37855
20236
2252
21637
48286
50837
74894
57308
12692
25939
39478
79623
80708
46042
12655
90891
96955
34819
47622
11293
84099
6516
96248
38245
37489
39882
94003
12334
48859
26642
48461
77837
88655
45620
50636
48391
43697
76881
22014
75430
84881
11218
73174
20335
24367
87751
39748
85297
45229
69403
4642
13309
3702
42981
51534
55787
36553
13143
86063
92216
6786
50711
38060
21612
79677
24541
21195
86996
80234
60914
22025
90524
91158
76141
4287
18373
4233
2471
46319
43284
77915
63400
71688
52729
2074
8079
34527
76375
40234
97637
65616
80719
95517
83700
65491
42135
32057
69143
68209
49894
93174
24695
521
88343
92311
4077
91747
78236
91997
10636
33939
41932
37760
84013
85036
50134
30370
32910
28338
10229
47728
92024
32071
69484
26515
29389
10812
95213
83328
51817
64668
39110
77040
61081
56889
36721
87401
94578
14217
99419
12604
91938
2761
44918
50130
90562
6445
5378
33934
8196
20213
18013
58081
3845
64578
53879
55724
66779
7994
60602
70783
79285
64261
6059
48950
70196
19248
55320
13222
83277
91477
23194
77949
50912
86895
25983
81693
2097
98932
60872
93202
9785
13728
98355
15761
42017
10323
90973
25280
35391
37296
77927
2006
88489
36314
66264
91566
58403
37472
32905
49191
77661
66586
33721
31521
56869
46687
84169
73241
35319
58224
91212
89430
57096
70285
3604
97301
42218
85436
22077
5125
92644
51033
88729
67271
72216
43980
8593
81571
36208
20081
94431
83408
51591
74776
9942
40605
47794
69469
58742
4890
80036
86686
34497
49391
85311
22481
99172
55503
58589
99747
22950
62582
67569
87844
1707
83259
27655
21478
37518
87165
91239
66685
16612
36631
66158
3220
63129
69974
67125
68755
56923
4889
88746
49851
99466
65490
736
6933
76924
88164
74744
16780
52218
68197
79248
85977
56562
28911
65480
40472
58494
2480
38448
15124
87140
40013
9968
76422
52458
72484
56566
33940
80935
46391
13774
29457
36914
35182
30148
34909
25894
89234
33205
45653
76727
86035
99461
3437
18064
2444
36523
19225
59637
53155
88376
59559
14732
37658
5475
66554
36022
786
63180
99585
23307
90628
80980
90460
9101
74108
57262
84989
24824
96474
17302
52718
32300
27445
62884
91353
34963
32502
40115
3577
72000
6145
44643
57825
51662
89847
78722
2507
97886
35120
18866
1364
347
40977
57486
98160
96517
86809
95604
8268
49173
49097
5144
23080
2175
11568
92989
81480
42301
30687
39582
87741
54171
37698
3022
9305
19524
44566
81720
64229
47896
54722
46629
73064
39058
82099
60828
77190
25174
42327
68665
81668
31770
28512
68497
19050
84237
77465
4372
41565
87027
7226
71579
761
78274
38363
8602
69369
43377
12346
3924
91720
51914
7119
75075
95188
83502
30047
10146
34877
63588
50359
78279
21468
13545
19031
28202
5754
10634
33636
46027
37487
77745
34913
17384
37023
61486
33369
36388
48528
33905
89208
29634
21071
12092
41951
99781
99563
36
43239
62635
78714
99166
72950
75237
60355
12634
91672
60643
25061
89235
74701
8335
56157
22883
8099
16703
13902
63453
85966
5493
1463
99595
79712
17658
98190
70839
51774
40566
77165
73395
33229
91203
82079
86113
1351
6670
31915
26616
59312
2429
35279
18120
12011
85285
61486
29170
78491
13725
61250
32317
46335
89162
41554
70105
99287
30418
64055
813
79092
39699
35601
71636
88364
74911
7431
8664
55433
56771
50795
60983
54652
39109
38681
68627
4443
16603
69397
31405
23543
80828
575
70804
26941
36551
31613
90215
75167
36761
39728
42501
51489
10799
54302
6332
65907
91808
473
77340
76387
46627
60335
75705
93185
99136
91071
64546
61014
88838
46747
34964
54886
75973
20051
59597
57955
81769
23868
8237
43727
50128
89019
76687
40458
7911
78139
25144
15859
72777
65551
1899
79520
72924
20192
68078
58070
20824
2117
69212
26266
90104
43504
3364
19552
57568
36174
38064
96023
13299
25431
53904
50242
77464
68387
87513
26756
33690
81926
58035
89446
86718
32609
87383
3282
80912
74425
75850
808
94278
52830
94741
22129
97209
55194
10633
73950
9309
59371
6799
42477
73748
28521
59592
22574
90839
64077
79825
66594
70203
20269
92037
31177
98674
6268
41384
98256
92549
88882
57911
55554
46912
58751
22127
39708
98181
82520
64877
63322
39676
71765
40668
99158
97182
81703
70632
32798
91594
8324
7242
79191
59768
42520
88700
46465
14296
24408
43654
27730
59610
10943
28785
84370
24743
15817
42987
19727
80800
44777
94215
1005
55696
48558
9823
60548
5081
88418
97407
61696
24108
3712
95471
86432
6498
62787
61286
29616
1702
57881
63265
90202
72545
33855
94693
44357
39381
35628
72716
73738
14737
58748
96067
49679
54382
31308
15755
10869
61035
40718
47813
87676
78373
20164
14780
10342
24577
80241
29619
72372
17969
96019
55195
72157
5710
30248
18485
85035
73616
52921
47763
62134
98824
26525
69202
45477
30247
57041
30660
81910
64856
79799
25584
56914
74037
61411
69300
95515
2189
19792
24006
84749
96807
80568
76217
72416
87550
14116
14336
28719
98132
73799
38574
93124
38201
74536
62323
82240
64065
10487
96270
86952
41580
74696
31801
10425
92248
92721
30782
90312
45938
6174
90725
94475
67151
81563
79900
96012
40839
22597
826
28414
50887
99976
74207
56311
458
51902
36903
69387
97845
38901
78637
32413
14464
78366
11413
75490
88389
83577
36804
14097
46436
32978
66615
63055
352
59654
92945
65415
80372
23917
94664
59216
78727
66654
90270
78229
50797
44662
45234
77159
84597
6365
5284
40892
80012
89269
46229
75855
78358
31943
31171
21890
88096
29023
75018
40313
54503
84067
79801
15393
49127
10936
97125
45570
79844
9827
34473
32791
15909
14322
36315
16767
71822
2496
27284
28323
23312
92507
5644
33358
15338
98497
22182
85599
43637
57624
44162
20140
12704
73341
98168
96505
73250
16346
85635
89032
70224
53746
79327
23382
18207
72038
34489
54762
98081
39712
39749
16218
93846
9562
82339
55506
91247
41383
10539
63835
72236
17031
11167
24154
14231
62473
86953
67957
41635
74965
71996
69853
62239
17373
84641
25547
14980
74527
77356
45857
51860
71084
45396
41997
48730
10245
6024
45207
60293
78546
23276
57112
4285
69011
15726
8824
67051
81811
84374
75671
22933
90515
22405
96583
57150
93207
96590
78073
90102
95819
69689
21847
46662
23858
16351
29719
50238
46891
66555
40190
12661
12480
83528
51824
84478
51761
88403
50648
56518
2841
28652
48823
62892
7256
496
35328
48630
94584
92954
50509
6731
38767
62510
3841
91527
62381
36845
83132
90722
74683
89857
61043
97174
7874
37674
98678
61687
35531
95942
28429
88728
99562
29999
91490
76035
435
45905
88219
70783
75025
74282
2848
605
93834
22800
44681
73843
60015
52698
648
60325
58797
14156
67949
48771
95123
577
90164
93907
17397
50030
8396
89445
61882
95146
58522
95707
93263
36824
43690
22062
55691
76137
69102
22284
56266
89012
9753
73287
99665
68535
10870
39691
70772
58803
12921
44981
79607
44309
66228
72007
12341
67399
14106
70556
60510
48183
31315
26770
32097
91166
53533
72187
80884
6724
57856
48959
14733
70399
2300
81076
83901
75417
17888
94650
58933
90080
26715
82171
44185
54492
99467
80111
40121
14590
31675
23
220
74176
46957
48548
30797
25104
19281
70778
30900
6118
5965
81866
43086
27377
71067
72344
9761
9496
10119
36328
15368
38046
33866
66549
13731
8403
14903
72873
3345
30213
98922
36508
64972
37038
61787
31079
59305
50002
87582
15207
41810
27063
52587
47837
19767
36051
69745
3501
14507
97632
20532
67964
62158
93905
1362
75224
52526
34517
96836
48410
2080
99138
4606
65758
47318
97090
20564
4497
30681
38307
61310
77978
17597
40736
48596
61150
89270
95579
25106
20144
4968
36143
64404
81823
55435
9230
38180
49994
89422
40316
978
48463
93685
11916
84505
51033
90091
34246
15815
78601
32955
38978
56929
81041
69554
84488
62238
26127
41631
60461
69332
91436
53533
80068
80576
2902
69530
96967
38579
22727
45678
73691
84907
92523
22450
14559
88255
6434
87038
43753
62684
63879
87709
25307
92012
29341
46935
82443
28548
54575
6558
77332
36827
2303
55033
72090
97356
16259
12824
48301
70188
89733
83897
86357
65060
57801
7173
64884
73652
87356
15270
46175
17489
77742
35791
24571
7583
97936
92036
75999
39622
20108
62302
20813
35402
27935
86644
35598
42708
23406
71858
66997
46653
32833
63465
5169
3589
43039
43358
97852
23862
33173
21471
20784
36352
73597
81186
21476
39882
79456
53217
35014
37031
39338
69816
61746
38005
30496
33958
72546
23984
21412
1932
65996
16640
44082
47993
76320
74330
39605
66300
68509
80567
45956
12317
4844
59671
36502
66564
65181
8455
75395
44576
20120
14848
65596
60266
76465
74283
18563
55683
7242
16079
52965
27207
25617
96000
59306
64875
58937
96635
85969
97652
73251
5091
77840
64196
57836
38830
71819
66179
26588
82700
68376
73412
79195
33689
40330
84073
8255
65537
55779
70804
51300
46053
60269
6873
52489
14295
70749
38086
42034
57037
1277
28909
8636
72353
5831
51547
31134
33006
79930
74366
71596
23417
15472
79931
7914
80474
65856
95650
30680
21602
45956
14582
96829
25748
79287
79699
90881
14406
72559
94924
19069
15354
85415
73327
10743
15504
78576
73085
85897
13239
95345
75595
1028
35002
60438
45696
49132
25399
23730
79711
90726
89628
69308
2490
18383
76206
77919
24038
25930
56471
64956
39104
19034
84338
20981
51730
65796
20792
65995
49047
91894
57200
34155
98011
70224
21351
59063
46474
22234
28016
37665
76341
78780
97276
15375
47446
84580
41220
15090
88630
42304
7198
40933
56490
77653
57791
63670
37127
5269
67215
8357
46701
55652
33580
9303
42834
40222
79698
84473
13217
46256
30661
68158
64472
47723
82341
8755
22970
31391
59806
72125
11347
28153
14461
83353
49025
69569
16258
80319
81959
20747
10078
22868
77204
40577
62341
5217
62112
16347
23463
96154
58556
35067
86078
23842
99119
8357
90622
5125
92657
99499
93824
76880
55580
18849
30289
29583
20035
55376
75710
92939
77960
11889
6270
90466
39876
50171
4467
13555
63091
46536
5433
89440
77742
81865
55848
90489
47104
62828
36249
2205
84705
62154
28751
55564
50483
32471
57116
25157
5292
85108
23582
59084
22707
28861
94787
22846
76299
22498
54578
89837
72146
31497
24671
29736
88959
41533
1722
12243
57899
6675
52284
9468
7979
37667
31764
91262
13848
64822
127
28208
86131
57382
4973
58388
12665
63616
51271
33974
83651
13739
90365
37032
4069
66861
18106
31789
35996
30074
90344
2794
13373
21438
4984
94715
88685
54264
61494
17891
85364
37837
34375
82180
78372
54050
62454
86394
21009
24175
99887
6311
50417
57884
21162
61971
45581
92957
47843
14604
84488
59849
30293
8743
96501
56633
7697
89068
18152
90074
65110
68664
3032
53989
60789
84869
22534
45787
93562
79934
24689
92522
24915
43188
6036
5766
56301
32123
77949
44174
94472
63679
32536
41621
55849
81681
46756
44572
85787
33500
15988
48205
99207
25194
46331
60758
41637
34674
51619
8203
5349
63412
91466
35928
32689
86892
38136
80338
85709
75298
72157
29076
70111
70734
65097
17411
2114
20062
67880
25231
34855
76000
8083
96139
75753
44432
84105
81826
73946
20345
37532
68899
87902
43215
63565
2524
88061
41929
87897
29439
98781
34262
88599
28930
89043
45692
54896
9770
24188
82756
34775
15569
85272
83319
36891
42613
78509
43374
17578
53605
46682
12172
45560
19759
32506
79888
98273
59481
16283
87375
86911
86101
80123
293
39273
37323
38712
96774
61772
78638
43297
32492
43806
647
19782
51478
98413
74895
64128
77191
8240
9423
70760
18710
79020
90968
47036
37887
44420
88307
80524
55793
58926
83777
47017
59130
41437
99627
12057
46853
52790
85132
32971
92908
66357
73065
53429
45119
2196
33742
49842
8709
59745
71812
28125
2487
26535
34236
36160
71887
78132
52071
53141
45212
8557
83519
41581
16842
67288
38615
41884
96588
65902
63968
95641
27616
57318
22514
4065
43140
94834
95883
78185
46094
61874
77082
77620
91892
90392
34743
43467
48810
57135
29914
8845
73871
5487
959
30540
78686
12176
59995
38339
12075
86104
99918
16613
37790
51629
35290
57153
26807
33741
44910
21219
23987
69531
25035
29198
14463
93487
49391
8528
66615
81231
69908
68984
76891
45204
69008
72285
51631
15354
79747
57643
24791
69092
63561
76900
43407
68115
13801
50372
76635
47923
50793
39189
15160
30567
94301
43586
61214
85748
85397
69064
29479
4342
65624
72069
22700
21077
75290
22185
67527
30083
96761
48728
2216
10210
69649
38341
17085
94516
67635
70247
21008
79997
53949
11791
18671
42409
27709
49374
34565
6399
56582
88905
76462
60227
27670
63886
22378
70568
11288
40697
75581
92417
68273
77842
651
74303
89308
66511
92213
79996
17753
24246
67505
18421
26410
761
99243
83686
21477
78794
17279
50156
79942
26658
40127
58718
67968
9406
39610
53371
52135
70264
52066
15094
29971
24662
54443
17163
79776
50409
14714
68790
54332
62682
18155
80578
76154
91813
43555
36261
73120
63741
98144
33400
83691
117
59639
24246
16120
27396
67210
70114
30169
59780
43742
7870
21176
61517
67793
71426
38355
26898
46469
39461
49691
67571
99579
4802
65880
13769
47852
27553
49369
13893
20609
5174
29493
83352
55921
95515
33033
5411
25807
25142
14690
11304
34635
15341
66449
87111
34398
95109
23124
12122
965
75232
77616
73647
66786
1891
37001
70502
84859
30187
60687
11859
90772
42799
15845
28129
15393
82371
41407
739
2758
86420
9035
40376
45108
9992
10319
76964
6349
65736
34340
61946
49353
88953
42776
3046
26144
18973
93200
23607
50628
344
71554
53718
23504
84668
23260
66704
11410
27364
62677
56838
43656
57180
33987
43973
218
20234
1034
24564
61880
28797
13149
93921
13922
46511
91884
38128
30745
38473
42838
36922
42730
91505
83402
74048
74845
20273
87717
71985
2626
13930
52629
1570
52679
36549
68362
39863
45162
98602
15608
14885
73072
31939
30087
58603
4640
529
5938
12040
61551
2018
32489
41988
58744
9760
21716
35412
32707
40768
28653
48743
36556
96968
30059
99188
33723
84271
4192
60181
31665
65515
30816
67013
47683
48863
7612
75186
84661
59433
70775
23107
15727
17567
3602
77772
12283
43002
22570
49198
380
50649
55815
55368
17195
61819
99208
97659
69017
61979
3903
74469
77969
9492
53741
62805
38425
25439
61505
58690
72298
17860
87498
60814
71145
72234
94967
36178
24101
54671
83263
92527
5008
56459
96693
1764
85494
66473
62580
85094
19556
1131
6222
29512
61498
2951
82498
53173
65108
94189
7875
27046
44230
29340
39665
11982
54479
31701
80610
23221
19880
67598
14845
80928
3797
87951
5506
69339
13737
72329
43225
86450
31850
92516
14250
65604
37217
4523
97441
57210
9884
34402
41748
73011
50489
11601
18885
20634
47139
36519
85219
6622
47504
38003
87665
86740
18256
92240
87702
63970
44080
59804
9694
24264
53514
36913
6543
61943
2789
86890
9074
25595
69626
99472
86889
24876
83953
59519
27292
97078
61388
52477
91567
91987
11837
85154
81920
9197
56317
4338
89755
27126
73163
42990
29256
55175
71991
51044
13840
620
44400
4931
17688
21341
42179
21001
20532
14513
62742
81995
34472
21556
53002
33211
63661
73352
1187
3895
96352
36134
46760
23415
87419
88255
11439
12879
64194
94466
32308
29542
90182
2834
27267
46421
80211
69346
26474
56372
15163
816
66668
33640
53372
33447
5683
27376
62866
49568
86665
94004
74232
19302
79291
19689
27067
94000
76829
32424
55226
16104
74233
32902
6565
93577
24075
22934
65549
68392
38028
60572
24811
31664
32802
16574
42715
79751
16434
74230
86493
20206
97313
78874
56779
29062
33917
41780
31462
37284
70223
77497
67377
49639
70858
72940
74972
33519
90687
98147
73071
36483
63215
52521
66761
40616
1678
24298
98946
11126
84755
20596
25405
70146
70935
81647
76047
78987
40694
47066
73667
71053
11401
73605
35572
67779
58359
53997
14649
69607
86799
69666
73771
2480
24764
84806
28555
25905
43539
62761
39119
69003
35499
5092
67220
97796
46279
68928
22396
54741
20843
13768
71779
77397
70473
18399
9124
62360
85803
21115
50657
58287
6606
78003
10429
75518
38572
41428
92745
8623
84751
26168
12725
23027
78135
54991
62580
88203
93074
70572
10640
45660
66422
79861
66147
81806
55871
98957
84617
61094
2027
93936
42797
29795
43625
91911
70562
82079
77705
50188
93484
51036
59469
88671
48043
33797
19950
33284
6735
81417
29545
21094
5529
86531
69646
95640
34030
72584
1393
89761
20128
49956
31335
10709
52093
31280
68925
87583
42972
74754
86946
33291
98751
36589
74385
73589
24407
11255
29940
14069
53608
86905
38356
40532
19678
48775
51874
21094
71698
92546
35842
64436
95507
49820
76083
90324
91169
61061
39180
30295
96388
91052
23574
46375
8270
67130
98694
36040
95678
56419
51602
99360
99914
74235
30889
23898
23406
54575
87089
60450
83792
22302
32620
96859
78456
5705
70600
12087
24139
74337
36488
13253
13962
93443
10732
63051
47065
81524
97562
88255
53236
28001
92483
32276
56126
3644
65888
82900
49655
65624
77947
70765
33866
83564
55933
37121
89280
92045
18303
64092
23772
919
16651
88388
60953
83171
87948
88446
55376
43637
16947
86251
10602
97137
10196
83511
73874
13675
75615
92823
66311
91630
1469
75132
13182
49958
78933
70890
79428
98697
11698
53724
35157
78453
83081
35087
93094
74672
44322
17063
4157
72452
51250
20115
36663
78539
5711
48941
91909
95845
26913
62334
83739
56956
16351
63688
74805
13050
37076
65144
24024
98418
91117
24309
44181
34457
98950
63324
50180
50196
36760
90882
29608
39213
89092
40607
6002
20198
44447
7935
19669
99638
24530
11030
83620
69055
61416
98060
38152
15942
79013
55266
52340
69368
89577
11142
52502
49153
78409
91897
55649
92679
40735
24435
87441
38402
33485
88070
62350
65954
8959
18807
91539
42116
76695
58676
428
16747
81040
69296
526
16609
41721
21234
30442
49390
54650
82233
71971
28729
1254
23014
413
45993
48244
29130
35309
19861
55244
51960
89146
83460
8461
84371
61264
38127
25127
3058
46139
98286
72330
93781
53366
91794
92899
60314
40045
89435
47033
7771
75684
33115
37662
85397
52183
4623
95944
81500
69560
51544
51922
77752
92169
97955
62434
2066
90306
16506
28127
27870
93015
32287
88362
91532
13535
73423
51249
77562
80790
39705
21425
93585
56509
49480
1534
68675
27931
2878
2257
91543
70590
36382
23015
15476
53524
64849
45213
66327
73518
23272
41363
9388
6413
65169
7824
54790
57334
71159
26677
32113
19656
27774
81372
9574
95622
79411
56948
21642
72958
79923
26935
62095
43500
86458
44511
78024
71808
49447
64040
11149
38620
30087
60250
90335
41665
33104
57223
58285
41358
36511
2684
30681
1838
84434
19613
80400
3700
85196
70551
70325
88503
49808
11609
30230
76453
11296
93377
93915
13860
81234
47591
64353
6862
4988
17215
72707
54948
22584
92785
44869
60070
59750
33690
83248
45341
46124
62755
84960
36525
43254
28004
81238
66310
39873
15007
5933
77181
93356
68469
72119
66047
49219
35179
36942
78069
40012
59133
99775
51328
7975
2827
55543
45433
78550
48041
80113
26408
3215
29990
55013
53631
21969
79371
11835
47846
23617
70843
48933
13380
29189
14213
52248
18462
46526
51947
28244
1611
94085
32194
68232
98953
42881
27494
63396
70476
48706
81849
43744
6764
52303
79586
21487
22140
33580
18024
60190
59433
825
21695
57826
84211
90644
20870
3770
67581
89972
38157
10861
56014
97674
40232
18696
30604
49392
60459
16147
70474
6190
9703
49277
93543
47399
11330
29748
39444
61214
71915
20957
46130
93613
25630
87481
6605
20300
83067
51608
26120
54090
95600
90913
12769
76059
76143
9383
96547
48153
37804
90061
73942
76442
90167
18920
18426
81247
12147
97712
28773
18171
83475
53465
33275
7759
88713
33208
78375
21568
80115
34779
17972
36259
97985
32342
60538
44340
53878
85151
86911
9230
92707
27980
41262
68787
64268
88764
29847
8358
16372
33473
58128
24038
63447
17645
47159
40480
83759
63681
69269
4977
63474
88825
78507
61100
79371
17276
92352
51079
11483
52400
36602
83097
53019
17212
73811
27158
12114
6828
77453
43954
12554
26336
79538
28457
98369
46411
78415
59413
5561
36465
45975
38670
10775
52362
47168
6724
83461
47924
43334
87376
70697
92636
27297
22314
4488
58276
63470
31252
39587
9097
34049
99429
92243
85277
35075
9185
13367
62799
40693
4508
75730
54129
90590
53365
63119
64658
27696
90594
99656
76026
18429
42519
57421
95518
78335
68488
58378
86804
77941
28904
69135
10255
12319
19807
30381
60077
13571
59085
23465
25526
39673
51832
70856
26192
1517
83901
34622
82792
28104
21174
53001
31612
91116
84292
47076
83486
26026
5817
79443
74727
65599
59774
29608
94173
59035
83958
55016
215
1996
94309
54143
72058
26395
53093
52667
79976
1720
88177
64767
17327
44582
2737
51060
5572
38134
63666
85604
2282
85216
94486
72820
73712
69080
93219
99638
18335
84511
94083
59232
27856
85034
75952
197
71098
46640
23006
58678
86140
95065
60749
47263
78197
72338
87524
90593
55662
37209
59546
62669
23077
5883
63381
92989
81984
84771
39585
3367
17996
1851
52837
32305
3837
50981
44999
54688
41109
53663
8861
56053
4337
241
38027
28242
44151
45404
56162
64330
5274
21606
72762
90525
16639
55101
55638
73919
89118
73467
78872
24395
8388
95511
15392
21480
59762
68512
59664
62174
53365
17473
95173
61849
25524
57511
24148
9133
9151
40987
9162
47623
23240
88681
82011
44859
77416
76842
42592
93786
52818
34836
19829
27145
62454
35652
73861
60253
6039
87757
4264
69103
71507
76219
20883
59467
57453
8465
15363
95233
21080
72672
12027
64267
1530
76241
27592
62261
11953
88702
20097
82797
97066
46524
41053
4476
42939
7091
65199
60483
98662
21486
28871
30875
82127
48688
63355
41795
48383
19635
52371
43547
35133
46761
81769
65709
80601
32742
76897
76363
99813
30054
53055
18832
99118
23400
1826
38549
55735
45501
78230
18539
50712
7154
35830
56949
6405
64073
92232
37975
85214
46505
77247
35674
19005
85608
12879
73451
14398
79528
55428
34698
74450
79783
17064
78372
55007
55749
45863
55597
90300
30283
72855
58050
30938
21133
83578
58790
34618
13838
26094
99327
8904
72136
68838
18808
92463
13425
79230
99091
31640
90211
27998
99226
66936
68014
16468
7334
3073
68828
27001
45125
33605
81337
4416
16798
84386
91409
14310
50250
16479
66557
61155
74144
38275
37763
671
427
39801
14820
63069
32182
29772
51757
52983
19137
49428
39743
95118
97768
85012
21951
2043
99675
25820
75785
74294
46914
96415
25253
76315
31486
70289
39440
47935
16850
6365
3881
74607
59186
22127
32426
1598
55270
33885
95623
69552
73057
76934
75936
54620
36912
61464
34369
86844
15730
53744
6643
18824
59589
85481
30398
47252
32902
43773
11860
94574
57354
57487
68153
67404
59184
80379
82000
92280
97319
19514
70328
36618
39833
58163
56312
70429
47745
36669
33550
54037
72273
55828
15426
38355
40057
96786
89783
93515
13700
32514
99170
97423
38771
77124
72439
12214
52358
55753
81880
36109
65881
36875
46361
50104
49717
54805
26894
1404
95305
48391
93270
47811
20001
13526
95285
2758
53130
57824
39267
53302
38479
4687
27123
87265
47465
87404
55044
6015
99585
20509
34033
49015
67750
19951
24011
44153
78956
4130
37555
91027
88283
52909
11374
26037
93434
45912
33175
96979
36317
38962
44489
18844
24963
74325
19913
63826
57376
83925
71472
12433
12113
98480
76397
64321
5370
5726
25145
6363
82753
89276
12114
99850
9558
50503
97894
86912
72644
12150
68336
50975
15299
1437
35603
70495
8522
10692
29573
23082
92146
61480
65664
37912
67667
23451
33205
61924
89735
55673
40841
18849
37506
11155
24687
51159
74143
99050
76403
52427
31811
97394
11356
43008
58796
41029
97781
46802
72901
83809
73895
85853
47293
92817
7580
70878
94076
87918
49248
25959
58398
20668
52097
15406
22048
36074
80611
51106
45325
14418
28042
25538
17348
28219
65654
25150
78051
44684
56085
54087
83541
36996
37422
53516
47235
67567
77475
13821
4014
64742
55845
33113
5353
21961
45949
19492
79093
14048
82753
95735
52503
61232
27191
64258
2906
66275
79605
33560
96369
9627
67516
25883
84390
93869
4226
73790
2334
80739
74475
17031
86873
17058
31016
18486
14761
568
93312
45849
36706
39620
53521
34074
35645
21340
88442
76116
40655
37670
5052
52861
11071
77138
25837
88742
38397
82250
46915
94313
18750
90740
35742
53011
21610
55897
9358
24358
35763
94725
11671
72802
97861
81512
91742
66839
79614
50951
44868
33582
78529
15413
35146
39878
69143
5771
43824
33565
86007
90413
46228
51066
62829
72898
5719
39446
89805
28460
19382
12729
70068
95272
91223
66202
85499
85144
78072
62142
77124
48734
43191
56520
3815
75375
57649
78530
82245
65923
33839
22170
38406
74936
59753
38574
16880
21343
35347
16803
67409
58260
80095
11468
81848
15278
73998
91211
55675
40867
36165
75674
6711
49225
56044
30777
65697
76704
43758
90459
25438
45609
78725
44179
8304
16083
10886
82732
12056
12633
59365
94389
38817
91302
13557
79438
37949
18336
59818
65996
640
98164
67798
34731
47480
97083
42302
7762
25100
63233
24762
13595
48229
61476
34448
71311
98269
18288
94230
23124
22847
38953
15408
21731
83731
32483
99032
97435
90461
71329
52716
88363
44132
81084
72391
98805
47471
93227
95574
97375
98496
41093
74611
665
8628
90004
91123
85057
4933
10026
82887
19359
33260
19868
74896
80953
83838
47237
2604
53898
65687
80299
24240
2673
51917
88519
60094
38419
94540
64912
78297
74406
36223
10442
46464
7789
21657
4701
8702
41247
37313
66839
69143
57784
33635
24918
61950
46806
90189
21789
29364
20013
56458
41089
58868
43892
68331
85059
44773
2178
89721
27940
85881
68762
28476
57403
5838
18443
66408
91582
32951
28987
98156
23320
94012
85169
80903
21744
67638
70558
74397
74500
2698
86093
13569
75670
83191
24418
64853
11613
34050
86688
47512
769
44965
84940
55406
54171
34723
2879
91991
41953
49604
87607
94155
99681
47045
29300
41898
49214
50100
33028
14500
58698
80401
22277
82064
67776
74885
74662
99906
54738
61417
49109
84777
37101
81463
92881
83267
57941
65705
99281
97619
257
52951
31242
89205
21025
49062
1727
91436
87002
25052
37965
36787
4431
37738
38213
53770
15974
69183
98709
1493
39577
88801
65586
19873
83601
81171
28610
19387
87665
69343
23480
72122
68795
79500
4155
84739
90717
32475
15687
1617
49817
93341
5997
69850
20813
60914
40754
38332
75122
42085
21177
34047
73915
44495
40069
68616
1438
5361
33233
81538
72463
3263
15908
20967
13722
67597
9875
25022
8841
49966
65947
1943
40604
618
50035
78906
49642
33472
3012
50917
27318
17270
51951
1360
83309
63151
18547
55241
51936
82192
50516
70
41306
53398
8867
71782
99894
88397
63790
15458
56983
20014
1502
50515
72753
82213
12088
11476
87626
39904
32863
98924
49171
75939
69847
19222
75783
38501
78538
79047
64989
42786
85209
90564
66441
31948
15416
53253
54570
78562
19503
83527
37805
19908
5447
13897
38221
26203
17131
95439
45354
9469
90335
72819
1279
50120
16912
5256
70774
56690
75846
94383
2755
85246
88614
15086
98324
34835
75400
38533
65405
61273
45053
70952
58079
13201
62384
73033
9077
81552
79325
55423
59540
40842
54001
29429
86027
70254
32198
10321
77713
48102
24216
59099
56658
47864
25014
20606
61947
23192
36530
86453
3953
28129
31174
84961
62
89456
46744
49144
6818
3053
36948
45878
78283
9682
64394
94840
36976
93346
57192
23093
28110
98702
99485
6908
99531
48373
1391
62049
40672
62805
97193
74739
16893
61879
79854
13103
91575
92086
2410
41777
21393
15516
47638
39087
71925
67315
64655
29434
20938
12762
83389
41676
82309
89780
44470
99496
57056
86383
63675
78156
10302
35235
94326
12670
94137
6555
68667
25946
21148
45735
66187
4607
37960
90630
92700
8132
12959
6000
11011
18789
81882
76407
44201
5693
42848
67505
7724
64418
22250
72239
85939
89218
33640
57218
41943
64883
61138
81535
15741
92956
26925
98410
97946
943
71804
54303
70416
38322
41566
47984
31905
5963
92635
66726
85351
70360
13502
56040
37246
4589
49430
30314
22727
32143
85825
69203
55607
72623
34898
95957
36906
44488
34200
70789
51138
13280
20159
18176
20764
37133
61266
84907
47193
8770
42494
37154
89887
86971
21340
87759
87578
43398
25829
45161
6393
80276
2788
77614
27072
60606
80657
72262
17676
70135
89439
9233
27278
20755
28633
9558
83123
75791
70441
7016
85879
44079
6769
35404
69513
68228
46883
63195
67251
57324
90114
15776
19103
75815
134
88773
9742
11243
65464
75725
42461
46605
97354
44279
81644
42565
77517
11907
70750
86504
14259
94289
67523
60522
41912
65331
35760
84291
66578
98654
76640
52453
61791
56165
15145
27305
48978
44626
81865
37231
55113
90957
26610
72596
33216
58365
58549
26543
7728
2564
41337
20573
86951
90132
2422
24014
22224
59048
860
30608
10058
90734
99188
83567
84735
20814
77360
94954
7901
88203
87532
85460
6056
32333
73816
9659
84634
97748
21554
26529
49894
16113
92608
70898
69873
95048
3356
59801
82357
11052
86483
90952
59578
69411
94163
34087
62449
21803
77071
5581
36257
23653
67548
94579
15204
13316
9050
74166
75021
60615
95089
88673
15728
66929
77714
22019
89631
85649
51400
53831
16214
36402
15697
39827
91885
72846
39223
68088
66536
82708
57763
89926
70144
95768
97941
40150
86820
60025
24748
79782
89908
94373
43787
78614
93546
64934
61932
19106
33647
42989
30947
15121
96401
94005
12632
10521
66008
2763
48408
63731
90268
53978
36155
94041
21965
88074
98491
25815
3758
36708
13434
31895
17502
33946
43736
40952
3513
21435
79484
2330
74520
7961
84176
33907
99048
11393
13712
91323
27255
72771
84400
83027
56160
98304
10166
5390
64079
76956
29912
3473
90056
73779
50182
38372
39639
17441
64550
84969
86591
41067
85626
22837
3634
44059
28589
96080
5559
54403
11271
25967
73552
19076
46877
36618
88320
82929
98217
48151
23798
41373
43827
89627
33960
43994
97365
54009
77280
40940
78556
48851
16795
37854
16469
83697
24737
12391
90240
76323
59799
33100
29683
1994
11877
55474
94565
15586
47974
75025
37805
21214
39862
17339
47493
70826
25154
59096
70352
13744
37268
39982
71273
54605
40831
99505
56994
96771
87485
11411
7868
23975
87403
37796
20231
92725
84429
50066
49113
75228
18016
72493
25706
53559
56458
82741
39072
10325
33197
32407
719
12333
45748
86510
70722
99384
38478
31229
18188
94195
78950
45276
21111
23707
33181
22714
73744
62521
19219
80082
47201
82474
8193
65466
93388
55257
20055
84404
19069
21393
90513
98030
95050
90828
62311
18414
2087
93590
94120
61619
82924
17198
41222
63895
50273
62646
88299
61467
54774
45559
11522
83883
56779
38836
25543
36717
33284
9828
83849
36403
11917
984
35006
57978
48586
19130
98360
1505
79584
41940
92093
61782
95310
4024
14572
79736
78756
81425
59899
60418
87518
92717
32523
46197
55782
81484
22500
15802
43301
52490
67221
69777
47391
5758
13172
53184
65913
76571
93996
92342
43450
37766
71138
67968
39449
18077
18035
10435
99014
80417
92817
74286
79813
65373
67191
6791
63581
31815
43463
32898
99680
58007
85623
54457
43261
68344
6852
80141
32538
2834
46458
99733
36819
63310
90930
54671
5956
15760
11888
81246
37839
24389
79788
45365
74483
58327
49330
40828
62562
13535
4413
42744
68828
37556
67533
15335
17942
38672
63201
14058
3236
75987
32389
39496
32562
80657
78739
20780
57915
84115
9776
70256
35008
78297
28361
51797
25705
52029
7855
50552
88069
78546
67914
16218
94495
85331
47683
86327
51511
60282
30898
94119
40852
88445
98986
33989
25434
40958
16171
5015
98922
50244
89336
69202
45009
53205
3378
23369
19460
12495
18805
88679
20266
25157
13032
26510
93635
84466
39895
58978
90841
14655
51304
57507
7865
4567
50105
44226
23077
62111
52251
4242
76158
86842
38613
89454
78772
4015
55870
51763
64560
90327
66970
41379
50522
42065
40216
87933
39358
36671
12599
90715
34831
23766
63616
8375
3310
81148
52298
50066
46922
88300
99758
94578
72986
90550
29844
76088
64374
96374
30243
43949
77204
57818
700
78828
78149
7135
74418
44617
12877
67200
55232
38733
46956
95818
69284
77099
77657
2557
31717
3313
22595
56108
66590
66051
14974
63039
54313
58866
11583
16283
70949
76061
67575
55714
67129
60247
32827
56245
99381
51785
26272
50974
11960
79277
42042
89891
29035
40912
23671
91572
33002
35670
91418
20481
23003
25708
37334
69523
21131
94198
82081
72069
37817
90751
39864
34473
20713
65352
46745
29682
59417
1829
4218
52914
19370
60427
30855
18660
33332
66465
80005
77183
22606
82970
16213
98453
22675
72106
59092
90964
81195
4334
66664
14421
73923
76823
82184
88960
23847
83273
11665
73527
52763
5836
99190
32706
83319
5412
16404
27176
76851
8143
77873
68888
48304
75324
41519
92606
37508
42010
5056
7079
80528
41784
52859
60788
62541
85773
95877
84300
96889
28119
78781
45788
16118
15640
14204
78760
20743
45612
10818
98239
1675
12375
52660
75042
96084
96552
69745
37945
63237
82376
56077
45802
26714
65555
99398
58082
63929
79691
83722
89600
35472
16395
50811
53260
69930
38299
85506
4750
44217
40192
64629
70248
31314
54797
50829
30898
88673
80966
77474
76255
10411
75764
49979
29327
64939
92613
31490
77915
73614
31769
58633
48396
32542
86030
82412
80804
92998
32954
34403
73285
27679
16883
82296
4622
17207
96909
14204
35009
53811
65401
33601
67255
95365
73052
59262
70718
19523
98784
64516
89044
9791
21286
20178
3524
34519
33882
82702
72557
2614
98767
85491
81425
7388
97867
63310
78363
7383
48117
99621
52201
41788
7443
14914
88141
51919
89343
53916
7562
89222
5826
92713
65729
97319
95935
50162
51263
8557
81546
97725
16782
35373
98687
97883
15624
70942
89166
98474
76797
82068
5455
77354
61090
24525
64772
62425
21402
40618
4116
82493
96021
30716
32092
19312
40503
91137
44622
33712
55771
64592
58772
93947
90489
66066
92767
14834
68499
57134
62914
73246
30224
61829
51909
28435
42422
55798
12186
74089
82409
17725
33650
10537
21756
81070
67151
94116
97784
24583
48746
48104
52201
31610
68338
74790
14584
88448
66664
48231
56369
63562
58517
65321
38134
54424
46233
97260
58804
43751
4156
33630
89034
5309
67816
30913
54465
30738
69028
93445
65427
62701
58622
36072
17267
58935
53189
10140
53128
99843
2943
17684
1808
800
42281
50579
65487
60088
53404
76745
39719
20671
90714
64103
38088
18657
82061
79477
35169
28058
5633
46834
84215
2023
5642
92924
78452
54453
5800
69944
26749
25727
37248
46338
7766
38367
22552
66564
61466
8511
56480
80743
96528
25835
51632
50660
82849
99283
4871
17966
35192
89229
26744
7862
28348
56439
72929
7875
92821
17959
52482
54010
2720
29541
6670
80149
14961
26626
4393
9604
85051
59116
36362
44700
37861
48195
46415
24056
89312
412
78776
71817
90915
85751
55653
20015
43153
78774
62343
98265
71985
9530
1430
89667
51833
81866
39697
55117
26704
89014
3206
47768
28547
83846
49239
51040
24527
54082
91021
70209
17173
24693
32696
19814
8084
18768
32035
85501
88416
19162
78293
39565
72650
9580
27140
21767
30769
56112
35226
11064
56204
44286
81731
67955
98376
19073
74774
17590
19866
47171
82561
75565
14794
48879
76723
4302
79995
16540
33049
64434
41393
32731
92324
35190
59100
439
39040
95691
57273
19707
64168
14016
45220
13426
95466
81688
1108
47612
86597
34108
95680
72013
64721
21084
24886
63528
9385
47430
64829
71867
82760
45078
11762
2877
16651
20050
99912
65446
46903
56529
24828
67655
25222
38059
38773
18110
87061
45701
46111
30895
68206
44588
91471
63476
52138
32247
87895
13512
75421
54856
34259
84082
43234
44889
31836
91619
88296
81956
83462
14307
82613
91660
64001
34171
34891
22768
62414
69441
57790
78078
38625
40805
74720
3558
26283
87069
99896
43681
64060
39862
89990
66269
62880
82470
31649
71973
1259
52077
62977
77912
6114
81763
29477
64504
18427
82700
34617
19881
28986
15206
30171
62157
70739
54386
93478
86754
76536
73748
44325
29031
18793
42495
37433
89751
64436
69045
90898
56345
87370
26458
1939
65864
39652
75291
13966
13734
33400
54073
97332
14699
81455
71283
10284
5960
12979
52987
40732
48024
8658
78639
51782
27695
39480
85876
68054
84751
97227
17379
31638
2210
96159
44928
49949
28326
36749
97491
94958
15765
73620
57047
99136
44305
9710
5811
63741
42612
91175
13597
68411
23230
65972
48612
882
6201
87091
67429
58631
73357
18963
98632
21238
98440
90303
89799
81696
42414
58273
27121
51320
62615
8669
17316
17496
66598
22258
93416
71716
84549
76252
37447
69485
73918
82409
18
96722
83121
22814
32495
60158
87703
54347
40480
18796
26569
89629
41933
15758
83043
63801
70759
44155
35328
79926
80565
84542
58152
50672
61825
74212
9719
64649
52189
32906
88488
46150
27642
73108
17060
1294
59731
21755
12726
57563
18368
42821
78806
48038
72845
35846
89462
87691
97394
44124
48794
42477
40567
17013
57922
60555
80437
78263
90632
19504
52026
65061
46681
75904
56602
7271
53313
90331
91725
73265
24202
63139
95582
95296
98812
96120
90618
71552
87699
66463
13537
81839
99736
60485
48303
28879
39339
87187
68979
43406
78357
76625
37108
43604
10436
21663
46701
31508
38201
57459
64041
9192
1343
87084
8199
6939
85387
56050
63319
47171
97331
57699
1965
37779
31826
72968
58526
87925
76918
86376
52767
19118
79262
36871
83458
48915
36637
19703
82405
4793
85873
55127
98864
9760
40633
63959
68815
63690
57267
3053
8406
76918
72680
77902
37472
98562
98296
5433
90294
27085
20640
38674
4987
25393
18018
30819
67373
14464
70025
44761
99664
97646
76228
3069
70508
68270
87428
52276
18349
75281
27317
44869
71589
42021
11805
95817
80512
64246
22941
74382
83973
67627
26907
6662
37801
58035
2614
30331
58464
62019
90952
95885
27118
89270
61859
50814
6057
72492
59913
84598
92580
35023
20378
34381
47482
80931
81931
26817
52765
7176
93602
31336
6561
10694
2765
51000
24121
61930
69779
22440
60442
81844
37222
99209
36024
31358
68929
24193
202
9094
68566
97595
51528
24852
96563
39059
67346
28544
62914
56728
32200
69091
55250
41966
65894
74916
9372
46098
21410
54070
6853
25278
33325
57427
53623
43633
14122
4828
28988
6179
12670
57745
62328
82871
70937
52223
9490
24259
68905
9016
91710
22325
68067
95503
21247
20919
97508
14871
16566
80427
95633
94496
77418
13679
67101
59835
45714
17263
91168
203
32303
61673
86683
16021
81702
69758
52721
93019
4952
48034
17963
89087
52499
69489
37172
95826
44583
75747
90014
47327
17080
6715
15522
95810
61173
61226
27025
33992
41218
97216
53282
58116
41557
5816
31834
57243
76849
84221
43883
20770
70998
67516
90506
5335
99863
3049
99854
40422
20072
68519
43890
47136
22330
4715
95562
34595
33546
49757
14856
28659
43132
42658
46760
15011
36817
92977
90445
92730
55048
72933
39578
86547
85320
97238
11375
92221
38787
19363
74869
30460
88175
63488
31855
33194
85901
47433
16884
58515
81221
93924
97900
9060
94047
86903
36855
43591
93258
81468
87478
54253
17203
93521
27564
65881
25079
83654
55797
86062
91370
20775
53055
51796
70635
7094
80166
12894
66572
76046
71299
50065
66168
93544
35159
51263
87461
78603
27044
28936
41797
53648
6915
25780
99878
34654
48114
39864
50288
1488
68322
70349
48052
69071
28210
99969
31426
55163
69127
81355
40103
91843
97078
1382
29058
87594
56677
83387
21543
71713
2048
60720
60709
85545
88445
14399
40901
97651
30772
3795
43837
50728
41358
76771
54440
72511
70206
96536
91215
94409
69002
56368
86408
62069
77450
81654
55677
83720
7727
71839
9959
68008
36539
90810
76222
59418
98594
54041
79329
1410
27726
96056
79801
73247
68439
60698
70486
77529
73427
77564
53
27918
82974
58544
96000
38707
74278
61992
51214
83961
59729
19937
51999
45859
15643
26892
7222
20693
27704
23928
40023
57732
90162
48395
94193
41443
93614
36968
27281
78522
43780
30150
62063
79192
14019
77764
30450
51786
79252
3849
41168
29395
57248
346
12860
3086
65032
89785
98549
86246
61314
51538
63490
35150
262
84850
8532
28959
5596
32792
51644
17616
56311
81010
35700
16728
89804
74848
57173
68471
85374
85358
61210
38739
21623
30976
87502
22682
15119
28279
17919
28590
26059
19093
18431
74191
59071
66856
24298
10960
96236
35781
3990
63548
36421
61753
40105
84923
10052
67610
96463
89159
43904
85551
2915
11664
31773
94873
26332
25209
57778
88432
34172
88550
49724
21363
1130
34983
71960
54450
12815
10571
84620
80694
68122
70783
41235
59332
97141
78980
83143
390
95208
2395
45693
58063
96463
45889
99548
49933
69352
4602
75460
59903
15982
8344
19243
53969
41969
7990
36025
13889
57803
84478
57411
96462
43359
86669
50590
95195
43168
15236
69915
29770
90858
15222
61610
34581
88891
97075
44043
74685
64664
18269
57576
41724
92523
12616
43548
84849
71925
37946
28551
64960
2213
40816
42983
50633
75757
15909
70127
84353
3585
86225
59068
58241
54865
3339
36749
51822
97142
82607
45897
58081
14777
81575
51301
58428
89534
21729
41635
95190
31323
75091
45580
88639
6135
36791
92690
4080
81710
79934
65509
81824
46244
11773
62727
96599
90403
65312
1850
24978
68520
39819
95005
3589
48608
23374
84235
76071
3090
41455
61447
5113
66293
55777
5670
75389
64697
97315
10773
62460
54021
62525
33932
31817
84352
27013
42379
4310
65606
87189
48603
4802
68283
78473
86382
83367
30921
83499
29487
36344
41166
46782
14264
42095
16281
92726
64976
78765
42354
42426
33512
57067
78565
50812
85226
251
10691
66835
41360
75161
125
21034
46558
48572
97612
34800
63494
8705
35065
76212
58700
11529
2385
46337
31803
83733
32262
19557
21780
15275
35018
28307
26539
43898
4360
67762
96082
12414
56227
27765
21922
21279
89694
21672
85988
38749
22588
94726
70756
92149
18294
74405
96730
71518
14531
18707
21683
92646
89104
48524
18487
95324
59422
94101
33454
75763
37397
34817
93160
53252
97180
87645
38846
94490
53729
21461
35638
68515
55568
82592
61925
50806
17155
16266
81501
25035
84652
41453
85358
26304
68850
46837
10569
51625
66775
73136
38486
27035
30985
31284
41619
71504
1916
27962
79938
67920
16176
19623
31691
70815
10646
7391
63516
35388
42635
23020
904
49512
32488
98705
100000
90640
7666
52668
64442
20694
58708
27203
21978
98708
36844
32447
54721
96887
82642
5840
32085
86654
17525
19908
56314
1594
65817
12845
21935
63816
33236
24555
48935
73780
72367
80530
96932
37890
59584
22057
57806
34844
78379
76705
89246
2078
59507
94383
83528
9102
15138
56146
22076
73161
28396
68843
95791
521
48063
73346
86406
69370
6788
59767
10227
11298
53814
56111
26209
71477
70590
15030
76501
66810
19220
9595
25174
94911
19822
2928
99079
42188
56601
19498
75022
4144
55876
59395
92528
87097
59907
14676
64011
12913
11084
71818
34137
33206
89139
69290
84781
87840
52497
68866
82730
47980
91386
39135
95831
77803
17037
19029
43761
8639
71908
78737
53406
80609
64740
8692
74874
76244
71814
89984
54308
64559
26423
59773
33554
57063
80301
56851
46678
59344
32538
25775
27755
83633
21195
68344
46334
82794
70587
95231
11655
95800
66379
15940
94913
2067
42307
58496
69900
36950
84935
96462
21907
13578
92135
51351
43762
51716
30964
32577
85523
54662
76891
17671
13512
68204
2671
69835
98746
80049
48896
45130
54269
86843
98370
7178
45767
13403
53308
89120
12514
76189
82176
30133
10231
55264
38872
71630
5698
36203
32721
5379
57334
40868
77815
90775
2685
44301
62786
32808
58139
43840
41996
76194
92918
48464
43511
88220
37193
90101
85905
32167
84017
38961
30634
46504
54368
42401
96386
99907
88009
87149
7457
37381
47286
82326
91003
14010
96623
87686
13318
58811
99601
96328
2021
25932
38203
18310
14392
85621
90357
23895
58271
8115
66553
7619
16924
12541
13707
74248
3017
2675
50718
54400
58493
42426
47993
42536
47600
14073
83351
55395
10468
28902
24851
78412
38201
17216
45502
37649
48807
29191
12912
63664
86180
5448
87420
29936
46724
90158
33350
70331
4498
19168
58627
97107
43169
84210
57406
6736
29284
23939
34483
83872
10894
60693
20122
99343
25551
92836
65748
93587
11965
71402
24381
26030
1766
14986
96697
46311
16536
53048
48256
31164
18197
56930
95595
64173
19586
42300
89220
19574
15827
73719
14167
56442
16034
28115
12607
32605
71070
90148
20630
71595
8422
83548
27220
49925
66733
10781
4916
11122
90104
17745
30094
164
82924
99159
10850
18537
5803
2713
42021
25858
7060
35728
2578
70836
35288
17916
69567
13713
59446
43734
92860
68954
8194
9674
28930
72446
78709
913
9130
86544
78046
57851
8037
77214
44529
10226
98947
47032
12047
70451
16421
37673
91290
25656
74652
94540
96352
51407
74002
84733
72188
81476
24731
66843
32726
35639
94092
7703
35272
11026
91791
47487
52492
80086
18300
44930
27550
1324
62546
93597
41189
72168
37660
58013
9697
11808
36548
37240
52561
94694
84248
839
45642
49271
6326
84851
6618
28624
21442
29865
88445
60834
28745
98409
85658
42722
502
27538
23079
80685
45867
88663
44021
98031
81817
4630
61710
74913
42743
4235
27772
15137
78653
537
37911
11536
39507
57303
14042
83994
90102
24106
56684
45975
47113
6839
25094
11745
48834
32886
34876
43394
80165
62462
42751
12029
16111
93137
8535
23826
33277
76443
59630
74858
89368
43259
80014
33725
56660
33791
78003
55080
51768
26112
6420
14940
89407
39927
18251
72794
90185
32769
24147
77622
35367
73313
68896
85295
65987
95173
94157
80022
5813
74113
74923
42382
73533
38308
4916
44566
60112
19314
52443
16232
1900
16487
98702
57598
98554
53933
28988
3540
45617
6233
40602
38235
89657
9476
14784
42487
68371
3685
64489
64669
56857
93455
33469
41258
47033
86544
39668
31621
13616
27893
75651
71258
67358
92630
6015
79096
7742
35866
88757
59667
45222
14210
29224
23170
45623
3645
70088
84735
51862
72091
40603
8319
72003
48014
94154
21611
52265
4978
23045
85824
47474
91632
26988
14320
99203
20054
459
89326
98905
28375
67596
38527
95202
56299
38222
52445
93488
9873
431
80709
24537
43056
32190
66271
54842
25206
64793
66262
74449
51710
31279
31481
46770
25038
34046
71997
38581
61762
20963
10460
35062
3823
84590
43028
61286
72969
81643
58610
75313
45490
43579
11654
68191
90782
1817
96582
74030
12775
90501
9716
28502
95485
21774
61724
41774
75058
54745
74541
65643
74711
45903
4561
71830
47670
39240
49053
64388
76727
94600
99875
67056
63558
65096
34672
29070
21445
90035
9395
94598
40954
62644
95762
66733
27323
95606
40023
52721
17050
12623
85353
69984
15197
36574
38043
68920
29096
76937
86109
10855
99480
87361
10307
89856
45160
95904
42006
66120
71882
75656
62157
63585
54570
78214
73577
77710
99073
65826
1474
84204
12618
69985
81463
77557
6583
58588
25808
17423
87413
16180
49231
82486
42434
90256
84019
75430
57412
9502
76537
99958
11279
21187
35556
68249
62098
56777
35627
69870
52965
18557
65116
41841
14895
7380
2500
97971
19005
2503
50799
52666
90437
12713
66291
51576
61539
47425
50435
15688
10960
13888
48018
44494
94587
66404
89799
38801
1623
71799
74205
14573
75019
25718
85733
66827
97068
94940
45951
20766
85196
41099
54550
89476
28488
26616
25392
51795
22753
55344
63067
14078
77606
56904
27660
48980
46851
5536
66131
36052
85158
86767
92336
8107
10516
83043
79612
47984
55986
5568
55178
19767
50871
69508
14698
38175
39894
86036
30895
20281
18986
8876
36555
79904
69072
39284
41022
62128
17121
64500
39295
94666
54889
13260
56512
85515
34690
75126
46994
9976
57085
62993
34188
38586
99141
5712
15594
99258
98790
47548
44352
45125
69999
18757
53723
99603
84162
11946
41326
44100
8878
88030
10009
29094
45753
53454
63863
77685
37103
88001
56491
81646
43370
85685
70054
3197
13921
46891
44385
83872
79116
63664
51783
31301
61481
41539
54252
53569
61496
10726
78562
89964
65961
1911
79558
48520
58300
10710
33519
23495
97893
99420
6789
74740
23655
69117
13093
46702
3339
69767
21022
74757
47082
87224
20754
95698
5628
90583
95120
73896
90911
93281
49329
91837
99642
84819
41488
27338
8626
80899
28968
5585
17000
17346
69495
58243
63999
15197
35060
93027
13291
74909
74915
4792
84181
28202
3380
44310
61181
68216
95658
24648
83308
14806
61659
13966
21858
63744
5134
33494
88528
81973
43075
6093
18148
66491
70648
27529
76794
94111
88025
25855
64444
93660
23964
44021
67331
69564
12642
14814
751
86579
11405
47953
3776
80394
5409
14765
95107
34626
19823
84422
79169
40199
21076
85855
15002
51458
4804
7718
33143
54590
28857
93924
56504
52262
99368
5325
72849
36726
11215
39553
96938
59126
13116
71692
5558
61181
76936
89480
12742
52224
42453
49085
73420
65041
42636
79661
19655
23122
23622
6498
2852
48281
51194
68675
14787
10460
98867
38410
30320
13829
3452
4978
66724
73433
75372
98236
50726
15467
78654
48282
23887
55795
12052
31119
61841
14964
67706
61060
12315
51124
47999
29828
20436
67197
90630
73769
87630
47132
17266
73626
37382
98947
37073
88061
1235
307
52465
56625
68278
6050
85590
1672
47806
38570
32901
49499
91068
28545
57330
2437
13179
69302
66372
41409
75410
24747
60570
10438
89872
84987
34060
17274
72210
18570
90743
72054
81327
49028
61227
42749
45279
48799
32576
71329
35571
85421
47190
24967
76084
63318
54957
23140
30075
7248
29609
8472
19936
21644
10052
70179
77404
65771
32691
69687
27965
65497
95466
58843
96328
45620
55038
36009
85299
62990
13150
26626
49585
61556
54086
68858
73813
39011
71471
76316
27436
45086
6941
7369
3828
73562
13172
85137
56245
63267
87360
64006
53488
80982
78696
631
33936
61436
73830
27069
53830
83464
57254
64392
79172
33638
99692
42316
65199
11526
68737
67036
19178
84493
26821
23560
51114
98532
79033
53286
67010
92663
17504
64304
29500
75633
83948
16931
31283
63702
66622
82612
40394
76682
5267
68222
39282
85625
76097
74270
69376
61026
7129
45654
35347
73462
13454
3430
75546
96380
29944
94473
2562
52113
44171
48059
22105
66828
10242
65578
91965
22638
29586
24200
75832
98643
93864
16409
21726
34650
93155
97641
68393
1635
24356
74172
63193
86533
70086
15313
7695
32086
10746
20022
96535
91227
49491
95120
87068
2739
46803
34047
80225
95226
18174
3087
19415
73196
6524
80095
38465
34666
4851
46093
9548
15177
58945
8484
91347
89257
58693
608
48236
463
24184
97392
96548
83172
47956
20460
66799
75867
96267
26504
19429
10376
46698
67303
88375
73341
66348
16019
12392
41663
85925
64772
63673
898
19504
93924
7857
5667
71390
14233
72540
53238
57606
85394
17002
986
28711
50365
73347
56607
59519
45926
58840
43798
55255
6691
24124
8198
45961
25994
90461
35080
73269
90527
73603
39526
81596
71791
20620
68344
78791
4112
37531
89208
70699
61250
77634
34516
64448
88674
52594
7933
95538
95696
61036
78779
1359
60135
83505
11734
13141
25182
8697
21839
60337
41903
76248
37445
18833
53590
43674
97092
56069
27941
23964
29327
14367
24269
31654
51908
95248
81742
22868
2954
17315
27168
38323
29601
13787
96070
5748
4761
11956
19090
64433
55300
52995
58437
91712
20118
53818
60801
15755
45687
97559
14456
57267
52150
28937
34986
4180
74171
30771
2472
8879
84338
98855
96287
2100
12988
30579
97625
22899
80839
43161
26823
11188
64254
1375
95140
88567
18220
22205
49066
92556
6950
90912
30974
28694
40281
51869
16968
32475
71382
3179
43586
71699
26343
79380
51143
72917
96420
14665
68536
65183
61429
9006
70089
2422
85668
7513
44670
59196
42788
74356
7097
96986
33611
21315
29296
73383
49128
70828
63716
19711
99584
85361
59877
81692
61920
88302
86814
95062
72731
83901
36150
37853
74014
14470
12726
50427
22183
13887
50543
20319
38262
40663
12387
88910
14566
99618
71010
52994
94319
76179
99079
57726
23775
10706
29010
75063
30316
11056
58444
67773
24328
80969
77354
99291
27145
48238
95495
87664
13635
75909
18851
83716
18847
1683
16769
49445
86337
43844
65960
92096
4024
14508
12608
63442
14206
84654
26302
35203
60472
66063
86596
55503
82636
1180
5904
67036
28819
29490
70791
73972
74229
64218
34750
45959
81685
2092
87103
54813
32035
43442
39298
58472
34446
21922
27071
56268
74154
11751
56926
78480
55116
90681
2260
67679
57672
17999
83786
78350
13056
17092
64933
2945
33083
66921
20881
81538
42093
38027
26250
54187
15515
32169
5388
95732
69462
79593
9573
67934
93021
33679
17632
64990
69219
59465
98780
64608
83195
37943
79924
13097
74250
51130
42091
30902
1189
93747
82930
1260
9792
64229
38707
65359
17942
91172
23489
72252
4179
59054
62919
90872
1705
51576
69769
24630
77548
67386
52433
34910
99866
51885
4472
5763
53551
1913
54526
32708
98945
20691
35336
84445
20185
94744
28021
92653
65221
91071
30018
9965
64428
85328
28605
84089
95610
20382
10160
47604
5681
87456
88185
68307
93519
28462
69963
73678
6777
9266
12030
70861
80985
24439
70823
13121
49293
66751
42611
89692
16741
75733
24286
31075
8715
4032
56881
84256
63364
54335
54664
47743
54122
48749
76392
10090
27558
45813
38825
54314
50567
11007
85202
33838
66654
30547
11829
81803
79060
17484
86962
6841
98789
24480
23590
48171
78135
83512
72241
13500
20534
47568
54631
73267
70965
46430
7938
88874
26054
3391
24341
31844
6265
24533
69153
67044
96982
93794
9414
33260
25776
71711
79017
66576
1790
68352
4245
82260
57175
79044
18838
41917
68814
69512
45909
10718
25154
46088
78347
41571
26507
50544
15882
54055
50832
25735
29541
71876
4495
25637
17894
46731
1099
23407
2374
46089
20118
31682
43751
96026
68275
23647
61040
53498
15199
91270
45709
50820
92296
32948
61162
37085
55515
86460
79105
10536
76476
94321
16484
50115
65778
93523
74942
70042
8460
77035
58996
26239
9258
907
54708
46978
5645
87097
31646
79936
60358
5543
72098
91170
95697
28497
13143
26687
97511
2985
38734
998
53362
36843
10741
6274
3515
83891
65510
74155
31170
21968
95405
31909
23061
63379
32705
48300
59056
66924
46387
53487
12899
2865
35528
90855
27057
51164
23317
58548
71976
39982
90289
95503
70016
41683
76609
32164
17415
13598
62311
85400
86318
9768
9641
86430
76580
8142
69565
30531
42800
39083
97589
24928
57480
20422
11008
49355
52219
81437
75642
69618
67800
1783
23309
26376
55370
73515
6492
81879
63747
99682
94225
82155
33024
31320
29687
68430
48759
31883
12896
91399
43895
88502
96408
7359
38356
55123
63569
7232
19915
35864
25395
89179
36130
88198
30191
72560
76696
91397
35431
67070
41925
58193
15361
86844
73088
29800
12590
90403
6655
14913
22266
95752
64330
2633
61784
14897
95293
87416
39438
6228
71362
28268
7845
74208
49565
41036
41998
18066
14451
9630
24802
54661
76014
52408
59388
44827
75174
67151
85117
87989
43690
75209
45085
89028
46601
57663
28452
88709
68047
71909
56127
64544
12040
92973
18421
64368
50756
41548
53748
48726
64325
45070
14067
24225
28047
87723
94200
72471
95288
7524
50127
20292
26889
68059
35241
5479
95025
42207
25728
83209
69347
84278
41641
82272
24189
98052
38580
94702
14859
79378
52414
1295
27765
6301
22856
64876
66741
68268
46172
78855
36876
6739
98727
23582
92735
85321
62086
16169
26062
83048
98720
95029
87864
30289
67131
18288
31088
76418
52200
96171
68596
29738
67354
62127
73582
80955
58069
86657
78271
37827
52276
48033
17789
16542
67419
60519
56214
71165
17477
8655
34370
46930
58248
71925
11929
99897
93022
79278
48269
20944
39460
59492
93673
45425
78330
58087
22422
16817
29546
28261
33845
50305
67683
23864
27652
3717
3665
10570
54543
17961
24328
57897
5170
29326
63902
39485
55119
42899
1834
61200
54056
99712
23146
99952
72587
24164
9601
11975
29411
13737
76135
85155
81643
89771
93798
95402
61945
69336
68192
32131
45385
11723
1176
54975
22297
1044
71731
81701
91453
95573
37837
98148
43897
38598
17284
78155
22899
60150
84042
10487
84100
37989
70607
85339
37508
155
78869
57566
71026
63191
44330
5175
4785
89455
899
48528
97330
28523
10859
48949
17372
42524
57105
28525
18753
65738
74255
95520
52718
50813
48563
45974
557
86558
41230
17707
17381
38089
81541
49835
78490
41418
30731
82047
87597
92114
14430
84987
60080
51959
60707
94809
78002
31122
99903
61501
70378
12137
73324
17067
93895
83897
98795
16258
79802
40631
57570
16786
23291
35185
79322
1860
59990
24831
55099
42048
85824
35567
5962
90058
69530
86586
49904
80754
97821
15368
65567
62445
34134
64659
61414
15388
810
116
90305
24551
19548
30662
62212
85160
52963
47871
43437
71025
92596
43318
3074
89745
38530
75607
4067
58931
90735
41777
16634
53519
22825
72598
34630
51904
67585
37253
33420
93390
91610
33857
4427
32699
400
72855
16260
77377
11112
38330
21738
7692
97248
6477
62747
7048
46792
79626
15596
50985
46140
72056
41278
88575
65993
30171
49807
86914
91799
41375
73495
92522
8480
63520
78915
99862
8449
85405
16514
11246
8256
39398
10444
14664
98996
81208
63532
65394
5052
52450
33003
48644
83144
83970
76808
65252
3533
85318
54828
19837
85837
10288
53743
91600
90444
9166
23501
39108
11211
33106
65790
19809
3938
44408
93545
25068
60756
69699
99897
71525
82435
72414
59678
74076
75404
46210
14128
17495
54506
53997
50047
54020
66493
70732
81976
5821
64341
80309
49362
56840
13989
79017
7185
35676
61697
5154
65512
89448
87709
2909
50600
80272
14683
23326
70717
574
49584
15951
10152
27338
39760
55697
73176
20467
9119
78379
83773
89668
73880
75415
81906
5021
21929
7697
5948
88213
92314
86831
63766
45956
20736
97729
77968
48131
9148
82962
10769
99285
84215
6860
64280
98775
18630
4987
64694
52694
4919
34870
29555
37640
30084
57051
82747
16157
74443
62681
63422
96362
68389
30987
5808
34440
2364
84580
23857
75546
75072
68033
50493
67293
37210
19026
96786
74520
5134
73912
33662
3236
66257
68305
94771
49787
47551
63570
74778
70736
1134
36282
25085
33474
93392
63622
88148
5417
41382
41972
79786
31785
14396
18631
49524
89026
14848
98722
90094
89749
25236
83769
86394
1523
7328
92473
45546
42347
20849
7260
39403
50987
73925
61780
41275
7322
39517
15229
4137
25703
31493
10344
19983
33005
43572
50818
39331
79968
49172
74642
30597
61180
35701
72441
82793
95200
23564
51000
79176
56096
87522
61622
25286
92421
76608
85212
83684
37185
52656
31715
77560
67014
91512
90325
29048
66019
88765
73180
81958
47275
48769
56554
74475
68345
28010
30520
8962
33472
62330
10989
16227
94894
51783
94687
11050
68496
52427
41304
2567
42712
30472
97533
67558
53671
91590
57743
64631
70922
93400
3353
4350
60271
90375
56471
52356
55444
34051
84719
16666
75809
9913
73612
10100
21851
94694
42199
76580
15347
72865
34704
18150
77645
42613
59215
70993
84551
12161
95404
38755
23741
87161
71093
37569
7692
41733
44996
66053
74562
87519
29870
92828
98053
4611
67460
90702
21574
28201
79397
87985
2656
9524
23189
36479
66861
60289
9408
80908
82658
93601
8280
90125
78082
90054
298
7399
26385
23019
39011
62424
93647
54671
48041
18813
78163
42408
64914
3795
73253
9166
41170
64687
76011
86370
10885
55922
55668
44864
59495
77998
96379
97504
20836
78913
36887
42554
35645
38598
69072
28982
43760
65689
55570
72415
53143
71090
66381
33887
93110
33145
90327
159
19919
3212
82493
92415
88898
98226
99564
42045
41882
13747
45390
1819
77085
25671
2027
9720
18507
26085
80803
85284
77616
37526
69904
34534
93846
15257
6580
68583
11307
82790
31188
19685
8619
78972
30832
75639
2682
96477
47932
79675
48081
22892
2349
20470
53358
37515
26417
57409
93060
44
76172
36687
44609
62556
1421
31632
9705
96599
57846
70107
67892
66284
13713
48374
88637
61691
79888
86683
57468
85521
94193
34078
65337
81725
62529
94358
51221
93998
34984
4398
68562
13928
3376
54682
6216
4285
55892
87835
89016
47733
52872
9307
36992
20104
43652
35515
62137
52961
39080
86549
8467
61564
6296
5701
87256
50817
52625
55633
32093
17683
7991
46329
19080
32457
66988
68053
86743
80552
94813
81328
83277
12650
49069
73832
36152
86124
99049
33683
22437
76590
49016
75959
69075
11688
33961
72237
43625
56349
18329
40918
67498
38535
96113
16907
86664
75723
47581
7469
84738
66731
11198
9832
36107
92973
3602
94250
64147
23269
9791
22649
59404
2454
33682
92387
6806
84354
4677
49701
90883
62228
30112
46234
344
74992
30595
70113
50626
52990
17710
77324
53212
12242
17335
38761
65337
34766
54396
15721
27715
6775
4864
93040
5873
44296
60825
31782
22534
98446
1102
90771
78970
65001
49872
59660
86965
21983
59657
42308
77471
18854
86121
8486
3415
5512
54273
25028
26936
12898
71781
86855
26008
86802
35408
49632
95670
35462
74734
32316
2709
28559
79759
85040
46162
64649
38123
80773
25723
16851
51283
52889
85037
15788
47713
18113
35898
39379
38461
26354
38811
78360
23094
21787
59308
83681
91156
40419
18301
68772
35427
45050
70740
87253
6452
6351
65760
92570
72716
32232
36823
40088
44797
91716
25886
30175
70343
76209
32192
15102
89723
50889
91687
48677
67239
45235
66436
77099
65453
55097
10116
72876
12616
29685
14005
87199
67076
26287
90037
32346
85515
17259
3996
78447
59145
31001
72035
58382
47237
55579
13382
43595
4192
66159
75444
82215
82189
88995
44828
85902
95378
25718
44800
1025
56605
73315
82069
86711
80992
21950
78413
11196
26869
26105
43354
63546
60924
28271
60761
69384
59224
43226
15880
85462
97296
13777
79979
1253
3858
83352
41187
61996
17402
31632
31842
4903
94799
43227
50593
41593
22530
84128
22854
37668
49246
57760
59449
94637
11107
15778
31595
15319
46622
71586
42759
51726
58489
50562
24469
96273
43932
37770
22497
11127
67722
97069
13036
47641
76966
22765
96445
51826
69798
42987
34637
18977
14031
86934
42003
79148
18157
10281
64398
85123
36401
15058
18121
67327
49422
11886
59987
55201
15232
34007
89129
63397
20201
59121
99451
95467
54305
38576
60733
28201
48266
80582
11086
50494
99388
64203
14894
13405
35169
32074
7242
81737
38376
77183
12091
10161
7163
4167
16838
46950
53984
36744
34625
26678
22233
50485
464
55072
33711
29821
57420
24889
21976
15702
21707
16672
56605
98194
166
26666
74168
16443
33996
68179
19728
67872
90356
79390
76184
68411
31483
81236
89326
15179
29809
85504
61691
8765
32990
48163
38963
32235
79925
94608
42974
18663
76556
87296
77171
16821
36699
5659
29289
68230
80665
92340
98509
20619
47483
806
27486
88715
63486
4714
23521
20654
86921
31982
67183
81281
59123
79037
915
11588
24972
94322
39464
73926
1507
24577
40743
54779
37193
58278
87872
41839
23140
7982
29524
21302
67044
38412
32326
29081
56786
89792
59564
91146
38291
27433
26773
97407
44878
32891
8478
68463
66323
49472
37435
76523
63619
16229
65003
48570
73997
82863
84666
19495
63322
40384
51390
22282
52790
46609
11774
59887
1743
61247
85014
83309
19686
45655
3386
67276
42097
76089
41277
20618
81978
29461
51316
48551
48106
56627
77863
33818
84528
98871
72464
55725
17526
59168
16308
10837
27295
34421
57964
74714
78041
62708
39798
55014
81764
43580
50652
16402
51346
99519
72201
71210
5548
44140
13071
54298
98137
71479
56451
88441
46901
3748
93156
20098
85386
89892
92217
47371
51396
25120
25082
23337
61024
24991
86303
75000
68049
50793
31936
53378
48057
78312
62486
81757
51329
85334
13405
56231
60057
21422
79225
6447
66872
61481
19444
16000
55017
47283
87306
64016
78053
78329
93070
6840
4140
1066
92486
73058
31697
47009
26568
16796
20936
86501
11389
82042
83254
56825
84687
58395
47784
16968
95002
48358
92880
92829
57347
23816
61833
91283
30945
28941
69174
49850
35119
46799
89787
62754
87367
3496
78388
80270
13699
67366
36139
11606
58711
38851
65591
42882
63819
63281
69213
198
97042
82001
92183
81880
20105
15441
95591
19538
354
17720
45169
67881
20490
25156
72049
92850
24495
37026
13062
30714
2719
92342
83138
29716
92321
50253
62967
97820
88996
75323
80850
22080
77202
19614
84731
51176
79555
96364
74574
47699
63368
66694
97148
49743
78879
11435
52348
60330
37870
5708
97032
72690
43765
33673
82957
69273
29618
57327
80472
98606
59737
5558
17516
58019
26693
65770
9491
15382
60931
75494
66558
53113
96827
83837
50161
18556
34973
98777
81152
47950
48957
93750
20533
80647
79662
37311
28876
44479
95202
96272
71387
80099
11931
76918
82307
17392
39091
85825
50116
33541
17399
24435
22352
57421
66771
36760
3906
34044
58790
36777
21619
49476
97107
88325
73704
9942
81424
25964
97280
46849
86609
42730
71924
76316
52378
28354
77909
53110
8267
92867
70671
65703
53387
24634
55399
2259
2790
40148
27374
88124
20485
91407
45564
60661
27485
32518
48710
82177
57971
83751
78316
74809
46057
11626
27835
93554
314
17259
66082
76367
18911
66760
26642
81817
59420
25539
75415
3262
11380
88527
40996
47063
64075
13750
32445
88143
79314
9233
9513
60157
11094
36676
20064
27416
77133
49517
96972
62378
55196
55561
23158
66250
97273
1416
39049
87631
38040
64376
87612
48338
84466
71382
31399
86824
42806
10316
18027
67970
1379
47308
94480
71574
92320
57093
41194
44756
15652
31672
14648
78210
50715
30129
37670
6531
30074
83344
24353
16706
92268
1297
48600
83913
64612
75697
87875
95984
92552
93108
82355
22336
80033
92841
86884
52786
79232
46017
28302
5144
51630
14875
20998
7392
44069
47809
97006
9040
16034
57207
18032
29962
92355
86051
67196
43782
29401
98344
89222
34192
44537
2821
25398
62080
79018
6793
65381
23762
2587
98283
92342
91026
58490
31603
83675
44654
30970
68845
13948
86129
10804
17068
58565
96088
25222
87235
53202
99785
77763
5539
62578
23927
34032
22580
49246
96410
58948
3082
24867
38280
48081
75480
7772
47470
19773
9797
73266
12069
16783
99453
61598
49031
77934
31249
4885
13391
49067
64266
19330
14540
79322
43225
74358
60265
15429
11762
40226
81985
76685
83710
29086
32937
34568
32897
91963
91597
5911
80265
32163
68176
50125
44515
37775
84822
58929
48604
25285
89075
43220
26060
27084
62621
91736
65393
90595
90585
79018
65322
49594
23992
99892
27978
350
42206
27169
16758
24951
68485
25547
33572
6720
73281
66636
9950
33729
89632
7606
98629
4414
31119
96753
82452
57138
98230
79924
31355
68547
19057
30228
88533
13798
19899
80265
35074
62966
32010
27352
70572
658
34238
26507
62651
50263
60101
58055
68073
64762
88684
87856
80321
71265
43672
55765
78382
19031
44503
73221
54729
94547
52087
36496
22298
21978
66095
96383
88676
56248
14755
95412
6098
52101
68043
72549
68496
20245
79220
62841
92353
80061
91044
81153
12372
76193
39517
43006
49347
11711
90659
87354
64526
75384
11004
57873
50055
56702
43127
29917
43345
30513
45714
77545
38736
17206
72373
30864
441
43928
21370
67985
16900
82238
72442
68894
60783
8199
20291
60474
79691
89219
47904
51958
68144
22793
37424
88407
41387
67856
53235
15067
36570
47816
87458
13311
78461
26736
9684
87804
34859
18399
51167
56794
82269
76997
51929
73750
63585
69393
16381
31048
9896
30187
67126
61985
64883
40467
11008
12768
86984
79431
748
51829
8490
28968
7558
77661
16208
94924
89381
45534
64788
25740
85671
92914
44888
67224
66874
1216
52981
34759
16570
6130
7591
73956
78811
85019
64393
41604
43908
76648
70858
36927
47742
45295
95987
80405
96362
90173
51051
53863
183
81544
51897
44
54125
54008
59651
24340
97357
97441
27937
95467
41712
14862
48405
72183
3315
64179
30540
39604
28024
61508
75284
39356
21950
80746
86541
88365
38660
85495
66264
8247
17130
55508
5998
73458
26380
10262
59955
14869
32919
80120
77732
13639
18286
93322
81202
1882
40466
28572
99934
88883
12511
17822
78826
79904
26410
342
48931
50912
26494
19463
41208
28305
4843
33458
57403
50089
31030
35407
75750
61942
7162
90591
31479
56150
73894
7724
76155
28
38014
51661
54256
84724
29093
22044
90344
5637
84207
14247
32339
30554
29465
82426
29378
39513
87210
6352
13191
16046
40474
79831
42531
70185
1573
12324
25736
21523
30714
95072
27985
11161
11601
51446
17293
72392
78819
73526
89128
66683
78915
52726
58397
78590
7935
69913
46774
86058
62554
68061
99036
27599
57028
37338
78371
43128
67994
54194
65413
12235
29705
2429
82119
38366
99293
9503
89757
80891
78115
19544
8309
55435
73228
60351
90457
19939
52026
40703
89237
92669
46730
95572
43735
35485
93276
87805
53335
51590
38333
52974
40092
63921
11296
1259
95552
88259
97567
64643
73949
609
42237
72313
17070
2375
36659
7627
79412
36106
21746
16639
22250
64943
79279
28033
34370
35209
81333
57446
94074
48707
53576
20038
79992
82075
4012
5996
83916
95653
55850
25038
41970
36892
51486
57358
78636
93783
29919
92853
47942
33628
36744
30805
60047
8369
31697
90023
9589
9153
99060
93155
71172
81125
1549
70632
22510
18718
47873
18199
74934
50291
61600
40106
75939
82981
82201
17187
84597
48315
52226
33119
9959
95849
16540
18518
76699
41887
18035
92332
92290
62853
47778
89183
17484
26853
82031
34355
73881
85302
45877
68189
85933
32969
28796
49376
65961
20177
16340
31470
56370
87876
32904
6490
18119
99597
67100
16491
82127
87044
22785
48765
71603
83046
1541
23897
16250
26764
50316
13920
72205
52824
39700
84502
31488
93714
55143
5141
47106
31011
57149
19000
57744
94276
40141
12666
96419
386
56193
54248
25791
32379
72352
44453
45837
74928
31735
39399
45508
19611
61315
90712
66403
10509
63161
89044
2644
16115
12992
28929
66750
32942
36770
87010
5979
48962
31303
91938
76340
53833
75424
30801
61652
7263
21016
76275
31139
31514
73230
83446
39716
15353
10173
21371
50127
12009
50783
28211
59530
49051
46946
59876
56152
28286
94436
36027
81075
48976
4849
77932
70836
55239
19798
15743
99707
36929
33096
54740
16741
32652
16835
20674
86645
70827
35517
95880
51941
37620
97022
82337
10135
46103
56931
71300
36042
74371
73657
1016
13952
18040
37942
87895
57050
82635
23923
84591
60948
24257
72496
77287
52508
96879
96319
50729
54517
69017
19697
95431
13379
11456
95344
71811
77216
90233
60356
37510
4004
30189
32859
36604
88834
22133
74815
69220
93543
22539
37742
23940
33551
30530
66954
49493
41627
79121
94016
22683
2309
47378
12654
83507
46919
58771
36723
86701
8843
68633
30963
57153
85063
89989
43405
65550
71636
10872
60326
32453
98432
12314
34895
26455
38983
24763
57475
35757
97008
39551
16539
73589
4498
55093
62387
31438
37636
56474
71645
71870
23818
56895
20789
51421
75030
53871
88261
55296
43008
55273
87879
71458
45647
15891
65147
73399
19133
64794
72861
41363
95415
15691
82720
52092
23474
24509
50368
12217
84278
18405
80781
41918
51578
10934
97479
10823
77548
42167
80821
59764
77141
55114
16883
68346
66976
30853
82396
44015
26442
21539
19839
51980
21324
91064
81811
79152
49020
99213
68793
97562
937
26151
64288
54980
86647
60986
22189
33487
84270
77042
27456
92665
15399
89600
22632
27315
49724
17668
35651
54329
38710
34715
37886
8068
21206
90233
84230
62085
65798
6849
58449
15440
78716
36559
50873
62896
8449
54631
6921
98785
19357
87078
6556
6378
58707
27928
99624
31385
48247
97569
81308
52728
26116
86266
43941
99869
41007
91167
12661
69835
78309
44533
21084
72428
611
12005
97255
21127
13636
61557
31463
73045
80322
80032
37676
1926
26995
8707
16683
29015
45530
56831
41716
22960
31427
71925
60844
18234
97464
44714
17490
93509
72574
27151
60673
61693
54004
99386
84737
63867
96116
99749
65012
16685
43778
99281
55139
9375
15
52422
7141
80505
60041
96705
14609
16129
5093
78257
74525
11976
30562
50732
28518
44316
6965
38849
55264
30884
63397
63889
5143
34190
39028
39606
15214
67991
70161
36486
56557
48542
15105
75657
14114
80912
68587
11493
78928
64623
57974
41792
26052
20216
22854
66710
8093
81340
73976
85771
66990
54025
22108
2009
21316
38080
96830
75696
97612
69981
69792
86535
71032
81163
38339
4102
24048
80476
75452
54527
6347
93054
62046
26654
32241
8851
37523
54742
4561
92399
79986
76932
2959
94984
77071
27010
12720
65769
69866
37489
22742
29517
46782
27404
42490
61876
58227
70200
80011
91943
97493
5695
54655
28740
56803
76935
18448
96120
70116
29873
1242
99029
42279
99122
7883
65016
89578
30732
24309
62654
67089
65900
96264
15725
41240
43424
57966
23764
58897
6958
58559
94242
27235
97213
30959
71907
87072
61608
34415
48689
16339
63388
88270
23396
36731
94539
82126
79346
8917
82909
67930
1234
3910
85109
59920
45328
44936
88164
70901
28389
89404
13551
38498
8071
83925
20586
91059
7693
51711
52822
70156
7949
78583
57844
37915
2149
86561
68955
86114
46933
79515
66159
28865
43945
19614
4141
28942
6364
68453
93203
20497
3920
30911
44318
84851
18673
8076
17396
39634
37853
8359
24970
58234
31716
78421
28208
71658
17022
84333
29596
63195
71450
85393
4052
30996
39886
79719
48492
22794
8920
93855
32912
57604
37314
8064
680
94121
79212
24447
24289
8020
17576
97691
62833
13724
94765
69611
80784
82824
26351
65540
5991
29477
83615
80848
16482
92248
27324
64352
64871
24417
23085
12098
16937
19071
29186
61748
45808
79193
98320
71477
85570
93737
57487
62165
85277
80635
95223
22744
68623
30364
36652
83389
56715
90938
49716
9914
23872
33895
73936
60895
94184
80006
78670
51616
22098
77211
26977
40761
42645
92646
14502
20873
24806
9717
78657
37349
18820
88259
75658
93258
49820
89652
61741
29431
4559
37708
65854
73843
98811
50341
87907
78737
1889
14641
27915
3968
10435
33017
71130
94524
97049
40097
41502
23240
57868
49514
21737
33099
89630
2734
38231
45038
95658
5728
23064
35854
16659
74586
18104
14778
77228
22686
60625
14205
53858
67070
18215
88430
55827
12310
59789
30186
61098
12269
40982
79962
61819
43822
36193
70302
86663
26131
62502
6879
53431
52210
25266
45494
77108
26816
6694
99096
2594
16825
9374
10599
85169
88932
14156
30402
49803
29619
30664
12579
81203
48322
53182
64531
78521
20097
71631
13923
64399
13598
37442
16739
23165
77306
7296
11157
671
67367
62537
5579
38021
39284
46221
94642
87726
44310
98870
61430
14744
13992
38029
2831
12023
3416
91358
65540
72457
78082
14710
80655
17229
46121
35169
45274
98046
88971
63757
55669
39751
33114
30205
51313
49675
49229
15032
21115
57078
72456
79200
6402
95716
68949
33856
46379
26469
84950
14019
63611
23855
82290
71294
21258
96904
72719
21075
55269
46653
43151
4809
53423
76447
58040
81209
2499
1934
32242
79772
67383
67017
77061
22116
31392
58681
14086
89184
62325
57167
86341
66961
32643
36885
99484
38902
81246
42320
92295
59149
95419
94736
54104
163
11533
86763
32874
68205
16770
25848
13263
12439
4049
6420
87753
96526
36653
49280
21874
41341
98769
24755
88629
55364
88650
19795
84996
17369
37695
68334
92565
76992
63567
33007
16482
31865
67605
50310
11500
54096
41890
72310
78833
89958
63576
61853
32277
46739
49939
368
99753
69269
5963
3387
56588
53376
57872
83845
19290
91414
17119
4929
90390
37127
3933
85155
90071
62860
77813
84807
79390
69328
57307
85130
72342
68233
73092
34417
19351
89053
59502
63157
85405
28815
45246
96699
91899
60690
30046
65569
70357
9804
30225
91033
77178
55501
86003
45373
8756
58950
1995
19825
58121
47796
91650
89582
69549
88725
61977
72412
18713
25402
76249
79223
93256
83393
14714
97488
96732
71306
38275
56826
6935
95572
14135
86442
57167
80879
98013
77321
83570
20200
12834
16327
93859
56714
29553
62772
41033
31172
54587
62726
45024
34332
46164
35749
16150
17895
17163
15142
58845
91925
66009
32674
22860
53776
47026
61206
54820
71542
5482
64827
23006
80815
62704
67400
11825
72556
89428
56226
32619
2027
57064
23750
7579
9505
77064
37182
29862
65640
1282
32151
13069
46152
86214
87919
83289
45296
327
822
59375
81836
98395
76196
72428
87971
30098
87148
43969
4685
76641
10464
76096
71079
17738
78323
56042
90036
97875
75488
96306
59464
92813
56849
85170
9896
80974
80409
53499
95187
6319
64050
22792
25926
26196
89453
59617
57294
85993
36883
51689
35663
39794
78687
66378
80507
50120
75275
9854
17531
80070
76509
76277
33872
8968
89468
32701
72350
95654
33447
47126
61477
54184
84407
83511
57525
76679
47267
29853
94548
27557
5384
36559
19052
67382
56346
5481
98352
64615
69499
55274
34362
63853
50597
80025
89556
70625
58323
4883
69303
95365
38050
66580
49301
66043
40886
84309
879
17862
71371
3633
5745
63414
41021
86090
58742
93368
1612
87107
87634
11087
73195
20398
90517
81770
39293
78614
40958
91846
4588
74206
79389
7264
51410
26638
55592
57698
29314
61435
2374
42068
91732
88075
56760
81389
2932
74923
12120
28710
8852
66578
4032
55617
88690
933
99324
55065
81453
31388
38870
54343
3332
31645
34175
57959
82957
77947
56047
298
37877
31700
47040
60365
82680
67192
41954
23906
4744
67422
54618
95741
32541
98253
77739
5539
63205
29761
77342
60033
37774
85387
98145
53182
12571
59190
1008
44247
30066
26517
99644
16676
75457
65348
71333
65470
59570
5849
83923
5466
24584
46395
95248
71211
91313
57197
50088
20846
47429
34903
38324
88573
79511
35078
65299
16926
66714
42541
4674
34696
30371
79129
57977
22034
89552
82310
74421
55643
84012
69181
68359
29024
43627
92709
79667
50292
19275
41494
20487
50319
17427
43120
91285
97887
52018
35299
18276
23483
44857
57410
26982
59129
4367
72513
78931
78629
52962
40803
60994
65139
18209
50461
71304
83768
2755
22017
28827
84914
15549
87210
55698
40384
67107
51101
35199
14461
96082
25287
78142
90411
18903
2344
98891
79969
39210
58661
65850
44504
77309
10966
87922
55254
93968
30641
72887
67161
84809
70515
8232
36855
78626
86534
13567
67039
50801
5066
87740
38048
51693
18925
60609
361
45904
68101
94327
91783
27694
6324
26738
96528
83308
29115
60319
38400
80248
11019
32180
75502
64463
83146
78692
21774
77964
46400
44301
6094
82162
56745
1009
94223
33098
5837
18998
13865
22537
33771
90933
51122
91840
147
65274
12778
31125
18883
8399
63924
76090
42755
32961
88078
67037
95688
88313
32608
74113
30118
19921
59022
7584
59789
62131
36958
84665
18218
24537
91968
39943
17846
29556
41519
67570
56807
56691
21242
23891
63644
46661
23176
90877
97078
5224
45721
10721
83129
47844
30612
21575
7709
84710
57541
81414
3489
99194
50398
18655
28482
86110
14612
20810
23825
68749
83663
93674
17844
60268
29020
29209
4200
28096
66589
63341
17732
34731
88414
55333
69912
83460
84611
54554
33195
20018
19446
61793
89002
47821
74740
5018
59701
1051
38862
43102
25469
66967
19255
68118
81731
39914
76281
40515
78838
70819
20034
17834
39266
83451
62663
7117
45658
45741
23169
21598
80727
9283
51322
83515
63463
32475
97267
85728
60291
66692
75532
98294
70518
75749
52419
4707
66619
42004
71007
10522
97721
66544
14033
91201
99873
49686
6738
96254
4218
74445
43154
24838
20851
55406
41925
93653
22730
52526
11745
77149
92315
13614
55282
31018
81471
59229
48145
26704
38847
54964
70098
22546
17530
62638
71363
29315
85747
73476
50923
79331
81820
44020
7701
87852
34895
39492
85714
22448
78791
31855
81844
68988
20740
97940
59733
78152
5982
78972
63666
51060
80487
38809
46528
47535
66657
65829
77551
88059
77213
211
81951
43776
23334
88994
82163
14905
77290
55946
65568
60879
10917
97043
7686
45841
44087
50636
31665
59354
14504
63949
25623
31018
10279
30172
89882
52838
13949
95071
42051
30104
63023
96001
47029
27465
4451
11862
59961
12669
78772
26904
73560
22973
45650
48563
5638
91278
80807
94872
30823
14712
16683
77831
19083
30313
81093
4698
28861
60986
61175
18024
28456
26154
32116
30947
89384
2239
44267
34392
42148
4719
50998
15734
47356
34077
30184
27688
67750
7224
58026
75274
43766
7569
61986
34974
27562
20511
22922
52417
19976
29244
87230
49318
55949
55012
63210
68602
98801
50981
90084
97515
29324
26512
67721
24053
236
57479
85264
31949
28293
33852
79996
90784
39952
61393
98640
3897
36201
71533
43584
78069
83791
7434
9804
29321
55876
4597
51383
87424
21349
71388
82358
8556
87322
2181
92327
12746
22650
84191
41290
59951
43587
45277
26275
53407
28542
15098
47590
66268
70528
25179
31363
6975
88343
24687
37328
16554
12149
38290
34437
74073
40506
2439
43833
38415
88762
72133
99526
89004
39012
88297
91529
32920
80704
1554
8404
22126
37318
96121
93804
69724
34354
36186
21264
23071
84268
86002
1889
26219
29850
82106
51500
23277
8453
86229
74141
50500
35372
94924
41322
42051
82153
48095
80679
35805
25443
28474
7883
37886
85255
38873
42241
66953
45932
22288
91171
90292
98683
32137
36472
94031
89254
32889
53809
34250
77522
58051
18143
57595
98884
96174
74432
97035
75684
54154
13805
89759
47341
23208
82247
36161
190
22845
51664
82525
77480
35998
99163
43018
48722
32685
13865
86865
99015
95760
45887
23492
2693
1400
8149
21113
42721
40718
46325
4847
10743
2283
74202
78684
63892
36006
78225
43549
36274
63796
24294
22806
2224
51365
79241
89010
82020
87731
9245
27558
34214
40267
547
18197
62783
65752
17851
87499
1795
76647
63119
59337
58370
59476
21127
62984
41141
90084
94271
55222
82880
54896
69837
3805
27870
75252
37039
2442
2961
85540
2629
55722
61595
34725
74377
11776
33869
33411
50027
99797
97252
87979
9422
72346
34691
85211
80621
46778
15326
89470
55519
51195
29308
17208
14207
4797
15271
30673
87470
19703
46353
17113
11385
67145
53719
79128
64677
4621
52809
47067
99067
70608
39326
91521
51337
57626
15701
66867
12277
63415
55718
51720
4624
79735
47310
20889
33798
72744
74040
97686
55586
59122
67530
93308
46967
8687
54581
38810
96070
57442
41759
11444
30087
6443
78252
31401
59019
96067
26415
24519
91806
1190
19496
4353
90361
35945
29021
95500
57416
58003
95814
43734
59974
95975
94551
61361
47030
48518
80793
46820
3534
90775
66103
73325
19497
37159
12841
29606
1079
14287
99138
82430
72007
5697
46352
90960
58085
75703
74318
88234
56098
74872
90917
36186
110
57392
6756
21209
59736
41748
3866
79507
44587
33407
29158
21249
49849
62174
50012
17450
95569
17812
86302
6393
45714
31420
79560
59235
4805
13095
58318
70952
74037
43529
90897
72940
42167
87430
71312
55592
83384
77167
76242
48131
87324
63358
91235
35355
7116
15484
37043
86376
883
10075
5183
94516
39560
63996
95256
15056
92474
51825
62824
92251
78741
90396
10168
36295
90123
6933
20748
52384
30653
24043
37104
36854
59658
1260
87718
13044
58675
5186
28824
3082
76439
66211
28214
27276
30569
49252
31203
85599
29230
41762
16339
64042
50920
73596
49939
40291
11368
81595
25376
95902
83433
16520
28850
52505
45938
17162
37382
75321
10636
57978
58132
34157
19933
79507
60257
14827
25120
18373
67660
70795
46851
17526
68354
30605
1985
63792
25494
64010
82811
13293
63324
33053
37092
22357
35468
76523
69143
13920
15147
56482
58733
86494
2055
13125
84062
41654
77130
65230
55258
6175
23850
60382
30029
85908
25146
65357
4980
12074
38147
98595
10148
97996
44882
33845
96270
45181
15452
23997
57991
10469
74115
43616
18553
16960
44319
90953
82387
22060
96094
6548
95984
61984
17457
7230
51091
60263
95347
26809
570
73925
47501
74264
90900
30125
89431
87827
58200
52711
96680
31927
34224
36753
52020
94550
55604
57190
88739
23372
68475
9045
6214
76105
75410
48425
42087
17557
89512
37208
76353
7542
73142
95450
3969
24266
12706
14216
12736
72797
24937
79746
46138
47399
61653
15263
87282
90992
35313
58291
72686
58764
94311
96942
69411
9793
13496
8639
50593
62267
76820
69087
18559
95547
6083
17936
37962
30935
92879
28826
24918
6432
9862
37824
11441
85186
88962
81452
3597
45952
71832
1360
84776
86014
4619
27856
49396
82072
35042
34948
80416
19023
50404
52637
45345
6068
97509
50196
68654
47228
51665
88792
76444
51643
26953
12071
14510
15861
80485
25170
83226
85286
87451
80060
59034
37003
83122
75174
24948
20002
16364
40216
99739
7843
97544
79779
54349
33055
31258
64206
4398
12349
85197
31292
30036
59649
5665
3003
2607
12299
14440
27211
6254
55940
29079
87074
59199
90791
49540
67928
97503
97519
39963
28418
11035
78017
12752
71064
15860
79045
45486
76434
55020
63690
55202
49364
28809
77495
56985
41828
16701
80030
47204
65201
17553
43002
47371
88575
16956
7250
13152
7626
25542
97199
52312
87025
98088
39143
87432
60043
22505
97225
37436
66784
34621
55466
81225
81365
83098
68424
94559
95028
87464
33329
71601
94661
24209
87740
13479
98404
85240
33962
20513
96596
83782
75321
34249
94027
4213
81584
55608
10600
8665
99002
17696
81760
90670
1708
44689
10658
18066
41749
63790
32687
16171
48173
10245
87632
74938
70116
40295
91401
56520
66956
55694
83452
86358
57838
31087
33696
49774
48367
93111
63797
32349
77141
43466
13634
86714
10783
79550
21072
66241
65353
67690
26796
23630
99370
90344
35560
33062
57159
38097
95430
45147
84212
63355
92119
83811
95049
74841
13540
46174
25496
16737
54163
87051
94112
1960
24830
44897
47117
67320
92573
92936
9698
88406
29518
70487
68780
7815
14914
82246
67125
56483
6021
16707
30111
12534
69782
14671
14021
54906
48078
93540
55802
47242
27393
82275
58840
40805
47075
25680
80793
92914
2328
67731
15083
26968
98169
29602
54985
3807
13600
42922
43168
77410
49781
76967
4065
35805
19512
77408
43459
38475
33777
91979
84803
78006
52203
98780
86172
16092
60252
7858
9105
1203
65017
14561
11378
28731
84831
18550
77051
7795
82641
8454
64950
70921
72212
9106
26759
27878
12626
74210
98795
44728
21243
91772
32511
36430
22127
30711
9737
69314
25556
40236
47002
28059
19519
89298
9015
69969
87103
26121
32174
63515
26224
74887
73506
72133
97659
38362
34935
90673
68572
9885
28661
83953
77981
83597
5822
82515
31835
68697
9840
26859
47794
40774
68458
3984
42019
26231
89396
81015
28515
60484
7837
71751
17773
19201
79065
11130
74238
11575
23924
40429
51487
17005
37683
26220
28767
17041
94753
10171
82397
58004
82479
40334
18308
65055
45602
70351
35786
96582
94842
84397
95577
87104
64206
26142
50710
18162
11796
26875
133
53100
8494
51246
87909
6677
67136
56294
74034
36643
58270
25531
80203
82618
52510
83900
81094
79336
97221
53291
63593
62484
65563
1932
19080
24382
32419
59382
82207
70996
32549
31684
62063
94730
80518
77021
46175
45381
80428
29724
49048
13847
71489
26403
61864
77847
83394
95751
42668
20417
83876
10747
70477
65371
83915
34329
70119
73983
55939
89577
34290
12122
69822
9362
36762
10916
6938
28673
68727
99948
30574
2707
47750
73883
62467
87076
15476
31255
52938
31126
99899
94369
53178
25447
30911
84605
81862
89190
76518
34052
18745
93802
42812
25657
82876
83716
90144
62447
89005
18407
4407
54681
91404
74598
50017
68094
92901
5145
40555
96460
37829
74726
20628
49150
38529
22082
34036
87880
51278
62067
77343
58664
44165
63803
37395
98577
30387
38885
51236
16047
79877
13568
40252
17948
5718
81215
6227
35583
36033
6111
74397
24941
46333
53465
55995
29404
56497
29516
86517
52489
95843
78404
46654
98892
96150
87450
79085
90515
63329
42449
60711
79614
2843
16854
83713
70929
51840
96952
16545
45724
57788
54098
76201
20117
65842
78200
34583
906
44996
21201
33345
72884
92246
8486
51537
6850
42397
15090
48660
19202
69319
29417
26873
41848
21217
46497
44167
159
48167
7093
7131
43162
89205
80481
92142
67982
64486
2997
72123
33425
58054
68001
36471
43929
34294
10464
36365
88832
65770
64113
54696
45515
52657
14523
80783
63769
46777
27779
34366
83340
34314
98963
18958
26802
81035
69931
41962
8262
39828
38850
37643
73402
30270
71882
32860
57758
65871
96524
89365
93825
40415
89908
27514
60919
75585
69153
86492
50447
85931
93914
3108
77053
16950
66335
99380
37425
93572
87382
70731
4406
91782
7195
65292
39820
4717
59089
19440
82497
64474
15040
71738
46028
43611
34750
15765
41712
3916
23131
7407
52276
13115
92451
61561
58423
54274
45971
79112
79036
95796
71480
83353
81201
82762
14067
60657
20119
72476
33982
2910
70363
59203
72439
9033
8923
92908
1850
61455
20237
30443
67359
84371
39301
52026
29397
54484
14748
54979
84940
66478
20720
2985
36332
88753
85123
88571
11756
40475
95580
68782
5241
30229
34409
69835
47037
56376
28595
40711
45516
25606
19437
21142
78602
91353
89373
83308
309
35262
67137
82800
37034
92251
48417
41129
54017
35811
44491
88602
38457
87327
9204
19343
89483
27150
71772
73317
28750
76292
54874
43557
55398
38875
47614
70086
33212
13266
97377
42964
62833
55531
39437
80222
93256
10544
91166
99930
63665
44389
77510
83194
15724
44727
83455
38394
83215
71331
45802
84740
680
4514
81595
53240
68900
41634
62762
48006
43187
68788
77438
4893
40413
32384
86305
16857
4645
86255
76059
81330
18496
20956
15231
97879
77851
11715
84571
66771
68651
17064
55267
83777
83273
98122
32337
6532
46380
64921
13497
43122
17949
35786
33794
43554
19509
45086
98974
94283
79471
21293
50434
1030
4795
71015
38654
18007
65534
39729
17573
33875
58636
82210
76196
60203
53025
91149
32847
29036
60916
83236
69895
93478
44967
28322
97672
77302
42004
99592
93423
43094
97400
38447
86603
49523
44386
22013
98260
53819
8521
19276
36871
95747
96041
27950
12039
38602
78453
71029
65011
16734
11401
82478
98193
68452
28051
26633
3896
92458
22204
62084
9305
81223
30920
90002
27450
80504
84501
10055
42484
95632
83864
70206
1175
46017
96151
62729
85178
46328
73894
33443
1654
71006
9093
7120
7870
21025
70727
33839
79189
67275
19380
4387
77927
86241
30180
74492
83936
34607
95298
41522
52616
36700
9992
12450
91917
4170
96059
4110
57615
3187
48099
7898
42728
40057
2380
60764
63155
89022
27284
41028
75652
50173
28169
96228
13314
24187
85409
77874
76296
64512
29499
25603
78499
83121
42860
95827
80840
70214
36164
2581
34
64818
2352
98442
16586
33230
54747
58385
95533
51837
77118
10268
78333
79331
71886
61817
3214
96963
60862
50393
9286
59656
33687
97607
83114
25101
20674
31597
94917
84777
44941
30486
69706
22600
83055
30147
56711
61497
20266
53430
71646
32624
17529
97974
54166
68519
3935
42961
64872
51073
33806
41382
461
93965
30271
81511
10064
93731
44562
3103
45961
30523
22028
46288
70466
27458
57930
70285
38458
25756
17571
13013
56730
5454
74365
71732
62571
69507
45346
71824
38432
92654
35683
70830
61236
70251
75494
40811
93180
65069
74293
86858
35865
16254
79674
41436
88295
40377
12796
18367
72920
23067
45627
47944
46710
61714
20057
56894
31015
59196
640
26651
95539
2005
4251
93257
36989
87804
66011
99559
95445
41244
92830
96502
30179
49369
53690
82018
40071
53862
13505
57766
77166
1382
35082
75204
7912
4328
62687
2740
25481
67414
84110
74658
46048
51733
29251
25766
4036
15002
88879
12641
89303
14780
15167
12266
89671
8260
8046
38515
91511
77872
32861
96494
30190
5308
94463
21836
40132
37735
69280
4150
72931
43186
34224
48802
71628
17741
41739
86523
92768
99189
84164
2689
12499
86469
6924
58589
30840
98977
86428
91472
20422
55836
37412
31551
73864
12417
58535
74720
23504
72982
12634
55977
62576
73946
1554
31201
60170
61074
97082
50748
45825
10203
87032
41507
82604
45373
35425
46600
43242
81240
53597
27541
77094
73140
56512
60549
22301
51755
47732
57286
47283
39749
48934
41564
74459
83863
55454
89548
76594
78733
71608
38378
56202
46024
66121
11079
20784
35836
64545
49571
61184
44028
9962
28145
76567
11904
54102
56432
87973
43947
12026
90891
14408
61483
46624
35250
58127
8504
59673
34390
83253
94235
13313
16246
77551
44245
38292
99409
98356
6699
69600
48809
27671
60864
32850
79803
66
2273
39544
48617
92047
59285
33122
84893
22090
58145
19540
61390
51526
24349
95408
32755
7014
69408
30644
72383
57163
56029
14876
16857
36066
44018
89008
37783
90691
2438
6364
84995
34059
47825
43949
48172
33194
59551
74334
14083
43394
75415
33770
2125
17207
33357
2407
17299
64431
68662
30794
12355
89838
36364
67380
97188
14929
55000
638
94120
84857
53116
12152
95969
97785
88807
50058
35150
96262
44996
19292
94197
8132
2681
13748
80432
23733
65291
93488
77934
66600
4498
16888
43662
88624
70317
80409
78708
86359
84499
84807
36519
7295
32086
17535
24371
89208
4905
84642
85337
84047
9278
43790
91392
78741
96708
59494
39691
78994
27760
7910
99674
39226
74140
56692
75999
93383
53175
68895
51665
24182
10087
14926
33850
70204
98236
70046
56312
40119
77425
36541
83387
70352
95497
34555
33330
63100
58513
36477
27466
82305
12422
12863
24522
84387
7950
75212
13881
48994
65756
15432
88343
17251
65860
19869
12044
8824
74031
91578
50734
59646
10213
11975
93552
18568
92476
64399
68018
71365
9114
36509
30345
804
78480
79503
62260
1927
61321
28134
60991
66621
48159
31518
25220
30779
80324
46771
70974
17554
48042
96376
90314
85291
62199
80904
53965
25097
54655
93746
48944
15957
72379
29783
34252
40060
94953
76953
85771
42051
16343
52755
60209
28346
40700
15979
80461
43673
70179
34599
79181
78684
36751
96846
51309
28302
60226
31427
64210
95646
48670
8882
7054
79767
91449
98231
535
39651
24112
91865
55075
85298
61074
70032
50538
57254
9029
49325
32960
93608
98185
56427
4220
11673
43484
88952
72750
90547
2647
5009
85916
52262
23734
51081
84397
86315
73657
57840
73981
57751
8202
11937
74465
27225
84843
8647
343
73491
26928
75292
11214
26617
4347
11491
8770
77387
57780
51838
88598
33550
95957
20563
67832
15247
98322
25418
49387
83877
17761
82157
57309
36746
30129
12947
48664
14044
40522
36233
83952
18388
10125
75779
93268
20363
80162
71430
57399
23848
49098
43994
95125
47668
70619
84981
84751
64655
51326
72269
47755
20735
33383
2068
40180
35670
25843
73817
48933
49978
4748
21699
58052
40660
47967
86279
73538
12297
64828
99961
82048
75879
84594
37492
6734
75777
64529
60300
29838
80084
13
93333
81599
44845
19258
58909
80917
45503
53894
2503
88031
91537
41981
21528
75945
71393
6177
83086
12223
67053
18539
40248
28744
3056
90735
86174
28933
85252
75556
94589
5327
48404
62659
52877
72920
11033
90109
924
81443
75865
50856
79707
9018
16311
89284
68423
50293
83226
20553
6229
98034
41193
22138
21137
72091
19362
77811
36907
54530
92567
83925
62478
83945
8196
45800
3202
14796
29760
91086
28068
65100
19737
70495
67435
73742
32057
92645
369
3163
25225
23301
57431
20317
75414
54314
25741
62392
53798
55798
6373
71820
94895
38226
86354
27985
53677
88324
39818
97849
94814
56021
75724
12759
15190
98068
17996
56714
58744
75779
99882
9703
73572
71171
70066
14081
84044
86154
46527
60782
35551
28880
94919
53452
11325
92046
14303
20158
47528
24886
43280
33244
21106
58008
3843
904
20228
6803
56684
79698
44733
82751
30847
6154
29654
27344
53025
74128
49877
930
39462
14711
98733
86617
36803
87527
59224
47715
78175
52014
45074
36677
33167
3506
71961
65496
96768
84712
57510
99860
71162
4497
16503
68946
13456
75083
21503
41418
90793
65338
26006
110
46912
15607
62470
95152
96817
56114
20300
30746
29694
98354
18963
14264
38273
30710
57234
79130
22322
36282
70674
64917
36698
57329
18771
47849
26698
78286
7996
30568
82295
6427
36319
88194
81885
36355
32473
3238
88175
30041
46322
33027
20068
70181
33709
31917
89390
70700
89729
30426
21602
28689
49709
19999
98093
29822
40792
11235
79969
75108
25164
94653
99075
3200
5165
58316
87690
33520
9930
36627
67522
71952
24646
53739
38124
7093
76044
44460
21420
44152
95662
10720
88847
74690
44221
8183
53435
4986
98942
3425
77301
60563
3284
12162
61535
29611
94795
14399
20306
76316
26608
35192
4715
50369
64262
75505
40775
56576
16814
39494
19822
67862
78731
43971
11872
83616
77702
50717
11789
62507
40359
77486
2019
40158
93233
63849
88661
67765
78018
46411
53834
15641
44210
10302
72060
207
94997
28000
51848
61839
8203
86638
92432
89257
91050
78160
30082
23651
44545
25210
93448
69019
87760
1516
56305
316
7190
1136
84124
70840
39095
39729
80186
87903
53310
22717
87163
91884
12540
18644
65090
7032
94259
85180
49942
56589
48994
8646
66462
25116
13979
45857
32195
64503
37317
85917
76211
49200
66611
33132
3506
23540
69118
18309
25850
96831
19367
63198
46712
77889
67458
38527
46287
93707
12030
87032
74890
34077
18739
69622
42607
13669
94862
29289
83575
54577
38337
28794
89539
81139
8274
93561
83049
50232
99579
59477
87533
6026
17635
71159
85155
78337
2219
40781
63097
26044
82474
16345
26996
99302
65400
18784
83772
94380
27405
16077
53939
61830
17572
59646
3608
53856
89963
31829
37806
97789
83411
21218
1891
40333
72729
7763
51410
59580
87414
96258
29270
9538
54400
82467
75698
22392
78101
99721
80385
48772
97821
84758
99416
42040
25593
76817
40228
15336
70670
87465
55762
36755
90993
35095
40225
87848
54114
97644
24938
36922
88508
57897
11921
53236
80168
46598
66632
96938
82411
93559
72470
4096
61741
4899
63274
92198
14817
45266
1836
16168
81892
20683
43581
68291
99056
60109
65071
10279
21996
8799
73266
79645
22197
35875
24938
72617
44377
62120
14298
14122
42346
22566
77410
27971
92811
5835
71976
17014
54890
55199
56949
56952
85655
84384
29681
14683
27201
95082
50086
54201
17809
24099
88089
17534
71348
78094
6698
22938
48410
94951
21318
96646
50095
66915
38026
5667
93967
78140
44008
94212
38719
53979
10609
62210
81695
64659
25962
77371
68811
64920
166
55207
37289
34677
52390
45731
75975
97512
2615
29484
12077
18748
17671
88550
75173
22453
3313
57083
97955
38268
66064
62758
56791
94188
7740
68335
91523
16974
19846
1254
84689
71080
62941
78951
77915
85671
13867
6623
14499
61894
39029
75009
45264
62507
8682
24415
38622
24778
13347
3980
48026
55466
21701
30667
21468
58200
48639
7339
66993
16874
35491
55789
87149
26406
80063
49416
83647
82264
73392
22544
14490
72076
19510
89861
39741
42950
99083
35424
82520
11629
52685
77440
18881
91167
56620
92510
71399
74814
38105
34103
1652
49689
80676
4836
65901
82652
74913
45871
6116
85868
26688
41287
46574
38170
40396
83749
25569
59717
61215
27911
6450
63050
34684
42860
62320
30651
54744
203
35146
55956
71302
5334
86584
59817
15275
51813
87298
86900
76758
25789
27549
89796
89578
95050
29749
34838
6271
73797
86087
76042
48481
62750
60003
42962
99920
75776
46798
41521
99702
90788
27718
83392
16095
31784
29123
64306
73522
56931
73378
14321
55005
40914
55423
34129
41640
26714
19495
84381
328
85830
3667
23630
3074
11447
67415
53394
37292
19758
49486
16321
3479
6209
51712
62003
7028
61478
54848
97181
75141
32542
11322
89083
4710
29500
87223
44041
38610
37981
45883
60759
91040
21417
15322
52786
78510
72004
96258
99806
1203
59300
51086
89559
99691
46066
14823
22155
32569
76705
31381
3269
89933
78400
25026
98366
83756
9634
86732
6401
42180
67222
72469
94077
79216
65656
44396
69741
90804
96075
39615
14676
51404
24571
75877
95080
75458
30514
82681
44373
69008
4578
63034
36436
46744
17428
49906
64878
26295
98841
48724
94422
60227
9101
91745
9528
12560
14668
1817
42361
76300
60775
10959
64817
56268
57512
81250
94548
31632
85113
56289
8986
42975
9392
37705
1541
50709
597
37362
26253
7253
36032
40980
89772
6155
32299
8704
10214
38631
96127
14491
45131
91098
46202
42075
15207
82893
25386
29542
20467
80462
36530
2759
51958
42482
97953
60789
31927
87999
55897
82641
56703
90471
25858
26495
87560
69612
75666
3704
26119
40361
46320
79506
6713
81958
57744
62936
12289
73752
1252
74098
91966
58752
6269
36466
54476
91188
37981
26250
94837
16081
93610
96149
36206
78195
80095
96493
21681
63026
54536
65418
2909
88925
57503
70334
39434
94532
56698
91975
12921
95771
88774
42340
25324
64546
9627
57285
71523
32466
52997
21567
7243
97411
36480
2754
22002
1680
94853
86970
1864
30708
49464
59281
20005
2366
44994
50203
74010
22824
56226
61370
74404
59458
36692
19225
19216
49949
83194
26444
33821
64208
52286
93989
95167
52696
4867
66003
20324
99678
58070
29616
6802
34881
82619
35577
98536
21814
57156
59579
93401
24113
51851
53830
33285
58485
38404
45402
89460
35231
26079
85315
12558
48439
25491
69262
5837
84426
6021
79381
82392
97388
60009
31587
12977
96154
78730
84980
74389
66377
20998
42781
204
7143
24807
36590
31113
6243
19966
11601
77971
51273
52437
24617
10200
39368
15843
77982
68277
26916
72782
55763
38283
81757
75871
71767
47045
21711
86590
80124
11426
66166
13494
66098
76872
47243
30358
1153
38381
14396
15880
42371
90570
62248
36988
40298
32859
73378
73626
23861
1858
51791
42659
72240
34835
33318
53837
88853
9058
94184
41227
35273
73993
78481
46798
62706
78276
43578
23657
91025
35861
75597
96285
20782
27522
76718
33488
63362
38402
35748
51618
86238
67521
42644
62428
70008
65753
65675
2242
97161
42225
78327
64485
69390
10755
71370
4602
58665
57826
75130
89783
5607
85392
7954
6158
49452
87460
40337
85720
40665
33259
52018
64603
17975
98288
80546
31384
45592
73244
67521
4445
10987
56931
74669
97644
42291
41809
85706
11847
86183
11053
85076
35079
40919
27295
66258
21911
72309
11260
93427
44948
86046
23356
62154
74636
87490
89488
76444
85111
22314
11601
41174
1321
32789
97064
36749
85503
96101
66611
24534
82448
57320
27330
48803
3042
8276
72554
70424
40122
16466
88118
85960
20461
84944
97301
88765
25298
25120
74728
47045
68593
19322
55458
85660
65632
3526
25131
76977
2533
99264
53371
41021
59665
83157
66920
12935
26560
14136
59314
81356
77448
88469
85500
40356
1069
6589
30237
81033
96340
38055
63177
26769
16024
62868
93053
36626
94854
16547
96205
45382
32216
57750
87504
65298
65296
18556
55118
39767
69059
32135
97313
54540
60821
15129
90430
4622
20395
95078
4047
16989
40178
83116
7674
87675
57688
81419
41821
63381
84512
45806
48557
19327
29163
99394
69185
79295
21915
90946
41068
67979
88319
34014
32307
4369
83668
13949
71207
17167
18873
4993
89386
95698
69732
35360
67473
49624
86248
43702
61285
3796
68247
54856
49688
73825
10976
20825
2026
30
60780
33906
4376
40345
15344
62466
29468
67312
99690
26265
49440
64202
48653
19822
29942
23349
82966
9793
65097
25145
86537
36923
88557
58813
68305
4089
55496
33681
31000
26518
12508
72757
8496
64306
40352
19154
76052
11185
31011
39409
23155
41537
49816
90107
45770
44971
32198
33124
95513
7095
20765
8691
13454
46158
12259
1539
68241
64275
52122
34016
51877
73958
33500
28750
54946
79928
64405
78172
65518
31437
12784
29872
90755
15889
99495
43978
55335
24157
40139
74804
91733
40504
75412
72261
84178
47758
75739
28781
54297
62021
2237
77867
562
76255
93592
61061
10760
82503
87233
40326
9069
97539
36794
25071
73816
68376
99499
7970
37769
98237
9385
73978
37881
50858
2026
35
70910
10311
33676
60635
33589
6722
61585
6504
44844
71888
54780
69170
44444
95094
99305
4594
22106
62120
80672
3013
97452
79419
38963
44482
97506
26295
43780
25401
10687
28573
4690
73622
22119
6997
418
78452
19352
5229
54407
26693
33302
49820
51602
95478
32070
69606
26361
58383
24071
75963
76420
67527
30824
84291
57368
31227
39951
74056
95376
26077
18591
20924
6023
3501
53279
35987
29866
68344
19466
73617
19545
97655
2026
90
40
2026
81040
23040
8212
866
56830
97745
64025
18938
18443
96372
85167
54015
41480
62305
40363
42959
21153
36755
75968
35878
66250
68841
43032
43877
14113
47855
4787
58612
44963
10677
70201
74620
27900
23437
36302
60506
37690
2483
55262
13455
53748
56532
8416
45943
34118
47155
86110
30573
10019
8651
15285
7136
91584
44603
59955
1712
25352
3683
71645
39540
2026
2026
2026
2026
77208
79967
3472
44082
39749
2719
18713
41771
70175
35176
23376
2590
68886
84450
63413
32723
21089
1589
33997
86398
35767
33791
4787
47645
10643
29292
69987
2026
2026
2026
2026
2026
2026
2026
2026
69919
95064
27989
67431
57412
40313
94703
23273
42092
79086
48730
43282
56574
9736
68816
24366
92025
10269
30532
69183
2026
2026
2026
2026
2026